# WaveFront *.obj file (generated by Autodesk ATF)

mtllib PortalHub.mtl

g Corpo1

v 5.806019 -6.333391 -0.000000
v 5.799886 -6.286803 -0.000000
v 5.781904 -6.243391 -0.000000
v 5.753298 -6.206112 -0.000000
v 5.716019 -6.177506 -0.000000
v 5.672606 -6.159524 -0.000000
v 5.626019 -6.153391 -0.000000
v 5.579432 -6.159524 -0.000000
v 5.536019 -6.177506 -0.000000
v 5.498740 -6.206112 -0.000000
v 5.470134 -6.243391 -0.000000
v 5.452152 -6.286803 -0.000000
v 5.446019 -6.333391 -0.000000
v 5.452152 -6.379978 -0.000000
v 5.470134 -6.423391 -0.000000
v 5.498740 -6.460670 -0.000000
v 5.536019 -6.489275 -0.000000
v 5.579432 -6.507257 -0.000000
v 5.626019 -6.513391 -0.000000
v 5.672606 -6.507257 -0.000000
v 5.716019 -6.489275 -0.000000
v 5.753298 -6.460670 -0.000000
v 5.781904 -6.423391 -0.000000
v 5.799886 -6.379978 -0.000000
v 12.774117 -3.446991 -0.000000
v 12.767983 -3.400403 -0.000000
v 12.750001 -3.356991 -0.000000
v 12.721396 -3.319712 -0.000000
v 12.684117 -3.291106 -0.000000
v 12.640704 -3.273124 -0.000000
v 12.594117 -3.266991 -0.000000
v 12.547529 -3.273124 -0.000000
v 12.504117 -3.291106 -0.000000
v 12.466838 -3.319712 -0.000000
v 12.438232 -3.356991 -0.000000
v 12.420250 -3.400403 -0.000000
v 12.414117 -3.446991 -0.000000
v 12.420250 -3.493578 -0.000000
v 12.438232 -3.536991 -0.000000
v 12.466838 -3.574270 -0.000000
v 12.504117 -3.602875 -0.000000
v 12.547529 -3.620857 -0.000000
v 12.594117 -3.626991 -0.000000
v 12.640704 -3.620857 -0.000000
v 12.684117 -3.602875 -0.000000
v 12.721396 -3.574270 -0.000000
v 12.750001 -3.536991 -0.000000
v 12.767983 -3.493578 -0.000000
v 5.806019 -3.446991 -0.000000
v 5.799886 -3.400403 -0.000000
v 5.781904 -3.356991 -0.000000
v 5.753298 -3.319712 -0.000000
v 5.716019 -3.291106 -0.000000
v 5.672606 -3.273124 -0.000000
v 5.626019 -3.266991 -0.000000
v 5.579432 -3.273124 -0.000000
v 5.536019 -3.291106 -0.000000
v 5.498740 -3.319712 -0.000000
v 5.470134 -3.356991 -0.000000
v 5.452152 -3.400403 -0.000000
v 5.446019 -3.446991 -0.000000
v 5.452152 -3.493578 -0.000000
v 5.470134 -3.536991 -0.000000
v 5.498740 -3.574270 -0.000000
v 5.536019 -3.602875 -0.000000
v 5.579432 -3.620857 -0.000000
v 5.626019 -3.626991 -0.000000
v 5.672606 -3.620857 -0.000000
v 5.716019 -3.602875 -0.000000
v 5.753298 -3.574270 -0.000000
v 5.781904 -3.536991 -0.000000
v 5.799886 -3.493578 -0.000000
v 10.733268 -1.406142 -0.000000
v 10.727135 -1.359554 -0.000000
v 10.709152 -1.316142 -0.000000
v 10.680547 -1.278863 -0.000000
v 10.643268 -1.250257 -0.000000
v 10.599855 -1.232275 -0.000000
v 10.553268 -1.226142 -0.000000
v 10.506680 -1.232275 -0.000000
v 10.463268 -1.250257 -0.000000
v 10.425989 -1.278863 -0.000000
v 10.397383 -1.316142 -0.000000
v 10.379401 -1.359554 -0.000000
v 10.373268 -1.406142 -0.000000
v 10.379401 -1.452729 -0.000000
v 10.397383 -1.496142 -0.000000
v 10.425989 -1.533421 -0.000000
v 10.463268 -1.562026 -0.000000
v 10.506680 -1.580009 -0.000000
v 10.553268 -1.586142 -0.000000
v 10.599855 -1.580009 -0.000000
v 10.643268 -1.562026 -0.000000
v 10.680547 -1.533421 -0.000000
v 10.709152 -1.496142 -0.000000
v 10.727135 -1.452729 -0.000000
v 5.225978 -5.740191 -0.000000
v 5.425978 -5.740191 -0.000000
v 5.425978 -4.040191 -0.000000
v 5.225978 -4.040191 -0.000000
v 5.225978 -3.281348 -0.000000
v 5.762561 -2.744765 -0.000000
v 5.903982 -2.886187 -0.000000
v 7.106064 -1.684105 -0.000000
v 6.964642 -1.542684 -0.000000
v 7.501225 -1.006101 -0.000000
v 8.260068 -1.006101 -0.000000
v 8.260068 -1.206101 -0.000000
v 9.960068 -1.206101 -0.000000
v 9.960068 -1.006101 -0.000000
v 10.718911 -1.006101 -0.000000
v 11.255493 -1.542684 -0.000000
v 11.114072 -1.684105 -0.000000
v 12.316154 -2.886187 -0.000000
v 12.457575 -2.744765 -0.000000
v 12.994158 -3.281348 -0.000000
v 12.994158 -4.040191 -0.000000
v 12.794158 -4.040191 -0.000000
v 12.794158 -5.740191 -0.000000
v 12.994158 -5.740191 -0.000000
v 12.994158 -6.549826 -0.000000
v 12.246152 -6.859661 -0.000000
v 12.169615 -6.674885 -0.000000
v 8.208610 -8.315587 -0.000000
v 8.285147 -8.500363 -0.000000
v 7.537141 -8.810197 -0.000000
v 6.964642 -8.237698 -0.000000
v 7.106064 -8.096276 -0.000000
v 5.903982 -6.894195 -0.000000
v 5.762561 -7.035616 -0.000000
v 5.225978 -6.499033 -0.000000
v 9.960068 -1.006101 0.200000
v 10.718911 -1.006101 0.200000
v 9.960068 -1.206101 0.200000
v 8.260068 -1.206101 0.200000
v 8.260068 -1.006101 0.200000
v 7.501225 -1.006101 0.200000
v 6.964642 -1.542684 0.200000
v 7.106064 -1.684105 0.200000
v 5.903982 -2.886187 0.200000
v 5.762561 -2.744765 0.200000
v 5.225978 -3.281348 0.200000
v 5.225978 -4.040191 0.200000
v 5.425978 -4.040191 0.200000
v 5.425978 -5.740191 0.200000
v 5.225978 -5.740191 0.200000
v 5.225978 -6.499033 0.200000
v 5.762561 -7.035616 0.200000
v 5.903982 -6.894195 0.200000
v 7.106064 -8.096276 0.200000
v 12.246152 -6.859661 0.200000
v 12.169615 -6.674885 0.200000
v 12.994158 -6.549826 0.200000
v 12.994158 -5.740191 0.200000
v 12.794158 -5.740191 0.200000
v 8.208610 -8.315587 0.200000
v 6.964642 -8.237698 0.200000
v 7.537141 -8.810197 0.200000
v 8.285147 -8.500363 0.200000
v 12.316154 -2.886187 0.200000
v 12.457575 -2.744765 0.200000
v 5.806019 -6.333391 0.200000
v 5.799886 -6.286803 0.200000
v 5.781904 -6.243391 0.200000
v 5.753298 -6.206112 0.200000
v 5.716019 -6.177506 0.200000
v 5.672606 -6.159524 0.200000
v 5.626019 -6.153391 0.200000
v 5.579432 -6.159524 0.200000
v 5.536019 -6.177506 0.200000
v 5.498740 -6.206112 0.200000
v 5.470134 -6.243391 0.200000
v 5.452152 -6.286803 0.200000
v 5.446019 -6.333391 0.200000
v 5.452152 -6.379978 0.200000
v 5.470134 -6.423391 0.200000
v 5.498740 -6.460670 0.200000
v 5.536019 -6.489275 0.200000
v 5.579432 -6.507257 0.200000
v 5.626019 -6.513391 0.200000
v 5.672606 -6.507257 0.200000
v 5.716019 -6.489275 0.200000
v 5.753298 -6.460670 0.200000
v 5.781904 -6.423391 0.200000
v 5.799886 -6.379978 0.200000
v 12.774117 -3.446991 0.200000
v 12.767983 -3.400403 0.200000
v 12.750001 -3.356991 0.200000
v 12.721396 -3.319712 0.200000
v 12.684117 -3.291106 0.200000
v 12.640704 -3.273124 0.200000
v 12.594117 -3.266991 0.200000
v 12.547529 -3.273124 0.200000
v 12.504117 -3.291106 0.200000
v 12.466838 -3.319712 0.200000
v 12.438232 -3.356991 0.200000
v 12.420250 -3.400403 0.200000
v 12.414117 -3.446991 0.200000
v 12.420250 -3.493578 0.200000
v 12.438232 -3.536991 0.200000
v 12.466838 -3.574270 0.200000
v 12.504117 -3.602875 0.200000
v 12.547529 -3.620857 0.200000
v 12.594117 -3.626991 0.200000
v 12.640704 -3.620857 0.200000
v 12.684117 -3.602875 0.200000
v 12.721396 -3.574270 0.200000
v 12.750001 -3.536991 0.200000
v 12.767983 -3.493578 0.200000
v 10.733268 -1.406142 0.200000
v 10.727135 -1.359554 0.200000
v 10.709152 -1.316142 0.200000
v 10.680547 -1.278863 0.200000
v 10.643268 -1.250257 0.200000
v 10.599855 -1.232275 0.200000
v 10.553268 -1.226142 0.200000
v 10.506680 -1.232275 0.200000
v 10.463268 -1.250257 0.200000
v 10.425989 -1.278863 0.200000
v 10.397383 -1.316142 0.200000
v 10.379401 -1.359554 0.200000
v 10.373268 -1.406142 0.200000
v 10.379401 -1.452729 0.200000
v 10.397383 -1.496142 0.200000
v 10.425989 -1.533421 0.200000
v 10.463268 -1.562026 0.200000
v 10.506680 -1.580009 0.200000
v 10.553268 -1.586142 0.200000
v 10.599855 -1.580009 0.200000
v 10.643268 -1.562026 0.200000
v 10.680547 -1.533421 0.200000
v 10.709152 -1.496142 0.200000
v 10.727135 -1.452729 0.200000
v 5.806019 -3.446991 0.200000
v 5.799886 -3.400403 0.200000
v 5.781904 -3.356991 0.200000
v 5.753298 -3.319712 0.200000
v 5.716019 -3.291106 0.200000
v 5.672606 -3.273124 0.200000
v 5.626019 -3.266991 0.200000
v 5.579432 -3.273124 0.200000
v 5.536019 -3.291106 0.200000
v 5.498740 -3.319712 0.200000
v 5.470134 -3.356991 0.200000
v 5.452152 -3.400403 0.200000
v 5.446019 -3.446991 0.200000
v 5.452152 -3.493578 0.200000
v 5.470134 -3.536991 0.200000
v 5.498740 -3.574270 0.200000
v 5.536019 -3.602875 0.200000
v 5.579432 -3.620857 0.200000
v 5.626019 -3.626991 0.200000
v 5.672606 -3.620857 0.200000
v 5.716019 -3.602875 0.200000
v 5.753298 -3.574270 0.200000
v 5.781904 -3.536991 0.200000
v 5.799886 -3.493578 0.200000
v 12.994158 -4.040191 0.200000
v 12.794158 -4.040191 0.200000
v 12.994158 -3.281348 0.200000
v 11.255493 -1.542684 0.200000
v 11.114072 -1.684105 0.200000
vt 3.310182 -1.396613 0.000000
vt 2.004004 -3.206086 0.000000
vt 3.304049 -1.443200 0.000000
vt 3.206086 -2.004004 0.000000
vt 3.310182 -1.489787 0.000000
vt 3.328164 -1.533200 0.000000
vt 3.356770 -1.570479 0.000000
vt 3.394049 -1.599085 0.000000
vt 3.437461 -1.617067 0.000000
vt 3.484049 -1.623200 0.000000
vt 3.347507 -2.145426 0.000000
vt 3.530636 -1.617067 0.000000
vt 3.574049 -1.599085 0.000000
vt 3.884090 -1.608843 0.000000
vt 3.611328 -1.570479 0.000000
vt 3.639933 -1.533200 0.000000
vt 3.657916 -1.489787 0.000000
vt 3.664049 -1.443200 0.000000
vt 3.657916 -1.396613 0.000000
vt 3.884090 -0.850000 0.000000
vt 3.639933 -1.353200 0.000000
vt 3.611328 -1.315921 0.000000
vt 3.684090 -0.850000 0.000000
vt 3.574049 -1.287315 0.000000
vt 3.530636 -1.269333 0.000000
vt 3.484049 -1.263200 0.000000
vt 3.437461 -1.269333 0.000000
vt 3.394049 -1.287315 0.000000
vt 3.356770 -1.315921 0.000000
vt 3.356770 1.315921 0.000000
vt 3.328164 1.353200 0.000000
vt 3.328164 -1.353200 0.000000
vt -3.059547 -1.784694 0.000000
vt 0.901457 -3.425396 0.000000
vt -3.657916 1.396613 0.000000
vt -3.664049 1.443200 0.000000
vt -3.884090 1.608843 0.000000
vt -3.657916 1.489787 0.000000
vt -3.639933 1.533200 0.000000
vt -3.611328 1.570479 0.000000
vt -3.574049 1.599085 0.000000
vt -3.347507 2.145426 0.000000
vt -3.530636 1.617067 0.000000
vt -3.484049 1.623200 0.000000
vt -3.206086 2.004004 0.000000
vt -3.437461 1.617067 0.000000
vt -3.394049 1.599085 0.000000
vt -3.356770 1.570479 0.000000
vt -3.328164 1.533200 0.000000
vt -3.310182 1.489787 0.000000
vt -3.304049 1.443200 0.000000
vt -2.004004 3.206086 0.000000
vt -1.443200 3.304049 0.000000
vt -1.489787 3.310182 0.000000
vt -3.310182 1.396613 0.000000
vt -1.396613 3.310182 0.000000
vt -3.328164 1.353200 0.000000
vt -1.353200 3.328164 0.000000
vt 3.310182 1.396613 0.000000
vt -3.356770 1.315921 0.000000
vt -3.684090 -0.850000 0.000000
vt -3.684090 0.850000 0.000000
vt -3.394049 1.287315 0.000000
vt -3.437461 1.269333 0.000000
vt -3.484049 1.263200 0.000000
vt -3.530636 1.269333 0.000000
vt -3.574049 1.287315 0.000000
vt -3.611328 1.315921 0.000000
vt -3.884090 0.850000 0.000000
vt -3.639933 1.353200 0.000000
vt 3.310182 1.489787 0.000000
vt 3.206086 2.004004 0.000000
vt 3.304049 1.443200 0.000000
vt 2.004004 3.206086 0.000000
vt 0.850000 3.684090 0.000000
vt -1.315921 3.356770 0.000000
vt -0.850000 3.684090 0.000000
vt -1.287315 3.394049 0.000000
vt -1.269333 3.437461 0.000000
vt -1.263200 3.484049 0.000000
vt -1.269333 3.530636 0.000000
vt -1.287315 3.574049 0.000000
vt -1.315921 3.611328 0.000000
vt -0.850000 3.884090 0.000000
vt -1.353200 3.639933 0.000000
vt -1.396613 3.657916 0.000000
vt -1.608843 3.884090 0.000000
vt -1.443200 3.664049 0.000000
vt -1.489787 3.657916 0.000000
vt -1.533200 3.639933 0.000000
vt -1.570479 3.611328 0.000000
vt -1.599085 3.574049 0.000000
vt -2.145426 3.347507 0.000000
vt -1.617067 3.530636 0.000000
vt -1.623200 3.484049 0.000000
vt -1.617067 3.437461 0.000000
vt -1.599085 3.394049 0.000000
vt -1.570479 3.356770 0.000000
vt -1.533200 3.328164 0.000000
vt 3.328164 1.533200 0.000000
vt 3.356770 1.570479 0.000000
vt 3.394049 1.599085 0.000000
vt 3.437461 1.617067 0.000000
vt 3.484049 1.623200 0.000000
vt 3.347507 2.145426 0.000000
vt 3.530636 1.617067 0.000000
vt 3.574049 1.599085 0.000000
vt 3.884090 1.608843 0.000000
vt 3.611328 1.570479 0.000000
vt 3.639933 1.533200 0.000000
vt 3.657916 1.489787 0.000000
vt 3.664049 1.443200 0.000000
vt 3.657916 1.396613 0.000000
vt 3.884090 0.850000 0.000000
vt 3.639933 1.353200 0.000000
vt 3.611328 1.315921 0.000000
vt 3.684090 0.850000 0.000000
vt 3.574049 1.287315 0.000000
vt 3.530636 1.269333 0.000000
vt 3.484049 1.263200 0.000000
vt 3.437461 1.269333 0.000000
vt 3.394049 1.287315 0.000000
vt 2.145426 3.347507 0.000000
vt 1.608843 3.884090 0.000000
vt 0.850000 3.884090 0.000000
vt -3.884090 -0.850000 0.000000
vt -3.884090 -1.659636 0.000000
vt -3.136084 -1.969470 0.000000
vt 0.824921 -3.610172 0.000000
vt 1.572927 -3.920006 0.000000
vt 2.145426 -3.347507 0.000000
vt 0.758843 0.200000 0.000000
vt 0.000000 0.200000 0.000000
vt 0.758843 0.000000 0.000000
vt 0.000000 0.000000 0.000000
vt 1.200000 0.200000 0.000000
vt 1.000000 0.200000 0.000000
vt 1.200000 0.000000 0.000000
vt 1.000000 0.000000 0.000000
vt 0.676000 -0.000000 0.000000
vt 2.376000 -0.000000 0.000000
vt 0.676000 0.200000 0.000000
vt 2.376000 0.200000 0.000000
vt 0.200000 0.200000 0.000000
vt -0.000000 0.200000 0.000000
vt 0.200000 0.000000 0.000000
vt 0.000000 0.000000 0.000000
vt 0.758843 0.200000 0.000000
vt 0.000000 0.200000 0.000000
vt 0.758843 0.000000 0.000000
vt 0.000000 0.000000 0.000000
vt 0.758843 0.200000 0.000000
vt -0.000000 0.200000 0.000000
vt 0.758843 0.000000 0.000000
vt 0.000000 0.000000 0.000000
vt 1.200000 0.200000 0.000000
vt 1.000000 0.200000 0.000000
vt 1.200000 0.000000 0.000000
vt 1.000000 0.000000 0.000000
vt 0.676000 -0.000000 0.000000
vt 2.376000 -0.000000 0.000000
vt 0.676000 0.200000 0.000000
vt 2.376000 0.200000 0.000000
vt 0.200000 0.200000 0.000000
vt 0.000000 0.200000 0.000000
vt 0.200000 0.000000 0.000000
vt 0.000000 0.000000 0.000000
vt 0.758843 0.200000 0.000000
vt 0.000000 0.200000 0.000000
vt 0.758843 0.000000 0.000000
vt 0.000000 0.000000 0.000000
vt 0.758843 0.200000 0.000000
vt 0.000000 0.200000 0.000000
vt 0.758843 0.000000 0.000000
vt 0.000000 0.000000 0.000000
vt 1.200000 0.200000 0.000000
vt 1.000000 0.200000 0.000000
vt 1.200000 0.000000 0.000000
vt 1.000000 0.000000 0.000000
vt 0.676000 -0.000000 0.000000
vt 2.376000 -0.000000 0.000000
vt 0.676000 0.200000 0.000000
vt 2.376000 0.200000 0.000000
vt 0.200000 0.200000 0.000000
vt 0.000000 0.200000 0.000000
vt 0.200000 0.000000 0.000000
vt 0.000000 0.000000 0.000000
vt 0.758843 0.200000 0.000000
vt 0.000000 0.200000 0.000000
vt 0.758843 0.000000 0.000000
vt 0.000000 0.000000 0.000000
vt 0.758843 0.200000 0.000000
vt 0.000000 0.200000 0.000000
vt 0.758843 0.000000 0.000000
vt 0.000000 0.000000 0.000000
vt 0.200000 0.200000 0.000000
vt -0.000000 0.200000 0.000000
vt 0.200000 0.000000 0.000000
vt 0.000000 0.000000 0.000000
vt 0.676000 -0.000000 0.000000
vt 2.376000 -0.000000 0.000000
vt 0.676000 0.200000 0.000000
vt 2.376000 0.200000 0.000000
vt 0.200000 0.200000 0.000000
vt 0.000000 0.200000 0.000000
vt 0.200000 0.000000 0.000000
vt 0.000000 0.000000 0.000000
vt 0.809636 0.200000 0.000000
vt 0.000000 0.200000 0.000000
vt 0.809636 -0.000000 0.000000
vt -0.000000 0.000000 0.000000
vt 0.809636 0.200000 0.000000
vt 0.000000 0.200000 0.000000
vt 0.809636 0.000000 0.000000
vt 0.000000 0.000000 0.000000
vt 0.200000 0.200000 0.000000
vt 0.000000 0.200000 0.000000
vt 0.200000 0.000000 0.000000
vt 0.000000 0.000000 0.000000
vt 0.676000 -0.000000 0.000000
vt 4.963361 -0.000000 0.000000
vt 0.676000 0.200000 0.000000
vt 4.963361 0.200000 0.000000
vt 0.200000 0.200000 0.000000
vt 0.000000 0.200000 0.000000
vt 0.200000 0.000000 0.000000
vt 0.000000 0.000000 0.000000
vt 0.809636 0.200000 0.000000
vt 0.000000 0.200000 0.000000
vt 0.809636 0.000000 0.000000
vt 0.000000 0.000000 0.000000
vt 0.809636 0.200000 0.000000
vt -0.000000 0.200000 0.000000
vt 0.809636 0.000000 0.000000
vt 0.000000 0.000000 0.000000
vt 0.200000 0.200000 0.000000
vt 0.000000 0.200000 0.000000
vt 0.200000 0.000000 0.000000
vt 0.000000 0.000000 0.000000
vt 1.200000 0.200000 0.000000
vt 1.000000 0.200000 0.000000
vt 1.200000 0.000000 0.000000
vt 1.000000 0.000000 0.000000
vt 0.200000 -0.518363 0.000000
vt 0.000000 -0.518363 0.000000
vt 0.200000 -0.565487 0.000000
vt 0.000000 -0.565487 0.000000
vt 0.200000 0.565487 0.000000
vt 0.000000 0.565487 0.000000
vt 0.200000 0.518363 0.000000
vt -0.000000 0.518363 0.000000
vt 0.200000 0.471239 0.000000
vt -0.000000 0.471239 0.000000
vt 0.200000 0.424115 0.000000
vt -0.000000 0.424115 0.000000
vt 0.200000 0.376991 0.000000
vt -0.000000 0.376991 0.000000
vt 0.200000 0.329867 0.000000
vt 0.000000 0.329867 0.000000
vt 0.200000 0.282743 0.000000
vt 0.000000 0.282743 0.000000
vt 0.200000 0.235619 0.000000
vt -0.000000 0.235619 0.000000
vt 0.200000 0.188496 0.000000
vt -0.000000 0.188496 0.000000
vt 0.200000 0.141372 0.000000
vt -0.000000 0.141372 0.000000
vt 0.200000 0.094248 0.000000
vt -0.000000 0.094248 0.000000
vt 0.200000 0.047124 0.000000
vt 0.000000 0.047124 0.000000
vt 0.200000 0.000000 0.000000
vt 0.000000 0.000000 0.000000
vt 0.200000 -0.047124 0.000000
vt -0.000000 -0.047124 0.000000
vt 0.200000 -0.094248 0.000000
vt -0.000000 -0.094248 0.000000
vt 0.200000 -0.141372 0.000000
vt -0.000000 -0.141372 0.000000
vt 0.200000 -0.188496 0.000000
vt -0.000000 -0.188496 0.000000
vt 0.200000 -0.235619 0.000000
vt -0.000000 -0.235619 0.000000
vt 0.200000 -0.282743 0.000000
vt 0.000000 -0.282743 0.000000
vt 0.200000 -0.329867 0.000000
vt 0.000000 -0.329867 0.000000
vt 0.200000 -0.376991 0.000000
vt -0.000000 -0.376991 0.000000
vt 0.200000 -0.424115 0.000000
vt -0.000000 -0.424115 0.000000
vt 0.200000 -0.471239 0.000000
vt -0.000000 -0.471239 0.000000
vt 0.200000 -0.518363 0.000000
vt 0.000000 -0.518363 0.000000
vt 0.200000 -0.565487 0.000000
vt 0.000000 -0.565487 0.000000
vt 0.200000 0.565487 0.000000
vt 0.000000 0.565487 0.000000
vt 0.200000 0.518363 0.000000
vt 0.000000 0.518363 0.000000
vt 0.200000 0.471239 0.000000
vt -0.000000 0.471239 0.000000
vt 0.200000 0.424115 0.000000
vt -0.000000 0.424115 0.000000
vt 0.200000 0.376991 0.000000
vt -0.000000 0.376991 0.000000
vt 0.200000 0.329867 0.000000
vt 0.000000 0.329867 0.000000
vt 0.200000 0.282743 0.000000
vt 0.000000 0.282743 0.000000
vt 0.200000 0.235619 0.000000
vt 0.000000 0.235619 0.000000
vt 0.200000 0.188496 0.000000
vt -0.000000 0.188496 0.000000
vt 0.200000 0.141372 0.000000
vt -0.000000 0.141372 0.000000
vt 0.200000 0.094248 0.000000
vt -0.000000 0.094248 0.000000
vt 0.200000 0.047124 0.000000
vt 0.000000 0.047124 0.000000
vt 0.200000 0.000000 0.000000
vt 0.000000 0.000000 0.000000
vt 0.200000 -0.047124 0.000000
vt -0.000000 -0.047124 0.000000
vt 0.200000 -0.094248 0.000000
vt -0.000000 -0.094248 0.000000
vt 0.200000 -0.141372 0.000000
vt -0.000000 -0.141372 0.000000
vt 0.200000 -0.188496 0.000000
vt -0.000000 -0.188496 0.000000
vt 0.200000 -0.235619 0.000000
vt -0.000000 -0.235619 0.000000
vt 0.200000 -0.282743 0.000000
vt 0.000000 -0.282743 0.000000
vt 0.200000 -0.329867 0.000000
vt 0.000000 -0.329867 0.000000
vt 0.200000 -0.376991 0.000000
vt -0.000000 -0.376991 0.000000
vt 0.200000 -0.424115 0.000000
vt -0.000000 -0.424115 0.000000
vt 0.200000 -0.471239 0.000000
vt -0.000000 -0.471239 0.000000
vt 0.200000 -0.518363 0.000000
vt 0.000000 -0.518363 0.000000
vt 0.200000 -0.565487 0.000000
vt 0.000000 -0.565487 0.000000
vt 0.200000 0.565487 0.000000
vt 0.000000 0.565487 0.000000
vt 0.200000 0.518363 0.000000
vt 0.000000 0.518363 0.000000
vt 0.200000 0.471239 0.000000
vt -0.000000 0.471239 0.000000
vt 0.200000 0.424115 0.000000
vt -0.000000 0.424115 0.000000
vt 0.200000 0.376991 0.000000
vt -0.000000 0.376991 0.000000
vt 0.200000 0.329867 0.000000
vt 0.000000 0.329867 0.000000
vt 0.200000 0.282743 0.000000
vt 0.000000 0.282743 0.000000
vt 0.200000 0.235619 0.000000
vt 0.000000 0.235619 0.000000
vt 0.200000 0.188496 0.000000
vt 0.000000 0.188496 0.000000
vt 0.200000 0.141372 0.000000
vt -0.000000 0.141372 0.000000
vt 0.200000 0.094248 0.000000
vt -0.000000 0.094248 0.000000
vt 0.200000 0.047124 0.000000
vt 0.000000 0.047124 0.000000
vt 0.200000 -0.000000 0.000000
vt 0.000000 0.000000 0.000000
vt 0.200000 -0.047124 0.000000
vt -0.000000 -0.047124 0.000000
vt 0.200000 -0.094248 0.000000
vt -0.000000 -0.094248 0.000000
vt 0.200000 -0.141372 0.000000
vt -0.000000 -0.141372 0.000000
vt 0.200000 -0.188496 0.000000
vt -0.000000 -0.188496 0.000000
vt 0.200000 -0.235619 0.000000
vt -0.000000 -0.235619 0.000000
vt 0.200000 -0.282743 0.000000
vt 0.000000 -0.282743 0.000000
vt 0.200000 -0.329867 0.000000
vt 0.000000 -0.329867 0.000000
vt 0.200000 -0.376991 0.000000
vt 0.000000 -0.376991 0.000000
vt 0.200000 -0.424115 0.000000
vt -0.000000 -0.424115 0.000000
vt 0.200000 -0.471239 0.000000
vt -0.000000 -0.471239 0.000000
vt 0.200000 -0.518363 0.000000
vt 0.000000 -0.518363 0.000000
vt 0.200000 -0.565487 0.000000
vt 0.000000 -0.565487 0.000000
vt 0.200000 0.565487 0.000000
vt 0.000000 0.565487 0.000000
vt 0.200000 0.518363 0.000000
vt 0.000000 0.518363 0.000000
vt 0.200000 0.471239 0.000000
vt -0.000000 0.471239 0.000000
vt 0.200000 0.424115 0.000000
vt -0.000000 0.424115 0.000000
vt 0.200000 0.376991 0.000000
vt -0.000000 0.376991 0.000000
vt 0.200000 0.329867 0.000000
vt 0.000000 0.329867 0.000000
vt 0.200000 0.282743 0.000000
vt 0.000000 0.282743 0.000000
vt 0.200000 0.235619 0.000000
vt -0.000000 0.235619 0.000000
vt 0.200000 0.188496 0.000000
vt -0.000000 0.188496 0.000000
vt 0.200000 0.141372 0.000000
vt -0.000000 0.141372 0.000000
vt 0.200000 0.094248 0.000000
vt -0.000000 0.094248 0.000000
vt 0.200000 0.047124 0.000000
vt 0.000000 0.047124 0.000000
vt 0.200000 0.000000 0.000000
vt 0.000000 0.000000 0.000000
vt 0.200000 -0.047124 0.000000
vt -0.000000 -0.047124 0.000000
vt 0.200000 -0.094248 0.000000
vt -0.000000 -0.094248 0.000000
vt 0.200000 -0.141372 0.000000
vt -0.000000 -0.141372 0.000000
vt 0.200000 -0.188496 0.000000
vt -0.000000 -0.188496 0.000000
vt 0.200000 -0.235619 0.000000
vt -0.000000 -0.235619 0.000000
vt 0.200000 -0.282743 0.000000
vt 0.000000 -0.282743 0.000000
vt 0.200000 -0.329867 0.000000
vt 0.000000 -0.329867 0.000000
vt 0.200000 -0.376991 0.000000
vt -0.000000 -0.376991 0.000000
vt 0.200000 -0.424115 0.000000
vt -0.000000 -0.424115 0.000000
vt 0.200000 -0.471239 0.000000
vt -0.000000 -0.471239 0.000000
vt 0.200000 0.200000 0.000000
vt 0.000000 0.200000 0.000000
vt 0.200000 0.000000 0.000000
vt -0.000000 0.000000 0.000000
vt 0.758843 0.200000 0.000000
vt 0.000000 0.200000 0.000000
vt 0.758843 0.000000 0.000000
vt -0.000000 0.000000 0.000000
vt 0.758843 0.200000 0.000000
vt 0.000000 0.200000 0.000000
vt 0.758843 0.000000 0.000000
vt 0.000000 0.000000 0.000000
vt 0.200000 0.200000 0.000000
vt -0.000000 0.200000 0.000000
vt 0.200000 0.000000 0.000000
vt -0.000000 0.000000 0.000000
vt 0.758843 0.200000 0.000000
vt -0.000000 0.200000 0.000000
vt 0.758843 0.000000 0.000000
vt -0.000000 0.000000 0.000000
vt 0.676000 -0.000000 0.000000
vt 2.376000 -0.000000 0.000000
vt 0.676000 0.200000 0.000000
vt 2.376000 0.200000 0.000000
vt -3.310182 -1.489787 0.000000
vt -3.206086 -2.004004 0.000000
vt -3.304049 -1.443200 0.000000
vt -2.004004 -3.206086 0.000000
vt -3.310182 -1.396613 0.000000
vt -0.901457 -3.425396 0.000000
vt 3.059547 -1.784694 0.000000
vt -3.328164 -1.533200 0.000000
vt -3.356770 -1.570479 0.000000
vt -3.394049 -1.599085 0.000000
vt -3.437461 -1.617067 0.000000
vt -3.484049 -1.623200 0.000000
vt -3.347507 -2.145426 0.000000
vt -3.530636 -1.617067 0.000000
vt -3.574049 -1.599085 0.000000
vt -3.884090 -1.608843 0.000000
vt -3.611328 -1.570479 0.000000
vt -3.639933 -1.533200 0.000000
vt -3.657916 -1.489787 0.000000
vt -3.664049 -1.443200 0.000000
vt -3.657916 -1.396613 0.000000
vt -3.884090 -0.850000 0.000000
vt -3.639933 -1.353200 0.000000
vt -3.611328 -1.315921 0.000000
vt -3.684090 -0.850000 0.000000
vt -3.574049 -1.287315 0.000000
vt -3.530636 -1.269333 0.000000
vt -3.484049 -1.263200 0.000000
vt -3.437461 -1.269333 0.000000
vt -3.394049 -1.287315 0.000000
vt -3.356770 -1.315921 0.000000
vt -3.356770 1.315921 0.000000
vt -3.684090 0.850000 0.000000
vt -3.394049 1.287315 0.000000
vt -3.437461 1.269333 0.000000
vt -3.328164 1.353200 0.000000
vt -3.328164 -1.353200 0.000000
vt 3.657916 1.489787 0.000000
vt 3.664049 1.443200 0.000000
vt 3.884090 1.608843 0.000000
vt 3.657916 1.396613 0.000000
vt 3.884090 0.850000 0.000000
vt 3.639933 1.353200 0.000000
vt 3.611328 1.315921 0.000000
vt 3.684090 0.850000 0.000000
vt 3.574049 1.287315 0.000000
vt 3.530636 1.269333 0.000000
vt 3.484049 1.263200 0.000000
vt 3.437461 1.269333 0.000000
vt 3.394049 1.287315 0.000000
vt 3.356770 1.315921 0.000000
vt 3.684090 -0.850000 0.000000
vt 3.328164 1.353200 0.000000
vt 3.310182 1.396613 0.000000
vt -3.310182 1.396613 0.000000
vt -2.004004 3.206086 0.000000
vt -3.304049 1.443200 0.000000
vt -3.206086 2.004004 0.000000
vt -3.310182 1.489787 0.000000
vt -3.328164 1.533200 0.000000
vt -3.356770 1.570479 0.000000
vt -3.394049 1.599085 0.000000
vt -3.437461 1.617067 0.000000
vt -3.484049 1.623200 0.000000
vt -3.347507 2.145426 0.000000
vt -3.530636 1.617067 0.000000
vt -3.574049 1.599085 0.000000
vt -3.884090 1.608843 0.000000
vt -3.611328 1.570479 0.000000
vt -3.639933 1.533200 0.000000
vt -3.657916 1.489787 0.000000
vt -3.664049 1.443200 0.000000
vt -3.657916 1.396613 0.000000
vt -3.884090 0.850000 0.000000
vt -3.639933 1.353200 0.000000
vt -3.611328 1.315921 0.000000
vt -3.574049 1.287315 0.000000
vt -3.530636 1.269333 0.000000
vt -3.484049 1.263200 0.000000
vt 3.304049 1.443200 0.000000
vt 1.443200 3.304049 0.000000
vt 1.396613 3.310182 0.000000
vt 1.353200 3.328164 0.000000
vt 3.310182 1.489787 0.000000
vt 3.206086 2.004004 0.000000
vt 2.004004 3.206086 0.000000
vt 1.489787 3.310182 0.000000
vt 1.533200 3.328164 0.000000
vt 1.570479 3.356770 0.000000
vt 1.599085 3.394049 0.000000
vt 1.617067 3.437461 0.000000
vt 1.623200 3.484049 0.000000
vt 2.145426 3.347507 0.000000
vt 1.617067 3.530636 0.000000
vt 1.599085 3.574049 0.000000
vt 1.608843 3.884090 0.000000
vt 1.570479 3.611328 0.000000
vt 1.533200 3.639933 0.000000
vt 1.489787 3.657916 0.000000
vt 1.443200 3.664049 0.000000
vt 1.396613 3.657916 0.000000
vt 0.850000 3.884090 0.000000
vt 1.353200 3.639933 0.000000
vt 1.315921 3.611328 0.000000
vt 0.850000 3.684090 0.000000
vt 1.287315 3.574049 0.000000
vt 1.269333 3.530636 0.000000
vt 1.263200 3.484049 0.000000
vt 1.269333 3.437461 0.000000
vt 1.287315 3.394049 0.000000
vt 1.315921 3.356770 0.000000
vt -0.850000 3.684090 0.000000
vt 3.328164 1.533200 0.000000
vt 3.356770 1.570479 0.000000
vt 3.394049 1.599085 0.000000
vt 3.437461 1.617067 0.000000
vt 3.484049 1.623200 0.000000
vt 3.347507 2.145426 0.000000
vt 3.530636 1.617067 0.000000
vt 3.574049 1.599085 0.000000
vt 3.611328 1.570479 0.000000
vt 3.639933 1.533200 0.000000
vt -2.145426 -3.347507 0.000000
vt -1.572927 -3.920006 0.000000
vt -0.824921 -3.610172 0.000000
vt 3.136084 -1.969470 0.000000
vt 3.884090 -1.659636 0.000000
vt 3.884090 -0.850000 0.000000
vt -0.850000 3.884090 0.000000
vt -1.608843 3.884090 0.000000
vt -2.145426 3.347507 0.000000
vt 0.676000 -0.000000 0.000000
vt 2.376000 -0.000000 0.000000
vt 0.676000 0.200000 0.000000
vt 2.376000 0.200000 0.000000
vn -0.000000 -0.000000 -1.000000
vn -0.000000 -0.000000 -1.000000
vn -0.000000 -0.000000 -1.000000
vn -0.000000 -0.000000 -1.000000
vn -0.000000 -0.000000 -1.000000
vn -0.000000 -0.000000 -1.000000
vn -0.000000 -0.000000 -1.000000
vn -0.000000 -0.000000 -1.000000
vn -0.000000 -0.000000 -1.000000
vn -0.000000 -0.000000 -1.000000
vn -0.000000 -0.000000 -1.000000
vn -0.000000 -0.000000 -1.000000
vn -0.000000 -0.000000 -1.000000
vn -0.000000 -0.000000 -1.000000
vn -0.000000 -0.000000 -1.000000
vn -0.000000 -0.000000 -1.000000
vn -0.000000 -0.000000 -1.000000
vn -0.000000 -0.000000 -1.000000
vn -0.000000 -0.000000 -1.000000
vn -0.000000 -0.000000 -1.000000
vn -0.000000 -0.000000 -1.000000
vn -0.000000 -0.000000 -1.000000
vn -0.000000 -0.000000 -1.000000
vn -0.000000 -0.000000 -1.000000
vn -0.000000 -0.000000 -1.000000
vn -0.000000 -0.000000 -1.000000
vn -0.000000 -0.000000 -1.000000
vn -0.000000 -0.000000 -1.000000
vn -0.000000 -0.000000 -1.000000
vn -0.000000 -0.000000 -1.000000
vn -0.000000 -0.000000 -1.000000
vn -0.000000 -0.000000 -1.000000
vn -0.000000 -0.000000 -1.000000
vn -0.000000 -0.000000 -1.000000
vn -0.000000 -0.000000 -1.000000
vn -0.000000 -0.000000 -1.000000
vn -0.000000 -0.000000 -1.000000
vn -0.000000 -0.000000 -1.000000
vn -0.000000 -0.000000 -1.000000
vn -0.000000 -0.000000 -1.000000
vn -0.000000 -0.000000 -1.000000
vn -0.000000 -0.000000 -1.000000
vn -0.000000 -0.000000 -1.000000
vn -0.000000 -0.000000 -1.000000
vn -0.000000 -0.000000 -1.000000
vn -0.000000 -0.000000 -1.000000
vn -0.000000 -0.000000 -1.000000
vn -0.000000 -0.000000 -1.000000
vn -0.000000 -0.000000 -1.000000
vn -0.000000 -0.000000 -1.000000
vn -0.000000 -0.000000 -1.000000
vn -0.000000 -0.000000 -1.000000
vn -0.000000 -0.000000 -1.000000
vn -0.000000 -0.000000 -1.000000
vn -0.000000 -0.000000 -1.000000
vn -0.000000 -0.000000 -1.000000
vn -0.000000 -0.000000 -1.000000
vn -0.000000 -0.000000 -1.000000
vn -0.000000 -0.000000 -1.000000
vn -0.000000 -0.000000 -1.000000
vn -0.000000 -0.000000 -1.000000
vn -0.000000 -0.000000 -1.000000
vn -0.000000 -0.000000 -1.000000
vn -0.000000 -0.000000 -1.000000
vn -0.000000 -0.000000 -1.000000
vn -0.000000 -0.000000 -1.000000
vn -0.000000 -0.000000 -1.000000
vn -0.000000 -0.000000 -1.000000
vn -0.000000 -0.000000 -1.000000
vn -0.000000 -0.000000 -1.000000
vn -0.000000 -0.000000 -1.000000
vn -0.000000 -0.000000 -1.000000
vn -0.000000 -0.000000 -1.000000
vn -0.000000 -0.000000 -1.000000
vn -0.000000 -0.000000 -1.000000
vn -0.000000 -0.000000 -1.000000
vn -0.000000 -0.000000 -1.000000
vn -0.000000 -0.000000 -1.000000
vn -0.000000 -0.000000 -1.000000
vn -0.000000 -0.000000 -1.000000
vn -0.000000 -0.000000 -1.000000
vn -0.000000 -0.000000 -1.000000
vn -0.000000 -0.000000 -1.000000
vn -0.000000 -0.000000 -1.000000
vn -0.000000 -0.000000 -1.000000
vn -0.000000 -0.000000 -1.000000
vn -0.000000 -0.000000 -1.000000
vn -0.000000 -0.000000 -1.000000
vn -0.000000 -0.000000 -1.000000
vn -0.000000 -0.000000 -1.000000
vn -0.000000 -0.000000 -1.000000
vn -0.000000 -0.000000 -1.000000
vn -0.000000 -0.000000 -1.000000
vn -0.000000 -0.000000 -1.000000
vn -0.000000 -0.000000 -1.000000
vn -0.000000 -0.000000 -1.000000
vn -0.000000 -0.000000 -1.000000
vn -0.000000 -0.000000 -1.000000
vn -0.000000 -0.000000 -1.000000
vn -0.000000 -0.000000 -1.000000
vn -0.000000 -0.000000 -1.000000
vn -0.000000 -0.000000 -1.000000
vn -0.000000 -0.000000 -1.000000
vn -0.000000 -0.000000 -1.000000
vn -0.000000 -0.000000 -1.000000
vn -0.000000 -0.000000 -1.000000
vn -0.000000 -0.000000 -1.000000
vn -0.000000 -0.000000 -1.000000
vn -0.000000 -0.000000 -1.000000
vn -0.000000 -0.000000 -1.000000
vn -0.000000 -0.000000 -1.000000
vn -0.000000 -0.000000 -1.000000
vn -0.000000 -0.000000 -1.000000
vn -0.000000 -0.000000 -1.000000
vn -0.000000 -0.000000 -1.000000
vn -0.000000 -0.000000 -1.000000
vn -0.000000 -0.000000 -1.000000
vn -0.000000 -0.000000 -1.000000
vn -0.000000 -0.000000 -1.000000
vn -0.000000 -0.000000 -1.000000
vn -0.000000 -0.000000 -1.000000
vn -0.000000 -0.000000 -1.000000
vn -0.000000 -0.000000 -1.000000
vn -0.000000 -0.000000 -1.000000
vn -0.000000 -0.000000 -1.000000
vn -0.000000 -0.000000 -1.000000
vn -0.000000 -0.000000 -1.000000
vn -0.000000 -0.000000 -1.000000
vn -0.000000 -0.000000 -1.000000
vn -0.000000 -0.000000 -1.000000
vn -0.000000 -0.000000 -1.000000
vn -0.000000 1.000000 0.000000
vn -0.000000 1.000000 0.000000
vn -0.000000 1.000000 0.000000
vn -0.000000 1.000000 0.000000
vn -1.000000 -0.000000 -0.000000
vn -1.000000 -0.000000 -0.000000
vn -1.000000 -0.000000 -0.000000
vn -1.000000 -0.000000 -0.000000
vn 0.000000 1.000000 -0.000000
vn 0.000000 1.000000 -0.000000
vn 0.000000 1.000000 -0.000000
vn 0.000000 1.000000 -0.000000
vn 1.000000 0.000000 0.000000
vn 1.000000 0.000000 0.000000
vn 1.000000 0.000000 0.000000
vn 1.000000 0.000000 0.000000
vn 0.000000 1.000000 0.000000
vn 0.000000 1.000000 0.000000
vn 0.000000 1.000000 0.000000
vn 0.000000 1.000000 0.000000
vn -0.707107 0.707107 0.000000
vn -0.707107 0.707107 0.000000
vn -0.707107 0.707107 0.000000
vn -0.707107 0.707107 0.000000
vn -0.707107 -0.707107 -0.000000
vn -0.707107 -0.707107 -0.000000
vn -0.707107 -0.707107 -0.000000
vn -0.707107 -0.707107 -0.000000
vn -0.707107 0.707107 0.000000
vn -0.707107 0.707107 0.000000
vn -0.707107 0.707107 0.000000
vn -0.707107 0.707107 0.000000
vn 0.707107 0.707107 0.000000
vn 0.707107 0.707107 0.000000
vn 0.707107 0.707107 0.000000
vn 0.707107 0.707107 0.000000
vn -0.707107 0.707107 0.000000
vn -0.707107 0.707107 0.000000
vn -0.707107 0.707107 0.000000
vn -0.707107 0.707107 0.000000
vn -1.000000 0.000000 0.000000
vn -1.000000 0.000000 0.000000
vn -1.000000 0.000000 0.000000
vn -1.000000 0.000000 0.000000
vn -0.000000 -1.000000 -0.000000
vn -0.000000 -1.000000 -0.000000
vn -0.000000 -1.000000 -0.000000
vn -0.000000 -1.000000 -0.000000
vn -1.000000 0.000000 0.000000
vn -1.000000 0.000000 0.000000
vn -1.000000 0.000000 0.000000
vn -1.000000 0.000000 0.000000
vn 0.000000 1.000000 0.000000
vn 0.000000 1.000000 0.000000
vn 0.000000 1.000000 0.000000
vn 0.000000 1.000000 0.000000
vn -1.000000 -0.000000 -0.000000
vn -1.000000 -0.000000 -0.000000
vn -1.000000 -0.000000 -0.000000
vn -1.000000 -0.000000 -0.000000
vn -0.707107 -0.707107 -0.000000
vn -0.707107 -0.707107 -0.000000
vn -0.707107 -0.707107 -0.000000
vn -0.707107 -0.707107 -0.000000
vn 0.707107 -0.707107 0.000000
vn 0.707107 -0.707107 0.000000
vn 0.707107 -0.707107 0.000000
vn 0.707107 -0.707107 0.000000
vn -0.707107 -0.707107 0.000000
vn -0.707107 -0.707107 0.000000
vn -0.707107 -0.707107 0.000000
vn -0.707107 -0.707107 0.000000
vn -0.923880 -0.382683 -0.000000
vn -0.923880 -0.382683 -0.000000
vn -0.923880 -0.382683 -0.000000
vn -0.923880 -0.382683 -0.000000
vn 0.382683 -0.923880 0.000000
vn 0.382683 -0.923880 0.000000
vn 0.382683 -0.923880 0.000000
vn 0.382683 -0.923880 0.000000
vn 1.000000 0.000000 0.000000
vn 1.000000 0.000000 0.000000
vn 1.000000 0.000000 0.000000
vn 1.000000 0.000000 0.000000
vn -0.000000 1.000000 0.000000
vn -0.000000 1.000000 0.000000
vn -0.000000 1.000000 0.000000
vn -0.000000 1.000000 0.000000
vn 0.382683 -0.923880 0.000000
vn 0.382683 -0.923880 0.000000
vn 0.382683 -0.923880 0.000000
vn 0.382683 -0.923880 0.000000
vn -0.707107 0.707107 0.000000
vn -0.707107 0.707107 0.000000
vn -0.707107 0.707107 0.000000
vn -0.707107 0.707107 0.000000
vn -0.707107 -0.707107 -0.000000
vn -0.707107 -0.707107 -0.000000
vn -0.707107 -0.707107 -0.000000
vn -0.707107 -0.707107 -0.000000
vn 0.382683 -0.923880 0.000000
vn 0.382683 -0.923880 0.000000
vn 0.382683 -0.923880 0.000000
vn 0.382683 -0.923880 0.000000
vn 0.923880 0.382683 0.000000
vn 0.923880 0.382683 0.000000
vn 0.923880 0.382683 0.000000
vn 0.923880 0.382683 0.000000
vn -0.707107 0.707107 0.000000
vn -0.707107 0.707107 0.000000
vn -0.707107 0.707107 0.000000
vn -0.707107 0.707107 0.000000
vn -0.965926 0.258819 0.000000
vn -0.965926 0.258819 0.000000
vn -1.000000 0.000000 0.000000
vn -1.000000 0.000000 0.000000
vn -0.965926 -0.258819 -0.000000
vn -0.965926 -0.258819 -0.000000
vn -0.866025 -0.500000 -0.000000
vn -0.866025 -0.500000 -0.000000
vn -0.707107 -0.707107 -0.000000
vn -0.707107 -0.707107 -0.000000
vn -0.500000 -0.866025 -0.000000
vn -0.500000 -0.866025 -0.000000
vn -0.258819 -0.965926 -0.000000
vn -0.258819 -0.965926 -0.000000
vn 0.000000 -1.000000 0.000000
vn 0.000000 -1.000000 0.000000
vn 0.258819 -0.965926 0.000000
vn 0.258819 -0.965926 0.000000
vn 0.500000 -0.866025 0.000000
vn 0.500000 -0.866025 0.000000
vn 0.707107 -0.707107 0.000000
vn 0.707107 -0.707107 0.000000
vn 0.866025 -0.500000 0.000000
vn 0.866025 -0.500000 0.000000
vn 0.965926 -0.258819 0.000000
vn 0.965926 -0.258819 0.000000
vn 1.000000 -0.000000 0.000000
vn 1.000000 -0.000000 0.000000
vn 0.965926 0.258819 0.000000
vn 0.965926 0.258819 0.000000
vn 0.866025 0.500000 0.000000
vn 0.866025 0.500000 0.000000
vn 0.707107 0.707107 0.000000
vn 0.707107 0.707107 0.000000
vn 0.500000 0.866025 0.000000
vn 0.500000 0.866025 0.000000
vn 0.258819 0.965926 0.000000
vn 0.258819 0.965926 0.000000
vn 0.000000 1.000000 0.000000
vn 0.000000 1.000000 0.000000
vn -0.258819 0.965926 0.000000
vn -0.258819 0.965926 0.000000
vn -0.500000 0.866025 0.000000
vn -0.500000 0.866025 0.000000
vn -0.707107 0.707107 0.000000
vn -0.707107 0.707107 0.000000
vn -0.866025 0.500000 0.000000
vn -0.866025 0.500000 0.000000
vn -0.965926 0.258819 0.000000
vn -0.965926 0.258819 0.000000
vn -1.000000 0.000000 0.000000
vn -1.000000 0.000000 0.000000
vn -0.965926 -0.258819 -0.000000
vn -0.965926 -0.258819 -0.000000
vn -0.866025 -0.500000 -0.000000
vn -0.866025 -0.500000 -0.000000
vn -0.707107 -0.707107 -0.000000
vn -0.707107 -0.707107 -0.000000
vn -0.500000 -0.866025 -0.000000
vn -0.500000 -0.866025 -0.000000
vn -0.258819 -0.965926 -0.000000
vn -0.258819 -0.965926 -0.000000
vn 0.000000 -1.000000 0.000000
vn 0.000000 -1.000000 0.000000
vn 0.258819 -0.965926 0.000000
vn 0.258819 -0.965926 0.000000
vn 0.500000 -0.866025 0.000000
vn 0.500000 -0.866025 0.000000
vn 0.707107 -0.707107 0.000000
vn 0.707107 -0.707107 0.000000
vn 0.866025 -0.500000 0.000000
vn 0.866025 -0.500000 0.000000
vn 0.965926 -0.258819 0.000000
vn 0.965926 -0.258819 0.000000
vn 1.000000 -0.000000 0.000000
vn 1.000000 -0.000000 0.000000
vn 0.965926 0.258819 0.000000
vn 0.965926 0.258819 0.000000
vn 0.866025 0.500000 0.000000
vn 0.866025 0.500000 0.000000
vn 0.707107 0.707107 0.000000
vn 0.707107 0.707107 0.000000
vn 0.500000 0.866025 0.000000
vn 0.500000 0.866025 0.000000
vn 0.258819 0.965926 0.000000
vn 0.258819 0.965926 0.000000
vn 0.000000 1.000000 0.000000
vn 0.000000 1.000000 0.000000
vn -0.258819 0.965926 0.000000
vn -0.258819 0.965926 0.000000
vn -0.500000 0.866025 0.000000
vn -0.500000 0.866025 0.000000
vn -0.707107 0.707107 0.000000
vn -0.707107 0.707107 0.000000
vn -0.866025 0.500000 0.000000
vn -0.866025 0.500000 0.000000
vn -0.965926 0.258819 0.000000
vn -0.965926 0.258819 0.000000
vn -1.000000 0.000000 0.000000
vn -1.000000 0.000000 0.000000
vn -0.965926 -0.258819 -0.000000
vn -0.965926 -0.258819 -0.000000
vn -0.866025 -0.500000 -0.000000
vn -0.866025 -0.500000 -0.000000
vn -0.707107 -0.707107 -0.000000
vn -0.707107 -0.707107 -0.000000
vn -0.500000 -0.866025 -0.000000
vn -0.500000 -0.866025 -0.000000
vn -0.258819 -0.965926 -0.000000
vn -0.258819 -0.965926 -0.000000
vn 0.000000 -1.000000 0.000000
vn 0.000000 -1.000000 0.000000
vn 0.258819 -0.965926 0.000000
vn 0.258819 -0.965926 0.000000
vn 0.500000 -0.866025 0.000000
vn 0.500000 -0.866025 0.000000
vn 0.707107 -0.707107 0.000000
vn 0.707107 -0.707107 0.000000
vn 0.866025 -0.500000 0.000000
vn 0.866025 -0.500000 0.000000
vn 0.965926 -0.258819 0.000000
vn 0.965926 -0.258819 0.000000
vn 1.000000 0.000000 0.000000
vn 1.000000 -0.000000 0.000000
vn 0.965926 0.258819 0.000000
vn 0.965926 0.258819 0.000000
vn 0.866025 0.500000 0.000000
vn 0.866025 0.500000 0.000000
vn 0.707107 0.707107 0.000000
vn 0.707107 0.707107 0.000000
vn 0.500000 0.866025 0.000000
vn 0.500000 0.866025 0.000000
vn 0.258819 0.965926 0.000000
vn 0.258819 0.965926 0.000000
vn 0.000000 1.000000 0.000000
vn 0.000000 1.000000 0.000000
vn -0.258819 0.965926 0.000000
vn -0.258819 0.965926 0.000000
vn -0.500000 0.866025 0.000000
vn -0.500000 0.866025 0.000000
vn -0.707107 0.707107 0.000000
vn -0.707107 0.707107 0.000000
vn -0.866025 0.500000 0.000000
vn -0.866025 0.500000 0.000000
vn -0.965926 0.258819 0.000000
vn -0.965926 0.258819 0.000000
vn -1.000000 0.000000 0.000000
vn -1.000000 0.000000 0.000000
vn -0.965926 -0.258819 -0.000000
vn -0.965926 -0.258819 -0.000000
vn -0.866025 -0.500000 -0.000000
vn -0.866025 -0.500000 -0.000000
vn -0.707107 -0.707107 -0.000000
vn -0.707107 -0.707107 -0.000000
vn -0.500000 -0.866025 -0.000000
vn -0.500000 -0.866025 -0.000000
vn -0.258819 -0.965926 -0.000000
vn -0.258819 -0.965926 -0.000000
vn 0.000000 -1.000000 0.000000
vn 0.000000 -1.000000 0.000000
vn 0.258819 -0.965926 0.000000
vn 0.258819 -0.965926 0.000000
vn 0.500000 -0.866025 0.000000
vn 0.500000 -0.866025 0.000000
vn 0.707107 -0.707107 0.000000
vn 0.707107 -0.707107 0.000000
vn 0.866025 -0.500000 0.000000
vn 0.866025 -0.500000 0.000000
vn 0.965926 -0.258819 0.000000
vn 0.965926 -0.258819 0.000000
vn 1.000000 -0.000000 0.000000
vn 1.000000 -0.000000 0.000000
vn 0.965926 0.258819 0.000000
vn 0.965926 0.258819 0.000000
vn 0.866025 0.500000 0.000000
vn 0.866025 0.500000 0.000000
vn 0.707107 0.707107 0.000000
vn 0.707107 0.707107 0.000000
vn 0.500000 0.866025 0.000000
vn 0.500000 0.866025 0.000000
vn 0.258819 0.965926 0.000000
vn 0.258819 0.965926 0.000000
vn 0.000000 1.000000 0.000000
vn 0.000000 1.000000 0.000000
vn -0.258819 0.965926 0.000000
vn -0.258819 0.965926 0.000000
vn -0.500000 0.866025 0.000000
vn -0.500000 0.866025 0.000000
vn -0.707107 0.707107 0.000000
vn -0.707107 0.707107 0.000000
vn -0.866025 0.500000 0.000000
vn -0.866025 0.500000 0.000000
vn 0.000000 -1.000000 0.000000
vn 0.000000 -1.000000 0.000000
vn 0.000000 -1.000000 0.000000
vn 0.000000 -1.000000 0.000000
vn 1.000000 -0.000000 0.000000
vn 1.000000 -0.000000 0.000000
vn 1.000000 -0.000000 0.000000
vn 1.000000 -0.000000 0.000000
vn 0.707107 0.707107 0.000000
vn 0.707107 0.707107 0.000000
vn 0.707107 0.707107 0.000000
vn 0.707107 0.707107 0.000000
vn 0.707107 -0.707107 0.000000
vn 0.707107 -0.707107 0.000000
vn 0.707107 -0.707107 0.000000
vn 0.707107 -0.707107 0.000000
vn 0.707107 0.707107 0.000000
vn 0.707107 0.707107 0.000000
vn 0.707107 0.707107 0.000000
vn 0.707107 0.707107 0.000000
vn 1.000000 0.000000 -0.000000
vn 1.000000 0.000000 -0.000000
vn 1.000000 0.000000 -0.000000
vn 1.000000 0.000000 -0.000000
vn 0.000000 0.000000 1.000000
vn 0.000000 0.000000 1.000000
vn 0.000000 0.000000 1.000000
vn 0.000000 0.000000 1.000000
vn 0.000000 0.000000 1.000000
vn 0.000000 0.000000 1.000000
vn 0.000000 0.000000 1.000000
vn 0.000000 0.000000 1.000000
vn 0.000000 0.000000 1.000000
vn 0.000000 0.000000 1.000000
vn 0.000000 0.000000 1.000000
vn 0.000000 0.000000 1.000000
vn 0.000000 0.000000 1.000000
vn 0.000000 0.000000 1.000000
vn 0.000000 0.000000 1.000000
vn 0.000000 0.000000 1.000000
vn 0.000000 0.000000 1.000000
vn 0.000000 0.000000 1.000000
vn 0.000000 0.000000 1.000000
vn 0.000000 0.000000 1.000000
vn 0.000000 0.000000 1.000000
vn 0.000000 0.000000 1.000000
vn 0.000000 0.000000 1.000000
vn 0.000000 0.000000 1.000000
vn 0.000000 0.000000 1.000000
vn 0.000000 0.000000 1.000000
vn 0.000000 0.000000 1.000000
vn 0.000000 0.000000 1.000000
vn 0.000000 0.000000 1.000000
vn 0.000000 0.000000 1.000000
vn 0.000000 0.000000 1.000000
vn 0.000000 0.000000 1.000000
vn 0.000000 0.000000 1.000000
vn 0.000000 0.000000 1.000000
vn 0.000000 0.000000 1.000000
vn 0.000000 0.000000 1.000000
vn 0.000000 0.000000 1.000000
vn 0.000000 0.000000 1.000000
vn 0.000000 0.000000 1.000000
vn 0.000000 0.000000 1.000000
vn 0.000000 0.000000 1.000000
vn 0.000000 0.000000 1.000000
vn 0.000000 0.000000 1.000000
vn 0.000000 0.000000 1.000000
vn 0.000000 0.000000 1.000000
vn 0.000000 0.000000 1.000000
vn 0.000000 0.000000 1.000000
vn 0.000000 0.000000 1.000000
vn 0.000000 0.000000 1.000000
vn 0.000000 0.000000 1.000000
vn 0.000000 0.000000 1.000000
vn 0.000000 0.000000 1.000000
vn 0.000000 0.000000 1.000000
vn 0.000000 0.000000 1.000000
vn 0.000000 0.000000 1.000000
vn 0.000000 0.000000 1.000000
vn 0.000000 0.000000 1.000000
vn 0.000000 0.000000 1.000000
vn 0.000000 0.000000 1.000000
vn 0.000000 0.000000 1.000000
vn 0.000000 0.000000 1.000000
vn 0.000000 0.000000 1.000000
vn 0.000000 0.000000 1.000000
vn 0.000000 0.000000 1.000000
vn 0.000000 0.000000 1.000000
vn 0.000000 0.000000 1.000000
vn 0.000000 0.000000 1.000000
vn 0.000000 0.000000 1.000000
vn 0.000000 0.000000 1.000000
vn 0.000000 0.000000 1.000000
vn 0.000000 0.000000 1.000000
vn 0.000000 0.000000 1.000000
vn 0.000000 0.000000 1.000000
vn 0.000000 0.000000 1.000000
vn 0.000000 0.000000 1.000000
vn 0.000000 0.000000 1.000000
vn 0.000000 0.000000 1.000000
vn 0.000000 0.000000 1.000000
vn 0.000000 0.000000 1.000000
vn 0.000000 0.000000 1.000000
vn 0.000000 0.000000 1.000000
vn 0.000000 0.000000 1.000000
vn 0.000000 0.000000 1.000000
vn 0.000000 0.000000 1.000000
vn 0.000000 0.000000 1.000000
vn 0.000000 0.000000 1.000000
vn 0.000000 0.000000 1.000000
vn 0.000000 0.000000 1.000000
vn 0.000000 0.000000 1.000000
vn 0.000000 0.000000 1.000000
vn 0.000000 0.000000 1.000000
vn 0.000000 0.000000 1.000000
vn 0.000000 0.000000 1.000000
vn 0.000000 0.000000 1.000000
vn 0.000000 0.000000 1.000000
vn 0.000000 0.000000 1.000000
vn 0.000000 0.000000 1.000000
vn 0.000000 0.000000 1.000000
vn 0.000000 0.000000 1.000000
vn 0.000000 0.000000 1.000000
vn 0.000000 0.000000 1.000000
vn 0.000000 0.000000 1.000000
vn 0.000000 0.000000 1.000000
vn 0.000000 0.000000 1.000000
vn 0.000000 0.000000 1.000000
vn 0.000000 0.000000 1.000000
vn 0.000000 0.000000 1.000000
vn 0.000000 0.000000 1.000000
vn 0.000000 0.000000 1.000000
vn 0.000000 0.000000 1.000000
vn 0.000000 0.000000 1.000000
vn 0.000000 0.000000 1.000000
vn 0.000000 0.000000 1.000000
vn 0.000000 0.000000 1.000000
vn 0.000000 0.000000 1.000000
vn 0.000000 0.000000 1.000000
vn 0.000000 0.000000 1.000000
vn 0.000000 0.000000 1.000000
vn 0.000000 0.000000 1.000000
vn 0.000000 0.000000 1.000000
vn 0.000000 0.000000 1.000000
vn 0.000000 0.000000 1.000000
vn 0.000000 0.000000 1.000000
vn 0.000000 0.000000 1.000000
vn 0.000000 0.000000 1.000000
vn 0.000000 0.000000 1.000000
vn 0.000000 0.000000 1.000000
vn 0.000000 0.000000 1.000000
vn 0.000000 0.000000 1.000000
vn 0.000000 0.000000 1.000000
vn 0.000000 0.000000 1.000000
vn 0.707107 0.707107 -0.000000
vn 0.707107 0.707107 -0.000000
vn 0.707107 0.707107 -0.000000
vn 0.707107 0.707107 -0.000000
usemtl Poliimmide_(Kapton)
f 2/1/1 128/2/2 1/3/3
f 1/3/3 128/2/2 129/4/4
f 1/3/3 129/4/4 24/5/5
f 24/5/5 129/4/4 23/6/6
f 23/6/6 129/4/4 22/7/7
f 22/7/7 129/4/4 21/8/8
f 21/8/8 129/4/4 20/9/9
f 20/9/9 129/4/4 19/10/10
f 19/10/10 129/4/4 130/11/11
f 19/10/10 130/11/11 18/12/12
f 18/12/12 130/11/11 17/13/13
f 17/13/13 130/11/11 131/14/14
f 17/13/13 131/14/14 16/15/15
f 16/15/15 131/14/14 15/16/16
f 15/16/16 131/14/14 14/17/17
f 14/17/17 131/14/14 13/18/18
f 13/18/18 131/14/14 12/19/19
f 12/19/19 131/14/14 97/20/20
f 12/19/19 97/20/20 11/21/21
f 11/21/21 97/20/20 10/22/22
f 10/22/22 97/20/20 98/23/23
f 10/22/22 98/23/23 9/24/24
f 9/24/24 98/23/23 8/25/25
f 8/25/25 98/23/23 7/26/26
f 7/26/26 98/23/23 6/27/27
f 6/27/27 98/23/23 5/28/28
f 5/28/28 98/23/23 4/29/29
f 4/29/29 98/23/23 70/30/30
f 4/29/29 70/30/30 71/31/31
f 3/32/32 71/31/31 2/1/1
f 2/1/1 71/31/31 123/33/33
f 2/1/1 123/33/33 124/34/34
f 3/32/32 4/29/29 71/31/31
f 48/35/35 25/36/36 116/37/37
f 116/37/37 25/36/36 26/38/38
f 116/37/37 26/38/38 27/39/39
f 27/39/39 28/40/40 116/37/37
f 116/37/37 28/40/40 29/41/41
f 116/37/37 29/41/41 115/42/42
f 115/42/42 29/41/41 30/43/43
f 115/42/42 30/43/43 31/44/44
f 115/42/42 31/44/44 114/45/45
f 114/45/45 31/44/44 32/46/46
f 114/45/45 32/46/46 33/47/47
f 33/47/47 34/48/48 114/45/45
f 114/45/45 34/48/48 35/49/49
f 114/45/45 35/49/49 36/50/50
f 36/50/50 37/51/51 114/45/45
f 114/45/45 37/51/51 113/52/52
f 113/52/52 37/51/51 91/53/53
f 113/52/52 91/53/53 92/54/54
f 37/51/51 38/55/55 91/53/53
f 91/53/53 38/55/55 90/56/56
f 90/56/56 38/55/55 39/57/57
f 90/56/56 39/57/57 89/58/58
f 89/58/58 39/57/57 71/31/31
f 89/58/58 71/31/31 72/59/59
f 40/60/60 119/61/61 39/57/57
f 39/57/57 119/61/61 123/33/33
f 39/57/57 123/33/33 71/31/31
f 119/61/61 40/60/60 118/62/62
f 118/62/62 40/60/60 41/63/63
f 118/62/62 41/63/63 42/64/64
f 42/64/64 43/65/65 118/62/62
f 118/62/62 43/65/65 44/66/66
f 118/62/62 44/66/66 45/67/67
f 45/67/67 46/68/68 118/62/62
f 118/62/62 46/68/68 117/69/69
f 117/69/69 46/68/68 47/70/70
f 117/69/69 47/70/70 48/35/35
f 117/69/69 48/35/35 116/37/37
f 50/71/71 103/72/72 49/73/73
f 49/73/73 103/72/72 104/74/74
f 49/73/73 104/74/74 72/59/59
f 72/59/59 104/74/74 108/75/75
f 72/59/59 108/75/75 89/58/58
f 89/58/58 108/75/75 88/76/76
f 88/76/76 108/75/75 109/77/77
f 88/76/76 109/77/77 87/78/78
f 87/78/78 109/77/77 86/79/79
f 86/79/79 109/77/77 85/80/80
f 85/80/80 109/77/77 84/81/81
f 84/81/81 109/77/77 83/82/82
f 83/82/82 109/77/77 82/83/83
f 82/83/83 109/77/77 110/84/84
f 82/83/83 110/84/84 81/85/85
f 81/85/85 110/84/84 80/86/86
f 80/86/86 110/84/84 111/87/87
f 80/86/86 111/87/87 79/88/88
f 79/88/88 111/87/87 78/89/89
f 78/89/89 111/87/87 77/90/90
f 77/90/90 111/87/87 76/91/91
f 76/91/91 111/87/87 75/92/92
f 75/92/92 111/87/87 112/93/93
f 75/92/92 112/93/93 74/94/94
f 74/94/94 112/93/93 73/95/95
f 73/95/95 112/93/93 113/52/52
f 73/95/95 113/52/52 96/96/96
f 96/96/96 113/52/52 95/97/97
f 95/97/97 113/52/52 94/98/98
f 94/98/98 113/52/52 93/99/99
f 93/99/99 113/52/52 92/54/54
f 50/71/71 51/100/100 103/72/72
f 103/72/72 51/100/100 52/101/101
f 103/72/72 52/101/101 53/102/102
f 53/102/102 54/103/103 103/72/72
f 103/72/72 54/103/103 55/104/104
f 103/72/72 55/104/104 102/105/105
f 102/105/105 55/104/104 56/106/106
f 102/105/105 56/106/106 57/107/107
f 102/105/105 57/107/107 101/108/108
f 101/108/108 57/107/107 58/109/109
f 101/108/108 58/109/109 59/110/110
f 59/110/110 60/111/111 101/108/108
f 101/108/108 60/111/111 61/112/112
f 101/108/108 61/112/112 62/113/113
f 101/108/108 62/113/113 100/114/114
f 100/114/114 62/113/113 63/115/115
f 100/114/114 63/115/115 64/116/116
f 100/114/114 64/116/116 99/117/117
f 99/117/117 64/116/116 65/118/118
f 99/117/117 65/118/118 66/119/119
f 66/119/119 67/120/120 99/117/117
f 99/117/117 67/120/120 68/121/121
f 99/117/117 68/121/121 69/122/122
f 69/122/122 70/30/30 99/117/117
f 99/117/117 70/30/30 98/23/23
f 105/123/123 106/124/124 104/74/74
f 104/74/74 106/124/124 108/75/75
f 106/124/124 107/125/125 108/75/75
f 120/126/126 121/127/127 119/61/61
f 119/61/61 121/127/127 123/33/33
f 121/127/127 122/128/128 123/33/33
f 125/129/129 126/130/130 124/34/34
f 124/34/34 126/130/130 128/2/2
f 124/34/34 128/2/2 2/1/1
f 126/130/130 127/131/131 128/2/2
f 111/132/132 110/133/133 133/134/134
f 133/134/134 110/133/133 132/135/135
f 110/136/136 109/137/137 132/138/138
f 132/138/138 109/137/137 134/139/139
f 109/140/140 108/141/141 134/142/142
f 134/142/142 108/141/141 135/143/143
f 108/144/144 107/145/145 135/146/146
f 135/146/146 107/145/145 136/147/147
f 107/148/148 106/149/149 136/150/150
f 136/150/150 106/149/149 137/151/151
f 106/152/152 105/153/153 137/154/154
f 137/154/154 105/153/153 138/155/155
f 105/156/156 104/157/157 138/158/158
f 138/158/158 104/157/157 139/159/159
f 104/160/160 103/161/161 139/162/162
f 139/162/162 103/161/161 140/163/163
f 103/164/164 102/165/165 140/166/166
f 140/166/166 102/165/165 141/167/167
f 102/168/168 101/169/169 141/170/170
f 141/170/170 101/169/169 142/171/171
f 101/172/172 100/173/173 142/174/174
f 142/174/174 100/173/173 143/175/175
f 100/176/176 99/177/177 143/178/178
f 143/178/178 99/177/177 144/179/179
f 99/180/180 98/181/181 144/182/182
f 144/182/182 98/181/181 145/183/183
f 98/184/184 97/185/185 145/186/186
f 145/186/186 97/185/185 146/187/187
f 97/188/188 131/189/189 146/190/190
f 146/190/190 131/189/189 147/191/191
f 131/192/192 130/193/193 147/194/194
f 147/194/194 130/193/193 148/195/195
f 130/196/196 129/197/197 148/198/198
f 148/198/198 129/197/197 149/199/199
f 129/200/200 128/201/201 149/202/202
f 149/202/202 128/201/201 150/203/203
f 123/204/204 122/205/205 152/206/206
f 152/206/206 122/205/205 151/207/207
f 122/208/208 121/209/209 151/210/210
f 151/210/210 121/209/209 153/211/211
f 121/212/212 120/213/213 153/214/214
f 153/214/214 120/213/213 154/215/215
f 120/216/216 119/217/217 154/218/218
f 154/218/218 119/217/217 155/219/219
f 124/220/220 123/221/221 156/222/222
f 156/222/222 123/221/221 152/223/223
f 128/224/224 127/225/225 150/226/226
f 150/226/226 127/225/225 157/227/227
f 127/228/228 126/229/229 157/230/230
f 157/230/230 126/229/229 158/231/231
f 126/232/232 125/233/233 158/234/234
f 158/234/234 125/233/233 159/235/235
f 125/236/236 124/237/237 159/238/238
f 159/238/238 124/237/237 156/239/239
f 115/240/240 114/241/241 161/242/242
f 161/242/242 114/241/241 160/243/243
f 24/244/244 185/245/245 1/246/246
f 1/246/246 185/245/245 162/247/247
f 1/248/246 162/249/247 2/250/248
f 2/250/248 162/249/247 163/251/249
f 2/250/248 163/251/249 3/252/250
f 3/252/250 163/251/249 164/253/251
f 3/252/250 164/253/251 4/254/252
f 4/254/252 164/253/251 165/255/253
f 4/254/252 165/255/253 5/256/254
f 5/256/254 165/255/253 166/257/255
f 5/256/254 166/257/255 6/258/256
f 6/258/256 166/257/255 167/259/257
f 6/258/256 167/259/257 7/260/258
f 7/260/258 167/259/257 168/261/259
f 7/260/258 168/261/259 8/262/260
f 8/262/260 168/261/259 169/263/261
f 8/262/260 169/263/261 9/264/262
f 9/264/262 169/263/261 170/265/263
f 9/264/262 170/265/263 10/266/264
f 10/266/264 170/265/263 171/267/265
f 10/266/264 171/267/265 11/268/266
f 11/268/266 171/267/265 172/269/267
f 11/268/266 172/269/267 12/270/268
f 12/270/268 172/269/267 173/271/269
f 12/270/268 173/271/269 13/272/270
f 13/272/270 173/271/269 174/273/271
f 13/272/270 174/273/271 14/274/272
f 14/274/272 174/273/271 175/275/273
f 14/274/272 175/275/273 15/276/274
f 15/276/274 175/275/273 176/277/275
f 15/276/274 176/277/275 16/278/276
f 16/278/276 176/277/275 177/279/277
f 16/278/276 177/279/277 17/280/278
f 17/280/278 177/279/277 178/281/279
f 17/280/278 178/281/279 18/282/280
f 18/282/280 178/281/279 179/283/281
f 18/282/280 179/283/281 19/284/282
f 19/284/282 179/283/281 180/285/283
f 19/284/282 180/285/283 20/286/284
f 20/286/284 180/285/283 181/287/285
f 20/286/284 181/287/285 21/288/286
f 21/288/286 181/287/285 182/289/287
f 21/288/286 182/289/287 22/290/288
f 22/290/288 182/289/287 183/291/289
f 22/290/288 183/291/289 23/292/290
f 23/292/290 183/291/289 184/293/291
f 23/292/290 184/293/291 24/244/244
f 24/244/244 184/293/291 185/245/245
f 48/294/292 209/295/293 25/296/294
f 25/296/294 209/295/293 186/297/295
f 25/298/294 186/299/295 26/300/296
f 26/300/296 186/299/295 187/301/297
f 26/300/296 187/301/297 27/302/298
f 27/302/298 187/301/297 188/303/299
f 27/302/298 188/303/299 28/304/300
f 28/304/300 188/303/299 189/305/301
f 28/304/300 189/305/301 29/306/302
f 29/306/302 189/305/301 190/307/303
f 29/306/302 190/307/303 30/308/304
f 30/308/304 190/307/303 191/309/305
f 30/308/304 191/309/305 31/310/306
f 31/310/306 191/309/305 192/311/307
f 31/310/306 192/311/307 32/312/308
f 32/312/308 192/311/307 193/313/309
f 32/312/308 193/313/309 33/314/310
f 33/314/310 193/313/309 194/315/311
f 33/314/310 194/315/311 34/316/312
f 34/316/312 194/315/311 195/317/313
f 34/316/312 195/317/313 35/318/314
f 35/318/314 195/317/313 196/319/315
f 35/318/314 196/319/315 36/320/316
f 36/320/316 196/319/315 197/321/317
f 36/320/316 197/321/317 37/322/318
f 37/322/318 197/321/317 198/323/319
f 37/322/318 198/323/319 38/324/320
f 38/324/320 198/323/319 199/325/321
f 38/324/320 199/325/321 39/326/322
f 39/326/322 199/325/321 200/327/323
f 39/326/322 200/327/323 40/328/324
f 40/328/324 200/327/323 201/329/325
f 40/328/324 201/329/325 41/330/326
f 41/330/326 201/329/325 202/331/327
f 41/330/326 202/331/327 42/332/328
f 42/332/328 202/331/327 203/333/329
f 42/332/328 203/333/329 43/334/330
f 43/334/330 203/333/329 204/335/331
f 43/334/330 204/335/331 44/336/332
f 44/336/332 204/335/331 205/337/333
f 44/336/332 205/337/333 45/338/334
f 45/338/334 205/337/333 206/339/335
f 45/338/334 206/339/335 46/340/336
f 46/340/336 206/339/335 207/341/337
f 46/340/336 207/341/337 47/342/338
f 47/342/338 207/341/337 208/343/339
f 47/342/338 208/343/339 48/294/292
f 48/294/292 208/343/339 209/295/293
f 96/344/340 233/345/341 73/346/342
f 73/346/342 233/345/341 210/347/343
f 73/348/342 210/349/343 74/350/344
f 74/350/344 210/349/343 211/351/345
f 74/350/344 211/351/345 75/352/346
f 75/352/346 211/351/345 212/353/347
f 75/352/346 212/353/347 76/354/348
f 76/354/348 212/353/347 213/355/349
f 76/354/348 213/355/349 77/356/350
f 77/356/350 213/355/349 214/357/351
f 77/356/350 214/357/351 78/358/352
f 78/358/352 214/357/351 215/359/353
f 78/358/352 215/359/353 79/360/354
f 79/360/354 215/359/353 216/361/355
f 79/360/354 216/361/355 80/362/356
f 80/362/356 216/361/355 217/363/357
f 80/362/356 217/363/357 81/364/358
f 81/364/358 217/363/357 218/365/359
f 81/364/358 218/365/359 82/366/360
f 82/366/360 218/365/359 219/367/361
f 82/366/360 219/367/361 83/368/362
f 83/368/362 219/367/361 220/369/363
f 83/368/362 220/369/363 84/370/364
f 84/370/364 220/369/363 221/371/365
f 84/370/364 221/371/365 85/372/366
f 85/372/366 221/371/365 222/373/367
f 85/372/366 222/373/367 86/374/368
f 86/374/368 222/373/367 223/375/369
f 86/374/368 223/375/369 87/376/370
f 87/376/370 223/375/369 224/377/371
f 87/376/370 224/377/371 88/378/372
f 88/378/372 224/377/371 225/379/373
f 88/378/372 225/379/373 89/380/374
f 89/380/374 225/379/373 226/381/375
f 89/380/374 226/381/375 90/382/376
f 90/382/376 226/381/375 227/383/377
f 90/382/376 227/383/377 91/384/378
f 91/384/378 227/383/377 228/385/379
f 91/384/378 228/385/379 92/386/380
f 92/386/380 228/385/379 229/387/381
f 92/386/380 229/387/381 93/388/382
f 93/388/382 229/387/381 230/389/383
f 93/388/382 230/389/383 94/390/384
f 94/390/384 230/389/383 231/391/385
f 94/390/384 231/391/385 95/392/386
f 95/392/386 231/391/385 232/393/387
f 95/392/386 232/393/387 96/344/340
f 96/344/340 232/393/387 233/345/341
f 72/394/388 257/395/389 49/396/390
f 49/396/390 257/395/389 234/397/391
f 49/398/390 234/399/391 50/400/392
f 50/400/392 234/399/391 235/401/393
f 50/400/392 235/401/393 51/402/394
f 51/402/394 235/401/393 236/403/395
f 51/402/394 236/403/395 52/404/396
f 52/404/396 236/403/395 237/405/397
f 52/404/396 237/405/397 53/406/398
f 53/406/398 237/405/397 238/407/399
f 53/406/398 238/407/399 54/408/400
f 54/408/400 238/407/399 239/409/401
f 54/408/400 239/409/401 55/410/402
f 55/410/402 239/409/401 240/411/403
f 55/410/402 240/411/403 56/412/404
f 56/412/404 240/411/403 241/413/405
f 56/412/404 241/413/405 57/414/406
f 57/414/406 241/413/405 242/415/407
f 57/414/406 242/415/407 58/416/408
f 58/416/408 242/415/407 243/417/409
f 58/416/408 243/417/409 59/418/410
f 59/418/410 243/417/409 244/419/411
f 59/418/410 244/419/411 60/420/412
f 60/420/412 244/419/411 245/421/413
f 60/420/412 245/421/413 61/422/414
f 61/422/414 245/421/413 246/423/415
f 61/422/414 246/423/415 62/424/416
f 62/424/416 246/423/415 247/425/417
f 62/424/416 247/425/417 63/426/418
f 63/426/418 247/425/417 248/427/419
f 63/426/418 248/427/419 64/428/420
f 64/428/420 248/427/419 249/429/421
f 64/428/420 249/429/421 65/430/422
f 65/430/422 249/429/421 250/431/423
f 65/430/422 250/431/423 66/432/424
f 66/432/424 250/431/423 251/433/425
f 66/432/424 251/433/425 67/434/426
f 67/434/426 251/433/425 252/435/427
f 67/434/426 252/435/427 68/436/428
f 68/436/428 252/435/427 253/437/429
f 68/436/428 253/437/429 69/438/430
f 69/438/430 253/437/429 254/439/431
f 69/438/430 254/439/431 70/440/432
f 70/440/432 254/439/431 255/441/433
f 70/440/432 255/441/433 71/442/434
f 71/442/434 255/441/433 256/443/435
f 71/442/434 256/443/435 72/394/388
f 72/394/388 256/443/435 257/395/389
f 118/444/436 117/445/437 259/446/438
f 259/446/438 117/445/437 258/447/439
f 117/448/440 116/449/441 258/450/442
f 258/450/442 116/449/441 260/451/443
f 116/452/444 115/453/445 260/454/446
f 260/454/446 115/453/445 161/455/447
f 113/456/448 112/457/449 262/458/450
f 262/458/450 112/457/449 261/459/451
f 112/460/452 111/461/453 261/462/454
f 261/462/454 111/461/453 133/463/455
f 119/464/456 118/465/457 155/466/458
f 155/466/458 118/465/457 259/467/459
f 185/468/460 149/469/461 162/470/462
f 162/470/462 149/469/461 150/471/463
f 162/470/462 150/471/463 163/472/464
f 163/472/464 150/471/463 156/473/465
f 163/472/464 156/473/465 152/474/466
f 185/468/460 184/475/467 149/469/461
f 149/469/461 184/475/467 183/476/468
f 149/469/461 183/476/468 182/477/469
f 182/477/469 181/478/470 149/469/461
f 149/469/461 181/478/470 180/479/471
f 149/469/461 180/479/471 148/480/472
f 148/480/472 180/479/471 179/481/473
f 148/480/472 179/481/473 178/482/474
f 148/480/472 178/482/474 147/483/475
f 147/483/475 178/482/474 177/484/476
f 147/483/475 177/484/476 176/485/477
f 176/485/477 175/486/478 147/483/475
f 147/483/475 175/486/478 174/487/479
f 147/483/475 174/487/479 173/488/480
f 147/483/475 173/488/480 146/489/481
f 146/489/481 173/488/480 172/490/482
f 146/489/481 172/490/482 171/491/483
f 146/489/481 171/491/483 145/492/484
f 145/492/484 171/491/483 170/493/485
f 145/492/484 170/493/485 169/494/486
f 169/494/486 168/495/487 145/492/484
f 145/492/484 168/495/487 167/496/488
f 145/492/484 167/496/488 166/497/489
f 166/497/489 165/498/490 145/492/484
f 145/492/484 165/498/490 255/499/491
f 145/492/484 255/499/491 144/500/492
f 144/500/492 255/499/491 254/501/493
f 144/500/492 254/501/493 253/502/494
f 255/499/491 165/498/490 256/503/495
f 256/503/495 165/498/490 164/504/496
f 256/503/495 164/504/496 163/472/464
f 187/505/497 186/506/498 260/507/499
f 260/507/499 186/506/498 209/508/500
f 260/507/499 209/508/500 258/509/501
f 258/509/501 209/508/500 208/510/502
f 258/509/501 208/510/502 207/511/503
f 258/509/501 207/511/503 259/512/504
f 259/512/504 207/511/503 206/513/505
f 259/512/504 206/513/505 205/514/506
f 205/514/506 204/515/507 259/512/504
f 259/512/504 204/515/507 203/516/508
f 259/512/504 203/516/508 202/517/509
f 202/517/509 201/518/510 259/512/504
f 259/512/504 201/518/510 155/519/511
f 155/519/511 201/518/510 200/520/512
f 155/519/511 200/520/512 152/474/466
f 152/474/466 200/520/512 199/521/513
f 152/474/466 199/521/513 257/522/514
f 257/522/514 199/521/513 139/523/515
f 257/522/514 139/523/515 234/524/516
f 234/524/516 139/523/515 140/525/517
f 234/524/516 140/525/517 235/526/518
f 235/526/518 140/525/517 236/527/519
f 236/527/519 140/525/517 237/528/520
f 237/528/520 140/525/517 238/529/521
f 238/529/521 140/525/517 239/530/522
f 239/530/522 140/525/517 240/531/523
f 240/531/523 140/525/517 141/532/524
f 240/531/523 141/532/524 241/533/525
f 241/533/525 141/532/524 242/534/526
f 242/534/526 141/532/524 142/535/527
f 242/534/526 142/535/527 243/536/528
f 243/536/528 142/535/527 244/537/529
f 244/537/529 142/535/527 245/538/530
f 245/538/530 142/535/527 246/539/531
f 246/539/531 142/535/527 247/540/532
f 247/540/532 142/535/527 143/541/533
f 247/540/532 143/541/533 248/542/534
f 248/542/534 143/541/533 249/543/535
f 249/543/535 143/541/533 144/500/492
f 249/543/535 144/500/492 250/544/536
f 250/544/536 144/500/492 251/545/537
f 251/545/537 144/500/492 252/546/538
f 252/546/538 144/500/492 253/502/494
f 198/547/539 228/548/540 199/521/513
f 199/521/513 228/548/540 227/549/541
f 199/521/513 227/549/541 226/550/542
f 197/551/543 160/552/544 198/547/539
f 198/547/539 160/552/544 262/553/545
f 198/547/539 262/553/545 228/548/540
f 228/548/540 262/553/545 229/554/546
f 229/554/546 262/553/545 230/555/547
f 230/555/547 262/553/545 231/556/548
f 231/556/548 262/553/545 232/557/549
f 232/557/549 262/553/545 233/558/550
f 233/558/550 262/553/545 210/559/551
f 210/559/551 262/553/545 261/560/552
f 210/559/551 261/560/552 211/561/553
f 211/561/553 261/560/552 212/562/554
f 212/562/554 261/560/552 133/563/555
f 212/562/554 133/563/555 213/564/556
f 213/564/556 133/563/555 214/565/557
f 214/565/557 133/563/555 215/566/558
f 215/566/558 133/563/555 216/567/559
f 216/567/559 133/563/555 217/568/560
f 217/568/560 133/563/555 132/569/561
f 217/568/560 132/569/561 218/570/562
f 218/570/562 132/569/561 219/571/563
f 219/571/563 132/569/561 134/572/564
f 219/571/563 134/572/564 220/573/565
f 220/573/565 134/572/564 221/574/566
f 221/574/566 134/572/564 222/575/567
f 222/575/567 134/572/564 223/576/568
f 223/576/568 134/572/564 224/577/569
f 224/577/569 134/572/564 225/578/570
f 225/578/570 134/572/564 135/579/571
f 225/578/570 135/579/571 226/550/542
f 226/550/542 135/579/571 199/521/513
f 197/551/543 196/580/572 160/552/544
f 160/552/544 196/580/572 195/581/573
f 160/552/544 195/581/573 194/582/574
f 194/582/574 193/583/575 160/552/544
f 160/552/544 193/583/575 192/584/576
f 160/552/544 192/584/576 161/585/577
f 161/585/577 192/584/576 191/586/578
f 161/585/577 191/586/578 190/587/579
f 161/585/577 190/587/579 260/507/499
f 260/507/499 190/587/579 189/588/580
f 260/507/499 189/588/580 188/589/581
f 188/589/581 187/505/497 260/507/499
f 152/474/466 257/522/514 163/472/464
f 163/472/464 257/522/514 256/503/495
f 157/590/582 158/591/583 150/471/463
f 150/471/463 158/591/583 156/473/465
f 158/591/583 159/592/584 156/473/465
f 151/593/585 153/594/586 152/474/466
f 152/474/466 153/594/586 155/519/511
f 153/594/586 154/595/587 155/519/511
f 136/596/588 137/597/589 135/579/571
f 135/579/571 137/597/589 139/523/515
f 135/579/571 139/523/515 199/521/513
f 137/597/589 138/598/590 139/523/515
f 114/599/591 113/600/592 160/601/593
f 160/601/593 113/600/592 262/602/594
g Corpo3

v 12.994158 -6.548369 1.200000
v 12.994158 -5.740191 1.400000
v 12.246152 -6.859661 1.400000
v 12.992812 -6.550384 1.200000
v 12.994158 -6.549826 1.200000
v 6.964642 -8.237698 1.400000
v 7.536111 -8.809166 1.200000
v 7.538487 -8.809639 1.200000
v 8.285147 -8.500363 1.400000
v 7.537141 -8.810197 1.200000
v 7.537141 -8.810197 0.220000
v 8.285147 -8.500363 0.220000
v 6.964642 -8.237698 0.220000
v 12.246152 -6.859661 0.220000
v 12.994158 -6.549826 0.220000
v 5.226711 -6.499766 1.250000
v 5.762561 -7.035616 1.400000
v 5.225978 -5.740191 1.400000
v 5.225978 -6.497997 1.250000
v 5.225978 -6.499033 1.250000
v 5.225978 -3.282384 1.250000
v 5.225978 -4.040191 1.400000
v 5.762561 -2.744765 1.400000
v 5.226711 -3.280615 1.250000
v 5.225978 -3.281348 1.250000
v 7.500492 -1.006834 1.250000
v 6.964642 -1.542684 1.400000
v 8.260068 -1.006101 1.400000
v 7.502261 -1.006101 1.250000
v 7.501225 -1.006101 1.250000
v 10.717874 -1.006101 1.250000
v 9.960068 -1.006101 1.400000
v 11.255493 -1.542684 1.400000
v 10.719643 -1.006834 1.250000
v 10.718911 -1.006101 1.250000
v 12.993425 -3.280615 1.250000
v 12.457575 -2.744765 1.400000
v 12.994158 -4.040191 1.400000
v 12.994158 -3.282384 1.250000
v 12.994158 -3.281348 1.250000
v 5.225978 -6.499033 0.220000
v 5.762561 -7.035616 0.220000
v 11.255493 -1.542684 0.220000
v 10.718911 -1.006101 0.220000
v 12.994158 -4.040191 0.220000
v 12.994158 -3.281348 0.220000
v 8.260068 -1.006101 0.220000
v 7.501225 -1.006101 0.220000
v 5.762561 -2.744765 0.220000
v 5.225978 -3.281348 0.220000
v 5.225978 -5.740191 0.220000
v 12.994158 -5.740191 0.220000
v 9.960068 -1.006101 0.220000
v 5.225978 -4.040191 0.220000
v 6.964642 -1.542684 0.220000
v 12.457575 -2.744765 0.220000
v 5.485198 -5.913396 1.500000
v 6.010246 -5.913396 1.500000
v 6.125978 -5.740191 1.400000
v 6.194648 -6.358581 1.500000
v 6.398957 -6.399220 1.400000
v 5.823382 -6.729846 1.500000
v 12.282166 -6.494000 1.500000
v 12.097186 -6.047419 1.500000
v 11.901737 -6.028169 1.400000
v 12.186738 -5.913396 1.500000
v 12.094158 -5.740191 1.400000
v 12.670114 -5.913396 1.500000
v 10.949723 -1.603505 1.500000
v 10.578458 -1.974770 1.500000
v 10.619097 -2.179080 1.400000
v 10.133273 -1.790369 1.500000
v 9.960068 -1.906101 1.400000
v 10.133273 -1.265321 1.500000
v 5.823382 -3.050536 1.500000
v 6.194648 -3.421801 1.500000
v 6.398957 -3.381161 1.400000
v 6.010246 -3.866986 1.500000
v 6.125978 -4.040191 1.400000
v 5.485198 -3.866986 1.500000
v 8.086863 -1.265321 1.500000
v 8.086863 -1.790369 1.500000
v 8.260068 -1.906101 1.400000
v 7.641678 -1.974770 1.500000
v 7.601038 -2.179080 1.400000
v 7.270413 -1.603505 1.500000
v 12.734938 -3.866986 1.500000
v 12.209890 -3.866986 1.500000
v 12.094158 -4.040191 1.400000
v 12.025488 -3.421801 1.500000
v 11.821179 -3.381161 1.400000
v 12.396753 -3.050536 1.500000
v 8.001120 -8.267268 1.500000
v 7.316250 -8.131039 1.500000
v 7.658049 -7.789240 1.500000
v 7.601038 -7.601302 1.400000
v 7.816140 -7.820687 1.500000
v 7.940732 -7.668871 1.400000
v 7.601038 -2.179080 1.350000
v 8.260068 -1.906101 1.350000
v 6.398957 -3.381161 1.350000
v 6.125978 -4.040191 1.350000
v 6.125978 -5.740191 1.350000
v 6.398957 -6.399220 1.350000
v 7.601038 -7.601302 1.350000
v 7.940732 -7.668871 1.350000
v 11.901737 -6.028169 1.350000
v 12.094158 -5.740191 1.350000
v 12.094158 -4.040191 1.350000
v 11.821179 -3.381161 1.350000
v 10.619097 -2.179080 1.350000
v 9.960068 -1.906101 1.350000
v 9.409243 -4.083008 1.350000
v 8.584182 -3.516130 1.350000
v 8.762553 -3.467361 1.350000
v 8.946939 -3.453293 1.350000
v 9.131002 -3.473629 1.350000
v 9.308215 -3.527355 1.350000
v 9.285765 -5.418821 1.350000
v 9.107394 -5.467590 1.350000
v 8.923008 -5.481658 1.350000
v 8.738945 -5.461322 1.350000
v 8.561732 -5.407596 1.350000
v 8.460704 -4.851943 1.350000
v 8.998473 -3.860257 1.350000
v 8.014223 -4.042819 1.350000
v 8.105866 -3.882208 1.350000
v 8.226299 -3.741879 1.350000
v 8.370831 -3.626107 1.350000
v 8.534130 -3.538788 1.350000
v 9.855723 -4.892132 1.350000
v 9.764081 -5.052743 1.350000
v 9.643648 -5.193072 1.350000
v 9.499116 -5.308844 1.350000
v 9.335817 -5.396163 1.350000
v 8.871473 -5.074694 1.350000
v 9.542192 -4.530975 1.350000
v 9.359630 -3.546725 1.350000
v 9.520241 -3.638368 1.350000
v 9.660570 -3.758801 1.350000
v 9.776342 -3.903333 1.350000
v 9.863661 -4.066632 1.350000
v 8.510317 -5.388225 1.350000
v 8.349706 -5.296583 1.350000
v 8.209377 -5.176150 1.350000
v 8.093605 -5.031618 1.350000
v 8.006286 -4.868319 1.350000
v 8.327755 -4.403975 1.350000
v 8.550506 -3.993206 1.350000
v 7.983628 -4.818267 1.350000
v 7.934859 -4.639896 1.350000
v 7.920791 -4.455510 1.350000
v 7.941127 -4.271447 1.350000
v 7.994853 -4.094234 1.350000
v 9.886319 -4.116684 1.350000
v 9.935088 -4.295055 1.350000
v 9.949156 -4.479441 1.350000
v 9.928820 -4.663504 1.350000
v 9.875094 -4.840717 1.350000
v 9.319441 -4.941745 1.350000
v 8.227745 -8.361781 0.220000
v 8.227745 -8.361781 0.420000
v 8.208610 -8.315587 0.420000
v 8.208610 -8.315587 1.200000
v 7.940732 -7.668871 1.300000
v 6.125978 -5.740191 1.300000
v 5.425978 -5.740191 1.200000
v 5.425978 -5.740191 1.150000
v 6.125978 -5.740191 1.150000
v 6.125978 -5.740191 1.100000
v 6.125978 -5.740191 0.420000
v 5.375978 -5.740191 0.420000
v 5.375978 -5.740191 0.220000
v 12.169615 -6.674885 1.200000
v 11.901737 -6.028169 1.300000
v 7.106064 -8.096276 1.200000
v 7.601038 -7.601302 1.300000
v 6.398957 -6.399220 1.300000
v 5.903982 -6.894195 1.200000
v 5.868627 -6.929550 0.220000
v 5.868627 -6.929550 0.420000
v 5.903982 -6.894195 0.420000
v 6.125978 -4.040191 1.300000
v 5.425978 -4.040191 1.200000
v 5.375978 -4.040191 0.220000
v 5.375978 -4.040191 0.420000
v 6.125978 -4.040191 0.420000
v 6.125978 -4.040191 1.100000
v 6.125978 -4.040191 1.150000
v 5.425978 -4.040191 1.150000
v 5.903982 -2.886187 1.200000
v 6.398957 -3.381161 1.300000
v 7.601038 -2.179080 1.300000
v 7.106064 -1.684105 1.200000
v 7.070708 -1.648750 0.220000
v 7.070708 -1.648750 0.420000
v 7.601038 -2.179080 0.420000
v 7.601038 -2.179080 1.100000
v 7.601038 -2.179080 1.150000
v 7.106064 -1.684105 1.150000
v 8.260068 -1.206101 1.200000
v 8.260068 -1.906101 1.300000
v 9.960068 -1.906101 1.300000
v 9.960068 -1.206101 1.200000
v 9.960068 -1.156101 0.220000
v 9.960068 -1.156101 0.420000
v 9.960068 -1.906101 0.420000
v 9.960068 -1.906101 1.100000
v 9.960068 -1.906101 1.150000
v 9.960068 -1.206101 1.150000
v 11.114072 -1.684105 1.200000
v 10.619097 -2.179080 1.300000
v 11.821179 -3.381161 1.300000
v 12.316154 -2.886187 1.200000
v 12.351509 -2.850831 0.220000
v 12.351509 -2.850831 0.420000
v 11.821179 -3.381161 0.420000
v 11.821179 -3.381161 1.100000
v 11.821179 -3.381161 1.150000
v 12.316154 -2.886187 1.150000
v 12.794158 -4.040191 1.200000
v 12.094158 -4.040191 1.300000
v 12.094158 -5.740191 1.300000
v 12.794158 -5.740191 1.200000
v 12.844158 -5.740191 0.220000
v 12.844158 -5.740191 0.420000
v 12.794158 -5.740191 0.420000
v 7.106064 -8.096276 0.420000
v 12.794158 -4.040191 0.420000
v 9.757566 -7.673988 0.420000
v 9.757566 -7.673988 0.800000
v 10.911821 -7.195880 0.800000
v 10.911821 -7.195880 0.420000
v 12.169615 -6.674885 0.420000
v 5.903982 -2.886187 1.150000
v 6.398957 -3.381161 1.150000
v 6.398957 -3.381161 1.100000
v 6.398957 -3.381161 0.420000
v 5.868627 -2.850831 0.420000
v 5.868627 -2.850831 0.220000
v 8.260068 -1.206101 1.150000
v 8.260068 -1.906101 1.150000
v 8.260068 -1.906101 1.100000
v 8.260068 -1.906101 0.420000
v 8.260068 -1.156101 0.420000
v 8.260068 -1.156101 0.220000
v 11.114072 -1.684105 1.150000
v 10.619097 -2.179080 1.150000
v 10.619097 -2.179080 1.100000
v 10.619097 -2.179080 0.420000
v 11.149427 -1.648750 0.420000
v 11.149427 -1.648750 0.220000
v 7.563357 -1.156101 0.420000
v 7.563357 -1.156101 0.220000
v 10.656779 -1.156101 0.420000
v 10.656779 -1.156101 0.220000
v 10.709334 -1.316457 0.420000
v 10.680804 -1.279120 0.420000
v 10.643583 -1.250439 0.420000
v 10.600207 -1.232370 0.420000
v 10.553632 -1.226142 0.420000
v 10.507032 -1.232181 0.420000
v 10.463583 -1.250076 0.420000
v 10.426246 -1.278606 0.420000
v 10.397565 -1.315827 0.420000
v 10.379496 -1.359203 0.420000
v 10.373268 -1.405778 0.420000
v 10.379307 -1.452378 0.420000
v 10.397202 -1.495827 0.420000
v 10.425732 -1.533164 0.420000
v 10.462953 -1.561844 0.420000
v 10.506329 -1.579914 0.420000
v 10.552904 -1.586142 0.420000
v 10.599504 -1.580102 0.420000
v 10.642953 -1.562208 0.420000
v 10.680290 -1.533678 0.420000
v 10.708970 -1.496457 0.420000
v 10.727040 -1.453081 0.420000
v 10.733268 -1.406506 0.420000
v 10.727228 -1.359906 0.420000
v 12.188749 -6.721079 0.420000
v 12.844158 -6.449600 0.420000
v 12.844158 -6.449600 0.220000
v 12.188749 -6.721079 0.220000
v 5.375978 -3.343480 0.420000
v 5.375978 -3.343480 0.220000
v 5.536334 -3.290925 0.420000
v 5.498997 -3.319455 0.420000
v 5.470317 -3.356676 0.420000
v 5.452247 -3.400052 0.420000
v 5.446019 -3.446627 0.420000
v 5.452059 -3.493227 0.420000
v 5.469953 -3.536676 0.420000
v 5.498483 -3.574013 0.420000
v 5.535704 -3.602693 0.420000
v 5.579080 -3.620763 0.420000
v 5.625655 -3.626990 0.420000
v 5.672255 -3.620951 0.420000
v 5.715704 -3.603057 0.420000
v 5.753041 -3.574527 0.420000
v 5.781721 -3.537306 0.420000
v 5.799791 -3.493929 0.420000
v 5.806019 -3.447354 0.420000
v 5.799979 -3.400755 0.420000
v 5.782085 -3.357306 0.420000
v 5.753555 -3.319969 0.420000
v 5.716334 -3.291288 0.420000
v 5.672958 -3.273219 0.420000
v 5.626383 -3.266991 0.420000
v 5.579783 -3.273030 0.420000
v 7.070708 -8.131632 0.420000
v 7.572336 -8.633260 0.420000
v 7.572336 -8.633260 0.220000
v 7.070708 -8.131632 0.220000
v 12.844158 -3.343480 0.420000
v 12.844158 -3.343480 0.220000
v 12.844158 -4.040191 0.420000
v 12.844158 -4.040191 0.220000
v 10.643943 -6.549164 0.420000
v 11.901737 -6.028169 0.420000
v 12.094158 -5.740191 0.420000
v 12.094158 -4.040191 0.420000
v 12.767889 -3.493929 0.420000
v 12.774116 -3.447354 0.420000
v 12.768077 -3.400755 0.420000
v 12.750183 -3.357306 0.420000
v 12.721653 -3.319969 0.420000
v 12.684432 -3.291288 0.420000
v 12.641055 -3.273219 0.420000
v 12.594480 -3.266991 0.420000
v 12.547881 -3.273030 0.420000
v 12.504432 -3.290925 0.420000
v 12.467095 -3.319455 0.420000
v 12.438414 -3.356676 0.420000
v 12.420345 -3.400052 0.420000
v 12.414117 -3.446627 0.420000
v 12.420156 -3.493227 0.420000
v 12.438051 -3.536676 0.420000
v 12.466581 -3.574013 0.420000
v 12.503802 -3.602693 0.420000
v 12.547178 -3.620763 0.420000
v 12.593753 -3.626990 0.420000
v 12.640353 -3.620951 0.420000
v 12.683802 -3.603057 0.420000
v 12.721139 -3.574527 0.420000
v 12.749819 -3.537306 0.420000
v 5.375978 -6.436901 0.420000
v 5.375978 -6.436901 0.220000
v 6.398957 -6.399220 0.420000
v 7.601038 -7.601302 0.420000
v 7.940732 -7.668871 0.420000
v 9.489688 -7.027273 0.420000
v 5.452247 -6.286452 0.420000
v 5.446019 -6.333027 0.420000
v 5.452059 -6.379627 0.420000
v 5.469953 -6.423076 0.420000
v 5.498483 -6.460413 0.420000
v 5.535704 -6.489093 0.420000
v 5.579080 -6.507163 0.420000
v 5.625655 -6.513390 0.420000
v 5.672255 -6.507351 0.420000
v 5.715704 -6.489457 0.420000
v 5.753041 -6.460927 0.420000
v 5.781721 -6.423706 0.420000
v 5.799791 -6.380329 0.420000
v 5.806019 -6.333754 0.420000
v 5.799979 -6.287155 0.420000
v 5.782085 -6.243706 0.420000
v 5.753555 -6.206369 0.420000
v 5.716334 -6.177688 0.420000
v 5.672958 -6.159619 0.420000
v 5.626383 -6.153391 0.420000
v 5.579783 -6.159430 0.420000
v 5.536334 -6.177325 0.420000
v 5.498997 -6.205855 0.420000
v 5.470317 -6.243076 0.420000
v 12.774117 -3.446991 1.000000
v 12.767983 -3.400403 1.000000
v 12.750001 -3.356991 1.000000
v 12.721396 -3.319712 1.000000
v 12.684117 -3.291106 1.000000
v 12.640704 -3.273124 1.000000
v 12.594117 -3.266991 1.000000
v 12.547529 -3.273124 1.000000
v 12.504117 -3.291106 1.000000
v 12.466838 -3.319712 1.000000
v 12.438232 -3.356991 1.000000
v 12.420250 -3.400403 1.000000
v 12.414117 -3.446991 1.000000
v 12.420250 -3.493578 1.000000
v 12.438232 -3.536991 1.000000
v 12.466838 -3.574270 1.000000
v 12.504117 -3.602875 1.000000
v 12.547529 -3.620857 1.000000
v 12.594117 -3.626991 1.000000
v 12.640704 -3.620857 1.000000
v 12.684117 -3.602875 1.000000
v 12.721396 -3.574270 1.000000
v 12.750001 -3.536991 1.000000
v 12.767983 -3.493578 1.000000
v 5.806019 -3.446991 1.000000
v 5.799886 -3.400403 1.000000
v 5.781904 -3.356991 1.000000
v 5.753298 -3.319712 1.000000
v 5.716019 -3.291106 1.000000
v 5.672606 -3.273124 1.000000
v 5.626019 -3.266991 1.000000
v 5.579432 -3.273124 1.000000
v 5.536019 -3.291106 1.000000
v 5.498740 -3.319712 1.000000
v 5.470134 -3.356991 1.000000
v 5.452152 -3.400403 1.000000
v 5.446019 -3.446991 1.000000
v 5.452152 -3.493578 1.000000
v 5.470134 -3.536991 1.000000
v 5.498740 -3.574270 1.000000
v 5.536019 -3.602875 1.000000
v 5.579432 -3.620857 1.000000
v 5.626019 -3.626991 1.000000
v 5.672606 -3.620857 1.000000
v 5.716019 -3.602875 1.000000
v 5.753298 -3.574270 1.000000
v 5.781904 -3.536991 1.000000
v 5.799886 -3.493578 1.000000
v 10.733268 -1.406142 1.000000
v 10.727135 -1.359554 1.000000
v 10.709152 -1.316142 1.000000
v 10.680547 -1.278863 1.000000
v 10.643268 -1.250257 1.000000
v 10.599855 -1.232275 1.000000
v 10.553268 -1.226142 1.000000
v 10.506680 -1.232275 1.000000
v 10.463268 -1.250257 1.000000
v 10.425989 -1.278863 1.000000
v 10.397383 -1.316142 1.000000
v 10.379401 -1.359554 1.000000
v 10.373268 -1.406142 1.000000
v 10.379401 -1.452729 1.000000
v 10.397383 -1.496142 1.000000
v 10.425989 -1.533421 1.000000
v 10.463268 -1.562026 1.000000
v 10.506680 -1.580009 1.000000
v 10.553268 -1.586142 1.000000
v 10.599855 -1.580009 1.000000
v 10.643268 -1.562026 1.000000
v 10.680547 -1.533421 1.000000
v 10.709152 -1.496142 1.000000
v 10.727135 -1.452729 1.000000
v 5.806019 -6.333391 1.000000
v 5.799886 -6.286803 1.000000
v 5.781904 -6.243391 1.000000
v 5.753298 -6.206112 1.000000
v 5.716019 -6.177506 1.000000
v 5.672606 -6.159524 1.000000
v 5.626019 -6.153391 1.000000
v 5.579432 -6.159524 1.000000
v 5.536019 -6.177506 1.000000
v 5.498740 -6.206112 1.000000
v 5.470134 -6.243391 1.000000
v 5.452152 -6.286803 1.000000
v 5.446019 -6.333391 1.000000
v 5.452152 -6.379978 1.000000
v 5.470134 -6.423391 1.000000
v 5.498740 -6.460670 1.000000
v 5.536019 -6.489275 1.000000
v 5.579432 -6.507257 1.000000
v 5.626019 -6.513391 1.000000
v 5.672606 -6.507257 1.000000
v 5.716019 -6.489275 1.000000
v 5.753298 -6.460670 1.000000
v 5.781904 -6.423391 1.000000
v 5.799886 -6.379978 1.000000
v 9.489688 -7.027273 0.800000
v 10.643943 -6.549164 0.800000
v 7.940732 -7.668871 1.100000
v 11.901737 -6.028169 1.100000
v 6.398957 -6.399220 1.100000
v 7.601038 -7.601302 1.100000
v 12.094158 -5.740191 1.100000
v 12.094158 -4.040191 1.100000
v 9.319441 -4.941745 1.300000
v 9.886319 -4.116684 1.300000
v 9.935474 -4.297298 1.300000
v 9.949111 -4.481858 1.300000
v 9.928546 -4.664839 1.300000
v 9.875094 -4.840717 1.300000
v 7.994853 -4.094234 1.300000
v 8.550506 -3.993206 1.300000
v 7.983628 -4.818267 1.300000
v 7.934473 -4.637653 1.300000
v 7.920836 -4.453093 1.300000
v 7.941401 -4.270112 1.300000
v 8.327755 -4.403975 1.300000
v 8.510317 -5.388225 1.300000
v 8.347847 -5.295270 1.300000
v 8.207700 -5.174409 1.300000
v 8.092854 -5.030480 1.300000
v 8.006286 -4.868319 1.300000
v 9.863661 -4.066632 1.300000
v 9.542192 -4.530975 1.300000
v 9.359630 -3.546725 1.300000
v 9.522100 -3.639681 1.300000
v 9.662247 -3.760542 1.300000
v 9.777093 -3.904471 1.300000
v 8.871473 -5.074694 1.300000
v 9.855723 -4.892132 1.300000
v 9.762768 -5.054602 1.300000
v 9.641907 -5.194749 1.300000
v 9.497978 -5.309595 1.300000
v 9.335817 -5.396163 1.300000
v 8.534130 -3.538788 1.300000
v 8.998473 -3.860257 1.300000
v 8.014223 -4.042819 1.300000
v 8.107179 -3.880349 1.300000
v 8.228040 -3.740202 1.300000
v 8.371969 -3.625356 1.300000
v 8.460704 -4.851943 1.300000
v 9.285765 -5.418821 1.300000
v 9.105151 -5.467976 1.300000
v 8.920591 -5.481613 1.300000
v 8.737610 -5.461048 1.300000
v 8.561732 -5.407596 1.300000
v 9.308215 -3.527355 1.300000
v 9.409243 -4.083008 1.300000
v 8.584182 -3.516130 1.300000
v 8.764796 -3.466975 1.300000
v 8.949356 -3.453338 1.300000
v 9.132337 -3.473903 1.300000
vt 0.035047 -0.414311 0.000000
vt -0.034415 0.415345 0.000000
vt 0.033784 -0.416379 0.000000
vt -0.735858 -0.733874 0.000000
vt -0.374003 0.248444 0.000000
vt -0.372657 0.250458 0.000000
vt -0.374003 0.249901 0.000000
vt -0.949135 0.458201 0.000000
vt -0.397127 -0.165048 0.000000
vt 0.366412 0.171736 0.000000
vt -0.394759 -0.165564 0.000000
vt 0.086407 0.285692 0.000000
vt 0.088784 0.285219 0.000000
vt 0.087753 0.286249 0.000000
vt 0.809636 0.100000 0.000000
vt 0.809636 1.080000 0.000000
vt 0.808179 0.100000 0.000000
vt -0.000000 1.080000 0.000000
vt 0.000000 -0.100000 0.000000
vt 0.000000 0.100000 0.000000
vt 0.001457 0.100000 0.000000
vt 0.000000 1.080000 0.000000
vt 0.809636 1.080000 0.000000
vt 0.809636 -0.100000 0.000000
vt 0.000000 0.100000 0.000000
vt 0.001457 0.100000 0.000000
vt 0.000000 1.080000 0.000000
vt 0.809636 1.080000 0.000000
vt 0.809636 -0.100000 0.000000
vt 0.274244 -0.272614 0.000000
vt -0.209900 1.043309 0.000000
vt -0.273914 0.271715 0.000000
vt -0.274575 0.273512 0.000000
vt -0.267559 -0.111863 0.000000
vt -0.268291 -0.110094 0.000000
vt -0.268291 -0.111130 0.000000
vt -0.032503 0.384449 0.000000
vt 0.032172 -0.385348 0.000000
vt -0.031842 0.386246 0.000000
vt 0.516316 0.930575 0.000000
vt -0.268291 0.110094 0.000000
vt -0.267559 0.111863 0.000000
vt -0.268291 0.111130 0.000000
vt -0.248697 -0.296105 0.000000
vt 1.022074 0.296509 0.000000
vt 0.247829 0.295700 0.000000
vt 0.249564 0.296509 0.000000
vt -0.111863 0.267559 0.000000
vt -0.110094 0.268291 0.000000
vt -0.111130 0.268291 0.000000
vt 0.385821 0.000202 0.000000
vt -0.386688 0.000202 0.000000
vt 0.387556 -0.000607 0.000000
vt 0.884082 -0.592412 0.000000
vt 0.110094 0.268291 0.000000
vt 0.111863 0.267559 0.000000
vt 0.111130 0.268291 0.000000
vt -0.274244 0.272614 0.000000
vt 0.209900 -1.043309 0.000000
vt 0.273914 -0.271715 0.000000
vt 0.274575 -0.273512 0.000000
vt 0.267559 0.111863 0.000000
vt 0.268291 0.110094 0.000000
vt 0.268291 0.111130 0.000000
vt 0.758843 0.050000 0.000000
vt 0.758843 1.080000 0.000000
vt 0.757807 0.050000 0.000000
vt 0.000000 1.080000 0.000000
vt 0.000000 -0.100000 0.000000
vt 0.000000 0.050000 0.000000
vt 0.001036 0.050000 0.000000
vt 0.000000 1.080000 0.000000
vt 0.758843 1.080000 0.000000
vt 0.758843 -0.100000 0.000000
vt 0.000000 0.050000 0.000000
vt 0.001036 0.050000 0.000000
vt 0.000000 1.080000 0.000000
vt 0.758843 1.080000 0.000000
vt 0.758843 -0.100000 0.000000
vt 0.000000 0.050000 0.000000
vt 0.001036 0.050000 0.000000
vt 0.000000 1.080000 0.000000
vt 0.758843 1.080000 0.000000
vt 0.758843 -0.100000 0.000000
vt 0.000000 0.050000 0.000000
vt 0.001036 0.050000 0.000000
vt 0.000000 1.080000 0.000000
vt 0.758843 1.080000 0.000000
vt 0.758843 -0.100000 0.000000
vt 0.000000 0.050000 0.000000
vt 0.001036 0.050000 0.000000
vt 0.000000 1.080000 0.000000
vt 0.758843 1.080000 0.000000
vt 0.758843 -0.100000 0.000000
vt 0.809636 0.100000 0.000000
vt 0.809636 1.080000 0.000000
vt 0.808179 0.100000 0.000000
vt 0.000000 1.080000 0.000000
vt 0.000000 -0.100000 0.000000
vt 0.758843 0.050000 0.000000
vt 0.758843 1.080000 0.000000
vt 0.757807 0.050000 0.000000
vt 0.000000 1.080000 0.000000
vt 0.000000 -0.100000 0.000000
vt 0.758843 0.050000 0.000000
vt 0.758843 1.080000 0.000000
vt 0.757807 0.050000 0.000000
vt 0.000000 1.080000 0.000000
vt 0.000000 -0.100000 0.000000
vt 0.758843 0.050000 0.000000
vt 0.758843 1.080000 0.000000
vt 0.757807 0.050000 0.000000
vt 0.000000 1.080000 0.000000
vt 0.000000 -0.100000 0.000000
vt 0.758843 0.050000 0.000000
vt 0.758843 1.080000 0.000000
vt 0.757807 0.050000 0.000000
vt 0.000000 1.080000 0.000000
vt 0.000000 -0.100000 0.000000
vt -0.784268 0.200000 0.000000
vt -0.900000 0.000000 0.000000
vt -0.259220 0.200000 0.000000
vt 0.000000 0.000000 0.000000
vt -0.115732 0.200000 0.000000
vt -0.597596 0.200000 0.000000
vt 0.000000 0.000000 0.000000
vt -0.713328 0.000000 0.000000
vt -0.115732 0.200000 0.000000
vt -0.640780 0.200000 0.000000
vt 0.000000 0.000000 0.000000
vt -0.900000 -0.000000 0.000000
vt -0.259220 0.200000 0.000000
vt -1.142939 0.200000 0.000000
vt 0.000000 0.000000 0.000000
vt -1.402159 0.000000 0.000000
vt -0.327270 0.474508 0.000000
vt 0.010915 -0.341942 0.000000
vt 0.197779 0.474508 0.000000
vt 0.382180 0.029323 0.000000
vt -0.807420 0.200000 0.000000
vt -0.900000 0.000000 0.000000
vt -0.324044 0.200000 0.000000
vt 0.000000 0.000000 0.000000
vt -0.092580 0.200000 0.000000
vt -0.253769 0.200000 0.000000
vt -0.000000 0.000000 0.000000
vt -0.346349 0.000000 0.000000
vt -0.092580 0.200000 0.000000
vt -0.575956 0.200000 0.000000
vt 0.000000 0.000000 0.000000
vt -0.900000 0.000000 0.000000
vt -0.324044 0.200000 0.000000
vt -1.022331 0.200000 0.000000
vt 0.000000 0.000000 0.000000
vt -1.346375 -0.000000 0.000000
vt -0.350761 0.252507 0.000000
vt -0.165781 -0.194075 0.000000
vt -0.261209 0.386530 0.000000
vt 0.222167 0.386530 0.000000
vt -0.784268 0.200000 0.000000
vt -0.900000 0.000000 0.000000
vt -0.259220 0.200000 0.000000
vt 0.000000 0.000000 0.000000
vt -0.115732 0.200000 0.000000
vt -0.597596 0.200000 0.000000
vt 0.000000 0.000000 0.000000
vt -0.713328 0.000000 0.000000
vt -0.115732 0.200000 0.000000
vt -0.640780 0.200000 0.000000
vt 0.000000 0.000000 0.000000
vt -0.900000 0.000000 0.000000
vt -0.259220 0.200000 0.000000
vt -1.142939 0.200000 0.000000
vt 0.000000 0.000000 0.000000
vt -1.402159 0.000000 0.000000
vt -0.029323 -0.382180 0.000000
vt 0.341942 -0.010915 0.000000
vt -0.474508 -0.197779 0.000000
vt -0.474508 0.327270 0.000000
vt -0.784268 0.200000 0.000000
vt -0.900000 -0.000000 0.000000
vt -0.259220 0.200000 0.000000
vt 0.000000 0.000000 0.000000
vt -0.115732 0.200000 0.000000
vt -0.597596 0.200000 0.000000
vt 0.000000 0.000000 0.000000
vt -0.713328 0.000000 0.000000
vt -0.115732 0.200000 0.000000
vt -0.640780 0.200000 0.000000
vt 0.000000 0.000000 0.000000
vt -0.900000 -0.000000 0.000000
vt -0.259220 0.200000 0.000000
vt -1.142939 0.200000 0.000000
vt 0.000000 0.000000 0.000000
vt -1.402159 -0.000000 0.000000
vt 0.382180 -0.029323 0.000000
vt 0.010915 0.341942 0.000000
vt 0.197779 -0.474508 0.000000
vt -0.327270 -0.474508 0.000000
vt -0.784268 0.200000 0.000000
vt -0.900000 0.000000 0.000000
vt -0.259220 0.200000 0.000000
vt 0.000000 0.000000 0.000000
vt -0.115732 0.200000 0.000000
vt -0.597596 0.200000 0.000000
vt 0.000000 0.000000 0.000000
vt -0.713328 0.000000 0.000000
vt -0.115732 0.200000 0.000000
vt -0.640780 0.200000 0.000000
vt 0.000000 0.000000 0.000000
vt -0.900000 -0.000000 0.000000
vt -0.259220 0.200000 0.000000
vt -1.142939 0.200000 0.000000
vt 0.000000 0.000000 0.000000
vt -1.402159 0.000000 0.000000
vt 0.474508 0.327270 0.000000
vt -0.341942 -0.010915 0.000000
vt 0.474508 -0.197779 0.000000
vt 0.029323 -0.382180 0.000000
vt -0.784268 0.200000 0.000000
vt -0.900000 0.000000 0.000000
vt -0.259220 0.200000 0.000000
vt 0.000000 0.000000 0.000000
vt -0.115732 0.200000 0.000000
vt -0.597596 0.200000 0.000000
vt 0.000000 0.000000 0.000000
vt -0.713328 0.000000 0.000000
vt -0.115732 0.200000 0.000000
vt -0.640780 0.200000 0.000000
vt 0.000000 0.000000 0.000000
vt -0.900000 -0.000000 0.000000
vt -0.259220 0.200000 0.000000
vt -1.142939 0.200000 0.000000
vt 0.000000 0.000000 0.000000
vt -1.402159 0.000000 0.000000
vt 0.327270 -0.474508 0.000000
vt -0.010915 0.341942 0.000000
vt -0.197779 -0.474508 0.000000
vt -0.382180 -0.029323 0.000000
vt -0.324044 0.200000 0.000000
vt -1.022331 0.200000 0.000000
vt 0.000000 0.000000 0.000000
vt -1.346375 -0.000000 0.000000
vt -0.807420 0.200000 0.000000
vt -0.900000 0.000000 0.000000
vt -0.324044 0.200000 0.000000
vt 0.000000 0.000000 0.000000
vt -0.092580 0.200000 0.000000
vt -0.253769 0.200000 0.000000
vt 0.000000 0.000000 0.000000
vt -0.346349 0.000000 0.000000
vt -0.092580 0.200000 0.000000
vt -0.575956 0.200000 0.000000
vt 0.000000 0.000000 0.000000
vt -0.900000 -0.000000 0.000000
vt 0.376226 -0.216436 0.000000
vt 0.191246 0.230146 0.000000
vt -0.308644 -0.080207 0.000000
vt 0.033154 0.261592 0.000000
vt 0.000000 0.050000 0.000000
vt 0.713328 0.050000 0.000000
vt 0.000000 0.100000 0.000000
vt 0.713328 0.100000 0.000000
vt -1.509029 2.608406 0.000000
vt -0.525886 1.271356 0.000000
vt -0.850000 2.881385 0.000000
vt -0.347515 1.320125 0.000000
vt -0.163129 1.334193 0.000000
vt -2.711111 1.406325 0.000000
vt -0.883769 1.045607 0.000000
vt -0.739237 1.161379 0.000000
vt -0.575938 1.248698 0.000000
vt -2.984090 0.747295 0.000000
vt -1.168941 0.516039 0.000000
vt -1.115215 0.693252 0.000000
vt -1.095844 0.744667 0.000000
vt -0.559562 0.794280 0.000000
vt -0.111594 0.927229 0.000000
vt 0.299175 0.704478 0.000000
vt -2.984090 -0.952705 0.000000
vt -1.175209 0.147590 0.000000
vt -1.189277 0.331975 0.000000
vt -2.711111 -1.611734 0.000000
vt -1.016463 -0.244132 0.000000
vt -1.103782 -0.080833 0.000000
vt -1.126440 -0.030781 0.000000
vt -0.782313 0.383510 0.000000
vt -1.509029 -2.813816 0.000000
vt -0.760362 -0.509097 0.000000
vt -0.900690 -0.388665 0.000000
vt -0.599751 -0.600740 0.000000
vt -1.169336 -2.881385 0.000000
vt -0.548336 -0.620110 0.000000
vt -0.371123 -0.673836 0.000000
vt -0.187059 -0.694172 0.000000
vt -0.002674 -0.680104 0.000000
vt 0.175697 -0.631335 0.000000
vt 2.791669 -1.240683 0.000000
vt 0.225749 -0.608677 0.000000
vt 0.389048 -0.521358 0.000000
vt 0.533581 -0.405586 0.000000
vt 0.654013 -0.265257 0.000000
vt 0.745656 -0.104646 0.000000
vt 0.765026 -0.053231 0.000000
vt 0.209373 -0.154259 0.000000
vt 2.984090 -0.952705 0.000000
vt 0.818752 0.123982 0.000000
vt 2.984090 0.747295 0.000000
vt 0.839088 0.308045 0.000000
vt 0.825020 0.492431 0.000000
vt 2.711111 1.406325 0.000000
vt 0.776251 0.670802 0.000000
vt 0.753593 0.720854 0.000000
vt 0.432124 0.256510 0.000000
vt 0.666274 0.884153 0.000000
vt 1.509029 2.608406 0.000000
vt 0.550502 1.028685 0.000000
vt 0.410173 1.149118 0.000000
vt 0.850000 2.881385 0.000000
vt 0.249562 1.240760 0.000000
vt 0.198147 1.260131 0.000000
vt 0.020934 1.313857 0.000000
vt -0.649364 -0.064457 0.000000
vt -0.238594 -0.287208 0.000000
vt -1.004202 0.905278 0.000000
vt -0.000000 0.050000 0.000000
vt 0.346349 0.050000 0.000000
vt -0.000000 0.100000 0.000000
vt 0.346349 0.100000 0.000000
vt 0.000000 0.050000 0.000000
vt 0.713328 0.050000 0.000000
vt 0.000000 0.100000 0.000000
vt 0.713328 0.100000 0.000000
vt 0.000000 0.050000 0.000000
vt 0.713328 0.050000 0.000000
vt 0.000000 0.100000 0.000000
vt 0.713328 0.100000 0.000000
vt 0.000000 0.050000 0.000000
vt 0.346349 0.050000 0.000000
vt 0.000000 0.100000 0.000000
vt 0.346349 0.100000 0.000000
vt 0.200000 1.080000 0.000000
vt 0.050000 0.880000 0.000000
vt 0.200000 -0.100000 0.000000
vt 0.000000 0.100000 0.000000
vt -0.700000 -0.100000 0.000000
vt -0.700000 -0.050000 0.000000
vt -0.700000 0.000000 0.000000
vt 0.050000 1.080000 0.000000
vt 0.000000 0.880000 0.000000
vt 0.000000 0.050000 0.000000
vt 0.713328 0.050000 0.000000
vt 0.000000 0.100000 0.000000
vt 0.713328 0.100000 0.000000
vt 0.000000 0.050000 0.000000
vt 0.713328 0.050000 0.000000
vt 0.000000 0.100000 0.000000
vt 0.713328 0.100000 0.000000
vt 0.900000 0.000000 0.000000
vt 0.200000 0.100000 0.000000
vt 0.900000 -0.050000 0.000000
vt 0.900000 -0.100000 0.000000
vt 0.000000 -0.100000 0.000000
vt 0.200000 0.150000 0.000000
vt 0.150000 0.880000 0.000000
vt 0.900000 0.200000 0.000000
vt 0.900000 0.880000 0.000000
vt 0.900000 0.150000 0.000000
vt 0.150000 1.080000 0.000000
vt 0.000000 1.080000 0.000000
vt 2.829855 1.567320 0.000000
vt -1.125244 -0.087568 0.000000
vt 3.102793 0.915012 0.000000
vt -0.852306 -0.739876 0.000000
vt -0.000000 0.050000 0.000000
vt -4.287361 0.050000 0.000000
vt -0.000000 0.000000 0.000000
vt -4.287361 0.000000 0.000000
vt 1.148256 -0.657369 0.000000
vt -0.047739 0.550769 0.000000
vt 0.645737 -1.154837 0.000000
vt -0.550258 0.053300 0.000000
vt 0.200000 1.080000 0.000000
vt 0.050000 0.880000 0.000000
vt 0.200000 -0.100000 0.000000
vt -0.000000 0.100000 0.000000
vt -0.700000 -0.100000 0.000000
vt -0.700000 -0.050000 0.000000
vt -0.700000 0.000000 0.000000
vt 0.050000 1.080000 0.000000
vt -0.000000 0.880000 0.000000
vt -0.000000 0.050000 0.000000
vt -1.700000 0.050000 0.000000
vt -0.000000 0.000000 0.000000
vt -1.700000 0.000000 0.000000
vt -0.353553 -1.275000 0.000000
vt 0.353553 -1.275000 0.000000
vt -0.353553 0.425000 0.000000
vt 0.353553 0.425000 0.000000
vt 0.200000 1.080000 0.000000
vt 0.050000 0.880000 0.000000
vt 0.200000 -0.100000 0.000000
vt 0.000000 0.150000 0.000000
vt 0.000000 0.100000 0.000000
vt 0.050000 1.080000 0.000000
vt -0.700000 0.880000 0.000000
vt -0.700000 0.200000 0.000000
vt -0.700000 0.150000 0.000000
vt -0.700000 0.000000 0.000000
vt -0.700000 -0.050000 0.000000
vt -0.700000 -0.100000 0.000000
vt 0.000000 0.050000 0.000000
vt -1.700000 0.050000 0.000000
vt -0.000000 0.000000 0.000000
vt -1.700000 0.000000 0.000000
vt -1.148256 -0.657369 0.000000
vt -0.645737 -1.154837 0.000000
vt 0.047739 0.550769 0.000000
vt 0.550258 0.053300 0.000000
vt 0.200000 1.080000 0.000000
vt 0.050000 0.880000 0.000000
vt 0.200000 -0.100000 0.000000
vt 0.000000 0.150000 0.000000
vt 0.000000 0.100000 0.000000
vt 0.050000 1.080000 0.000000
vt -0.700000 0.880000 0.000000
vt -0.700000 0.200000 0.000000
vt -0.700000 0.150000 0.000000
vt -0.700000 0.000000 0.000000
vt -0.700000 -0.050000 0.000000
vt -0.700000 -0.100000 0.000000
vt 0.000000 0.050000 0.000000
vt -1.700000 0.050000 0.000000
vt -0.000000 0.000000 0.000000
vt -1.700000 0.000000 0.000000
vt -1.275000 -0.353553 0.000000
vt 0.425000 -0.353553 0.000000
vt -1.275000 0.353553 0.000000
vt 0.425000 0.353553 0.000000
vt 0.200000 1.080000 0.000000
vt 0.050000 0.880000 0.000000
vt 0.200000 -0.100000 0.000000
vt 0.000000 0.150000 0.000000
vt 0.000000 0.100000 0.000000
vt 0.050000 1.080000 0.000000
vt -0.700000 0.880000 0.000000
vt -0.700000 0.200000 0.000000
vt -0.700000 0.150000 0.000000
vt -0.700000 0.000000 0.000000
vt -0.700000 -0.050000 0.000000
vt -0.700000 -0.100000 0.000000
vt -0.000000 0.050000 0.000000
vt -1.700000 0.050000 0.000000
vt -0.000000 0.000000 0.000000
vt -1.700000 0.000000 0.000000
vt -1.148256 0.657369 0.000000
vt 0.047739 -0.550769 0.000000
vt -0.645737 1.154837 0.000000
vt 0.550258 -0.053300 0.000000
vt 0.200000 1.080000 0.000000
vt 0.050000 0.880000 0.000000
vt 0.200000 -0.100000 0.000000
vt 0.000000 0.150000 0.000000
vt 0.000000 0.100000 0.000000
vt 0.050000 1.080000 0.000000
vt -0.700000 0.880000 0.000000
vt -0.700000 0.200000 0.000000
vt -0.700000 0.150000 0.000000
vt -0.700000 -0.000000 0.000000
vt -0.700000 -0.050000 0.000000
vt -0.700000 -0.100000 0.000000
vt -0.000000 0.050000 0.000000
vt -1.700000 0.050000 0.000000
vt -0.000000 0.000000 0.000000
vt -1.700000 0.000000 0.000000
vt 0.353553 1.275000 0.000000
vt -0.353553 1.275000 0.000000
vt 0.353553 -0.425000 0.000000
vt -0.353553 -0.425000 0.000000
vt 0.200000 1.080000 0.000000
vt 0.050000 0.880000 0.000000
vt 0.200000 -0.100000 0.000000
vt 0.000000 0.100000 0.000000
vt -0.700000 -0.100000 0.000000
vt -0.700000 -0.050000 0.000000
vt -0.700000 0.000000 0.000000
vt 0.050000 1.080000 0.000000
vt 0.000000 0.880000 0.000000
vt -0.000000 0.050000 0.000000
vt -1.700000 0.050000 0.000000
vt -0.000000 0.000000 0.000000
vt -1.700000 0.000000 0.000000
vt 0.000000 0.100000 0.000000
vt 1.700000 0.100000 0.000000
vt 0.000000 0.880000 0.000000
vt 1.700000 0.880000 0.000000
vt 0.000000 0.100000 0.000000
vt 1.700000 0.100000 0.000000
vt 0.000000 0.880000 0.000000
vt 1.700000 0.880000 0.000000
vt 4.287361 0.100000 0.000000
vt 2.610783 0.500000 0.000000
vt -0.000000 0.100000 0.000000
vt 1.361427 0.500000 0.000000
vt -0.000000 0.880000 0.000000
vt 1.361427 0.880000 0.000000
vt 4.287361 0.880000 0.000000
vt 2.610783 0.880000 0.000000
vt 0.900000 0.000000 0.000000
vt 0.200000 0.100000 0.000000
vt 0.900000 -0.050000 0.000000
vt 0.900000 -0.100000 0.000000
vt 0.000000 -0.100000 0.000000
vt 0.200000 0.150000 0.000000
vt 0.150000 0.880000 0.000000
vt 0.900000 0.200000 0.000000
vt 0.900000 0.880000 0.000000
vt 0.900000 0.150000 0.000000
vt 0.150000 1.080000 0.000000
vt 0.000000 1.080000 0.000000
vt 0.900000 0.000000 0.000000
vt 0.200000 0.100000 0.000000
vt 0.900000 -0.050000 0.000000
vt 0.900000 -0.100000 0.000000
vt -0.000000 -0.100000 0.000000
vt 0.200000 0.150000 0.000000
vt 0.150000 0.880000 0.000000
vt 0.900000 0.200000 0.000000
vt 0.900000 0.880000 0.000000
vt 0.900000 0.150000 0.000000
vt 0.150000 1.080000 0.000000
vt 0.000000 1.080000 0.000000
vt 0.900000 -0.000000 0.000000
vt 0.200000 0.100000 0.000000
vt 0.900000 -0.050000 0.000000
vt 0.900000 -0.100000 0.000000
vt -0.000000 -0.100000 0.000000
vt 0.200000 0.150000 0.000000
vt 0.150000 0.880000 0.000000
vt 0.900000 0.200000 0.000000
vt 0.900000 0.880000 0.000000
vt 0.900000 0.150000 0.000000
vt 0.150000 1.080000 0.000000
vt 0.000000 1.080000 0.000000
vt 0.000000 0.880000 0.000000
vt 0.696711 0.880000 0.000000
vt 0.000000 1.080000 0.000000
vt 0.696711 1.080000 0.000000
vt 0.000000 0.880000 0.000000
vt 0.696711 0.880000 0.000000
vt 0.000000 1.080000 0.000000
vt 0.696711 1.080000 0.000000
vt 0.541647 -0.321324 0.000000
vt 0.647713 -0.215258 0.000000
vt 0.048998 0.171324 0.000000
vt 0.111130 0.321324 0.000000
vt -0.647713 0.321324 0.000000
vt -0.647713 0.171324 0.000000
vt 2.039360 3.259399 0.000000
vt 1.546711 3.752048 0.000000
vt 1.509029 2.729069 0.000000
vt 0.850000 3.002048 0.000000
vt 0.850000 3.752048 0.000000
vt 0.000000 0.880000 0.000000
vt 0.696711 0.880000 0.000000
vt 0.000000 1.080000 0.000000
vt 0.696711 1.080000 0.000000
vt 0.000000 0.880000 0.000000
vt 0.696711 0.880000 0.000000
vt 0.000000 1.080000 0.000000
vt 0.696711 1.080000 0.000000
vt 0.647713 0.171324 0.000000
vt 0.647713 0.321324 0.000000
vt -0.048998 0.171324 0.000000
vt -0.111130 0.321324 0.000000
vt -0.647713 -0.215258 0.000000
vt -0.541647 -0.321324 0.000000
vt -1.570736 3.629029 0.000000
vt -1.546711 3.752048 0.000000
vt -1.599266 3.591692 0.000000
vt -2.039360 3.259399 0.000000
vt -1.617160 3.548243 0.000000
vt -1.623200 3.501643 0.000000
vt -1.616972 3.455068 0.000000
vt -1.598902 3.411692 0.000000
vt -1.570222 3.374471 0.000000
vt -1.532885 3.345941 0.000000
vt -1.509029 2.729069 0.000000
vt -1.489436 3.328046 0.000000
vt -1.442836 3.322007 0.000000
vt -1.396261 3.328235 0.000000
vt -0.850000 3.002048 0.000000
vt -1.352885 3.346305 0.000000
vt -1.315664 3.374985 0.000000
vt -1.287134 3.412322 0.000000
vt -1.269240 3.455771 0.000000
vt -0.850000 3.752048 0.000000
vt -1.263200 3.502371 0.000000
vt -1.269428 3.548946 0.000000
vt -1.287498 3.592322 0.000000
vt -1.316178 3.629543 0.000000
vt -1.353515 3.658073 0.000000
vt -1.396964 3.675967 0.000000
vt -1.443564 3.682007 0.000000
vt -1.490139 3.675779 0.000000
vt -1.533515 3.657709 0.000000
vt 0.000000 0.880000 0.000000
vt 0.709409 0.880000 0.000000
vt 0.000000 1.080000 0.000000
vt 0.709409 1.080000 0.000000
vt 0.000000 0.880000 0.000000
vt 0.709409 0.880000 0.000000
vt 0.000000 1.080000 0.000000
vt 0.709409 1.080000 0.000000
vt -0.252704 0.559735 0.000000
vt -0.402704 0.559735 0.000000
vt -0.252704 -0.149674 0.000000
vt -0.402704 -0.249901 0.000000
vt 0.345302 -0.559735 0.000000
vt 0.402704 -0.421153 0.000000
vt 0.000000 0.880000 0.000000
vt 0.696711 0.880000 0.000000
vt 0.000000 1.080000 0.000000
vt 0.696711 1.080000 0.000000
vt -0.000000 0.880000 0.000000
vt 0.696711 0.880000 0.000000
vt -0.000000 1.080000 0.000000
vt 0.696711 1.080000 0.000000
vt 0.171324 -0.647713 0.000000
vt 0.321324 -0.647713 0.000000
vt 0.171324 0.048998 0.000000
vt 0.321324 0.111130 0.000000
vt -0.215258 0.647713 0.000000
vt -0.321324 0.541647 0.000000
vt 3.611071 1.588694 0.000000
vt 3.734090 1.564669 0.000000
vt 3.573734 1.617224 0.000000
vt 3.241441 2.057318 0.000000
vt 3.530285 1.635118 0.000000
vt 3.483685 1.641158 0.000000
vt 3.437110 1.634930 0.000000
vt 3.393734 1.616860 0.000000
vt 3.356513 1.588180 0.000000
vt 3.327983 1.550843 0.000000
vt 2.711111 1.526987 0.000000
vt 3.310088 1.507394 0.000000
vt 3.304049 1.460794 0.000000
vt 3.310277 1.414219 0.000000
vt 2.984090 0.867958 0.000000
vt 3.328346 1.370843 0.000000
vt 3.357027 1.333622 0.000000
vt 3.394364 1.305092 0.000000
vt 3.437813 1.287198 0.000000
vt 3.734090 0.867958 0.000000
vt 3.484413 1.281158 0.000000
vt 3.530988 1.287386 0.000000
vt 3.574364 1.305456 0.000000
vt 3.611585 1.334136 0.000000
vt 3.640115 1.371473 0.000000
vt 3.658009 1.414922 0.000000
vt 3.664049 1.461522 0.000000
vt 3.657821 1.508097 0.000000
vt 3.639751 1.551473 0.000000
vt 0.000000 0.880000 0.000000
vt 0.709409 0.880000 0.000000
vt 0.000000 1.080000 0.000000
vt 0.709409 1.080000 0.000000
vt 0.000000 0.880000 0.000000
vt 0.709409 0.880000 0.000000
vt 0.000000 1.080000 0.000000
vt 0.709409 1.080000 0.000000
vt -0.660252 -0.029448 0.000000
vt 0.087753 -0.339282 0.000000
vt 0.052559 -0.162345 0.000000
vt 0.660252 0.233216 0.000000
vt 0.554186 0.339282 0.000000
vt -0.602850 0.109134 0.000000
vt 0.900000 0.000000 0.000000
vt 0.200000 0.100000 0.000000
vt 0.900000 -0.050000 0.000000
vt 0.900000 -0.100000 0.000000
vt 0.000000 -0.100000 0.000000
vt 0.150000 0.880000 0.000000
vt 0.000000 1.080000 0.000000
vt 0.150000 1.080000 0.000000
vt 0.200000 0.880000 0.000000
vt 0.000000 0.880000 0.000000
vt 0.696711 0.880000 0.000000
vt 0.000000 1.080000 0.000000
vt 0.696711 1.080000 0.000000
vt 0.000000 0.880000 0.000000
vt 0.696711 0.880000 0.000000
vt 0.000000 1.080000 0.000000
vt 0.696711 1.080000 0.000000
vt 0.321324 0.541647 0.000000
vt 0.215258 0.647713 0.000000
vt -0.171324 0.048998 0.000000
vt -0.321324 0.111130 0.000000
vt -0.321324 -0.647713 0.000000
vt -0.171324 -0.647713 0.000000
vt -3.078682 -1.812930 0.000000
vt -3.059547 -1.766736 0.000000
vt -3.734090 -1.541451 0.000000
vt -3.684090 -0.832042 0.000000
vt -3.734090 -0.832042 0.000000
vt -1.801753 -2.287731 0.000000
vt -2.791669 -1.120020 0.000000
vt -2.984090 -0.832042 0.000000
vt -3.684090 0.867958 0.000000
vt -2.984090 0.867958 0.000000
vt -3.393734 1.305456 0.000000
vt -3.356513 1.334136 0.000000
vt -3.327983 1.371473 0.000000
vt -3.310088 1.414922 0.000000
vt -3.304049 1.461522 0.000000
vt -2.711111 1.526987 0.000000
vt -3.310277 1.508097 0.000000
vt -3.241441 2.057318 0.000000
vt -3.328346 1.551473 0.000000
vt -3.357027 1.588694 0.000000
vt -3.394364 1.617224 0.000000
vt -3.437813 1.635118 0.000000
vt -3.484413 1.641158 0.000000
vt -3.530988 1.634930 0.000000
vt -3.574364 1.616860 0.000000
vt -3.734090 1.564669 0.000000
vt -3.611585 1.588180 0.000000
vt -3.640115 1.550843 0.000000
vt -3.658009 1.507394 0.000000
vt -3.664049 1.460794 0.000000
vt -3.657821 1.414219 0.000000
vt -3.734090 0.867958 0.000000
vt -3.639751 1.370843 0.000000
vt -3.611071 1.333622 0.000000
vt -3.573734 1.305092 0.000000
vt -3.530285 1.287198 0.000000
vt -3.483685 1.281158 0.000000
vt -3.437110 1.287386 0.000000
vt -1.533875 -1.641016 0.000000
vt 0.000000 0.880000 0.000000
vt 0.696711 0.880000 0.000000
vt 0.000000 1.080000 0.000000
vt 0.696711 1.080000 0.000000
vt 0.000000 0.880000 0.000000
vt 0.696711 0.880000 0.000000
vt 0.000000 1.080000 0.000000
vt 0.696711 1.080000 0.000000
vt -0.321324 -0.541647 0.000000
vt -0.215258 -0.647713 0.000000
vt 0.171324 -0.048998 0.000000
vt 0.321324 -0.111130 0.000000
vt 0.321324 0.647713 0.000000
vt 0.171324 0.647713 0.000000
vt 2.039360 -3.223483 0.000000
vt 2.004004 -3.188128 0.000000
vt 1.537732 -3.725111 0.000000
vt 0.901457 -3.407438 0.000000
vt 0.882323 -3.453632 0.000000
vt 3.206086 -1.986046 0.000000
vt 1.509029 -2.693153 0.000000
vt 1.169336 -2.760722 0.000000
vt -0.647498 -2.765839 0.000000
vt -0.379620 -2.119124 0.000000
vt 3.241441 -2.021401 0.000000
vt 3.484413 -1.605242 0.000000
vt 3.437813 -1.599202 0.000000
vt 3.394364 -1.581308 0.000000
vt 3.734090 -1.528753 0.000000
vt 3.574364 -1.580944 0.000000
vt 3.530988 -1.599014 0.000000
vt 3.734090 -0.832042 0.000000
vt 3.657821 -1.378303 0.000000
vt 3.664049 -1.424878 0.000000
vt 3.658009 -1.471478 0.000000
vt 2.984090 -0.832042 0.000000
vt 3.437110 -1.251470 0.000000
vt 3.483685 -1.245242 0.000000
vt 3.530285 -1.251282 0.000000
vt 2.711111 -1.491071 0.000000
vt 3.327983 -1.335557 0.000000
vt 3.356513 -1.298220 0.000000
vt 3.393734 -1.269540 0.000000
vt 3.357027 -1.552778 0.000000
vt 3.328346 -1.515557 0.000000
vt 3.640115 -1.514927 0.000000
vt 3.611585 -1.552264 0.000000
vt 3.310277 -1.472181 0.000000
vt 3.304049 -1.425606 0.000000
vt 3.310088 -1.379006 0.000000
vt 3.573734 -1.269176 0.000000
vt 3.611071 -1.297706 0.000000
vt 3.639751 -1.334927 0.000000
vt 0.120000 0.470875 0.000000
vt 0.700000 0.471239 0.000000
vt 0.120000 0.517999 0.000000
vt 0.700000 0.518363 0.000000
vt 0.120000 0.565123 0.000000
vt 0.700000 0.565487 0.000000
vt 0.120000 0.612247 0.000000
vt 0.120000 -0.518726 0.000000
vt 0.700000 -0.565487 0.000000
vt 0.700000 -0.518363 0.000000
vt 0.120000 -0.471603 0.000000
vt 0.700000 -0.471239 0.000000
vt 0.120000 -0.424479 0.000000
vt 0.700000 -0.424115 0.000000
vt 0.120000 -0.377355 0.000000
vt 0.700000 -0.376991 0.000000
vt 0.120000 -0.330231 0.000000
vt 0.700000 -0.329867 0.000000
vt 0.120000 -0.283107 0.000000
vt 0.700000 -0.282743 0.000000
vt 0.120000 -0.235983 0.000000
vt 0.700000 -0.235619 0.000000
vt 0.120000 -0.188859 0.000000
vt 0.700000 -0.188496 0.000000
vt 0.120000 -0.141735 0.000000
vt 0.700000 -0.141372 0.000000
vt 0.120000 -0.094611 0.000000
vt 0.700000 -0.094248 0.000000
vt 0.120000 -0.047488 0.000000
vt 0.700000 -0.047124 0.000000
vt 0.120000 -0.000364 0.000000
vt 0.700000 0.000000 0.000000
vt 0.120000 0.046760 0.000000
vt 0.700000 0.047124 0.000000
vt 0.120000 0.093884 0.000000
vt 0.700000 0.094248 0.000000
vt 0.120000 0.141008 0.000000
vt 0.700000 0.141372 0.000000
vt 0.120000 0.188132 0.000000
vt 0.700000 0.188496 0.000000
vt 0.120000 0.235256 0.000000
vt 0.700000 0.235619 0.000000
vt 0.120000 0.282380 0.000000
vt 0.700000 0.282743 0.000000
vt 0.120000 0.329504 0.000000
vt 0.700000 0.329867 0.000000
vt 0.120000 0.376627 0.000000
vt 0.700000 0.376991 0.000000
vt 0.120000 0.423751 0.000000
vt 0.700000 0.424115 0.000000
vt 0.173867 0.046587 0.000000
vt -0.173867 0.046587 0.000000
vt 0.180000 0.000000 0.000000
vt -0.180000 0.000000 0.000000
vt 0.173867 -0.046587 0.000000
vt -0.173867 -0.046587 0.000000
vt 0.155885 -0.090000 0.000000
vt -0.155885 -0.090000 0.000000
vt 0.127279 -0.127279 0.000000
vt -0.127279 -0.127279 0.000000
vt 0.090000 -0.155885 0.000000
vt -0.090000 -0.155885 0.000000
vt 0.046587 -0.173867 0.000000
vt -0.046587 -0.173867 0.000000
vt -0.000000 -0.180000 0.000000
vt -0.155885 0.090000 0.000000
vt 0.155885 0.090000 0.000000
vt -0.127279 0.127279 0.000000
vt 0.127279 0.127279 0.000000
vt -0.090000 0.155885 0.000000
vt 0.090000 0.155885 0.000000
vt -0.046587 0.173867 0.000000
vt 0.046587 0.173867 0.000000
vt -0.000000 0.180000 0.000000
vt 0.120000 -0.235983 0.000000
vt 0.700000 -0.235619 0.000000
vt 0.120000 -0.188859 0.000000
vt 0.700000 -0.188496 0.000000
vt 0.120000 -0.141735 0.000000
vt 0.700000 -0.141372 0.000000
vt 0.120000 -0.094611 0.000000
vt 0.700000 -0.094248 0.000000
vt 0.120000 -0.047488 0.000000
vt 0.700000 -0.047124 0.000000
vt 0.120000 -0.000364 0.000000
vt 0.700000 0.000000 0.000000
vt 0.120000 0.046760 0.000000
vt 0.700000 0.047124 0.000000
vt 0.120000 0.093884 0.000000
vt 0.700000 0.094248 0.000000
vt 0.120000 0.141008 0.000000
vt 0.700000 0.141372 0.000000
vt 0.120000 0.188132 0.000000
vt 0.700000 0.188496 0.000000
vt 0.120000 0.235256 0.000000
vt 0.700000 0.235619 0.000000
vt 0.120000 0.282380 0.000000
vt 0.700000 0.282743 0.000000
vt 0.120000 0.329504 0.000000
vt 0.700000 0.329867 0.000000
vt 0.120000 0.376627 0.000000
vt 0.700000 0.376991 0.000000
vt 0.120000 0.423751 0.000000
vt 0.700000 0.424115 0.000000
vt 0.120000 0.470875 0.000000
vt 0.700000 0.471239 0.000000
vt 0.120000 0.517999 0.000000
vt 0.700000 0.518363 0.000000
vt 0.120000 0.565123 0.000000
vt 0.700000 0.565487 0.000000
vt 0.120000 0.612247 0.000000
vt 0.120000 -0.518726 0.000000
vt 0.700000 -0.565487 0.000000
vt 0.700000 -0.518363 0.000000
vt 0.120000 -0.471603 0.000000
vt 0.700000 -0.471239 0.000000
vt 0.120000 -0.424479 0.000000
vt 0.700000 -0.424115 0.000000
vt 0.120000 -0.377355 0.000000
vt 0.700000 -0.376991 0.000000
vt 0.120000 -0.330231 0.000000
vt 0.700000 -0.329867 0.000000
vt 0.120000 -0.283107 0.000000
vt 0.700000 -0.282743 0.000000
vt 0.173867 0.046587 0.000000
vt -0.173867 0.046587 0.000000
vt 0.180000 0.000000 0.000000
vt -0.180000 0.000000 0.000000
vt 0.173867 -0.046587 0.000000
vt -0.173867 -0.046587 0.000000
vt 0.155885 -0.090000 0.000000
vt -0.155885 -0.090000 0.000000
vt 0.127279 -0.127279 0.000000
vt -0.127279 -0.127279 0.000000
vt 0.090000 -0.155885 0.000000
vt -0.090000 -0.155885 0.000000
vt 0.046587 -0.173867 0.000000
vt -0.046587 -0.173867 0.000000
vt -0.000000 -0.180000 0.000000
vt -0.155885 0.090000 0.000000
vt 0.155885 0.090000 0.000000
vt -0.127279 0.127279 0.000000
vt 0.127279 0.127279 0.000000
vt -0.090000 0.155885 0.000000
vt 0.090000 0.155885 0.000000
vt -0.046587 0.173867 0.000000
vt 0.046587 0.173867 0.000000
vt -0.000000 0.180000 0.000000
vt 0.120000 -0.518726 0.000000
vt 0.700000 -0.518363 0.000000
vt 0.120000 -0.471603 0.000000
vt 0.700000 -0.471239 0.000000
vt 0.120000 -0.424479 0.000000
vt 0.700000 -0.424115 0.000000
vt 0.120000 -0.377355 0.000000
vt 0.700000 -0.376991 0.000000
vt 0.120000 -0.330231 0.000000
vt 0.700000 -0.329867 0.000000
vt 0.120000 -0.283107 0.000000
vt 0.700000 -0.282743 0.000000
vt 0.120000 -0.235983 0.000000
vt 0.700000 -0.235619 0.000000
vt 0.120000 -0.188859 0.000000
vt 0.700000 -0.188496 0.000000
vt 0.120000 -0.141735 0.000000
vt 0.700000 -0.141372 0.000000
vt 0.120000 -0.094611 0.000000
vt 0.700000 -0.094248 0.000000
vt 0.120000 -0.047488 0.000000
vt 0.700000 -0.047124 0.000000
vt 0.120000 -0.000364 0.000000
vt 0.700000 0.000000 0.000000
vt 0.120000 0.046760 0.000000
vt 0.700000 0.047124 0.000000
vt 0.120000 0.093884 0.000000
vt 0.700000 0.094248 0.000000
vt 0.120000 0.141008 0.000000
vt 0.700000 0.141372 0.000000
vt 0.120000 0.188132 0.000000
vt 0.700000 0.188496 0.000000
vt 0.120000 0.235256 0.000000
vt 0.700000 0.235619 0.000000
vt 0.120000 0.282380 0.000000
vt 0.700000 0.282743 0.000000
vt 0.120000 0.329504 0.000000
vt 0.700000 0.329867 0.000000
vt 0.120000 0.376627 0.000000
vt 0.700000 0.376991 0.000000
vt 0.120000 0.423751 0.000000
vt 0.700000 0.424115 0.000000
vt 0.120000 0.470875 0.000000
vt 0.700000 0.471239 0.000000
vt 0.120000 0.517999 0.000000
vt 0.700000 0.518363 0.000000
vt 0.120000 0.565123 0.000000
vt 0.700000 0.565487 0.000000
vt 0.120000 0.612247 0.000000
vt 0.700000 -0.565487 0.000000
vt 0.173867 0.046587 0.000000
vt -0.173867 0.046587 0.000000
vt 0.180000 0.000000 0.000000
vt -0.180000 0.000000 0.000000
vt 0.173867 -0.046587 0.000000
vt -0.173867 -0.046587 0.000000
vt 0.155885 -0.090000 0.000000
vt -0.155885 -0.090000 0.000000
vt 0.127279 -0.127279 0.000000
vt -0.127279 -0.127279 0.000000
vt 0.090000 -0.155885 0.000000
vt -0.090000 -0.155885 0.000000
vt 0.046587 -0.173867 0.000000
vt -0.046587 -0.173867 0.000000
vt -0.000000 -0.180000 0.000000
vt -0.155885 0.090000 0.000000
vt 0.155885 0.090000 0.000000
vt -0.127279 0.127279 0.000000
vt 0.127279 0.127279 0.000000
vt -0.090000 0.155885 0.000000
vt 0.090000 0.155885 0.000000
vt -0.046587 0.173867 0.000000
vt 0.046587 0.173867 0.000000
vt -0.000000 0.180000 0.000000
vt 0.120000 -0.094611 0.000000
vt 0.700000 -0.094248 0.000000
vt 0.120000 -0.047488 0.000000
vt 0.700000 -0.047124 0.000000
vt 0.120000 -0.000364 0.000000
vt 0.700000 0.000000 0.000000
vt 0.120000 0.046760 0.000000
vt 0.700000 0.047124 0.000000
vt 0.120000 0.093884 0.000000
vt 0.700000 0.094248 0.000000
vt 0.120000 0.141008 0.000000
vt 0.700000 0.141372 0.000000
vt 0.120000 0.188132 0.000000
vt 0.700000 0.188496 0.000000
vt 0.120000 0.235256 0.000000
vt 0.700000 0.235619 0.000000
vt 0.120000 0.282380 0.000000
vt 0.700000 0.282743 0.000000
vt 0.120000 0.329504 0.000000
vt 0.700000 0.329867 0.000000
vt 0.120000 0.376627 0.000000
vt 0.700000 0.376991 0.000000
vt 0.120000 0.423751 0.000000
vt 0.700000 0.424115 0.000000
vt 0.120000 0.470875 0.000000
vt 0.700000 0.471239 0.000000
vt 0.120000 0.517999 0.000000
vt 0.700000 0.518363 0.000000
vt 0.120000 0.565123 0.000000
vt 0.700000 0.565487 0.000000
vt 0.120000 0.612247 0.000000
vt 0.120000 -0.518726 0.000000
vt 0.700000 -0.565487 0.000000
vt 0.700000 -0.518363 0.000000
vt 0.120000 -0.471603 0.000000
vt 0.700000 -0.471239 0.000000
vt 0.120000 -0.424479 0.000000
vt 0.700000 -0.424115 0.000000
vt 0.120000 -0.377355 0.000000
vt 0.700000 -0.376991 0.000000
vt 0.120000 -0.330231 0.000000
vt 0.700000 -0.329867 0.000000
vt 0.120000 -0.283107 0.000000
vt 0.700000 -0.282743 0.000000
vt 0.120000 -0.235983 0.000000
vt 0.700000 -0.235619 0.000000
vt 0.120000 -0.188859 0.000000
vt 0.700000 -0.188496 0.000000
vt 0.120000 -0.141735 0.000000
vt 0.700000 -0.141372 0.000000
vt 0.173867 0.046587 0.000000
vt -0.173867 0.046587 0.000000
vt 0.180000 0.000000 0.000000
vt -0.180000 0.000000 0.000000
vt 0.173867 -0.046587 0.000000
vt -0.173867 -0.046587 0.000000
vt 0.155885 -0.090000 0.000000
vt -0.155885 -0.090000 0.000000
vt 0.127279 -0.127279 0.000000
vt -0.127279 -0.127279 0.000000
vt 0.090000 -0.155885 0.000000
vt -0.090000 -0.155885 0.000000
vt 0.046587 -0.173867 0.000000
vt -0.046587 -0.173867 0.000000
vt -0.000000 -0.180000 0.000000
vt -0.155885 0.090000 0.000000
vt 0.155885 0.090000 0.000000
vt -0.127279 0.127279 0.000000
vt 0.127279 0.127279 0.000000
vt -0.090000 0.155885 0.000000
vt 0.090000 0.155885 0.000000
vt -0.046587 0.173867 0.000000
vt 0.046587 0.173867 0.000000
vt -0.000000 0.180000 0.000000
vt 0.900000 0.000000 0.000000
vt 0.200000 0.100000 0.000000
vt 0.900000 -0.050000 0.000000
vt 0.900000 -0.100000 0.000000
vt 0.000000 -0.100000 0.000000
vt 0.150000 0.880000 0.000000
vt 0.000000 1.080000 0.000000
vt 0.150000 1.080000 0.000000
vt 0.200000 0.880000 0.000000
vt 0.900000 0.000000 0.000000
vt 0.200000 0.100000 0.000000
vt 0.900000 -0.050000 0.000000
vt 0.900000 -0.100000 0.000000
vt -0.000000 -0.100000 0.000000
vt 0.150000 0.880000 0.000000
vt 0.000000 1.080000 0.000000
vt 0.150000 1.080000 0.000000
vt 0.200000 0.880000 0.000000
vt 0.000000 0.100000 0.000000
vt 1.700000 0.100000 0.000000
vt 0.000000 0.150000 0.000000
vt 1.700000 0.150000 0.000000
vt 0.000000 0.100000 0.000000
vt 1.700000 0.100000 0.000000
vt 0.000000 0.150000 0.000000
vt 1.700000 0.150000 0.000000
vt 0.414487 -0.631703 0.000000
vt 0.682365 0.015013 0.000000
vt -0.739768 -0.153595 0.000000
vt -0.471890 0.493121 0.000000
vt -0.550000 0.350000 0.000000
vt 0.150000 0.350000 0.000000
vt -0.550000 0.730000 0.000000
vt 0.150000 0.730000 0.000000
vt 0.000000 0.050000 0.000000
vt -1.700000 0.050000 0.000000
vt -0.000000 0.000000 0.000000
vt -1.700000 0.000000 0.000000
vt 0.353553 -0.848528 0.000000
vt 0.848528 -0.353553 0.000000
vt -0.848528 0.353553 0.000000
vt -0.353553 0.848528 0.000000
vt -0.000000 0.050000 0.000000
vt -1.700000 0.050000 0.000000
vt -0.000000 0.000000 0.000000
vt -1.700000 0.000000 0.000000
vt -0.850000 -0.350000 0.000000
vt 0.850000 -0.350000 0.000000
vt -0.850000 0.350000 0.000000
vt 0.850000 0.350000 0.000000
vt 0.000000 0.050000 0.000000
vt -1.700000 0.050000 0.000000
vt -0.000000 0.000000 0.000000
vt -1.700000 0.000000 0.000000
vt -0.350000 -0.850000 0.000000
vt 0.350000 -0.850000 0.000000
vt -0.350000 0.850000 0.000000
vt 0.350000 0.850000 0.000000
vt -0.000000 0.050000 0.000000
vt -1.700000 0.050000 0.000000
vt -0.000000 0.000000 0.000000
vt -1.700000 0.000000 0.000000
vt -0.353553 -0.848528 0.000000
vt 0.848528 0.353553 0.000000
vt -0.848528 -0.353553 0.000000
vt 0.353553 0.848528 0.000000
vt -0.700000 0.350000 0.000000
vt 0.000000 0.350000 0.000000
vt -0.700000 0.730000 0.000000
vt 0.000000 0.730000 0.000000
vt 2.925934 0.880000 0.000000
vt 2.925934 0.500000 0.000000
vt 4.287361 0.880000 0.000000
vt 4.287361 0.200000 0.000000
vt 1.676577 0.500000 0.000000
vt 0.000000 0.200000 0.000000
vt 0.000000 0.880000 0.000000
vt 1.676577 0.880000 0.000000
vt 0.000000 0.200000 0.000000
vt 1.700000 0.200000 0.000000
vt 0.000000 0.880000 0.000000
vt 1.700000 0.880000 0.000000
vt 0.000000 0.200000 0.000000
vt 0.346349 0.200000 0.000000
vt 0.000000 0.880000 0.000000
vt 0.346349 0.880000 0.000000
vt 0.000000 0.200000 0.000000
vt 0.346349 0.200000 0.000000
vt 0.000000 0.880000 0.000000
vt 0.346349 0.880000 0.000000
vt 0.000000 0.200000 0.000000
vt 1.700000 0.200000 0.000000
vt 0.000000 0.880000 0.000000
vt 1.700000 0.880000 0.000000
vt 0.000000 0.200000 0.000000
vt 0.713328 0.200000 0.000000
vt 0.000000 0.880000 0.000000
vt 0.713328 0.880000 0.000000
vt 0.000000 0.200000 0.000000
vt 0.713328 0.200000 0.000000
vt 0.000000 0.880000 0.000000
vt 0.713328 0.880000 0.000000
vt 0.000000 0.200000 0.000000
vt 0.713328 0.200000 0.000000
vt 0.000000 0.880000 0.000000
vt 0.713328 0.880000 0.000000
vt -0.000000 0.200000 0.000000
vt 0.713328 0.200000 0.000000
vt -0.000000 0.880000 0.000000
vt 0.713328 0.880000 0.000000
vt -0.000000 0.200000 0.000000
vt 0.713328 0.200000 0.000000
vt -0.000000 0.880000 0.000000
vt 0.713328 0.880000 0.000000
vt 0.000000 0.100000 0.000000
vt 1.700000 0.100000 0.000000
vt 0.000000 0.150000 0.000000
vt 1.700000 0.150000 0.000000
vt 0.000000 0.100000 0.000000
vt 1.700000 0.100000 0.000000
vt 0.000000 0.150000 0.000000
vt 1.700000 0.150000 0.000000
vt 2.711111 -1.509029 0.000000
vt 2.984090 -0.850000 0.000000
vt -2.791669 -1.137978 0.000000
vt 2.984090 0.850000 0.000000
vt -2.984090 0.850000 0.000000
vt -2.711111 1.509029 0.000000
vt 2.711111 1.509029 0.000000
vt -1.509029 2.711111 0.000000
vt -0.850000 2.984090 0.000000
vt 1.509029 2.711111 0.000000
vt 0.850000 2.984090 0.000000
vt -2.984090 -0.850000 0.000000
vt 1.169336 -2.778680 0.000000
vt 1.509029 -2.711111 0.000000
vt -0.000000 0.050000 0.000000
vt -1.001038 0.050000 0.000000
vt -0.000000 0.000000 0.000000
vt -1.001038 0.000000 0.000000
vt -0.000000 0.000000 0.000000
vt -0.000000 0.050000 0.000000
vt -0.184728 0.000000 0.000000
vt -0.186096 0.050000 0.000000
vt -0.369457 0.000000 0.000000
vt -0.371875 0.050000 0.000000
vt -0.554185 0.000000 0.000000
vt -0.556444 0.050000 0.000000
vt -0.738914 0.000000 0.000000
vt -0.738914 0.050000 0.000000
vt -0.000000 0.050000 0.000000
vt -0.564763 0.050000 0.000000
vt -0.000000 0.000000 0.000000
vt -0.564763 0.000000 0.000000
vt -0.238538 -0.412531 0.000000
vt 0.328341 0.412531 0.000000
vt -0.287693 -0.231917 0.000000
vt -0.301330 -0.047357 0.000000
vt -0.280765 0.135625 0.000000
vt -0.227313 0.311503 0.000000
vt -0.000000 0.050000 0.000000
vt -0.564763 0.050000 0.000000
vt -0.000000 0.000000 0.000000
vt -0.564763 0.000000 0.000000
vt -0.000000 0.050000 0.000000
vt -1.001038 0.050000 0.000000
vt -0.000000 0.000000 0.000000
vt -1.001038 0.000000 0.000000
vt -0.000000 0.000000 0.000000
vt -0.000000 0.050000 0.000000
vt -0.184728 0.000000 0.000000
vt -0.186096 0.050000 0.000000
vt -0.369457 0.000000 0.000000
vt -0.371875 0.050000 0.000000
vt -0.554185 0.000000 0.000000
vt -0.556444 0.050000 0.000000
vt -0.738914 0.000000 0.000000
vt -0.738914 0.050000 0.000000
vt 0.227313 -0.311503 0.000000
vt 0.280765 -0.135625 0.000000
vt -0.328341 -0.412531 0.000000
vt 0.301330 0.047357 0.000000
vt 0.287693 0.231917 0.000000
vt 0.238538 0.412531 0.000000
vt -0.000000 0.050000 0.000000
vt -1.001038 0.050000 0.000000
vt -0.000000 0.000000 0.000000
vt -1.001038 0.000000 0.000000
vt -0.000000 0.000000 0.000000
vt -0.000000 0.050000 0.000000
vt -0.184728 0.000000 0.000000
vt -0.186096 0.050000 0.000000
vt -0.369457 0.000000 0.000000
vt -0.371875 0.050000 0.000000
vt -0.554185 0.000000 0.000000
vt -0.556444 0.050000 0.000000
vt -0.738914 0.000000 0.000000
vt -0.738914 0.050000 0.000000
vt 0.000000 0.050000 0.000000
vt -0.564763 0.050000 0.000000
vt 0.000000 0.000000 0.000000
vt -0.564763 0.000000 0.000000
vt -0.252016 0.492125 0.000000
vt -0.069453 -0.492125 0.000000
vt -0.089545 0.399169 0.000000
vt 0.050602 0.278309 0.000000
vt 0.165447 0.134379 0.000000
vt 0.252016 -0.027781 0.000000
vt -0.000000 0.050000 0.000000
vt -0.564763 0.050000 0.000000
vt -0.000000 0.000000 0.000000
vt -0.564763 0.000000 0.000000
vt -0.000000 0.050000 0.000000
vt -1.001038 0.050000 0.000000
vt -0.000000 0.000000 0.000000
vt -1.001038 0.000000 0.000000
vt -0.000000 0.000000 0.000000
vt -0.000000 0.050000 0.000000
vt -0.184728 0.000000 0.000000
vt -0.186096 0.050000 0.000000
vt -0.369457 0.000000 0.000000
vt -0.371875 0.050000 0.000000
vt -0.554185 0.000000 0.000000
vt -0.556444 0.050000 0.000000
vt -0.738914 0.000000 0.000000
vt -0.738914 0.050000 0.000000
vt -0.252016 0.027781 0.000000
vt -0.165447 -0.134379 0.000000
vt 0.069453 0.492125 0.000000
vt -0.050602 -0.278309 0.000000
vt 0.089545 -0.399169 0.000000
vt 0.252016 -0.492125 0.000000
vt -0.000000 0.050000 0.000000
vt -1.001038 0.050000 0.000000
vt -0.000000 0.000000 0.000000
vt -1.001038 0.000000 0.000000
vt -0.000000 0.000000 0.000000
vt -0.000000 0.050000 0.000000
vt -0.184728 0.000000 0.000000
vt -0.186096 0.050000 0.000000
vt -0.369457 0.000000 0.000000
vt -0.371875 0.050000 0.000000
vt -0.554185 0.000000 0.000000
vt -0.556444 0.050000 0.000000
vt -0.738914 0.000000 0.000000
vt -0.738914 0.050000 0.000000
vt -0.000000 0.050000 0.000000
vt -0.564763 0.050000 0.000000
vt -0.000000 0.000000 0.000000
vt -0.564763 0.000000 0.000000
vt -0.492125 -0.252016 0.000000
vt 0.492125 -0.069453 0.000000
vt -0.399169 -0.089545 0.000000
vt -0.278309 0.050602 0.000000
vt -0.134379 0.165447 0.000000
vt 0.027781 0.252016 0.000000
vt -0.000000 0.050000 0.000000
vt -0.564763 0.050000 0.000000
vt -0.000000 0.000000 0.000000
vt -0.564763 0.000000 0.000000
vt -0.000000 0.050000 0.000000
vt -1.001038 0.050000 0.000000
vt -0.000000 0.000000 0.000000
vt -1.001038 0.000000 0.000000
vt -0.000000 0.000000 0.000000
vt -0.000000 0.050000 0.000000
vt -0.184728 0.000000 0.000000
vt -0.186096 0.050000 0.000000
vt -0.369457 0.000000 0.000000
vt -0.371875 0.050000 0.000000
vt -0.554185 0.000000 0.000000
vt -0.556444 0.050000 0.000000
vt -0.738914 0.000000 0.000000
vt -0.738914 0.050000 0.000000
vt -0.027781 -0.252016 0.000000
vt 0.134379 -0.165447 0.000000
vt -0.492125 0.069453 0.000000
vt 0.278309 -0.050602 0.000000
vt 0.399169 0.089545 0.000000
vt 0.492125 0.252016 0.000000
vt -0.000000 0.050000 0.000000
vt -1.001038 0.050000 0.000000
vt -0.000000 0.000000 0.000000
vt -1.001038 0.000000 0.000000
vt -0.000000 0.000000 0.000000
vt -0.000000 0.050000 0.000000
vt -0.184728 0.000000 0.000000
vt -0.186096 0.050000 0.000000
vt -0.369457 0.000000 0.000000
vt -0.371875 0.050000 0.000000
vt -0.554185 0.000000 0.000000
vt -0.556444 0.050000 0.000000
vt -0.738914 0.000000 0.000000
vt -0.738914 0.050000 0.000000
vt -0.000000 0.050000 0.000000
vt -0.564763 0.050000 0.000000
vt -0.000000 0.000000 0.000000
vt -0.564763 0.000000 0.000000
vt -0.412531 0.238538 0.000000
vt 0.412531 -0.328341 0.000000
vt -0.231917 0.287693 0.000000
vt -0.047357 0.301330 0.000000
vt 0.135625 0.280765 0.000000
vt 0.311503 0.227313 0.000000
vt -0.000000 0.050000 0.000000
vt -0.564763 0.050000 0.000000
vt -0.000000 0.000000 0.000000
vt -0.564763 0.000000 0.000000
vt -0.000000 0.050000 0.000000
vt -1.001038 0.050000 0.000000
vt -0.000000 0.000000 0.000000
vt -1.001038 0.000000 0.000000
vt -0.000000 0.000000 0.000000
vt -0.000000 0.050000 0.000000
vt -0.184728 0.000000 0.000000
vt -0.186096 0.050000 0.000000
vt -0.369457 0.000000 0.000000
vt -0.371875 0.050000 0.000000
vt -0.554185 0.000000 0.000000
vt -0.556444 0.050000 0.000000
vt -0.738914 0.000000 0.000000
vt -0.738914 0.050000 0.000000
vt -0.311503 -0.227313 0.000000
vt -0.135625 -0.280765 0.000000
vt -0.412531 0.328341 0.000000
vt 0.047357 -0.301330 0.000000
vt 0.231917 -0.287693 0.000000
vt 0.412531 -0.238538 0.000000
vn 0.338319 -0.226058 0.913476
vn 0.338319 -0.226058 0.913476
vn 0.338319 -0.226058 0.913476
vn 0.338319 -0.226058 0.913476
vn 0.000000 0.000000 1.000000
vn 0.000000 0.000000 1.000000
vn 0.000000 0.000000 1.000000
vn -0.079381 -0.399075 0.913476
vn -0.079381 -0.399075 0.913476
vn -0.079381 -0.399075 0.913476
vn -0.079381 -0.399075 0.913476
vn 0.000000 0.000000 1.000000
vn 0.000000 0.000000 1.000000
vn 0.000000 0.000000 1.000000
vn 0.382683 -0.923880 0.000000
vn 0.382683 -0.923880 0.000000
vn 0.382683 -0.923880 0.000000
vn 0.382683 -0.923880 0.000000
vn 0.382683 -0.923880 0.000000
vn -0.707107 -0.707107 -0.000000
vn -0.707107 -0.707107 -0.000000
vn -0.707107 -0.707107 -0.000000
vn -0.707107 -0.707107 -0.000000
vn -0.707107 -0.707107 -0.000000
vn 0.382683 -0.923880 0.000000
vn 0.382683 -0.923880 0.000000
vn 0.382683 -0.923880 0.000000
vn 0.382683 -0.923880 0.000000
vn 0.382683 -0.923880 0.000000
vn -0.424451 -0.175814 0.888218
vn -0.424451 -0.175814 0.888218
vn -0.424451 -0.175814 0.888218
vn -0.424451 -0.175814 0.888218
vn -0.000000 -0.000000 1.000000
vn -0.000000 -0.000000 1.000000
vn -0.000000 -0.000000 1.000000
vn -0.424451 0.175814 0.888218
vn -0.424451 0.175814 0.888218
vn -0.424451 0.175814 0.888218
vn -0.424451 0.175814 0.888218
vn -0.000000 -0.000000 1.000000
vn -0.000000 -0.000000 1.000000
vn -0.000000 -0.000000 1.000000
vn -0.175814 0.424451 0.888218
vn -0.175814 0.424451 0.888218
vn -0.175814 0.424451 0.888218
vn -0.175814 0.424451 0.888218
vn -0.000000 -0.000000 1.000000
vn -0.000000 -0.000000 1.000000
vn -0.000000 -0.000000 1.000000
vn 0.175814 0.424451 0.888218
vn 0.175814 0.424451 0.888218
vn 0.175814 0.424451 0.888218
vn 0.175814 0.424451 0.888218
vn -0.000000 -0.000000 1.000000
vn -0.000000 -0.000000 1.000000
vn -0.000000 -0.000000 1.000000
vn 0.424451 0.175814 0.888218
vn 0.424451 0.175814 0.888218
vn 0.424451 0.175814 0.888218
vn 0.424451 0.175814 0.888218
vn -0.000000 -0.000000 1.000000
vn -0.000000 -0.000000 1.000000
vn -0.000000 -0.000000 1.000000
vn -0.707107 -0.707107 -0.000000
vn -0.707107 -0.707107 -0.000000
vn -0.707107 -0.707107 -0.000000
vn -0.707107 -0.707107 -0.000000
vn -0.707107 -0.707107 -0.000000
vn 0.707107 0.707107 0.000000
vn 0.707107 0.707107 0.000000
vn 0.707107 0.707107 0.000000
vn 0.707107 0.707107 0.000000
vn 0.707107 0.707107 0.000000
vn 1.000000 -0.000000 0.000000
vn 1.000000 -0.000000 0.000000
vn 1.000000 -0.000000 0.000000
vn 1.000000 -0.000000 0.000000
vn 1.000000 -0.000000 0.000000
vn 0.000000 1.000000 0.000000
vn 0.000000 1.000000 0.000000
vn 0.000000 1.000000 0.000000
vn 0.000000 1.000000 0.000000
vn 0.000000 1.000000 0.000000
vn -0.707107 0.707107 0.000000
vn -0.707107 0.707107 0.000000
vn -0.707107 0.707107 0.000000
vn -0.707107 0.707107 0.000000
vn -0.707107 0.707107 0.000000
vn -1.000000 -0.000000 -0.000000
vn -1.000000 -0.000000 -0.000000
vn -1.000000 -0.000000 -0.000000
vn -1.000000 -0.000000 -0.000000
vn -1.000000 -0.000000 -0.000000
vn 1.000000 0.000000 0.000000
vn 1.000000 0.000000 0.000000
vn 1.000000 0.000000 0.000000
vn 1.000000 0.000000 0.000000
vn 1.000000 0.000000 0.000000
vn -0.000000 1.000000 0.000000
vn -0.000000 1.000000 0.000000
vn -0.000000 1.000000 0.000000
vn -0.000000 1.000000 0.000000
vn -0.000000 1.000000 0.000000
vn -1.000000 0.000000 0.000000
vn -1.000000 0.000000 0.000000
vn -1.000000 0.000000 0.000000
vn -1.000000 0.000000 0.000000
vn -1.000000 0.000000 0.000000
vn -0.707107 0.707107 0.000000
vn -0.707107 0.707107 0.000000
vn -0.707107 0.707107 0.000000
vn -0.707107 0.707107 0.000000
vn -0.707107 0.707107 0.000000
vn 0.707107 0.707107 0.000000
vn 0.707107 0.707107 0.000000
vn 0.707107 0.707107 0.000000
vn 0.707107 0.707107 0.000000
vn 0.707107 0.707107 0.000000
vn 0.000000 0.500000 0.866025
vn 0.000000 0.500000 0.866025
vn 0.000000 0.500000 0.866025
vn 0.000000 0.500000 0.866025
vn 0.461940 0.191342 0.866025
vn 0.461940 0.191342 0.866025
vn 0.461940 0.191342 0.866025
vn 0.461940 0.191342 0.866025
vn 0.353553 -0.353553 0.866025
vn 0.353553 -0.353553 0.866025
vn 0.353553 -0.353553 0.866025
vn 0.353553 -0.353553 0.866025
vn -0.461940 -0.191342 0.866025
vn -0.461940 -0.191342 0.866025
vn -0.461940 -0.191342 0.866025
vn -0.461940 -0.191342 0.866025
vn 0.000000 0.000000 1.000000
vn 0.000000 0.000000 1.000000
vn 0.000000 0.000000 1.000000
vn 0.000000 0.000000 1.000000
vn -0.461940 -0.191342 0.866025
vn -0.461940 -0.191342 0.866025
vn -0.461940 -0.191342 0.866025
vn -0.461940 -0.191342 0.866025
vn -0.415735 0.277785 0.866025
vn -0.415735 0.277785 0.866025
vn -0.415735 0.277785 0.866025
vn -0.415735 0.277785 0.866025
vn 0.000000 0.500000 0.866025
vn 0.000000 0.500000 0.866025
vn 0.000000 0.500000 0.866025
vn 0.000000 0.500000 0.866025
vn 0.415735 -0.277785 0.866025
vn 0.415735 -0.277785 0.866025
vn 0.415735 -0.277785 0.866025
vn 0.415735 -0.277785 0.866025
vn 0.000000 0.000000 1.000000
vn 0.000000 0.000000 1.000000
vn 0.000000 0.000000 1.000000
vn 0.000000 0.000000 1.000000
vn 0.353553 -0.353553 0.866025
vn 0.353553 -0.353553 0.866025
vn 0.353553 -0.353553 0.866025
vn 0.353553 -0.353553 0.866025
vn -0.191342 -0.461940 0.866025
vn -0.191342 -0.461940 0.866025
vn -0.191342 -0.461940 0.866025
vn -0.191342 -0.461940 0.866025
vn -0.500000 0.000000 0.866025
vn -0.500000 0.000000 0.866025
vn -0.500000 0.000000 0.866025
vn -0.500000 0.000000 0.866025
vn 0.191342 0.461940 0.866025
vn 0.191342 0.461940 0.866025
vn 0.191342 0.461940 0.866025
vn 0.191342 0.461940 0.866025
vn 0.000000 0.000000 1.000000
vn 0.000000 0.000000 1.000000
vn 0.000000 0.000000 1.000000
vn 0.000000 0.000000 1.000000
vn 0.353553 0.353553 0.866025
vn 0.353553 0.353553 0.866025
vn 0.353553 0.353553 0.866025
vn 0.353553 0.353553 0.866025
vn 0.461940 -0.191342 0.866025
vn 0.461940 -0.191342 0.866025
vn 0.461940 -0.191342 0.866025
vn 0.461940 -0.191342 0.866025
vn 0.000000 -0.500000 0.866025
vn 0.000000 -0.500000 0.866025
vn 0.000000 -0.500000 0.866025
vn 0.000000 -0.500000 0.866025
vn -0.461940 0.191342 0.866025
vn -0.461940 0.191342 0.866025
vn -0.461940 0.191342 0.866025
vn -0.461940 0.191342 0.866025
vn 0.000000 0.000000 1.000000
vn 0.000000 0.000000 1.000000
vn 0.000000 0.000000 1.000000
vn 0.000000 0.000000 1.000000
vn 0.500000 -0.000000 0.866025
vn 0.500000 -0.000000 0.866025
vn 0.500000 -0.000000 0.866025
vn 0.500000 -0.000000 0.866025
vn 0.191342 -0.461940 0.866025
vn 0.191342 -0.461940 0.866025
vn 0.191342 -0.461940 0.866025
vn 0.191342 -0.461940 0.866025
vn -0.353553 -0.353553 0.866025
vn -0.353553 -0.353553 0.866025
vn -0.353553 -0.353553 0.866025
vn -0.353553 -0.353553 0.866025
vn -0.191342 0.461940 0.866025
vn -0.191342 0.461940 0.866025
vn -0.191342 0.461940 0.866025
vn -0.191342 0.461940 0.866025
vn 0.000000 0.000000 1.000000
vn 0.000000 0.000000 1.000000
vn 0.000000 0.000000 1.000000
vn 0.000000 0.000000 1.000000
vn 0.000000 -0.500000 0.866025
vn 0.000000 -0.500000 0.866025
vn 0.000000 -0.500000 0.866025
vn 0.000000 -0.500000 0.866025
vn -0.461940 -0.191342 0.866025
vn -0.461940 -0.191342 0.866025
vn -0.461940 -0.191342 0.866025
vn -0.461940 -0.191342 0.866025
vn -0.353553 0.353553 0.866025
vn -0.353553 0.353553 0.866025
vn -0.353553 0.353553 0.866025
vn -0.353553 0.353553 0.866025
vn 0.461940 0.191342 0.866025
vn 0.461940 0.191342 0.866025
vn 0.461940 0.191342 0.866025
vn 0.461940 0.191342 0.866025
vn 0.000000 0.000000 1.000000
vn 0.000000 0.000000 1.000000
vn 0.000000 0.000000 1.000000
vn 0.000000 0.000000 1.000000
vn -0.097545 -0.490393 0.866025
vn -0.097545 -0.490393 0.866025
vn -0.097545 -0.490393 0.866025
vn -0.097545 -0.490393 0.866025
vn -0.353553 0.353553 0.866025
vn -0.353553 0.353553 0.866025
vn -0.353553 0.353553 0.866025
vn -0.353553 0.353553 0.866025
vn 0.097545 0.490393 0.866025
vn 0.097545 0.490393 0.866025
vn 0.097545 0.490393 0.866025
vn 0.097545 0.490393 0.866025
vn 0.461940 0.191342 0.866025
vn 0.461940 0.191342 0.866025
vn 0.461940 0.191342 0.866025
vn 0.461940 0.191342 0.866025
vn 0.000000 0.000000 1.000000
vn 0.000000 0.000000 1.000000
vn 0.000000 0.000000 1.000000
vn 0.000000 0.000000 1.000000
vn 0.382683 -0.923880 0.000000
vn 0.382683 -0.923880 0.000000
vn 0.382683 -0.923880 0.000000
vn 0.382683 -0.923880 0.000000
vn 0.000000 0.000000 1.000000
vn 0.000000 0.000000 1.000000
vn 0.000000 0.000000 1.000000
vn 0.000000 0.000000 1.000000
vn 0.000000 0.000000 1.000000
vn 0.000000 0.000000 1.000000
vn 0.000000 0.000000 1.000000
vn 0.000000 0.000000 1.000000
vn 0.000000 0.000000 1.000000
vn 0.000000 0.000000 1.000000
vn 0.000000 0.000000 1.000000
vn 0.000000 0.000000 1.000000
vn 0.000000 0.000000 1.000000
vn 0.000000 0.000000 1.000000
vn 0.000000 0.000000 1.000000
vn 0.000000 0.000000 1.000000
vn 0.000000 0.000000 1.000000
vn 0.000000 0.000000 1.000000
vn 0.000000 0.000000 1.000000
vn 0.000000 0.000000 1.000000
vn 0.000000 0.000000 1.000000
vn 0.000000 0.000000 1.000000
vn 0.000000 0.000000 1.000000
vn 0.000000 0.000000 1.000000
vn 0.000000 0.000000 1.000000
vn 0.000000 0.000000 1.000000
vn 0.000000 0.000000 1.000000
vn 0.000000 0.000000 1.000000
vn 0.000000 0.000000 1.000000
vn 0.000000 0.000000 1.000000
vn 0.000000 0.000000 1.000000
vn 0.000000 0.000000 1.000000
vn 0.000000 0.000000 1.000000
vn 0.000000 0.000000 1.000000
vn 0.000000 0.000000 1.000000
vn 0.000000 0.000000 1.000000
vn 0.000000 0.000000 1.000000
vn 0.000000 0.000000 1.000000
vn 0.000000 0.000000 1.000000
vn 0.000000 0.000000 1.000000
vn 0.000000 0.000000 1.000000
vn 0.000000 0.000000 1.000000
vn 0.000000 0.000000 1.000000
vn 0.000000 0.000000 1.000000
vn 0.000000 0.000000 1.000000
vn 0.000000 0.000000 1.000000
vn 0.000000 0.000000 1.000000
vn 0.000000 0.000000 1.000000
vn 0.000000 0.000000 1.000000
vn 0.000000 0.000000 1.000000
vn 0.000000 0.000000 1.000000
vn 0.000000 0.000000 1.000000
vn 0.000000 0.000000 1.000000
vn 0.000000 0.000000 1.000000
vn 0.000000 0.000000 1.000000
vn 0.000000 0.000000 1.000000
vn 0.000000 0.000000 1.000000
vn 0.000000 0.000000 1.000000
vn 0.000000 0.000000 1.000000
vn 0.000000 0.000000 1.000000
vn 0.000000 0.000000 1.000000
vn 0.000000 0.000000 1.000000
vn -0.831470 0.555570 0.000000
vn -0.831470 0.555570 0.000000
vn -0.831470 0.555570 0.000000
vn -0.831470 0.555570 0.000000
vn -0.923880 -0.382683 0.000000
vn -0.923880 -0.382683 0.000000
vn -0.923880 -0.382683 0.000000
vn -0.923880 -0.382683 0.000000
vn 0.923880 -0.382683 0.000000
vn 0.923880 -0.382683 0.000000
vn 0.923880 -0.382683 0.000000
vn 0.923880 -0.382683 0.000000
vn 0.195090 0.980785 -0.000000
vn 0.195090 0.980785 -0.000000
vn 0.195090 0.980785 -0.000000
vn 0.195090 0.980785 -0.000000
vn 0.923880 0.382683 0.000000
vn 0.923880 0.382683 0.000000
vn 0.923880 0.382683 0.000000
vn 0.923880 0.382683 0.000000
vn 0.923880 0.382683 0.000000
vn 0.923880 0.382683 0.000000
vn 0.923880 0.382683 0.000000
vn 0.923880 0.382683 0.000000
vn 0.923880 0.382683 0.000000
vn -0.382683 -0.923880 0.000000
vn -0.382683 -0.923880 0.000000
vn -0.382683 -0.923880 0.000000
vn -0.382683 -0.923880 0.000000
vn 0.923880 0.382683 -0.000000
vn 0.923880 0.382683 -0.000000
vn 0.923880 0.382683 -0.000000
vn 0.923880 0.382683 -0.000000
vn 0.000000 1.000000 0.000000
vn 0.000000 1.000000 0.000000
vn 0.000000 1.000000 0.000000
vn 0.000000 1.000000 0.000000
vn 0.000000 1.000000 0.000000
vn 0.000000 1.000000 0.000000
vn 0.000000 1.000000 0.000000
vn 0.000000 1.000000 0.000000
vn 0.000000 1.000000 0.000000
vn 0.000000 1.000000 0.000000
vn 0.000000 1.000000 0.000000
vn 0.000000 1.000000 0.000000
vn 0.054120 -0.130656 0.989949
vn 0.054120 -0.130656 0.989949
vn 0.054120 -0.130656 0.989949
vn 0.054120 -0.130656 0.989949
vn 0.382683 -0.923880 -0.000000
vn 0.382683 -0.923880 -0.000000
vn 0.382683 -0.923880 -0.000000
vn 0.382683 -0.923880 -0.000000
vn -0.100000 -0.100000 0.989949
vn -0.100000 -0.100000 0.989949
vn -0.100000 -0.100000 0.989949
vn -0.100000 -0.100000 0.989949
vn 0.707107 -0.707107 0.000000
vn 0.707107 -0.707107 0.000000
vn 0.707107 -0.707107 0.000000
vn 0.707107 -0.707107 0.000000
vn 0.707107 -0.707107 0.000000
vn 0.707107 -0.707107 0.000000
vn 0.707107 -0.707107 0.000000
vn 0.707107 -0.707107 0.000000
vn 0.707107 -0.707107 0.000000
vn -0.707107 -0.707107 -0.000000
vn -0.707107 -0.707107 -0.000000
vn -0.707107 -0.707107 -0.000000
vn -0.707107 -0.707107 -0.000000
vn -0.141421 0.000000 0.989949
vn -0.141421 0.000000 0.989949
vn -0.141421 0.000000 0.989949
vn -0.141421 0.000000 0.989949
vn -0.000000 -1.000000 -0.000000
vn -0.000000 -1.000000 -0.000000
vn -0.000000 -1.000000 -0.000000
vn -0.000000 -1.000000 -0.000000
vn -0.000000 -1.000000 -0.000000
vn -0.000000 -1.000000 -0.000000
vn -0.000000 -1.000000 -0.000000
vn -0.000000 -1.000000 -0.000000
vn -0.000000 -1.000000 -0.000000
vn -0.000000 -1.000000 -0.000000
vn -0.000000 -1.000000 -0.000000
vn -0.000000 -1.000000 -0.000000
vn -1.000000 0.000000 -0.000000
vn -1.000000 0.000000 -0.000000
vn -1.000000 0.000000 -0.000000
vn -1.000000 0.000000 -0.000000
vn -0.100000 0.100000 0.989949
vn -0.100000 0.100000 0.989949
vn -0.100000 0.100000 0.989949
vn -0.100000 0.100000 0.989949
vn -0.707107 -0.707107 -0.000000
vn -0.707107 -0.707107 -0.000000
vn -0.707107 -0.707107 -0.000000
vn -0.707107 -0.707107 -0.000000
vn -0.707107 -0.707107 -0.000000
vn -0.707107 -0.707107 -0.000000
vn -0.707107 -0.707107 -0.000000
vn -0.707107 -0.707107 -0.000000
vn -0.707107 -0.707107 -0.000000
vn -0.707107 -0.707107 -0.000000
vn -0.707107 -0.707107 -0.000000
vn -0.707107 -0.707107 -0.000000
vn -0.707107 0.707107 -0.000000
vn -0.707107 0.707107 -0.000000
vn -0.707107 0.707107 -0.000000
vn -0.707107 0.707107 -0.000000
vn 0.000000 0.141421 0.989949
vn 0.000000 0.141421 0.989949
vn 0.000000 0.141421 0.989949
vn 0.000000 0.141421 0.989949
vn -1.000000 0.000000 0.000000
vn -1.000000 0.000000 0.000000
vn -1.000000 0.000000 0.000000
vn -1.000000 0.000000 0.000000
vn -1.000000 0.000000 0.000000
vn -1.000000 0.000000 0.000000
vn -1.000000 0.000000 0.000000
vn -1.000000 0.000000 0.000000
vn -1.000000 0.000000 0.000000
vn -1.000000 0.000000 0.000000
vn -1.000000 0.000000 0.000000
vn -1.000000 0.000000 0.000000
vn 0.000000 1.000000 0.000000
vn 0.000000 1.000000 0.000000
vn 0.000000 1.000000 0.000000
vn 0.000000 1.000000 0.000000
vn 0.100000 0.100000 0.989949
vn 0.100000 0.100000 0.989949
vn 0.100000 0.100000 0.989949
vn 0.100000 0.100000 0.989949
vn -0.707107 0.707107 0.000000
vn -0.707107 0.707107 0.000000
vn -0.707107 0.707107 0.000000
vn -0.707107 0.707107 0.000000
vn -0.707107 0.707107 0.000000
vn -0.707107 0.707107 0.000000
vn -0.707107 0.707107 0.000000
vn -0.707107 0.707107 0.000000
vn -0.707107 0.707107 0.000000
vn -0.707107 0.707107 0.000000
vn -0.707107 0.707107 0.000000
vn -0.707107 0.707107 0.000000
vn 0.707107 0.707107 0.000000
vn 0.707107 0.707107 0.000000
vn 0.707107 0.707107 0.000000
vn 0.707107 0.707107 0.000000
vn 0.141421 0.000000 0.989949
vn 0.141421 0.000000 0.989949
vn 0.141421 0.000000 0.989949
vn 0.141421 0.000000 0.989949
vn -0.000000 1.000000 0.000000
vn -0.000000 1.000000 0.000000
vn -0.000000 1.000000 0.000000
vn -0.000000 1.000000 0.000000
vn -0.000000 1.000000 0.000000
vn -0.000000 1.000000 0.000000
vn -0.000000 1.000000 0.000000
vn -0.000000 1.000000 0.000000
vn -0.000000 1.000000 0.000000
vn 1.000000 0.000000 0.000000
vn 1.000000 0.000000 0.000000
vn 1.000000 0.000000 0.000000
vn 1.000000 0.000000 0.000000
vn -0.707107 -0.707107 -0.000000
vn -0.707107 -0.707107 -0.000000
vn -0.707107 -0.707107 -0.000000
vn -0.707107 -0.707107 -0.000000
vn 1.000000 0.000000 0.000000
vn 1.000000 0.000000 0.000000
vn 1.000000 0.000000 0.000000
vn 1.000000 0.000000 0.000000
vn 0.382683 -0.923880 0.000000
vn 0.382683 -0.923880 0.000000
vn 0.382683 -0.923880 0.000000
vn 0.382683 -0.923880 0.000000
vn 0.382683 -0.923880 0.000000
vn 0.382683 -0.923880 0.000000
vn 0.382683 -0.923880 0.000000
vn 0.382683 -0.923880 0.000000
vn 0.707107 0.707107 0.000000
vn 0.707107 0.707107 0.000000
vn 0.707107 0.707107 0.000000
vn 0.707107 0.707107 0.000000
vn 0.707107 0.707107 0.000000
vn 0.707107 0.707107 0.000000
vn 0.707107 0.707107 0.000000
vn 0.707107 0.707107 0.000000
vn 0.707107 0.707107 0.000000
vn 0.707107 0.707107 0.000000
vn 0.707107 0.707107 0.000000
vn 0.707107 0.707107 0.000000
vn 1.000000 -0.000000 0.000000
vn 1.000000 -0.000000 0.000000
vn 1.000000 -0.000000 0.000000
vn 1.000000 -0.000000 0.000000
vn 1.000000 -0.000000 0.000000
vn 1.000000 -0.000000 0.000000
vn 1.000000 -0.000000 0.000000
vn 1.000000 -0.000000 0.000000
vn 1.000000 -0.000000 0.000000
vn 1.000000 -0.000000 0.000000
vn 1.000000 -0.000000 0.000000
vn 1.000000 -0.000000 0.000000
vn 0.707107 -0.707107 0.000000
vn 0.707107 -0.707107 0.000000
vn 0.707107 -0.707107 0.000000
vn 0.707107 -0.707107 0.000000
vn 0.707107 -0.707107 0.000000
vn 0.707107 -0.707107 0.000000
vn 0.707107 -0.707107 0.000000
vn 0.707107 -0.707107 0.000000
vn 0.707107 -0.707107 0.000000
vn 0.707107 -0.707107 0.000000
vn 0.707107 -0.707107 0.000000
vn 0.707107 -0.707107 0.000000
vn 0.707107 -0.707107 0.000000
vn 0.707107 -0.707107 0.000000
vn 0.707107 -0.707107 0.000000
vn 0.707107 -0.707107 0.000000
vn -0.000000 -1.000000 -0.000000
vn -0.000000 -1.000000 -0.000000
vn -0.000000 -1.000000 -0.000000
vn -0.000000 -1.000000 -0.000000
vn 0.000000 0.000000 -1.000000
vn 0.000000 0.000000 -1.000000
vn 0.000000 0.000000 -1.000000
vn 0.000000 0.000000 -1.000000
vn 0.000000 0.000000 -1.000000
vn 0.000000 0.000000 -1.000000
vn 0.000000 0.000000 -1.000000
vn 0.000000 0.000000 -1.000000
vn 0.000000 0.000000 -1.000000
vn 0.000000 0.000000 -1.000000
vn 0.000000 0.000000 -1.000000
vn 0.000000 -1.000000 0.000000
vn 0.000000 -1.000000 0.000000
vn 0.000000 -1.000000 0.000000
vn 0.000000 -1.000000 0.000000
vn -0.707107 -0.707107 -0.000000
vn -0.707107 -0.707107 -0.000000
vn -0.707107 -0.707107 -0.000000
vn -0.707107 -0.707107 -0.000000
vn 0.000000 0.000000 -1.000000
vn 0.000000 0.000000 -1.000000
vn 0.000000 0.000000 -1.000000
vn 0.000000 0.000000 -1.000000
vn 0.000000 0.000000 -1.000000
vn 0.000000 0.000000 -1.000000
vn 0.000000 0.000000 -1.000000
vn 0.000000 0.000000 -1.000000
vn 0.000000 0.000000 -1.000000
vn 0.000000 0.000000 -1.000000
vn 0.000000 0.000000 -1.000000
vn 0.000000 0.000000 -1.000000
vn 0.000000 0.000000 -1.000000
vn 0.000000 0.000000 -1.000000
vn 0.000000 0.000000 -1.000000
vn 0.000000 0.000000 -1.000000
vn 0.000000 0.000000 -1.000000
vn 0.000000 0.000000 -1.000000
vn 0.000000 0.000000 -1.000000
vn 0.000000 0.000000 -1.000000
vn 0.000000 0.000000 -1.000000
vn 0.000000 0.000000 -1.000000
vn 0.000000 0.000000 -1.000000
vn 0.000000 0.000000 -1.000000
vn 0.000000 0.000000 -1.000000
vn 0.000000 0.000000 -1.000000
vn 0.000000 0.000000 -1.000000
vn 0.000000 0.000000 -1.000000
vn 0.000000 0.000000 -1.000000
vn 0.000000 0.000000 -1.000000
vn 0.000000 0.000000 -1.000000
vn 0.000000 0.000000 -1.000000
vn 0.000000 0.000000 -1.000000
vn 0.000000 0.000000 -1.000000
vn 0.000000 0.000000 -1.000000
vn -0.382683 0.923880 0.000000
vn -0.382683 0.923880 0.000000
vn -0.382683 0.923880 0.000000
vn -0.382683 0.923880 0.000000
vn -1.000000 -0.000000 -0.000000
vn -1.000000 -0.000000 -0.000000
vn -1.000000 -0.000000 -0.000000
vn -1.000000 -0.000000 -0.000000
vn 0.000000 0.000000 -1.000000
vn 0.000000 0.000000 -1.000000
vn 0.000000 0.000000 -1.000000
vn 0.000000 0.000000 -1.000000
vn 0.000000 0.000000 -1.000000
vn 0.000000 0.000000 -1.000000
vn 1.000000 -0.000000 0.000000
vn 1.000000 -0.000000 0.000000
vn 1.000000 -0.000000 0.000000
vn 1.000000 -0.000000 0.000000
vn 0.707107 -0.707107 0.000000
vn 0.707107 -0.707107 0.000000
vn 0.707107 -0.707107 0.000000
vn 0.707107 -0.707107 0.000000
vn 0.000000 0.000000 -1.000000
vn 0.000000 0.000000 -1.000000
vn 0.000000 0.000000 -1.000000
vn 0.000000 0.000000 -1.000000
vn 0.000000 0.000000 -1.000000
vn 0.000000 0.000000 -1.000000
vn 0.000000 0.000000 -1.000000
vn 0.000000 0.000000 -1.000000
vn 0.000000 0.000000 -1.000000
vn 0.000000 0.000000 -1.000000
vn 0.000000 0.000000 -1.000000
vn 0.000000 0.000000 -1.000000
vn 0.000000 0.000000 -1.000000
vn 0.000000 0.000000 -1.000000
vn 0.000000 0.000000 -1.000000
vn 0.000000 0.000000 -1.000000
vn 0.000000 0.000000 -1.000000
vn 0.000000 0.000000 -1.000000
vn 0.000000 0.000000 -1.000000
vn 0.000000 0.000000 -1.000000
vn 0.000000 0.000000 -1.000000
vn 0.000000 0.000000 -1.000000
vn 0.000000 0.000000 -1.000000
vn 0.000000 0.000000 -1.000000
vn 0.000000 0.000000 -1.000000
vn 0.000000 0.000000 -1.000000
vn 0.000000 0.000000 -1.000000
vn 0.000000 0.000000 -1.000000
vn 0.000000 0.000000 -1.000000
vn 0.000000 0.000000 -1.000000
vn 0.000000 0.000000 -1.000000
vn 0.000000 0.000000 -1.000000
vn 0.000000 0.000000 -1.000000
vn 0.000000 0.000000 -1.000000
vn 0.000000 0.000000 -1.000000
vn 0.707107 0.707107 0.000000
vn 0.707107 0.707107 0.000000
vn 0.707107 0.707107 0.000000
vn 0.707107 0.707107 0.000000
vn -0.382683 0.923880 0.000000
vn -0.382683 0.923880 0.000000
vn -0.382683 0.923880 0.000000
vn -0.382683 0.923880 0.000000
vn 0.000000 0.000000 -1.000000
vn 0.000000 0.000000 -1.000000
vn 0.000000 0.000000 -1.000000
vn 0.000000 0.000000 -1.000000
vn 0.000000 0.000000 -1.000000
vn 0.000000 0.000000 -1.000000
vn -0.707107 0.707107 0.000000
vn -0.707107 0.707107 0.000000
vn -0.707107 0.707107 0.000000
vn -0.707107 0.707107 0.000000
vn -0.707107 0.707107 0.000000
vn -0.707107 0.707107 0.000000
vn -0.707107 0.707107 0.000000
vn -0.707107 0.707107 0.000000
vn -0.707107 0.707107 0.000000
vn -0.707107 -0.707107 -0.000000
vn -0.707107 -0.707107 -0.000000
vn -0.707107 -0.707107 -0.000000
vn -0.707107 -0.707107 -0.000000
vn -1.000000 0.000000 0.000000
vn -1.000000 0.000000 0.000000
vn -1.000000 0.000000 0.000000
vn -1.000000 0.000000 0.000000
vn 0.000000 0.000000 -1.000000
vn 0.000000 0.000000 -1.000000
vn 0.000000 0.000000 -1.000000
vn 0.000000 0.000000 -1.000000
vn 0.000000 0.000000 -1.000000
vn 0.000000 0.000000 -1.000000
vn 0.000000 0.000000 -1.000000
vn 0.000000 0.000000 -1.000000
vn 0.000000 0.000000 -1.000000
vn 0.000000 0.000000 -1.000000
vn 0.000000 0.000000 -1.000000
vn 0.000000 0.000000 -1.000000
vn 0.000000 0.000000 -1.000000
vn 0.000000 0.000000 -1.000000
vn 0.000000 0.000000 -1.000000
vn 0.000000 0.000000 -1.000000
vn 0.000000 0.000000 -1.000000
vn 0.000000 0.000000 -1.000000
vn 0.000000 0.000000 -1.000000
vn 0.000000 0.000000 -1.000000
vn 0.000000 0.000000 -1.000000
vn 0.000000 0.000000 -1.000000
vn 0.000000 0.000000 -1.000000
vn 0.000000 0.000000 -1.000000
vn 0.000000 0.000000 -1.000000
vn 0.000000 0.000000 -1.000000
vn 0.000000 0.000000 -1.000000
vn 0.000000 0.000000 -1.000000
vn 0.000000 0.000000 -1.000000
vn 0.000000 0.000000 -1.000000
vn 0.000000 0.000000 -1.000000
vn 0.000000 0.000000 -1.000000
vn 0.000000 0.000000 -1.000000
vn 0.000000 0.000000 -1.000000
vn 0.000000 0.000000 -1.000000
vn 0.000000 0.000000 -1.000000
vn 0.000000 0.000000 -1.000000
vn 0.000000 0.000000 -1.000000
vn 0.000000 0.000000 -1.000000
vn 0.000000 0.000000 -1.000000
vn 0.000000 0.000000 -1.000000
vn 0.000000 0.000000 -1.000000
vn 0.000000 0.000000 -1.000000
vn 0.000000 0.000000 -1.000000
vn 0.000000 0.000000 -1.000000
vn 0.707107 0.707107 0.000000
vn 0.707107 0.707107 0.000000
vn 0.707107 0.707107 0.000000
vn 0.707107 0.707107 0.000000
vn 1.000000 0.000000 0.000000
vn 1.000000 0.000000 0.000000
vn 1.000000 0.000000 0.000000
vn 1.000000 0.000000 0.000000
vn 0.000000 0.000000 -1.000000
vn 0.000000 0.000000 -1.000000
vn 0.000000 0.000000 -1.000000
vn 0.000000 0.000000 -1.000000
vn 0.000000 0.000000 -1.000000
vn 0.000000 0.000000 -1.000000
vn 0.000000 0.000000 -1.000000
vn 0.000000 0.000000 -1.000000
vn 0.000000 0.000000 -1.000000
vn 0.000000 0.000000 -1.000000
vn 0.000000 0.000000 -1.000000
vn 0.000000 0.000000 -1.000000
vn 0.000000 0.000000 -1.000000
vn 0.000000 0.000000 -1.000000
vn 0.000000 0.000000 -1.000000
vn 0.000000 0.000000 -1.000000
vn 0.000000 0.000000 -1.000000
vn 0.000000 0.000000 -1.000000
vn 0.000000 0.000000 -1.000000
vn 0.000000 0.000000 -1.000000
vn 0.000000 0.000000 -1.000000
vn 0.000000 0.000000 -1.000000
vn 0.000000 0.000000 -1.000000
vn 0.000000 0.000000 -1.000000
vn 0.000000 0.000000 -1.000000
vn 0.000000 0.000000 -1.000000
vn 0.000000 0.000000 -1.000000
vn 0.000000 0.000000 -1.000000
vn 0.000000 0.000000 -1.000000
vn 0.000000 0.000000 -1.000000
vn 0.000000 0.000000 -1.000000
vn 0.000000 0.000000 -1.000000
vn 0.000000 0.000000 -1.000000
vn 0.000000 0.000000 -1.000000
vn 0.000000 0.000000 -1.000000
vn 0.000000 0.000000 -1.000000
vn 0.000000 0.000000 -1.000000
vn 0.000000 0.000000 -1.000000
vn 0.000000 0.000000 -1.000000
vn 0.000000 0.000000 -1.000000
vn 0.000000 0.000000 -1.000000
vn 0.000000 0.000000 -1.000000
vn 0.000000 0.000000 -1.000000
vn 0.000000 0.000000 -1.000000
vn 0.000000 0.000000 -1.000000
vn -0.865013 0.501749 0.000000
vn -0.866025 0.500000 0.000000
vn -0.965401 0.260770 0.000000
vn -0.965926 0.258819 0.000000
vn -0.999998 0.002021 0.000000
vn -1.000000 0.000000 0.000000
vn -0.966447 -0.256867 0.000000
vn -0.965926 -0.258819 0.000000
vn -0.867034 -0.498249 0.000000
vn -0.866025 -0.500000 0.000000
vn -0.708534 -0.705677 0.000000
vn -0.707107 -0.707107 0.000000
vn -0.501749 -0.865013 0.000000
vn -0.500000 -0.866025 0.000000
vn -0.260770 -0.965401 0.000000
vn -0.258819 -0.965926 0.000000
vn -0.002021 -0.999998 0.000000
vn 0.000000 -1.000000 0.000000
vn 0.256867 -0.966447 0.000000
vn 0.258819 -0.965926 0.000000
vn 0.498249 -0.867034 0.000000
vn 0.500000 -0.866025 0.000000
vn 0.705677 -0.708534 0.000000
vn 0.707107 -0.707107 0.000000
vn 0.865013 -0.501749 0.000000
vn 0.866025 -0.500000 0.000000
vn 0.965401 -0.260770 0.000000
vn 0.965926 -0.258819 0.000000
vn 0.999998 -0.002021 0.000000
vn 1.000000 0.000000 -0.000000
vn 0.966447 0.256867 -0.000000
vn 0.965926 0.258819 -0.000000
vn 0.867034 0.498249 -0.000000
vn 0.866025 0.500000 -0.000000
vn 0.708534 0.705677 -0.000000
vn 0.707107 0.707107 -0.000000
vn 0.501749 0.865013 -0.000000
vn 0.500000 0.866025 -0.000000
vn 0.260770 0.965401 -0.000000
vn 0.258819 0.965926 -0.000000
vn 0.002021 0.999998 -0.000000
vn 0.000000 1.000000 -0.000000
vn -0.256867 0.966447 0.000000
vn -0.258819 0.965926 0.000000
vn -0.498249 0.867034 0.000000
vn -0.500000 0.866025 0.000000
vn -0.705677 0.708534 0.000000
vn -0.707107 0.707107 0.000000
vn -0.000000 -0.000000 -1.000000
vn -0.000000 -0.000000 -1.000000
vn -0.000000 -0.000000 -1.000000
vn -0.000000 -0.000000 -1.000000
vn -0.000000 -0.000000 -1.000000
vn -0.000000 -0.000000 -1.000000
vn -0.000000 -0.000000 -1.000000
vn -0.000000 -0.000000 -1.000000
vn -0.000000 -0.000000 -1.000000
vn -0.000000 -0.000000 -1.000000
vn -0.000000 -0.000000 -1.000000
vn -0.000000 -0.000000 -1.000000
vn -0.000000 -0.000000 -1.000000
vn -0.000000 -0.000000 -1.000000
vn -0.000000 -0.000000 -1.000000
vn -0.000000 -0.000000 -1.000000
vn -0.000000 -0.000000 -1.000000
vn -0.000000 -0.000000 -1.000000
vn -0.000000 -0.000000 -1.000000
vn -0.000000 -0.000000 -1.000000
vn -0.000000 -0.000000 -1.000000
vn -0.000000 -0.000000 -1.000000
vn -0.000000 -0.000000 -1.000000
vn -0.000000 -0.000000 -1.000000
vn 0.256867 -0.966447 0.000000
vn 0.258819 -0.965926 0.000000
vn 0.498249 -0.867034 0.000000
vn 0.500000 -0.866025 0.000000
vn 0.705677 -0.708534 0.000000
vn 0.707107 -0.707107 0.000000
vn 0.865013 -0.501749 0.000000
vn 0.866025 -0.500000 0.000000
vn 0.965401 -0.260770 0.000000
vn 0.965926 -0.258819 0.000000
vn 0.999998 -0.002021 0.000000
vn 1.000000 0.000000 -0.000000
vn 0.966447 0.256867 -0.000000
vn 0.965926 0.258819 -0.000000
vn 0.867034 0.498249 -0.000000
vn 0.866025 0.500000 -0.000000
vn 0.708534 0.705677 -0.000000
vn 0.707107 0.707107 -0.000000
vn 0.501749 0.865013 -0.000000
vn 0.500000 0.866025 -0.000000
vn 0.260770 0.965401 -0.000000
vn 0.258819 0.965926 -0.000000
vn 0.002021 0.999998 -0.000000
vn 0.000000 1.000000 -0.000000
vn -0.256867 0.966447 0.000000
vn -0.258819 0.965926 0.000000
vn -0.498249 0.867034 0.000000
vn -0.500000 0.866025 0.000000
vn -0.705677 0.708534 0.000000
vn -0.707107 0.707107 0.000000
vn -0.865013 0.501749 0.000000
vn -0.866025 0.500000 0.000000
vn -0.965401 0.260770 0.000000
vn -0.965926 0.258819 0.000000
vn -0.999998 0.002021 0.000000
vn -1.000000 0.000000 0.000000
vn -0.966447 -0.256867 0.000000
vn -0.965926 -0.258819 0.000000
vn -0.867034 -0.498249 0.000000
vn -0.866025 -0.500000 0.000000
vn -0.708534 -0.705677 0.000000
vn -0.707107 -0.707107 0.000000
vn -0.501749 -0.865013 0.000000
vn -0.500000 -0.866025 0.000000
vn -0.260770 -0.965401 0.000000
vn -0.258819 -0.965926 0.000000
vn -0.002021 -0.999998 0.000000
vn 0.000000 -1.000000 0.000000
vn -0.000000 -0.000000 -1.000000
vn -0.000000 -0.000000 -1.000000
vn -0.000000 -0.000000 -1.000000
vn -0.000000 -0.000000 -1.000000
vn -0.000000 -0.000000 -1.000000
vn -0.000000 -0.000000 -1.000000
vn -0.000000 -0.000000 -1.000000
vn -0.000000 -0.000000 -1.000000
vn -0.000000 -0.000000 -1.000000
vn -0.000000 -0.000000 -1.000000
vn -0.000000 -0.000000 -1.000000
vn -0.000000 -0.000000 -1.000000
vn -0.000000 -0.000000 -1.000000
vn -0.000000 -0.000000 -1.000000
vn -0.000000 -0.000000 -1.000000
vn -0.000000 -0.000000 -1.000000
vn -0.000000 -0.000000 -1.000000
vn -0.000000 -0.000000 -1.000000
vn -0.000000 -0.000000 -1.000000
vn -0.000000 -0.000000 -1.000000
vn -0.000000 -0.000000 -1.000000
vn -0.000000 -0.000000 -1.000000
vn -0.000000 -0.000000 -1.000000
vn -0.000000 -0.000000 -1.000000
vn -0.966447 -0.256867 0.000000
vn -0.965926 -0.258819 0.000000
vn -0.867034 -0.498249 0.000000
vn -0.866025 -0.500000 0.000000
vn -0.708534 -0.705677 0.000000
vn -0.707107 -0.707107 0.000000
vn -0.501749 -0.865013 0.000000
vn -0.500000 -0.866025 0.000000
vn -0.260770 -0.965401 0.000000
vn -0.258819 -0.965926 0.000000
vn -0.002021 -0.999998 0.000000
vn 0.000000 -1.000000 0.000000
vn 0.256867 -0.966447 0.000000
vn 0.258819 -0.965926 0.000000
vn 0.498249 -0.867034 0.000000
vn 0.500000 -0.866025 0.000000
vn 0.705677 -0.708534 0.000000
vn 0.707107 -0.707107 0.000000
vn 0.865013 -0.501749 0.000000
vn 0.866025 -0.500000 0.000000
vn 0.965401 -0.260770 0.000000
vn 0.965926 -0.258819 0.000000
vn 0.999998 -0.002021 0.000000
vn 1.000000 0.000000 -0.000000
vn 0.966447 0.256867 -0.000000
vn 0.965926 0.258819 -0.000000
vn 0.867034 0.498249 -0.000000
vn 0.866025 0.500000 -0.000000
vn 0.708534 0.705677 -0.000000
vn 0.707107 0.707107 -0.000000
vn 0.501749 0.865013 -0.000000
vn 0.500000 0.866025 -0.000000
vn 0.260770 0.965401 -0.000000
vn 0.258819 0.965926 -0.000000
vn 0.002021 0.999998 -0.000000
vn 0.000000 1.000000 -0.000000
vn -0.256867 0.966447 0.000000
vn -0.258819 0.965926 0.000000
vn -0.498249 0.867034 0.000000
vn -0.500000 0.866025 0.000000
vn -0.705677 0.708534 0.000000
vn -0.707107 0.707107 0.000000
vn -0.865013 0.501749 0.000000
vn -0.866025 0.500000 0.000000
vn -0.965401 0.260770 0.000000
vn -0.965926 0.258819 0.000000
vn -0.999998 0.002021 0.000000
vn -1.000000 0.000000 0.000000
vn -0.000000 -0.000000 -1.000000
vn -0.000000 -0.000000 -1.000000
vn -0.000000 -0.000000 -1.000000
vn -0.000000 -0.000000 -1.000000
vn -0.000000 -0.000000 -1.000000
vn -0.000000 -0.000000 -1.000000
vn -0.000000 -0.000000 -1.000000
vn -0.000000 -0.000000 -1.000000
vn -0.000000 -0.000000 -1.000000
vn -0.000000 -0.000000 -1.000000
vn -0.000000 -0.000000 -1.000000
vn -0.000000 -0.000000 -1.000000
vn -0.000000 -0.000000 -1.000000
vn -0.000000 -0.000000 -1.000000
vn -0.000000 -0.000000 -1.000000
vn -0.000000 -0.000000 -1.000000
vn -0.000000 -0.000000 -1.000000
vn -0.000000 -0.000000 -1.000000
vn -0.000000 -0.000000 -1.000000
vn -0.000000 -0.000000 -1.000000
vn -0.000000 -0.000000 -1.000000
vn -0.000000 -0.000000 -1.000000
vn -0.000000 -0.000000 -1.000000
vn -0.000000 -0.000000 -1.000000
vn 0.865013 -0.501749 0.000000
vn 0.866025 -0.500000 0.000000
vn 0.965401 -0.260770 0.000000
vn 0.965926 -0.258819 0.000000
vn 0.999998 -0.002021 0.000000
vn 1.000000 0.000000 -0.000000
vn 0.966447 0.256867 -0.000000
vn 0.965926 0.258819 -0.000000
vn 0.867034 0.498249 -0.000000
vn 0.866025 0.500000 -0.000000
vn 0.708534 0.705677 -0.000000
vn 0.707107 0.707107 -0.000000
vn 0.501749 0.865013 -0.000000
vn 0.500000 0.866025 -0.000000
vn 0.260770 0.965401 -0.000000
vn 0.258819 0.965926 -0.000000
vn 0.002021 0.999998 -0.000000
vn 0.000000 1.000000 -0.000000
vn -0.256867 0.966447 0.000000
vn -0.258819 0.965926 0.000000
vn -0.498249 0.867034 0.000000
vn -0.500000 0.866025 0.000000
vn -0.705677 0.708534 0.000000
vn -0.707107 0.707107 0.000000
vn -0.865013 0.501749 0.000000
vn -0.866025 0.500000 0.000000
vn -0.965401 0.260770 0.000000
vn -0.965926 0.258819 0.000000
vn -0.999998 0.002021 0.000000
vn -1.000000 0.000000 0.000000
vn -0.966447 -0.256867 0.000000
vn -0.965926 -0.258819 0.000000
vn -0.867034 -0.498249 0.000000
vn -0.866025 -0.500000 0.000000
vn -0.708534 -0.705677 0.000000
vn -0.707107 -0.707107 0.000000
vn -0.501749 -0.865013 0.000000
vn -0.500000 -0.866025 0.000000
vn -0.260770 -0.965401 0.000000
vn -0.258819 -0.965926 0.000000
vn -0.002021 -0.999998 0.000000
vn 0.000000 -1.000000 0.000000
vn 0.256867 -0.966447 0.000000
vn 0.258819 -0.965926 0.000000
vn 0.498249 -0.867034 0.000000
vn 0.500000 -0.866025 0.000000
vn 0.705677 -0.708534 0.000000
vn 0.707107 -0.707107 0.000000
vn -0.000000 -0.000000 -1.000000
vn -0.000000 -0.000000 -1.000000
vn -0.000000 -0.000000 -1.000000
vn -0.000000 -0.000000 -1.000000
vn -0.000000 -0.000000 -1.000000
vn -0.000000 -0.000000 -1.000000
vn -0.000000 -0.000000 -1.000000
vn -0.000000 -0.000000 -1.000000
vn -0.000000 -0.000000 -1.000000
vn -0.000000 -0.000000 -1.000000
vn -0.000000 -0.000000 -1.000000
vn -0.000000 -0.000000 -1.000000
vn -0.000000 -0.000000 -1.000000
vn -0.000000 -0.000000 -1.000000
vn -0.000000 -0.000000 -1.000000
vn -0.000000 -0.000000 -1.000000
vn -0.000000 -0.000000 -1.000000
vn -0.000000 -0.000000 -1.000000
vn -0.000000 -0.000000 -1.000000
vn -0.000000 -0.000000 -1.000000
vn -0.000000 -0.000000 -1.000000
vn -0.000000 -0.000000 -1.000000
vn -0.000000 -0.000000 -1.000000
vn -0.000000 -0.000000 -1.000000
vn -0.923880 -0.382683 -0.000000
vn -0.923880 -0.382683 -0.000000
vn -0.923880 -0.382683 -0.000000
vn -0.923880 -0.382683 -0.000000
vn -0.923880 -0.382683 -0.000000
vn -0.923880 -0.382683 -0.000000
vn -0.923880 -0.382683 -0.000000
vn -0.923880 -0.382683 -0.000000
vn -0.923880 -0.382683 -0.000000
vn 0.000000 -1.000000 0.000000
vn 0.000000 -1.000000 0.000000
vn 0.000000 -1.000000 0.000000
vn 0.000000 -1.000000 0.000000
vn 0.000000 -1.000000 0.000000
vn 0.000000 -1.000000 0.000000
vn 0.000000 -1.000000 0.000000
vn 0.000000 -1.000000 0.000000
vn 0.000000 -1.000000 0.000000
vn 0.707107 0.707107 0.000000
vn 0.707107 0.707107 0.000000
vn 0.707107 0.707107 0.000000
vn 0.707107 0.707107 0.000000
vn -0.000000 1.000000 0.000000
vn -0.000000 1.000000 0.000000
vn -0.000000 1.000000 0.000000
vn -0.000000 1.000000 0.000000
vn 0.000000 0.000000 -1.000000
vn 0.000000 0.000000 -1.000000
vn 0.000000 0.000000 -1.000000
vn 0.000000 0.000000 -1.000000
vn 0.923880 0.382683 0.000000
vn 0.923880 0.382683 0.000000
vn 0.923880 0.382683 0.000000
vn 0.923880 0.382683 0.000000
vn -0.707107 0.707107 -0.000000
vn -0.707107 0.707107 -0.000000
vn -0.707107 0.707107 -0.000000
vn -0.707107 0.707107 -0.000000
vn -0.000000 -0.000000 -1.000000
vn -0.000000 -0.000000 -1.000000
vn -0.000000 -0.000000 -1.000000
vn -0.000000 -0.000000 -1.000000
vn 0.000000 1.000000 0.000000
vn 0.000000 1.000000 0.000000
vn 0.000000 1.000000 0.000000
vn 0.000000 1.000000 0.000000
vn -0.000000 -0.000000 -1.000000
vn -0.000000 -0.000000 -1.000000
vn -0.000000 -0.000000 -1.000000
vn -0.000000 -0.000000 -1.000000
vn -1.000000 0.000000 -0.000000
vn -1.000000 0.000000 -0.000000
vn -1.000000 0.000000 -0.000000
vn -1.000000 0.000000 -0.000000
vn -0.000000 -0.000000 -1.000000
vn -0.000000 -0.000000 -1.000000
vn -0.000000 -0.000000 -1.000000
vn -0.000000 -0.000000 -1.000000
vn 0.707107 0.707107 0.000000
vn 0.707107 0.707107 0.000000
vn 0.707107 0.707107 0.000000
vn 0.707107 0.707107 0.000000
vn -0.000000 -0.000000 -1.000000
vn -0.000000 -0.000000 -1.000000
vn -0.000000 -0.000000 -1.000000
vn -0.000000 -0.000000 -1.000000
vn -0.923880 -0.382683 -0.000000
vn -0.923880 -0.382683 -0.000000
vn -0.923880 -0.382683 -0.000000
vn -0.923880 -0.382683 -0.000000
vn -0.382683 0.923880 0.000000
vn -0.382683 0.923880 0.000000
vn -0.382683 0.923880 0.000000
vn -0.382683 0.923880 0.000000
vn -0.382683 0.923880 0.000000
vn -0.382683 0.923880 0.000000
vn -0.382683 0.923880 0.000000
vn -0.382683 0.923880 0.000000
vn 0.707107 0.707107 0.000000
vn 0.707107 0.707107 0.000000
vn 0.707107 0.707107 0.000000
vn 0.707107 0.707107 0.000000
vn 0.195090 0.980785 0.000000
vn 0.195090 0.980785 0.000000
vn 0.195090 0.980785 0.000000
vn 0.195090 0.980785 0.000000
vn -0.831470 0.555570 0.000000
vn -0.831470 0.555570 0.000000
vn -0.831470 0.555570 0.000000
vn -0.831470 0.555570 0.000000
vn -1.000000 -0.000000 -0.000000
vn -1.000000 -0.000000 -0.000000
vn -1.000000 -0.000000 -0.000000
vn -1.000000 -0.000000 -0.000000
vn -0.923880 -0.382683 -0.000000
vn -0.923880 -0.382683 -0.000000
vn -0.923880 -0.382683 -0.000000
vn -0.923880 -0.382683 -0.000000
vn -0.382683 -0.923880 -0.000000
vn -0.382683 -0.923880 -0.000000
vn -0.382683 -0.923880 -0.000000
vn -0.382683 -0.923880 -0.000000
vn 0.923880 0.382683 0.000000
vn 0.923880 0.382683 0.000000
vn 0.923880 0.382683 0.000000
vn 0.923880 0.382683 0.000000
vn 0.923880 -0.382683 0.000000
vn 0.923880 -0.382683 0.000000
vn 0.923880 -0.382683 0.000000
vn 0.923880 -0.382683 0.000000
vn 0.382683 -0.923880 0.000000
vn 0.382683 -0.923880 0.000000
vn 0.382683 -0.923880 0.000000
vn 0.382683 -0.923880 0.000000
vn -0.707107 0.707107 0.000000
vn -0.707107 0.707107 0.000000
vn -0.707107 0.707107 0.000000
vn -0.707107 0.707107 0.000000
vn -1.000000 0.000000 0.000000
vn -1.000000 0.000000 0.000000
vn -1.000000 0.000000 0.000000
vn -1.000000 0.000000 0.000000
vn -0.000000 -0.000000 -1.000000
vn -0.000000 -0.000000 -1.000000
vn -0.000000 -0.000000 -1.000000
vn -0.000000 -0.000000 -1.000000
vn -0.000000 -0.000000 -1.000000
vn -0.000000 -0.000000 -1.000000
vn -0.000000 -0.000000 -1.000000
vn -0.000000 -0.000000 -1.000000
vn -0.000000 -0.000000 -1.000000
vn -0.000000 -0.000000 -1.000000
vn -0.000000 -0.000000 -1.000000
vn -0.000000 -0.000000 -1.000000
vn -0.000000 -0.000000 -1.000000
vn -0.000000 -0.000000 -1.000000
vn 0.824205 -0.566291 -0.000000
vn 0.824205 -0.566291 -0.000000
vn 0.824205 -0.566291 -0.000000
vn 0.824205 -0.566291 -0.000000
vn -0.926092 0.377297 -0.000000
vn -0.926092 0.377297 -0.000000
vn -0.979353 0.202157 -0.000000
vn -0.979626 0.200832 -0.000000
vn -0.999801 0.019939 -0.000000
vn -0.999847 0.017514 -0.000000
vn -0.985873 -0.167492 0.000000
vn -0.985478 -0.169803 0.000000
vn -0.934488 -0.355995 0.000000
vn -0.934488 -0.355995 0.000000
vn -0.178885 0.983870 -0.000000
vn -0.178885 0.983870 -0.000000
vn -0.178885 0.983870 -0.000000
vn -0.178885 0.983870 -0.000000
vn 0.000000 0.000000 1.000000
vn 0.000000 0.000000 1.000000
vn 0.000000 0.000000 1.000000
vn 0.000000 0.000000 1.000000
vn 0.000000 0.000000 1.000000
vn 0.000000 0.000000 1.000000
vn 0.178885 -0.983870 -0.000000
vn 0.178885 -0.983870 -0.000000
vn 0.178885 -0.983870 -0.000000
vn 0.178885 -0.983870 -0.000000
vn -0.824205 0.566291 -0.000000
vn -0.824205 0.566291 -0.000000
vn -0.824205 0.566291 -0.000000
vn -0.824205 0.566291 -0.000000
vn 0.926092 -0.377297 -0.000000
vn 0.926092 -0.377297 -0.000000
vn 0.979353 -0.202157 -0.000000
vn 0.979626 -0.200832 -0.000000
vn 0.999801 -0.019939 -0.000000
vn 0.999847 -0.017514 -0.000000
vn 0.985873 0.167492 -0.000000
vn 0.985478 0.169803 -0.000000
vn 0.934488 0.355995 -0.000000
vn 0.934488 0.355995 -0.000000
vn 0.000000 0.000000 1.000000
vn 0.000000 0.000000 1.000000
vn 0.000000 0.000000 1.000000
vn 0.000000 0.000000 1.000000
vn 0.000000 0.000000 1.000000
vn 0.000000 0.000000 1.000000
vn -0.983229 -0.182373 0.000000
vn -0.983229 -0.182373 0.000000
vn -0.983229 -0.182373 0.000000
vn -0.983229 -0.182373 0.000000
vn 0.921635 0.388057 -0.000000
vn 0.921635 0.388057 -0.000000
vn 0.835454 0.549561 -0.000000
vn 0.834710 0.550690 -0.000000
vn 0.721065 0.692867 -0.000000
vn 0.719383 0.694614 -0.000000
vn 0.578683 0.815553 -0.000000
vn 0.576769 0.816907 -0.000000
vn 0.409056 0.912509 -0.000000
vn 0.409056 0.912509 -0.000000
vn 0.822192 -0.569210 -0.000000
vn 0.822192 -0.569210 -0.000000
vn 0.822192 -0.569210 -0.000000
vn 0.822192 -0.569210 -0.000000
vn 0.000000 0.000000 1.000000
vn 0.000000 0.000000 1.000000
vn 0.000000 0.000000 1.000000
vn 0.000000 0.000000 1.000000
vn 0.000000 0.000000 1.000000
vn 0.000000 0.000000 1.000000
vn -0.822192 0.569210 -0.000000
vn -0.822192 0.569210 -0.000000
vn -0.822192 0.569210 -0.000000
vn -0.822192 0.569210 -0.000000
vn 0.983229 0.182373 -0.000000
vn 0.983229 0.182373 -0.000000
vn 0.983229 0.182373 -0.000000
vn 0.983229 0.182373 -0.000000
vn -0.921635 -0.388057 0.000000
vn -0.921635 -0.388057 0.000000
vn -0.835454 -0.549561 0.000000
vn -0.834710 -0.550690 0.000000
vn -0.721065 -0.692867 0.000000
vn -0.719383 -0.694614 0.000000
vn -0.578683 -0.815553 0.000000
vn -0.576769 -0.816907 0.000000
vn -0.409056 -0.912509 0.000000
vn -0.409056 -0.912509 0.000000
vn 0.000000 0.000000 1.000000
vn 0.000000 0.000000 1.000000
vn 0.000000 0.000000 1.000000
vn 0.000000 0.000000 1.000000
vn 0.000000 0.000000 1.000000
vn 0.000000 0.000000 1.000000
vn 0.182373 -0.983229 -0.000000
vn 0.182373 -0.983229 -0.000000
vn 0.182373 -0.983229 -0.000000
vn 0.182373 -0.983229 -0.000000
vn -0.388057 0.921635 -0.000000
vn -0.388057 0.921635 -0.000000
vn -0.549561 0.835454 -0.000000
vn -0.550690 0.834710 -0.000000
vn -0.692867 0.721065 -0.000000
vn -0.694614 0.719383 -0.000000
vn -0.815553 0.578683 -0.000000
vn -0.816907 0.576769 -0.000000
vn -0.912509 0.409056 -0.000000
vn -0.912509 0.409056 -0.000000
vn 0.569210 0.822192 -0.000000
vn 0.569210 0.822192 -0.000000
vn 0.569210 0.822192 -0.000000
vn 0.569210 0.822192 -0.000000
vn 0.000000 0.000000 1.000000
vn 0.000000 0.000000 1.000000
vn 0.000000 0.000000 1.000000
vn 0.000000 0.000000 1.000000
vn 0.000000 0.000000 1.000000
vn 0.000000 0.000000 1.000000
vn -0.569210 -0.822192 0.000000
vn -0.569210 -0.822192 0.000000
vn -0.569210 -0.822192 0.000000
vn -0.569210 -0.822192 0.000000
vn -0.182373 0.983229 -0.000000
vn -0.182373 0.983229 -0.000000
vn -0.182373 0.983229 -0.000000
vn -0.182373 0.983229 -0.000000
vn 0.388057 -0.921635 -0.000000
vn 0.388057 -0.921635 -0.000000
vn 0.549561 -0.835454 -0.000000
vn 0.550690 -0.834710 -0.000000
vn 0.692867 -0.721065 -0.000000
vn 0.694614 -0.719383 -0.000000
vn 0.815553 -0.578683 -0.000000
vn 0.816907 -0.576769 -0.000000
vn 0.912509 -0.409056 -0.000000
vn 0.912509 -0.409056 -0.000000
vn 0.000000 0.000000 1.000000
vn 0.000000 0.000000 1.000000
vn 0.000000 0.000000 1.000000
vn 0.000000 0.000000 1.000000
vn 0.000000 0.000000 1.000000
vn 0.000000 0.000000 1.000000
vn -0.566291 -0.824205 0.000000
vn -0.566291 -0.824205 0.000000
vn -0.566291 -0.824205 0.000000
vn -0.566291 -0.824205 0.000000
vn 0.377297 0.926092 -0.000000
vn 0.377297 0.926092 -0.000000
vn 0.202157 0.979353 -0.000000
vn 0.200832 0.979626 -0.000000
vn 0.019939 0.999801 -0.000000
vn 0.017514 0.999847 -0.000000
vn -0.167492 0.985873 -0.000000
vn -0.169803 0.985478 -0.000000
vn -0.355995 0.934488 -0.000000
vn -0.355995 0.934488 -0.000000
vn 0.983870 0.178885 -0.000000
vn 0.983870 0.178885 -0.000000
vn 0.983870 0.178885 -0.000000
vn 0.983870 0.178885 -0.000000
vn 0.000000 0.000000 1.000000
vn 0.000000 0.000000 1.000000
vn 0.000000 0.000000 1.000000
vn 0.000000 0.000000 1.000000
vn 0.000000 0.000000 1.000000
vn 0.000000 0.000000 1.000000
vn -0.983870 -0.178885 0.000000
vn -0.983870 -0.178885 0.000000
vn -0.983870 -0.178885 0.000000
vn -0.983870 -0.178885 0.000000
vn 0.566291 0.824205 -0.000000
vn 0.566291 0.824205 -0.000000
vn 0.566291 0.824205 -0.000000
vn 0.566291 0.824205 -0.000000
vn -0.377297 -0.926092 0.000000
vn -0.377297 -0.926092 0.000000
vn -0.202157 -0.979353 0.000000
vn -0.200832 -0.979626 0.000000
vn -0.019939 -0.999801 0.000000
vn -0.017514 -0.999847 0.000000
vn 0.167492 -0.985873 -0.000000
vn 0.169803 -0.985478 -0.000000
vn 0.355995 -0.934488 -0.000000
vn 0.355995 -0.934488 -0.000000
vn 0.000000 0.000000 1.000000
vn 0.000000 0.000000 1.000000
vn 0.000000 0.000000 1.000000
vn 0.000000 0.000000 1.000000
vn 0.000000 0.000000 1.000000
vn 0.000000 0.000000 1.000000
f 263/603/595 264/604/596 266/605/597
f 266/605/597 264/604/596 265/606/598
usemtl Poliimmide_(Kapton)_1
f 263/607/599 266/608/600 267/609/601
usemtl Poliimmide_(Kapton)
f 268/610/602 269/611/603 271/612/604
f 271/612/604 269/611/603 270/613/605
usemtl Poliimmide_(Kapton)_1
f 270/614/606 269/615/607 272/616/608
usemtl Poliimmide_(Kapton)
f 272/617/609 273/618/610 270/619/611
f 270/619/611 273/618/610 274/620/612
f 270/619/611 274/620/612 271/621/613
f 272/622/614 269/623/615 273/624/616
f 273/624/616 269/623/615 275/625/617
f 275/625/617 269/623/615 268/626/618
f 267/627/619 266/628/620 277/629/621
f 277/629/621 266/628/620 276/630/622
f 276/630/622 266/628/620 265/631/623
f 279/632/624 280/633/625 278/634/626
f 278/634/626 280/633/625 281/635/627
usemtl Poliimmide_(Kapton)_1
f 278/636/628 281/637/629 282/638/630
usemtl Poliimmide_(Kapton)
f 283/639/631 284/640/632 286/641/633
f 286/641/633 284/640/632 285/642/634
usemtl Poliimmide_(Kapton)_1
f 283/643/635 286/644/636 287/645/637
usemtl Poliimmide_(Kapton)
f 289/646/638 290/647/639 288/648/640
f 288/648/640 290/647/639 291/649/641
usemtl Poliimmide_(Kapton)_1
f 288/650/642 291/651/643 292/652/644
usemtl Poliimmide_(Kapton)
f 293/653/645 294/654/646 296/655/647
f 296/655/647 294/654/646 295/656/648
usemtl Poliimmide_(Kapton)_1
f 293/657/649 296/658/650 297/659/651
usemtl Poliimmide_(Kapton)
f 299/660/652 300/661/653 298/662/654
f 298/662/654 300/661/653 301/663/655
usemtl Poliimmide_(Kapton)_1
f 298/664/656 301/665/657 302/666/658
usemtl Poliimmide_(Kapton)
f 282/667/659 303/668/660 278/669/661
f 278/669/661 303/668/660 304/670/662
f 278/669/661 304/670/662 279/671/663
f 297/672/664 296/673/665 306/674/666
f 306/674/666 296/673/665 305/675/667
f 305/675/667 296/673/665 295/676/668
f 302/677/669 301/678/670 308/679/671
f 308/679/671 301/678/670 307/680/672
f 307/680/672 301/678/670 300/681/673
f 292/682/674 291/683/675 310/684/676
f 310/684/676 291/683/675 309/685/677
f 309/685/677 291/683/675 290/686/678
f 287/687/679 286/688/680 312/689/681
f 312/689/681 286/688/680 311/690/682
f 311/690/682 286/688/680 285/691/683
f 282/692/684 281/693/685 303/694/686
f 303/694/686 281/693/685 313/695/687
f 313/695/687 281/693/685 280/696/688
f 267/697/689 277/698/690 263/699/691
f 263/699/691 277/698/690 314/700/692
f 263/699/691 314/700/692 264/701/693
f 297/702/694 306/703/695 293/704/696
f 293/704/696 306/703/695 315/705/697
f 293/704/696 315/705/697 294/706/698
f 287/707/699 312/708/700 283/709/701
f 283/709/701 312/708/700 316/710/702
f 283/709/701 316/710/702 284/711/703
f 292/712/704 310/713/705 288/714/706
f 288/714/706 310/713/705 317/715/707
f 288/714/706 317/715/707 289/716/708
f 302/717/709 308/718/710 298/719/711
f 298/719/711 308/718/710 318/720/712
f 298/719/711 318/720/712 299/721/713
f 320/722/714 321/723/715 319/724/716
f 319/724/716 321/723/715 280/725/717
f 320/726/718 322/727/719 321/728/720
f 321/728/720 322/727/719 323/729/721
f 322/730/722 324/731/723 323/732/724
f 323/732/724 324/731/723 279/733/725
f 324/734/726 319/735/727 279/736/728
f 279/736/728 319/735/727 280/737/729
f 319/738/730 324/739/731 320/740/732
f 320/740/732 324/739/731 322/741/733
f 326/742/734 327/743/735 325/744/736
f 325/744/736 327/743/735 265/745/737
f 326/746/738 328/747/739 327/748/740
f 327/748/740 328/747/739 329/749/741
f 328/750/742 330/751/743 329/752/744
f 329/752/744 330/751/743 264/753/745
f 330/754/746 325/755/747 264/756/748
f 264/756/748 325/755/747 265/757/749
f 326/758/750 325/759/751 328/760/752
f 328/760/752 325/759/751 330/761/753
f 332/762/754 333/763/755 331/764/756
f 331/764/756 333/763/755 295/765/757
f 332/766/758 334/767/759 333/768/760
f 333/768/760 334/767/759 335/769/761
f 334/770/762 336/771/763 335/772/764
f 335/772/764 336/771/763 294/773/765
f 336/774/766 331/775/767 294/776/768
f 294/776/768 331/775/767 295/777/769
f 332/778/770 331/779/771 334/780/772
f 334/780/772 331/779/771 336/781/773
f 338/782/774 339/783/775 337/784/776
f 337/784/776 339/783/775 285/785/777
f 338/786/778 340/787/779 339/788/780
f 339/788/780 340/787/779 341/789/781
f 340/790/782 342/791/783 341/792/784
f 341/792/784 342/791/783 284/793/785
f 342/794/786 337/795/787 284/796/788
f 284/796/788 337/795/787 285/797/789
f 338/798/790 337/799/791 340/800/792
f 340/800/792 337/799/791 342/801/793
f 344/802/794 345/803/795 343/804/796
f 343/804/796 345/803/795 290/805/797
f 344/806/798 346/807/799 345/808/800
f 345/808/800 346/807/799 347/809/801
f 346/810/802 348/811/803 347/812/804
f 347/812/804 348/811/803 289/813/805
f 348/814/806 343/815/807 289/816/808
f 289/816/808 343/815/807 290/817/809
f 343/818/810 348/819/811 344/820/812
f 344/820/812 348/819/811 346/821/813
f 350/822/814 351/823/815 349/824/816
f 349/824/816 351/823/815 300/825/817
f 350/826/818 352/827/819 351/828/820
f 351/828/820 352/827/819 353/829/821
f 352/830/822 354/831/823 353/832/824
f 353/832/824 354/831/823 299/833/825
f 354/834/826 349/835/827 299/836/828
f 299/836/828 349/835/827 300/837/829
f 349/838/830 354/839/831 350/840/832
f 350/840/832 354/839/831 352/841/833
f 355/842/834 356/843/835 271/844/836
f 271/844/836 356/843/835 268/845/837
f 357/846/838 358/847/839 356/848/840
f 356/848/840 358/847/839 268/849/841
f 357/850/842 359/851/843 358/852/844
f 358/852/844 359/851/843 360/853/845
f 359/854/846 355/855/847 360/856/848
f 360/856/848 355/855/847 271/857/849
f 355/858/850 359/859/851 356/860/852
f 356/860/852 359/859/851 357/861/853
f 361/862/854 362/863/855 347/864/856
f 347/864/856 362/863/855 345/865/857
usemtl Poliimmide_(Kapton)_1
f 361/866/858 376/867/859 362/868/860
f 362/868/860 376/867/859 377/869/861
f 362/868/860 377/869/861 378/870/862
f 363/871/863 390/872/864 361/866/858
f 361/866/858 390/872/864 391/873/865
f 361/866/858 391/873/865 392/874/866
f 364/875/867 415/876/868 363/871/863
f 363/871/863 415/876/868 416/877/869
f 363/871/863 416/877/869 388/878/870
f 388/878/870 416/877/869 411/879/871
f 388/878/870 411/879/871 387/880/872
f 387/880/872 411/879/871 375/881/873
f 387/880/872 375/881/873 376/867/859
f 365/882/874 413/883/875 364/875/867
f 364/875/867 413/883/875 414/884/876
f 364/875/867 414/884/876 415/876/868
f 366/885/877 408/886/878 365/882/874
f 365/882/874 408/886/878 409/887/879
f 365/882/874 409/887/879 412/888/880
f 412/888/880 409/887/879 410/889/881
f 412/888/880 410/889/881 411/879/871
f 411/879/871 410/889/881 375/881/873
f 367/890/882 406/891/883 366/885/877
f 366/885/877 406/891/883 407/892/884
f 366/885/877 407/892/884 408/886/878
f 406/891/883 367/890/882 405/893/885
f 405/893/885 367/890/882 368/894/886
f 405/893/885 368/894/886 385/895/887
f 385/895/887 368/894/886 384/896/888
f 384/896/888 368/894/886 383/897/889
f 383/897/889 368/894/886 382/898/890
f 382/898/890 368/894/886 381/899/891
f 381/899/891 368/894/886 369/900/892
f 381/899/891 369/900/892 397/901/893
f 397/901/893 369/900/892 396/902/894
f 396/902/894 369/900/892 395/903/895
f 395/903/895 369/900/892 394/904/896
f 394/904/896 369/900/892 393/905/897
f 393/905/897 369/900/892 421/906/898
f 393/905/897 421/906/898 422/907/899
f 369/900/892 370/908/900 421/906/898
f 421/906/898 370/908/900 420/909/901
f 420/909/901 370/908/900 371/910/902
f 420/909/901 371/910/902 419/911/903
f 419/911/903 371/910/902 418/912/904
f 418/912/904 371/910/902 372/913/905
f 418/912/904 372/913/905 417/914/906
f 417/914/906 372/913/905 404/915/907
f 417/914/906 404/915/907 399/916/908
f 404/915/907 372/913/905 403/917/909
f 403/917/909 372/913/905 373/918/910
f 403/917/909 373/918/910 402/919/911
f 402/919/911 373/918/910 401/920/912
f 401/920/912 373/918/910 374/921/913
f 401/920/912 374/921/913 400/922/914
f 400/922/914 374/921/913 380/923/915
f 400/922/914 380/923/915 375/881/873
f 362/868/860 378/870/862 374/921/913
f 374/921/913 378/870/862 379/924/916
f 374/921/913 379/924/916 380/923/915
f 385/895/887 386/925/917 405/893/885
f 405/893/885 386/925/917 410/889/881
f 410/889/881 386/925/917 399/916/908
f 410/889/881 399/916/908 375/881/873
f 375/881/873 399/916/908 400/922/914
f 381/899/891 398/926/918 386/925/917
f 386/925/917 398/926/918 422/907/899
f 386/925/917 422/907/899 399/916/908
f 399/916/908 422/907/899 417/914/906
f 388/878/870 389/927/919 363/871/863
f 363/871/863 389/927/919 390/872/864
f 361/866/858 392/874/866 376/867/859
f 376/867/859 392/874/866 387/880/872
f 397/901/893 398/926/918 381/899/891
f 398/926/918 393/905/897 422/907/899
f 412/888/880 413/883/875 365/882/874
usemtl Poliimmide_(Kapton)
f 370/928/920 369/929/921 329/930/922
f 329/930/922 369/929/921 327/931/923
f 372/932/924 371/933/925 353/934/926
f 353/934/926 371/933/925 351/935/927
f 364/936/928 363/937/929 341/938/930
f 341/938/930 363/937/929 339/939/931
f 368/940/932 367/941/933 360/942/934
f 360/942/934 367/941/933 358/943/935
f 274/944/936 424/945/937 271/946/938
f 271/946/938 424/945/937 426/947/939
f 271/946/938 426/947/939 360/948/940
f 360/948/940 426/947/939 368/949/941
f 368/949/941 426/947/939 427/950/942
f 274/944/936 423/951/943 424/945/937
f 424/945/937 425/952/944 426/947/939
f 374/953/945 373/954/946 335/955/947
f 335/955/947 373/954/946 333/956/948
f 366/957/949 365/958/950 323/959/951
f 323/959/951 365/958/950 321/960/952
f 428/961/953 429/962/954 365/963/955
f 365/963/955 429/962/954 321/964/956
f 321/964/956 429/962/954 280/965/957
f 280/965/957 429/962/954 430/966/958
f 280/965/957 430/966/958 434/967/959
f 434/967/959 430/966/958 432/968/960
f 434/967/959 432/968/960 433/969/961
f 430/966/958 431/970/962 432/968/960
f 435/971/963 313/972/964 434/967/959
f 434/967/959 313/972/964 280/965/957
usemtl Poliimmide_(Kapton)_1
f 437/973/965 427/974/966 436/975/967
f 436/975/967 427/974/966 426/976/968
f 427/977/969 437/978/970 368/979/971
f 368/979/971 437/978/970 369/980/972
f 439/981/973 440/982/974 438/983/975
f 438/983/975 440/982/974 441/984/976
usemtl Poliimmide_(Kapton)
f 304/985/977 443/986/978 279/987/979
f 279/987/979 443/986/978 441/988/980
f 279/987/979 441/988/980 323/989/981
f 323/989/981 441/988/980 366/990/982
f 366/990/982 441/988/980 440/991/983
f 304/985/977 442/992/984 443/986/978
f 443/986/978 444/993/985 441/988/980
usemtl Poliimmide_(Kapton)_1
f 440/994/986 439/995/987 366/996/988
f 366/996/988 439/995/987 367/997/989
f 429/998/990 428/999/991 446/1000/992
f 446/1000/992 428/999/991 445/1001/993
usemtl Poliimmide_(Kapton)
f 316/1002/994 448/1003/995 284/1004/996
f 284/1004/996 448/1003/995 452/1005/997
f 284/1004/996 452/1005/997 446/1006/998
f 316/1002/994 447/1007/999 448/1003/995
f 449/1008/1000 450/1009/1001 448/1003/995
f 448/1003/995 450/1009/1001 452/1005/997
f 450/1009/1001 451/1010/1002 452/1005/997
f 445/1011/1003 364/1012/1004 446/1006/998
f 446/1006/998 364/1012/1004 341/1013/1005
f 446/1006/998 341/1013/1005 284/1004/996
usemtl Poliimmide_(Kapton)_1
f 445/1014/1006 428/1015/1007 364/1016/1008
f 364/1016/1008 428/1015/1007 365/1017/1009
f 453/1018/1010 454/1019/1011 456/1020/1012
f 456/1020/1012 454/1019/1011 455/1021/1013
usemtl Poliimmide_(Kapton)
f 317/1022/1014 458/1023/1015 289/1024/1016
f 289/1024/1016 458/1023/1015 462/1025/1017
f 289/1024/1016 462/1025/1017 456/1026/1018
f 317/1022/1014 457/1027/1019 458/1023/1015
f 459/1028/1020 460/1029/1021 458/1023/1015
f 458/1023/1015 460/1029/1021 462/1025/1017
f 460/1029/1021 461/1030/1022 462/1025/1017
f 455/1031/1023 361/1032/1024 456/1026/1018
f 456/1026/1018 361/1032/1024 347/1033/1025
f 456/1026/1018 347/1033/1025 289/1024/1016
usemtl Poliimmide_(Kapton)_1
f 455/1034/1026 454/1035/1027 361/1036/1028
f 361/1036/1028 454/1035/1027 363/1037/1029
f 464/1038/1030 465/1039/1031 463/1040/1032
f 463/1040/1032 465/1039/1031 466/1041/1033
usemtl Poliimmide_(Kapton)
f 315/1042/1034 468/1043/1035 294/1044/1036
f 294/1044/1036 468/1043/1035 472/1045/1037
f 294/1044/1036 472/1045/1037 466/1046/1038
f 315/1042/1034 467/1047/1039 468/1043/1035
f 469/1048/1040 470/1049/1041 468/1043/1035
f 468/1043/1035 470/1049/1041 472/1045/1037
f 470/1049/1041 471/1050/1042 472/1045/1037
f 465/1051/1043 374/1052/1044 466/1046/1038
f 466/1046/1038 374/1052/1044 335/1053/1045
f 466/1046/1038 335/1053/1045 294/1044/1036
usemtl Poliimmide_(Kapton)_1
f 465/1054/1046 464/1055/1047 374/1056/1048
f 374/1056/1048 464/1055/1047 362/1057/1049
f 474/1058/1050 475/1059/1051 473/1060/1052
f 473/1060/1052 475/1059/1051 476/1061/1053
usemtl Poliimmide_(Kapton)
f 318/1062/1054 478/1063/1055 299/1064/1056
f 299/1064/1056 478/1063/1055 482/1065/1057
f 299/1064/1056 482/1065/1057 476/1066/1058
f 318/1062/1054 477/1067/1059 478/1063/1055
f 479/1068/1060 480/1069/1061 478/1063/1055
f 478/1063/1055 480/1069/1061 482/1065/1057
f 480/1069/1061 481/1070/1062 482/1065/1057
f 475/1071/1063 372/1072/1064 476/1066/1058
f 476/1066/1058 372/1072/1064 353/1073/1065
f 476/1066/1058 353/1073/1065 299/1064/1056
usemtl Poliimmide_(Kapton)_1
f 475/1074/1066 474/1075/1067 372/1076/1068
f 372/1076/1068 474/1075/1067 373/1077/1069
f 483/1078/1070 484/1079/1071 486/1080/1072
f 486/1080/1072 484/1079/1071 485/1081/1073
usemtl Poliimmide_(Kapton)
f 314/1082/1074 488/1083/1075 264/1084/1076
f 264/1084/1076 488/1083/1075 486/1085/1077
f 264/1084/1076 486/1085/1077 329/1086/1078
f 329/1086/1078 486/1085/1077 370/1087/1079
f 370/1087/1079 486/1085/1077 485/1088/1080
f 314/1082/1074 487/1089/1081 488/1083/1075
f 488/1083/1075 489/1090/1082 486/1085/1077
usemtl Poliimmide_(Kapton)_1
f 485/1091/1083 484/1092/1084 370/1093/1085
f 370/1093/1085 484/1092/1084 371/1094/1086
f 438/1095/1087 441/1096/1088 490/1097/1089
f 490/1097/1089 441/1096/1088 444/1098/1090
f 483/1099/1091 486/1100/1092 491/1101/1093
f 491/1101/1093 486/1100/1092 489/1102/1094
f 426/1103/1095 493/1104/1096 436/1105/1097
f 436/1105/1097 493/1104/1096 494/1106/1098
f 436/1105/1097 494/1106/1098 496/1107/1099
f 496/1107/1099 494/1106/1098 495/1108/1100
f 426/1103/1095 425/1109/1101 493/1104/1096
f 493/1104/1096 425/1109/1101 492/1110/1102
usemtl Poliimmide_(Kapton)
f 454/1111/1103 453/1112/1104 363/1113/1105
f 363/1113/1105 453/1112/1104 339/1114/1106
f 339/1114/1106 453/1112/1104 285/1115/1107
f 285/1115/1107 453/1112/1104 497/1116/1108
f 285/1115/1107 497/1116/1108 501/1117/1109
f 501/1117/1109 497/1116/1108 499/1118/1110
f 501/1117/1109 499/1118/1110 500/1119/1111
f 497/1116/1108 498/1120/1112 499/1118/1110
f 502/1121/1113 311/1122/1114 501/1117/1109
f 501/1117/1109 311/1122/1114 285/1115/1107
f 464/1123/1115 463/1124/1116 362/1125/1117
f 362/1125/1117 463/1124/1116 345/1126/1118
f 345/1126/1118 463/1124/1116 290/1127/1119
f 290/1127/1119 463/1124/1116 503/1128/1120
f 290/1127/1119 503/1128/1120 507/1129/1121
f 507/1129/1121 503/1128/1120 505/1130/1122
f 507/1129/1121 505/1130/1122 506/1131/1123
f 503/1128/1120 504/1132/1124 505/1130/1122
f 508/1133/1125 309/1134/1126 507/1129/1121
f 507/1129/1121 309/1134/1126 290/1127/1119
f 474/1135/1127 473/1136/1128 373/1137/1129
f 373/1137/1129 473/1136/1128 333/1138/1130
f 333/1138/1130 473/1136/1128 295/1139/1131
f 295/1139/1131 473/1136/1128 509/1140/1132
f 295/1139/1131 509/1140/1132 513/1141/1133
f 513/1141/1133 509/1140/1132 511/1142/1134
f 513/1141/1133 511/1142/1134 512/1143/1135
f 509/1140/1132 510/1144/1136 511/1142/1134
f 514/1145/1137 305/1146/1138 513/1141/1133
f 513/1141/1133 305/1146/1138 295/1139/1131
f 515/1147/1139 458/1148/1140 516/1149/1141
f 516/1149/1141 458/1148/1140 457/1150/1142
f 507/1151/1143 515/1152/1144 508/1153/1145
f 508/1153/1145 515/1152/1144 516/1154/1146
f 457/1155/1147 317/1156/1148 516/1157/1149
f 516/1157/1149 317/1156/1148 310/1158/1150
f 516/1157/1149 310/1158/1150 309/1159/1151
f 309/1159/1151 508/1160/1152 516/1157/1149
f 458/1161/1153 515/1162/1154 459/1163/1155
f 459/1163/1155 515/1162/1154 506/1164/1156
f 506/1164/1156 515/1162/1154 507/1165/1157
f 517/1166/1158 468/1167/1159 518/1168/1160
f 518/1168/1160 468/1167/1159 467/1169/1161
f 513/1170/1162 517/1171/1163 514/1172/1164
f 514/1172/1164 517/1171/1163 518/1173/1165
f 467/1174/1166 315/1175/1167 518/1176/1168
f 518/1176/1168 315/1175/1167 306/1177/1169
f 518/1176/1168 306/1177/1169 305/1178/1170
f 305/1178/1170 514/1179/1171 518/1176/1168
f 520/1180/1172 517/1181/1173 519/1182/1174
f 519/1182/1174 517/1181/1173 513/1183/1175
f 519/1182/1174 513/1183/1175 542/1184/1176
f 542/1184/1176 513/1183/1175 541/1185/1177
f 541/1185/1177 513/1183/1175 540/1186/1178
f 540/1186/1178 513/1183/1175 539/1187/1179
f 539/1187/1179 513/1183/1175 538/1188/1180
f 538/1188/1180 513/1183/1175 537/1189/1181
f 537/1189/1181 513/1183/1175 512/1190/1182
f 537/1189/1181 512/1190/1182 536/1191/1183
f 536/1191/1183 512/1190/1182 535/1192/1184
f 535/1192/1184 512/1190/1182 534/1193/1185
f 534/1193/1185 512/1190/1182 469/1194/1186
f 534/1193/1185 469/1194/1186 533/1195/1187
f 533/1195/1187 469/1194/1186 532/1196/1188
f 532/1196/1188 469/1194/1186 531/1197/1189
f 531/1197/1189 469/1194/1186 530/1198/1190
f 530/1198/1190 469/1194/1186 468/1199/1191
f 530/1198/1190 468/1199/1191 529/1200/1192
f 529/1200/1192 468/1199/1191 528/1201/1193
f 528/1201/1193 468/1199/1191 527/1202/1194
f 527/1202/1194 468/1199/1191 526/1203/1195
f 526/1203/1195 468/1199/1191 525/1204/1196
f 525/1204/1196 468/1199/1191 524/1205/1197
f 524/1205/1197 468/1199/1191 517/1181/1173
f 524/1205/1197 517/1181/1173 523/1206/1198
f 523/1206/1198 517/1181/1173 522/1207/1199
f 522/1207/1199 517/1181/1173 521/1208/1200
f 521/1208/1200 517/1181/1173 520/1180/1172
f 543/1209/1201 544/1210/1202 546/1211/1203
f 546/1211/1203 544/1210/1202 545/1212/1204
f 544/1213/1205 488/1214/1206 545/1215/1207
f 545/1215/1207 488/1214/1206 487/1216/1208
f 487/1217/1209 314/1218/1210 545/1219/1211
f 545/1219/1211 314/1218/1210 277/1220/1212
f 545/1219/1211 277/1220/1212 276/1221/1213
f 276/1221/1213 546/1222/1214 545/1219/1211
f 547/1223/1215 448/1224/1216 548/1225/1217
f 548/1225/1217 448/1224/1216 447/1226/1218
f 501/1227/1219 547/1228/1220 502/1229/1221
f 502/1229/1221 547/1228/1220 548/1230/1222
f 447/1231/1223 316/1232/1224 548/1233/1225
f 548/1233/1225 316/1232/1224 312/1234/1226
f 548/1233/1225 312/1234/1226 311/1235/1227
f 311/1235/1227 502/1236/1228 548/1233/1225
f 550/1237/1229 547/1238/1230 549/1239/1231
f 549/1239/1231 547/1238/1230 501/1240/1232
f 549/1239/1231 501/1240/1232 572/1241/1233
f 572/1241/1233 501/1240/1232 571/1242/1234
f 571/1242/1234 501/1240/1232 570/1243/1235
f 570/1243/1235 501/1240/1232 569/1244/1236
f 569/1244/1236 501/1240/1232 568/1245/1237
f 568/1245/1237 501/1240/1232 567/1246/1238
f 567/1246/1238 501/1240/1232 500/1247/1239
f 567/1246/1238 500/1247/1239 566/1248/1240
f 566/1248/1240 500/1247/1239 565/1249/1241
f 565/1249/1241 500/1247/1239 564/1250/1242
f 564/1250/1242 500/1247/1239 449/1251/1243
f 564/1250/1242 449/1251/1243 563/1252/1244
f 563/1252/1244 449/1251/1243 562/1253/1245
f 562/1253/1245 449/1251/1243 561/1254/1246
f 561/1254/1246 449/1251/1243 560/1255/1247
f 560/1255/1247 449/1251/1243 448/1256/1248
f 560/1255/1247 448/1256/1248 559/1257/1249
f 559/1257/1249 448/1256/1248 558/1258/1250
f 558/1258/1250 448/1256/1248 557/1259/1251
f 557/1259/1251 448/1256/1248 556/1260/1252
f 556/1260/1252 448/1256/1248 555/1261/1253
f 555/1261/1253 448/1256/1248 554/1262/1254
f 554/1262/1254 448/1256/1248 547/1238/1230
f 554/1262/1254 547/1238/1230 553/1263/1255
f 553/1263/1255 547/1238/1230 552/1264/1256
f 552/1264/1256 547/1238/1230 551/1265/1257
f 551/1265/1257 547/1238/1230 550/1237/1229
f 573/1266/1258 574/1267/1259 576/1268/1260
f 576/1268/1260 574/1267/1259 575/1269/1261
f 574/1270/1262 424/1271/1263 575/1272/1264
f 575/1272/1264 424/1271/1263 423/1273/1265
f 274/1274/1266 273/1275/1267 575/1276/1268
f 575/1276/1268 273/1275/1267 275/1277/1269
f 575/1276/1268 275/1277/1269 576/1278/1270
f 575/1276/1268 423/1279/1271 274/1274/1266
f 439/1280/1272 438/1281/1273 367/1282/1274
f 367/1282/1274 438/1281/1273 358/1283/1275
f 358/1283/1275 438/1281/1273 268/1284/1276
f 268/1284/1276 438/1281/1273 573/1285/1277
f 268/1284/1276 573/1285/1277 275/1286/1278
f 275/1286/1278 573/1285/1277 576/1287/1279
f 438/1281/1273 490/1288/1280 573/1285/1277
f 577/1289/1281 478/1290/1282 578/1291/1283
f 578/1291/1283 478/1290/1282 477/1292/1284
f 579/1293/1285 577/1294/1286 580/1295/1287
f 580/1295/1287 577/1294/1286 578/1296/1288
f 477/1297/1289 318/1298/1290 578/1299/1291
f 578/1299/1291 318/1298/1290 308/1300/1292
f 578/1299/1291 308/1300/1292 307/1301/1293
f 307/1301/1293 580/1302/1294 578/1299/1291
usemtl Poliimmide_(Kapton)_1
f 543/1303/1295 496/1304/1296 544/1305/1297
f 544/1305/1297 496/1304/1296 489/1306/1298
f 544/1305/1297 489/1306/1298 488/1307/1299
f 495/1308/1300 582/1309/1301 496/1304/1296
f 496/1304/1296 582/1309/1301 583/1310/1302
f 496/1304/1296 583/1310/1302 489/1306/1298
f 489/1306/1298 583/1310/1302 491/1311/1303
f 491/1311/1303 583/1310/1302 584/1312/1304
f 491/1311/1303 584/1312/1304 602/1313/1305
f 602/1313/1305 584/1312/1304 601/1314/1306
f 601/1314/1306 584/1312/1304 600/1315/1307
f 600/1315/1307 584/1312/1304 599/1316/1308
f 599/1316/1308 584/1312/1304 598/1317/1309
f 598/1317/1309 584/1312/1304 479/1318/1310
f 598/1317/1309 479/1318/1310 597/1319/1311
f 597/1319/1311 479/1318/1310 478/1320/1312
f 597/1319/1311 478/1320/1312 596/1321/1313
f 596/1321/1313 478/1320/1312 595/1322/1314
f 595/1322/1314 478/1320/1312 594/1323/1315
f 594/1323/1315 478/1320/1312 593/1324/1316
f 593/1324/1316 478/1320/1312 592/1325/1317
f 592/1325/1317 478/1320/1312 591/1326/1318
f 591/1326/1318 478/1320/1312 590/1327/1319
f 590/1327/1319 478/1320/1312 577/1328/1320
f 590/1327/1319 577/1328/1320 589/1329/1321
f 589/1329/1321 577/1328/1320 588/1330/1322
f 588/1330/1322 577/1328/1320 587/1331/1323
f 587/1331/1323 577/1328/1320 586/1332/1324
f 586/1332/1324 577/1328/1320 585/1333/1325
f 585/1333/1325 577/1328/1320 579/1334/1326
f 585/1333/1325 579/1334/1326 608/1335/1327
f 608/1335/1327 579/1334/1326 491/1311/1303
f 608/1335/1327 491/1311/1303 607/1336/1328
f 607/1336/1328 491/1311/1303 606/1337/1329
f 606/1337/1329 491/1311/1303 605/1338/1330
f 605/1338/1330 491/1311/1303 604/1339/1331
f 604/1339/1331 491/1311/1303 603/1340/1332
f 603/1340/1332 491/1311/1303 602/1313/1305
f 495/1308/1300 581/1341/1333 582/1309/1301
usemtl Poliimmide_(Kapton)
f 609/1342/1334 443/1343/1335 610/1344/1336
f 610/1344/1336 443/1343/1335 442/1345/1337
f 434/1346/1338 609/1347/1339 435/1348/1340
f 435/1348/1340 609/1347/1339 610/1349/1341
f 442/1350/1342 304/1351/1343 610/1352/1344
f 610/1352/1344 304/1351/1343 303/1353/1345
f 610/1352/1344 303/1353/1345 313/1354/1346
f 313/1354/1346 435/1355/1347 610/1352/1344
usemtl Poliimmide_(Kapton)_1
f 573/1356/1348 490/1357/1349 574/1358/1350
f 574/1358/1350 490/1357/1349 425/1359/1351
f 574/1358/1350 425/1359/1351 424/1360/1352
f 444/1361/1353 612/1362/1354 490/1357/1349
f 490/1357/1349 612/1362/1354 613/1363/1355
f 490/1357/1349 613/1363/1355 425/1359/1351
f 425/1359/1351 613/1363/1355 492/1364/1356
f 492/1364/1356 613/1363/1355 614/1365/1357
f 443/1366/1358 622/1367/1359 444/1361/1353
f 444/1361/1353 622/1367/1359 623/1368/1360
f 444/1361/1353 623/1368/1360 624/1369/1361
f 609/1370/1362 620/1371/1363 443/1366/1358
f 443/1366/1358 620/1371/1363 621/1372/1364
f 443/1366/1358 621/1372/1364 622/1367/1359
f 434/1373/1365 615/1374/1366 609/1370/1362
f 609/1370/1362 615/1374/1366 616/1375/1367
f 609/1370/1362 616/1375/1367 617/1376/1368
f 433/1377/1369 633/1378/1370 434/1373/1365
f 434/1373/1365 633/1378/1370 634/1379/1371
f 434/1373/1365 634/1379/1371 635/1380/1372
f 611/1381/1373 630/1382/1374 433/1377/1369
f 433/1377/1369 630/1382/1374 631/1383/1375
f 433/1377/1369 631/1383/1375 632/1384/1376
f 612/1362/1354 444/1361/1353 611/1381/1373
f 611/1381/1373 444/1361/1353 625/1385/1377
f 611/1381/1373 625/1385/1377 626/1386/1378
f 617/1376/1368 618/1387/1379 609/1370/1362
f 609/1370/1362 618/1387/1379 619/1388/1380
f 609/1370/1362 619/1388/1380 620/1371/1363
f 624/1369/1361 625/1385/1377 444/1361/1353
f 626/1386/1378 627/1389/1381 611/1381/1373
f 611/1381/1373 627/1389/1381 628/1390/1382
f 611/1381/1373 628/1390/1382 629/1391/1383
f 629/1391/1383 630/1382/1374 611/1381/1373
f 632/1384/1376 633/1378/1370 433/1377/1369
f 635/1380/1372 636/1392/1384 434/1373/1365
f 434/1373/1365 636/1392/1384 637/1393/1385
f 434/1373/1365 637/1393/1385 638/1394/1386
f 638/1394/1386 615/1374/1366 434/1373/1365
usemtl Poliimmide_(Kapton)
f 608/1395/1387 661/1396/1388 585/1397/1389
f 585/1397/1389 661/1396/1388 662/1398/1390
f 585/1397/1389 662/1398/1390 586/1399/1391
f 586/1399/1391 662/1398/1390 639/1400/1392
f 586/1399/1391 639/1400/1392 587/1401/1393
f 587/1402/1393 639/1403/1392 640/1404/1394
f 587/1402/1393 640/1404/1394 588/1405/1395
f 588/1405/1395 640/1404/1394 641/1406/1396
f 588/1405/1395 641/1406/1396 589/1407/1397
f 589/1407/1397 641/1406/1396 642/1408/1398
f 589/1407/1397 642/1408/1398 590/1409/1399
f 590/1409/1399 642/1408/1398 643/1410/1400
f 590/1409/1399 643/1410/1400 591/1411/1401
f 591/1411/1401 643/1410/1400 644/1412/1402
f 591/1411/1401 644/1412/1402 592/1413/1403
f 592/1413/1403 644/1412/1402 645/1414/1404
f 592/1413/1403 645/1414/1404 593/1415/1405
f 593/1415/1405 645/1414/1404 646/1416/1406
f 593/1415/1405 646/1416/1406 594/1417/1407
f 594/1417/1407 646/1416/1406 647/1418/1408
f 594/1417/1407 647/1418/1408 595/1419/1409
f 595/1419/1409 647/1418/1408 648/1420/1410
f 595/1419/1409 648/1420/1410 596/1421/1411
f 596/1421/1411 648/1420/1410 649/1422/1412
f 596/1421/1411 649/1422/1412 597/1423/1413
f 597/1423/1413 649/1422/1412 650/1424/1414
f 597/1423/1413 650/1424/1414 598/1425/1415
f 598/1425/1415 650/1424/1414 651/1426/1416
f 598/1425/1415 651/1426/1416 599/1427/1417
f 599/1427/1417 651/1426/1416 652/1428/1418
f 599/1427/1417 652/1428/1418 600/1429/1419
f 600/1429/1419 652/1428/1418 653/1430/1420
f 600/1429/1419 653/1430/1420 601/1431/1421
f 601/1431/1421 653/1430/1420 654/1432/1422
f 601/1431/1421 654/1432/1422 602/1433/1423
f 602/1433/1423 654/1432/1422 655/1434/1424
f 602/1433/1423 655/1434/1424 603/1435/1425
f 603/1435/1425 655/1434/1424 656/1436/1426
f 603/1435/1425 656/1436/1426 604/1437/1427
f 604/1437/1427 656/1436/1426 657/1438/1428
f 604/1437/1427 657/1438/1428 605/1439/1429
f 605/1439/1429 657/1438/1428 658/1440/1430
f 605/1439/1429 658/1440/1430 606/1441/1431
f 606/1441/1431 658/1440/1430 659/1442/1432
f 606/1441/1431 659/1442/1432 607/1443/1433
f 607/1443/1433 659/1442/1432 660/1444/1434
f 607/1443/1433 660/1444/1434 608/1395/1387
f 608/1395/1387 660/1444/1434 661/1396/1388
f 662/1445/1435 652/1446/1436 639/1447/1437
f 639/1447/1437 652/1446/1436 651/1448/1438
f 639/1447/1437 651/1448/1438 640/1449/1439
f 640/1449/1439 651/1448/1438 650/1450/1440
f 640/1449/1439 650/1450/1440 641/1451/1441
f 641/1451/1441 650/1450/1440 649/1452/1442
f 641/1451/1441 649/1452/1442 642/1453/1443
f 642/1453/1443 649/1452/1442 648/1454/1444
f 642/1453/1443 648/1454/1444 643/1455/1445
f 643/1455/1445 648/1454/1444 647/1456/1446
f 643/1455/1445 647/1456/1446 644/1457/1447
f 644/1457/1447 647/1456/1446 646/1458/1448
f 644/1457/1447 646/1458/1448 645/1459/1449
f 652/1446/1436 662/1445/1435 653/1460/1450
f 653/1460/1450 662/1445/1435 661/1461/1451
f 653/1460/1450 661/1461/1451 654/1462/1452
f 654/1462/1452 661/1461/1451 660/1463/1453
f 654/1462/1452 660/1463/1453 655/1464/1454
f 655/1464/1454 660/1463/1453 659/1465/1455
f 655/1464/1454 659/1465/1455 656/1466/1456
f 656/1466/1456 659/1465/1455 658/1467/1457
f 656/1466/1456 658/1467/1457 657/1468/1458
f 572/1469/1459 670/1470/1460 549/1471/1461
f 549/1471/1461 670/1470/1460 671/1472/1462
f 549/1471/1461 671/1472/1462 550/1473/1463
f 550/1473/1463 671/1472/1462 672/1474/1464
f 550/1473/1463 672/1474/1464 551/1475/1465
f 551/1475/1465 672/1474/1464 673/1476/1466
f 551/1475/1465 673/1476/1466 552/1477/1467
f 552/1477/1467 673/1476/1466 674/1478/1468
f 552/1477/1467 674/1478/1468 553/1479/1469
f 553/1479/1469 674/1478/1468 675/1480/1470
f 553/1479/1469 675/1480/1470 554/1481/1471
f 554/1481/1471 675/1480/1470 676/1482/1472
f 554/1481/1471 676/1482/1472 555/1483/1473
f 555/1483/1473 676/1482/1472 677/1484/1474
f 555/1483/1473 677/1484/1474 556/1485/1475
f 556/1485/1475 677/1484/1474 678/1486/1476
f 556/1485/1475 678/1486/1476 557/1487/1477
f 557/1487/1477 678/1486/1476 679/1488/1478
f 557/1487/1477 679/1488/1478 558/1489/1479
f 558/1489/1479 679/1488/1478 680/1490/1480
f 558/1489/1479 680/1490/1480 559/1491/1481
f 559/1491/1481 680/1490/1480 681/1492/1482
f 559/1491/1481 681/1492/1482 560/1493/1483
f 560/1493/1483 681/1492/1482 682/1494/1484
f 560/1493/1483 682/1494/1484 561/1495/1485
f 561/1495/1485 682/1494/1484 683/1496/1486
f 561/1495/1485 683/1496/1486 562/1497/1487
f 562/1497/1487 683/1496/1486 684/1498/1488
f 562/1497/1487 684/1498/1488 563/1499/1489
f 563/1499/1489 684/1498/1488 685/1500/1490
f 563/1499/1489 685/1500/1490 564/1501/1491
f 564/1501/1491 685/1500/1490 686/1502/1492
f 564/1501/1491 686/1502/1492 565/1503/1493
f 565/1503/1493 686/1502/1492 663/1504/1494
f 565/1503/1493 663/1504/1494 566/1505/1495
f 566/1506/1495 663/1507/1494 664/1508/1496
f 566/1506/1495 664/1508/1496 567/1509/1497
f 567/1509/1497 664/1508/1496 665/1510/1498
f 567/1509/1497 665/1510/1498 568/1511/1499
f 568/1511/1499 665/1510/1498 666/1512/1500
f 568/1511/1499 666/1512/1500 569/1513/1501
f 569/1513/1501 666/1512/1500 667/1514/1502
f 569/1513/1501 667/1514/1502 570/1515/1503
f 570/1515/1503 667/1514/1502 668/1516/1504
f 570/1515/1503 668/1516/1504 571/1517/1505
f 571/1517/1505 668/1516/1504 669/1518/1506
f 571/1517/1505 669/1518/1506 572/1469/1459
f 572/1469/1459 669/1518/1506 670/1470/1460
f 686/1519/1507 676/1520/1508 663/1521/1509
f 663/1521/1509 676/1520/1508 675/1522/1510
f 663/1521/1509 675/1522/1510 664/1523/1511
f 664/1523/1511 675/1522/1510 674/1524/1512
f 664/1523/1511 674/1524/1512 665/1525/1513
f 665/1525/1513 674/1524/1512 673/1526/1514
f 665/1525/1513 673/1526/1514 666/1527/1515
f 666/1527/1515 673/1526/1514 672/1528/1516
f 666/1527/1515 672/1528/1516 667/1529/1517
f 667/1529/1517 672/1528/1516 671/1530/1518
f 667/1529/1517 671/1530/1518 668/1531/1519
f 668/1531/1519 671/1530/1518 670/1532/1520
f 668/1531/1519 670/1532/1520 669/1533/1521
f 676/1520/1508 686/1519/1507 677/1534/1522
f 677/1534/1522 686/1519/1507 685/1535/1523
f 677/1534/1522 685/1535/1523 678/1536/1524
f 678/1536/1524 685/1535/1523 684/1537/1525
f 678/1536/1524 684/1537/1525 679/1538/1526
f 679/1538/1526 684/1537/1525 683/1539/1527
f 679/1538/1526 683/1539/1527 680/1540/1528
f 680/1540/1528 683/1539/1527 682/1541/1529
f 680/1540/1528 682/1541/1529 681/1542/1530
f 542/1543/1531 688/1544/1532 519/1545/1533
f 519/1545/1533 688/1544/1532 689/1546/1534
f 519/1545/1533 689/1546/1534 520/1547/1535
f 520/1547/1535 689/1546/1534 690/1548/1536
f 520/1547/1535 690/1548/1536 521/1549/1537
f 521/1549/1537 690/1548/1536 691/1550/1538
f 521/1549/1537 691/1550/1538 522/1551/1539
f 522/1551/1539 691/1550/1538 692/1552/1540
f 522/1551/1539 692/1552/1540 523/1553/1541
f 523/1553/1541 692/1552/1540 693/1554/1542
f 523/1553/1541 693/1554/1542 524/1555/1543
f 524/1555/1543 693/1554/1542 694/1556/1544
f 524/1555/1543 694/1556/1544 525/1557/1545
f 525/1557/1545 694/1556/1544 695/1558/1546
f 525/1557/1545 695/1558/1546 526/1559/1547
f 526/1559/1547 695/1558/1546 696/1560/1548
f 526/1559/1547 696/1560/1548 527/1561/1549
f 527/1561/1549 696/1560/1548 697/1562/1550
f 527/1561/1549 697/1562/1550 528/1563/1551
f 528/1563/1551 697/1562/1550 698/1564/1552
f 528/1563/1551 698/1564/1552 529/1565/1553
f 529/1565/1553 698/1564/1552 699/1566/1554
f 529/1565/1553 699/1566/1554 530/1567/1555
f 530/1567/1555 699/1566/1554 700/1568/1556
f 530/1567/1555 700/1568/1556 531/1569/1557
f 531/1569/1557 700/1568/1556 701/1570/1558
f 531/1569/1557 701/1570/1558 532/1571/1559
f 532/1571/1559 701/1570/1558 702/1572/1560
f 532/1571/1559 702/1572/1560 533/1573/1561
f 533/1573/1561 702/1572/1560 703/1574/1562
f 533/1573/1561 703/1574/1562 534/1575/1563
f 534/1575/1563 703/1574/1562 704/1576/1564
f 534/1575/1563 704/1576/1564 535/1577/1565
f 535/1577/1565 704/1576/1564 705/1578/1566
f 535/1577/1565 705/1578/1566 536/1579/1567
f 536/1579/1567 705/1578/1566 706/1580/1568
f 536/1579/1567 706/1580/1568 537/1581/1569
f 537/1581/1569 706/1580/1568 707/1582/1570
f 537/1581/1569 707/1582/1570 538/1583/1571
f 538/1583/1571 707/1582/1570 708/1584/1572
f 538/1583/1571 708/1584/1572 539/1585/1573
f 539/1585/1573 708/1584/1572 709/1586/1574
f 539/1585/1573 709/1586/1574 540/1587/1575
f 540/1587/1575 709/1586/1574 710/1588/1576
f 540/1587/1575 710/1588/1576 541/1589/1577
f 541/1589/1577 710/1588/1576 687/1590/1578
f 541/1589/1577 687/1590/1578 542/1591/1531
f 542/1543/1531 687/1592/1578 688/1544/1532
f 710/1593/1579 700/1594/1580 687/1595/1581
f 687/1595/1581 700/1594/1580 699/1596/1582
f 687/1595/1581 699/1596/1582 688/1597/1583
f 688/1597/1583 699/1596/1582 698/1598/1584
f 688/1597/1583 698/1598/1584 689/1599/1585
f 689/1599/1585 698/1598/1584 697/1600/1586
f 689/1599/1585 697/1600/1586 690/1601/1587
f 690/1601/1587 697/1600/1586 696/1602/1588
f 690/1601/1587 696/1602/1588 691/1603/1589
f 691/1603/1589 696/1602/1588 695/1604/1590
f 691/1603/1589 695/1604/1590 692/1605/1591
f 692/1605/1591 695/1604/1590 694/1606/1592
f 692/1605/1591 694/1606/1592 693/1607/1593
f 700/1594/1580 710/1593/1579 701/1608/1594
f 701/1608/1594 710/1593/1579 709/1609/1595
f 701/1608/1594 709/1609/1595 702/1610/1596
f 702/1610/1596 709/1609/1595 708/1611/1597
f 702/1610/1596 708/1611/1597 703/1612/1598
f 703/1612/1598 708/1611/1597 707/1613/1599
f 703/1612/1598 707/1613/1599 704/1614/1600
f 704/1614/1600 707/1613/1599 706/1615/1601
f 704/1614/1600 706/1615/1601 705/1616/1602
f 638/1617/1603 721/1618/1604 615/1619/1605
f 615/1619/1605 721/1618/1604 722/1620/1606
f 615/1619/1605 722/1620/1606 616/1621/1607
f 616/1621/1607 722/1620/1606 723/1622/1608
f 616/1621/1607 723/1622/1608 617/1623/1609
f 617/1623/1609 723/1622/1608 724/1624/1610
f 617/1623/1609 724/1624/1610 618/1625/1611
f 618/1625/1611 724/1624/1610 725/1626/1612
f 618/1625/1611 725/1626/1612 619/1627/1613
f 619/1627/1613 725/1626/1612 726/1628/1614
f 619/1627/1613 726/1628/1614 620/1629/1615
f 620/1629/1615 726/1628/1614 727/1630/1616
f 620/1629/1615 727/1630/1616 621/1631/1617
f 621/1631/1617 727/1630/1616 728/1632/1618
f 621/1631/1617 728/1632/1618 622/1633/1619
f 622/1633/1619 728/1632/1618 729/1634/1620
f 622/1633/1619 729/1634/1620 623/1635/1621
f 623/1635/1621 729/1634/1620 730/1636/1622
f 623/1635/1621 730/1636/1622 624/1637/1623
f 624/1637/1623 730/1636/1622 731/1638/1624
f 624/1637/1623 731/1638/1624 625/1639/1625
f 625/1639/1625 731/1638/1624 732/1640/1626
f 625/1639/1625 732/1640/1626 626/1641/1627
f 626/1641/1627 732/1640/1626 733/1642/1628
f 626/1641/1627 733/1642/1628 627/1643/1629
f 627/1643/1629 733/1642/1628 734/1644/1630
f 627/1643/1629 734/1644/1630 628/1645/1631
f 628/1645/1631 734/1644/1630 711/1646/1632
f 628/1645/1631 711/1646/1632 629/1647/1633
f 629/1648/1633 711/1649/1632 712/1650/1634
f 629/1648/1633 712/1650/1634 630/1651/1635
f 630/1651/1635 712/1650/1634 713/1652/1636
f 630/1651/1635 713/1652/1636 631/1653/1637
f 631/1653/1637 713/1652/1636 714/1654/1638
f 631/1653/1637 714/1654/1638 632/1655/1639
f 632/1655/1639 714/1654/1638 715/1656/1640
f 632/1655/1639 715/1656/1640 633/1657/1641
f 633/1657/1641 715/1656/1640 716/1658/1642
f 633/1657/1641 716/1658/1642 634/1659/1643
f 634/1659/1643 716/1658/1642 717/1660/1644
f 634/1659/1643 717/1660/1644 635/1661/1645
f 635/1661/1645 717/1660/1644 718/1662/1646
f 635/1661/1645 718/1662/1646 636/1663/1647
f 636/1663/1647 718/1662/1646 719/1664/1648
f 636/1663/1647 719/1664/1648 637/1665/1649
f 637/1665/1649 719/1664/1648 720/1666/1650
f 637/1665/1649 720/1666/1650 638/1617/1603
f 638/1617/1603 720/1666/1650 721/1618/1604
f 734/1667/1651 724/1668/1652 711/1669/1653
f 711/1669/1653 724/1668/1652 723/1670/1654
f 711/1669/1653 723/1670/1654 712/1671/1655
f 712/1671/1655 723/1670/1654 722/1672/1656
f 712/1671/1655 722/1672/1656 713/1673/1657
f 713/1673/1657 722/1672/1656 721/1674/1658
f 713/1673/1657 721/1674/1658 714/1675/1659
f 714/1675/1659 721/1674/1658 720/1676/1660
f 714/1675/1659 720/1676/1660 715/1677/1661
f 715/1677/1661 720/1676/1660 719/1678/1662
f 715/1677/1661 719/1678/1662 716/1679/1663
f 716/1679/1663 719/1678/1662 718/1680/1664
f 716/1679/1663 718/1680/1664 717/1681/1665
f 724/1668/1652 734/1667/1651 725/1682/1666
f 725/1682/1666 734/1667/1651 733/1683/1667
f 725/1682/1666 733/1683/1667 726/1684/1668
f 726/1684/1668 733/1683/1667 732/1685/1669
f 726/1684/1668 732/1685/1669 727/1686/1670
f 727/1686/1670 732/1685/1669 731/1687/1671
f 727/1686/1670 731/1687/1671 728/1688/1672
f 728/1688/1672 731/1687/1671 730/1689/1673
f 728/1688/1672 730/1689/1673 729/1690/1674
f 437/1691/1675 436/1692/1676 369/1693/1677
f 369/1693/1677 436/1692/1676 327/1694/1678
f 327/1694/1678 436/1692/1676 265/1695/1679
f 265/1695/1679 436/1692/1676 543/1696/1680
f 265/1695/1679 543/1696/1680 276/1697/1681
f 276/1697/1681 543/1696/1680 546/1698/1682
f 436/1692/1676 496/1699/1683 543/1696/1680
f 484/1700/1684 483/1701/1685 371/1702/1686
f 371/1702/1686 483/1701/1685 351/1703/1687
f 351/1703/1687 483/1701/1685 300/1704/1688
f 300/1704/1688 483/1701/1685 579/1705/1689
f 300/1704/1688 579/1705/1689 307/1706/1690
f 307/1706/1690 579/1705/1689 580/1707/1691
f 483/1701/1685 491/1708/1692 579/1705/1689
usemtl Poliimmide_(Kapton)_1
f 473/1709/1693 476/1710/1694 509/1711/1695
f 509/1711/1695 476/1710/1694 482/1712/1696
f 463/1713/1697 466/1714/1698 503/1715/1699
f 503/1715/1699 466/1714/1698 472/1716/1700
f 493/1717/1701 735/1718/1702 494/1719/1703
f 494/1719/1703 735/1718/1702 736/1720/1704
f 735/1721/1705 493/1722/1706 614/1723/1707
f 614/1723/1707 493/1722/1706 492/1724/1708
f 460/1725/1709 499/1726/1710 461/1727/1711
f 461/1727/1711 499/1726/1710 498/1728/1712
f 462/1729/1713 461/1730/1714 497/1731/1715
f 497/1731/1715 461/1730/1714 498/1732/1716
f 470/1733/1717 505/1734/1718 471/1735/1719
f 471/1735/1719 505/1734/1718 504/1736/1720
f 503/1737/1721 472/1738/1722 504/1739/1723
f 504/1739/1723 472/1738/1722 471/1740/1724
f 450/1741/1725 432/1742/1726 451/1743/1727
f 451/1743/1727 432/1742/1726 431/1744/1728
f 452/1745/1729 451/1746/1730 430/1747/1731
f 430/1747/1731 451/1746/1730 431/1748/1732
f 480/1749/1733 511/1750/1734 481/1751/1735
f 481/1751/1735 511/1750/1734 510/1752/1736
f 509/1753/1737 482/1754/1738 510/1755/1739
f 510/1755/1739 482/1754/1738 481/1756/1740
f 494/1757/1741 736/1758/1742 495/1759/1743
f 495/1759/1743 736/1758/1742 581/1760/1744
f 581/1761/1745 736/1762/1746 582/1763/1747
f 582/1763/1747 736/1762/1746 738/1764/1748
f 738/1764/1748 736/1762/1746 735/1765/1749
f 738/1764/1748 735/1765/1749 737/1766/1750
f 737/1766/1750 735/1765/1749 613/1767/1751
f 613/1767/1751 735/1765/1749 614/1768/1752
f 739/1769/1753 740/1770/1754 611/1771/1755
f 611/1771/1755 740/1770/1754 612/1772/1756
usemtl Poliimmide_(Kapton)
f 740/1773/1757 737/1774/1758 612/1775/1759
f 612/1775/1759 737/1774/1758 613/1776/1760
f 738/1777/1761 741/1778/1762 582/1779/1763
f 582/1779/1763 741/1778/1762 583/1780/1764
usemtl Poliimmide_(Kapton)_1
f 741/1781/1765 742/1782/1766 583/1783/1767
f 583/1783/1767 742/1782/1766 584/1784/1768
usemtl Poliimmide_(Kapton)
f 742/1785/1769 480/1786/1770 584/1787/1771
f 584/1787/1771 480/1786/1770 479/1788/1772
f 511/1789/1773 470/1790/1774 512/1791/1775
f 512/1791/1775 470/1790/1774 469/1792/1776
f 432/1793/1777 739/1794/1778 433/1795/1779
f 433/1795/1779 739/1794/1778 611/1796/1780
f 499/1797/1781 450/1798/1782 500/1799/1783
f 500/1799/1783 450/1798/1782 449/1800/1784
f 505/1801/1785 460/1802/1786 506/1803/1787
f 506/1803/1787 460/1802/1786 459/1804/1788
usemtl Poliimmide_(Kapton)_1
f 453/1805/1789 456/1806/1790 497/1807/1791
f 497/1807/1791 456/1806/1790 462/1808/1792
f 429/1809/1793 446/1810/1794 430/1811/1795
f 430/1811/1795 446/1810/1794 452/1812/1796
f 739/1813/1797 432/1814/1798 738/1815/1799
f 738/1815/1799 432/1814/1798 450/1816/1800
f 738/1815/1799 450/1816/1800 742/1817/1801
f 742/1817/1801 450/1816/1800 480/1818/1802
f 480/1818/1802 450/1816/1800 499/1819/1803
f 480/1818/1802 499/1819/1803 511/1820/1804
f 511/1820/1804 499/1819/1803 470/1821/1805
f 470/1821/1805 499/1819/1803 460/1822/1806
f 470/1821/1805 460/1822/1806 505/1823/1807
f 742/1817/1801 741/1824/1808 738/1815/1799
f 738/1815/1799 737/1825/1809 739/1813/1797
f 739/1813/1797 737/1825/1809 740/1826/1810
f 417/1827/1811 422/1828/1812 744/1829/1813
f 744/1829/1813 422/1828/1812 743/1830/1814
f 748/1831/1815 421/1832/1816 747/1833/1817
f 747/1833/1817 421/1832/1816 420/1834/1818
f 747/1833/1817 420/1834/1818 746/1835/1819
f 746/1835/1819 420/1834/1818 419/1836/1820
f 746/1835/1819 419/1836/1820 745/1837/1821
f 745/1837/1821 419/1836/1820 418/1838/1822
f 745/1837/1821 418/1838/1822 744/1839/1823
f 744/1839/1823 418/1838/1822 417/1840/1824
f 422/1841/1825 421/1842/1826 743/1843/1827
f 743/1843/1827 421/1842/1826 748/1844/1828
usemtl Poliimmide_(Kapton)
f 744/1845/1829 743/1846/1830 745/1847/1831
f 745/1847/1831 743/1846/1830 746/1848/1832
f 746/1848/1832 743/1846/1830 747/1849/1833
f 747/1849/1833 743/1846/1830 748/1850/1834
usemtl Poliimmide_(Kapton)_1
f 411/1851/1835 416/1852/1836 750/1853/1837
f 750/1853/1837 416/1852/1836 749/1854/1838
f 412/1855/1839 411/1856/1840 751/1857/1841
f 751/1857/1841 411/1856/1840 750/1858/1842
f 749/1859/1843 416/1860/1844 754/1861/1845
f 754/1861/1845 416/1860/1844 415/1862/1846
f 754/1861/1845 415/1862/1846 753/1863/1847
f 753/1863/1847 415/1862/1846 414/1864/1848
f 753/1863/1847 414/1864/1848 752/1865/1849
f 752/1865/1849 414/1864/1848 413/1866/1850
f 752/1865/1849 413/1866/1850 751/1867/1851
f 751/1867/1851 413/1866/1850 412/1868/1852
usemtl Poliimmide_(Kapton)
f 749/1869/1853 754/1870/1854 750/1871/1855
f 750/1871/1855 754/1870/1854 753/1872/1856
f 750/1871/1855 753/1872/1856 752/1873/1857
f 752/1873/1857 751/1874/1858 750/1871/1855
usemtl Poliimmide_(Kapton)_1
f 405/1875/1859 410/1876/1860 756/1877/1861
f 756/1877/1861 410/1876/1860 755/1878/1862
f 760/1879/1863 409/1880/1864 759/1881/1865
f 759/1881/1865 409/1880/1864 408/1882/1866
f 759/1881/1865 408/1882/1866 758/1883/1867
f 758/1883/1867 408/1882/1866 407/1884/1868
f 758/1883/1867 407/1884/1868 757/1885/1869
f 757/1885/1869 407/1884/1868 406/1886/1870
f 757/1885/1869 406/1886/1870 756/1887/1871
f 756/1887/1871 406/1886/1870 405/1888/1872
f 410/1889/1873 409/1890/1874 755/1891/1875
f 755/1891/1875 409/1890/1874 760/1892/1876
usemtl Poliimmide_(Kapton)
f 756/1893/1877 755/1894/1878 757/1895/1879
f 757/1895/1879 755/1894/1878 758/1896/1880
f 758/1896/1880 755/1894/1878 759/1897/1881
f 759/1897/1881 755/1894/1878 760/1898/1882
usemtl Poliimmide_(Kapton)_1
f 399/1899/1883 404/1900/1884 762/1901/1885
f 762/1901/1885 404/1900/1884 761/1902/1886
f 400/1903/1887 399/1904/1888 763/1905/1889
f 763/1905/1889 399/1904/1888 762/1906/1890
f 761/1907/1891 404/1908/1892 766/1909/1893
f 766/1909/1893 404/1908/1892 403/1910/1894
f 766/1909/1893 403/1910/1894 765/1911/1895
f 765/1911/1895 403/1910/1894 402/1912/1896
f 765/1911/1895 402/1912/1896 764/1913/1897
f 764/1913/1897 402/1912/1896 401/1914/1898
f 764/1913/1897 401/1914/1898 763/1915/1899
f 763/1915/1899 401/1914/1898 400/1916/1900
usemtl Poliimmide_(Kapton)
f 761/1917/1901 766/1918/1902 762/1919/1903
f 762/1919/1903 766/1918/1902 765/1920/1904
f 762/1919/1903 765/1920/1904 764/1921/1905
f 764/1921/1905 763/1922/1906 762/1919/1903
usemtl Poliimmide_(Kapton)_1
f 393/1923/1907 398/1924/1908 768/1925/1909
f 768/1925/1909 398/1924/1908 767/1926/1910
f 772/1927/1911 397/1928/1912 771/1929/1913
f 771/1929/1913 397/1928/1912 396/1930/1914
f 771/1929/1913 396/1930/1914 770/1931/1915
f 770/1931/1915 396/1930/1914 395/1932/1916
f 770/1931/1915 395/1932/1916 769/1933/1917
f 769/1933/1917 395/1932/1916 394/1934/1918
f 769/1933/1917 394/1934/1918 768/1935/1919
f 768/1935/1919 394/1934/1918 393/1936/1920
f 398/1937/1921 397/1938/1922 767/1939/1923
f 767/1939/1923 397/1938/1922 772/1940/1924
usemtl Poliimmide_(Kapton)
f 768/1941/1925 767/1942/1926 769/1943/1927
f 769/1943/1927 767/1942/1926 770/1944/1928
f 770/1944/1928 767/1942/1926 771/1945/1929
f 771/1945/1929 767/1942/1926 772/1946/1930
usemtl Poliimmide_(Kapton)_1
f 387/1947/1931 392/1948/1932 774/1949/1933
f 774/1949/1933 392/1948/1932 773/1950/1934
f 388/1951/1935 387/1952/1936 775/1953/1937
f 775/1953/1937 387/1952/1936 774/1954/1938
f 773/1955/1939 392/1956/1940 778/1957/1941
f 778/1957/1941 392/1956/1940 391/1958/1942
f 778/1957/1941 391/1958/1942 777/1959/1943
f 777/1959/1943 391/1958/1942 390/1960/1944
f 777/1959/1943 390/1960/1944 776/1961/1945
f 776/1961/1945 390/1960/1944 389/1962/1946
f 776/1961/1945 389/1962/1946 775/1963/1947
f 775/1963/1947 389/1962/1946 388/1964/1948
usemtl Poliimmide_(Kapton)
f 773/1965/1949 778/1966/1950 774/1967/1951
f 774/1967/1951 778/1966/1950 777/1968/1952
f 774/1967/1951 777/1968/1952 776/1969/1953
f 776/1969/1953 775/1970/1954 774/1967/1951
usemtl Poliimmide_(Kapton)_1
f 381/1971/1955 386/1972/1956 780/1973/1957
f 780/1973/1957 386/1972/1956 779/1974/1958
f 784/1975/1959 385/1976/1960 783/1977/1961
f 783/1977/1961 385/1976/1960 384/1978/1962
f 783/1977/1961 384/1978/1962 782/1979/1963
f 782/1979/1963 384/1978/1962 383/1980/1964
f 782/1979/1963 383/1980/1964 781/1981/1965
f 781/1981/1965 383/1980/1964 382/1982/1966
f 781/1981/1965 382/1982/1966 780/1983/1967
f 780/1983/1967 382/1982/1966 381/1984/1968
f 386/1985/1969 385/1986/1970 779/1987/1971
f 779/1987/1971 385/1986/1970 784/1988/1972
usemtl Poliimmide_(Kapton)
f 780/1989/1973 779/1990/1974 781/1991/1975
f 781/1991/1975 779/1990/1974 782/1992/1976
f 782/1992/1976 779/1990/1974 783/1993/1977
f 783/1993/1977 779/1990/1974 784/1994/1978
usemtl Poliimmide_(Kapton)_1
f 375/1995/1979 380/1996/1980 786/1997/1981
f 786/1997/1981 380/1996/1980 785/1998/1982
f 376/1999/1983 375/2000/1984 787/2001/1985
f 787/2001/1985 375/2000/1984 786/2002/1986
f 785/2003/1987 380/2004/1988 790/2005/1989
f 790/2005/1989 380/2004/1988 379/2006/1990
f 790/2005/1989 379/2006/1990 789/2007/1991
f 789/2007/1991 379/2006/1990 378/2008/1992
f 789/2007/1991 378/2008/1992 788/2009/1993
f 788/2009/1993 378/2008/1992 377/2010/1994
f 788/2009/1993 377/2010/1994 787/2011/1995
f 787/2011/1995 377/2010/1994 376/2012/1996
usemtl Poliimmide_(Kapton)
f 785/2013/1997 790/2014/1998 786/2015/1999
f 786/2015/1999 790/2014/1998 789/2016/2000
f 786/2015/1999 789/2016/2000 788/2017/2001
f 788/2017/2001 787/2018/2002 786/2015/1999
g 3D_PCB1_2026-06-02.obj

v 6.988196 -4.535385 0.401000
v 6.986243 -4.543769 0.401000
v 6.986243 -4.533769 0.401000
v 6.991535 -4.543830 0.401000
v 6.996488 -4.543769 0.401000
v 7.001612 -4.543769 0.401000
v 6.981122 -4.534867 0.401000
v 6.984903 -4.534867 0.401000
v 6.984903 -4.538159 0.401000
v 6.981366 -4.538159 0.401000
v 6.981366 -4.539257 0.401000
v 6.979902 -4.543830 0.401000
v 6.993952 -4.542916 0.401000
v 6.994706 -4.542125 0.401000
v 6.988196 -4.542153 0.401000
v 6.989322 -4.534903 0.401000
v 6.988376 -4.542253 0.401000
v 6.990537 -4.534745 0.401000
v 6.991523 -4.534855 0.401000
v 6.981122 -4.533769 0.401000
v 6.979902 -4.500223 0.401000
v 7.037043 -4.500223 0.401000
v 7.034775 -4.510386 0.401000
v 7.033106 -4.521710 0.401000
v 7.001612 -4.533769 0.401000
v 7.000269 -4.533769 0.401000
v 6.995108 -4.536403 0.401000
v 6.994519 -4.535468 0.401000
v 6.993619 -4.534600 0.401000
v 6.992667 -4.534053 0.401000
v 6.988196 -4.543251 0.401000
v 6.996488 -4.542672 0.401000
v 6.995237 -4.541174 0.401000
v 7.000269 -4.542672 0.401000
v 6.991553 -4.533729 0.401000
v 6.990549 -4.533647 0.401000
v 6.989353 -4.533730 0.401000
v 6.988196 -4.534044 0.401000
v 6.992179 -4.543763 0.401000
v 6.993149 -4.543430 0.401000
v 6.992270 -4.535125 0.401000
v 6.992963 -4.535589 0.401000
v 6.993567 -4.536255 0.401000
v 6.994294 -4.538876 0.401000
v 6.994193 -4.539958 0.401000
v 6.993921 -4.540818 0.401000
v 6.991697 -4.542689 0.401000
v 6.990763 -4.542794 0.401000
v 6.992423 -4.542421 0.401000
v 6.993036 -4.542007 0.401000
v 6.993506 -4.541512 0.401000
v 6.989435 -4.542646 0.401000
v 6.993979 -4.537027 0.401000
v 6.994245 -4.538098 0.401000
v 6.984903 -4.539257 0.401000
v 6.984903 -4.542672 0.401000
v 6.980878 -4.542672 0.401000
v 6.980878 -4.543769 0.401000
v 6.995539 -4.540116 0.401000
v 6.995633 -4.538958 0.401000
v 6.995490 -4.537536 0.401000
v 7.032370 -4.544574 0.401000
v 7.033313 -4.555982 0.401000
v 6.979902 -4.576223 0.401000
v 7.035123 -4.567284 0.401000
v 7.037192 -4.576223 0.401000
v 7.032300 -4.533128 0.401000
v 7.032367 -4.543830 0.401000
v 6.990946 -4.543891 0.401000
v 6.990674 -4.543886 0.401000
v 6.990271 -4.543830 0.401000
v 6.932084 -4.543830 0.401000
v 6.932148 -4.533128 0.401000
v 6.965024 -4.533769 0.401000
v 6.931345 -4.521710 0.401000
v 6.966367 -4.533769 0.401000
v 6.927405 -4.500223 0.401000
v 6.929673 -4.510386 0.401000
v 6.961121 -4.543769 0.401000
v 6.962586 -4.543769 0.401000
v 6.976209 -4.543769 0.401000
v 6.978928 -4.543769 0.401000
v 6.978928 -4.533769 0.401000
v 6.976105 -4.533769 0.401000
v 6.972391 -4.535073 0.401000
v 6.971683 -4.535857 0.401000
v 6.971219 -4.536717 0.401000
v 6.970148 -4.543769 0.401000
v 6.971378 -4.541028 0.401000
v 6.971952 -4.541923 0.401000
v 6.974662 -4.533924 0.401000
v 6.973490 -4.534335 0.401000
v 6.972403 -4.535064 0.401000
v 6.972776 -4.542711 0.401000
v 6.973819 -4.543318 0.401000
v 6.974970 -4.543661 0.401000
v 6.968683 -4.543769 0.401000
v 6.967728 -4.540964 0.401000
v 6.963599 -4.540964 0.401000
v 6.970951 -4.537703 0.401000
v 6.970877 -4.538643 0.401000
v 6.971018 -4.539982 0.401000
v 6.932077 -4.544574 0.401000
v 6.931134 -4.555982 0.401000
v 6.927256 -4.576223 0.401000
v 6.929325 -4.567284 0.401000
v 6.989261 -4.543689 0.401000
v 7.037305 -4.577223 0.478428
v 7.037662 -4.577223 0.479732
v 7.037305 -4.577223 0.479732
v 6.929673 -4.577223 0.412163
v 6.927405 -4.577223 0.402000
v 7.037043 -4.577223 0.402000
v 7.035123 -4.577223 0.469061
v 7.037192 -4.577223 0.478000
v 6.927256 -4.577223 0.478000
v 6.931345 -4.577223 0.423487
v 7.033313 -4.577223 0.457759
v 6.929325 -4.577223 0.469061
v 6.931134 -4.577223 0.457759
v 7.032370 -4.577223 0.446351
v 6.932077 -4.577223 0.446351
v 7.032300 -4.577223 0.434905
v 6.932148 -4.577223 0.434905
v 7.033106 -4.577223 0.423487
v 7.034775 -4.577223 0.412163
v 7.037305 -4.499795 0.479000
v 7.037662 -4.498491 0.479000
v 7.037305 -4.498491 0.479000
v 6.931345 -4.554736 0.479000
v 6.929673 -4.566060 0.479000
v 7.033106 -4.554736 0.479000
v 7.034775 -4.566060 0.479000
v 6.927405 -4.576223 0.479000
v 7.037043 -4.576223 0.479000
v 6.931134 -4.520464 0.479000
v 7.035123 -4.509162 0.479000
v 6.929325 -4.509162 0.479000
v 7.037192 -4.500223 0.479000
v 6.927256 -4.500223 0.479000
v 6.932148 -4.543318 0.479000
v 7.032300 -4.543318 0.479000
v 6.932077 -4.531872 0.479000
v 7.032370 -4.531872 0.479000
v 7.033313 -4.520464 0.479000
v 7.037305 -4.499223 0.401573
v 7.037662 -4.499223 0.400268
v 7.037305 -4.499223 0.400268
v 6.931345 -4.499223 0.456513
v 6.929673 -4.499223 0.467837
v 7.033106 -4.499223 0.456513
v 7.034775 -4.499223 0.467837
v 6.927405 -4.499223 0.478000
v 7.037043 -4.499223 0.478000
v 6.931134 -4.499223 0.422241
v 7.035123 -4.499223 0.410939
v 6.929325 -4.499223 0.410939
v 7.037192 -4.499223 0.402000
v 6.927256 -4.499223 0.402000
v 6.932148 -4.499223 0.445095
v 7.032300 -4.499223 0.445095
v 6.932077 -4.499223 0.433649
v 7.032370 -4.499223 0.433649
v 7.033313 -4.499223 0.422241
v 7.037305 -4.576650 0.401000
v 7.037662 -4.577955 0.401000
v 7.037305 -4.577955 0.401000
v 6.927143 -4.576650 0.401000
v 6.927143 -4.577955 0.401000
v 6.926789 -4.577955 0.401000
v 6.926987 -4.498491 0.401000
v 6.926987 -4.498650 0.401000
v 6.926944 -4.498491 0.401000
v 6.927143 -4.577223 0.478428
v 6.927143 -4.577223 0.479732
v 6.926789 -4.577223 0.479732
v 6.927143 -4.499795 0.479000
v 6.927143 -4.498491 0.479000
v 6.926789 -4.498491 0.479000
v 6.927143 -4.499223 0.401573
v 6.927143 -4.499223 0.400268
v 6.926789 -4.499223 0.400268
v 7.037461 -4.498491 0.401000
v 7.037503 -4.498491 0.401000
v 7.037461 -4.498650 0.401000
v 7.037253 -4.499248 0.401777
v 7.037101 -4.500000 0.401025
v 6.927198 -4.499248 0.401777
v 7.037290 -4.499290 0.401640
v 6.927161 -4.499290 0.401640
v 7.037281 -4.499322 0.401566
v 6.927170 -4.499322 0.401566
v 7.037247 -4.499441 0.401377
v 6.927201 -4.499441 0.401377
v 7.037207 -4.499599 0.401218
v 6.927243 -4.499599 0.401218
v 7.037156 -4.499789 0.401099
v 6.927292 -4.499789 0.401099
v 6.927347 -4.500000 0.401025
v 7.037262 -4.577189 0.478259
v 6.927189 -4.577189 0.478259
v 7.037290 -4.577156 0.478360
v 6.927161 -4.577156 0.478360
v 7.037272 -4.577089 0.478500
v 6.927179 -4.577089 0.478500
v 7.037250 -4.577016 0.478609
v 6.927198 -4.577016 0.478609
v 7.037229 -4.576930 0.478707
v 6.927219 -4.576930 0.478707
v 7.037174 -4.576723 0.478866
v 6.927274 -4.576723 0.478866
v 7.037110 -4.576482 0.478966
v 6.927338 -4.576482 0.478966
v 7.037262 -4.576482 0.401034
v 6.927189 -4.576482 0.401034
v 7.037290 -4.576583 0.401067
v 6.927161 -4.576583 0.401067
v 7.037272 -4.576723 0.401134
v 6.927179 -4.576723 0.401134
v 7.037250 -4.576832 0.401207
v 6.927198 -4.576832 0.401207
v 7.037229 -4.576930 0.401293
v 6.927219 -4.576930 0.401293
v 7.037174 -4.577089 0.401500
v 6.927274 -4.577089 0.401500
v 7.037110 -4.577189 0.401741
v 6.927338 -4.577189 0.401741
v 7.037262 -4.499964 0.478966
v 6.927189 -4.499964 0.478966
v 7.037290 -4.499862 0.478933
v 6.927161 -4.499862 0.478933
v 7.037272 -4.499723 0.478866
v 6.927179 -4.499723 0.478866
v 7.037250 -4.499614 0.478793
v 6.927198 -4.499614 0.478793
v 7.037229 -4.499516 0.478707
v 6.927219 -4.499516 0.478707
v 7.037174 -4.499357 0.478500
v 6.927274 -4.499357 0.478500
v 7.037110 -4.499257 0.478259
v 6.927338 -4.499257 0.478259
v 6.967392 -4.539867 0.401000
v 6.964048 -4.539867 0.401000
v 6.965900 -4.535690 0.401000
v 6.965552 -4.535690 0.401000
v 6.965802 -4.535343 0.401000
v 6.965641 -4.535342 0.401000
v 6.965738 -4.534989 0.401000
v 6.965708 -4.534989 0.401000
v 6.977585 -4.534867 0.401000
v 6.977585 -4.542672 0.401000
v 6.976111 -4.534867 0.401000
v 6.976166 -4.542672 0.401000
v 6.975110 -4.542574 0.401000
v 6.972220 -4.538672 0.401000
v 6.972306 -4.537677 0.401000
v 6.972538 -4.536886 0.401000
v 6.974927 -4.534993 0.401000
v 6.974271 -4.542311 0.401000
v 6.973587 -4.541906 0.401000
v 6.973026 -4.541352 0.401000
v 6.972605 -4.540662 0.401000
v 6.972312 -4.539723 0.401000
v 6.972886 -4.536269 0.401000
v 6.973371 -4.535753 0.401000
v 6.974103 -4.535281 0.401000
v 6.903705 -4.578103 0.401246
v 6.903339 -4.576844 0.400177
v 6.926963 -4.577322 0.400329
v 6.926944 -4.577223 0.400268
v 6.903666 -4.499467 0.400136
v 6.903681 -4.498347 0.401261
v 6.926963 -4.498552 0.400901
v 6.930469 -4.498223 0.417037
v 6.903516 -4.498390 0.478765
v 6.931705 -4.498223 0.456343
v 6.930469 -4.515259 0.480000
v 6.926944 -4.499223 0.479732
v 6.903366 -4.499573 0.479834
v 6.903666 -4.576979 0.479864
v 6.931705 -4.554565 0.480000
v 6.930469 -4.578223 0.462963
v 6.926944 -4.577955 0.479000
v 6.903681 -4.578098 0.478739
v 6.931705 -4.578223 0.423657
v 6.926963 -4.577894 0.479099
v 6.926963 -4.499124 0.479671
v 6.926987 -4.577223 0.400427
v 6.932077 -4.544574 0.400000
v 6.930469 -4.561186 0.400000
v 6.929673 -4.510386 0.400000
v 6.931919 -4.527407 0.400000
v 6.926944 -4.498490 0.401000
v 6.926990 -4.498651 0.401000
v 7.033741 -4.578223 0.418009
v 7.060575 -4.578047 0.401007
v 7.060770 -4.578121 0.478593
v 7.037503 -4.577955 0.479000
v 7.033918 -4.578223 0.463025
v 7.032126 -4.578223 0.439617
v 7.033741 -4.560214 0.480000
v 7.060334 -4.577260 0.479828
v 7.060776 -4.499445 0.479861
v 7.037503 -4.499223 0.479732
v 7.033918 -4.515198 0.480000
v 7.032126 -4.538606 0.480000
v 7.033741 -4.498223 0.461991
v 7.060898 -4.498373 0.478732
v 7.060770 -4.498322 0.401410
v 7.033918 -4.498223 0.416975
v 7.032126 -4.498223 0.440383
v 7.037503 -4.577223 0.400268
v 7.037461 -4.577223 0.400427
v 7.035123 -4.567284 0.400000
v 7.037488 -4.577322 0.400329
v 7.033741 -4.516232 0.400000
v 7.032554 -4.549284 0.400000
v 7.061087 -4.499301 0.400244
v 7.060822 -4.576931 0.400135
v 7.061963 -4.577194 0.401195
v 7.062015 -4.499231 0.401381
v 7.062015 -4.577214 0.478619
v 7.062006 -4.499429 0.478839
v 7.037488 -4.499124 0.479671
v 7.037488 -4.498552 0.400901
v 7.037488 -4.577894 0.479099
v 7.061359 -4.576883 0.479645
v 7.037461 -4.498651 0.401000
v 7.037503 -4.498490 0.401000
v 7.037461 -4.499223 0.479572
v 7.037503 -4.499223 0.479733
v 7.037461 -4.577794 0.479000
v 7.037503 -4.577956 0.479000
v 7.037461 -4.577795 0.479000
v 7.037461 -4.499223 0.479572
v 7.037461 -4.577223 0.400428
v 7.037503 -4.577223 0.400267
v 6.902448 -4.499408 0.401167
v 6.902469 -4.577173 0.401292
v 6.902378 -4.499423 0.478525
v 6.902448 -4.577038 0.478833
v 6.926944 -4.577223 0.400267
v 6.926990 -4.577223 0.400428
v 6.926987 -4.577795 0.479000
v 6.926987 -4.499223 0.479572
v 6.926944 -4.499223 0.479733
v 6.926990 -4.499223 0.479572
v 6.926944 -4.577956 0.479000
v 6.926990 -4.577794 0.479000
v 6.965900 -4.533590 0.402000
v 6.963880 -4.540233 0.402000
v 6.967637 -4.540598 0.402000
v 6.965726 -4.535009 0.402000
v 6.972767 -4.543143 0.402000
v 6.978034 -4.543403 0.402000
v 6.978479 -4.534501 0.402000
v 6.973746 -4.534018 0.402000
v 6.970798 -4.537402 0.402000
v 6.972287 -4.537291 0.402000
v 6.974225 -4.535102 0.402000
v 6.973356 -4.542151 0.402000
v 6.980878 -4.543037 0.402000
v 6.986243 -4.543769 0.402000
v 6.985798 -4.534501 0.402000
v 6.981122 -4.534135 0.402000
v 6.984903 -4.538891 0.402000
v 6.981366 -4.538525 0.402000
v 6.988684 -4.542572 0.402000
v 6.988492 -4.543737 0.402000
v 6.995456 -4.540993 0.402000
v 6.993177 -4.543478 0.402000
v 6.992505 -4.533838 0.402000
v 6.995243 -4.536493 0.402000
v 6.988248 -4.533936 0.402000
v 6.988358 -4.535060 0.402000
v 6.993726 -4.535828 0.402000
v 6.993543 -4.541844 0.402000
v 6.996488 -4.543037 0.402000
v 7.000715 -4.543403 0.402000
v 7.905240 -3.161987 0.401000
v 7.897934 -3.166536 0.401000
v 7.905005 -3.159465 0.401000
v 7.901633 -3.170320 0.401000
v 7.905176 -3.173780 0.401000
v 7.908799 -3.177401 0.401000
v 7.900608 -3.156619 0.401000
v 7.903281 -3.159292 0.401000
v 7.900953 -3.161621 0.401000
v 7.898450 -3.159120 0.401000
v 7.897675 -3.159896 0.401000
v 7.893406 -3.162095 0.401000
v 7.903989 -3.171384 0.401000
v 7.905079 -3.171355 0.401000
v 7.900455 -3.166773 0.401000
v 7.906379 -3.162443 0.401000
v 7.900513 -3.166970 0.401000
v 7.907349 -3.163190 0.401000
v 7.907969 -3.163965 0.401000
v 7.901383 -3.155843 0.401000
v 7.924241 -3.131260 0.401000
v 7.964646 -3.171664 0.401000
v 7.955857 -3.177248 0.401000
v 7.946668 -3.184073 0.401000
v 7.915870 -3.170330 0.401000
v 7.914920 -3.169382 0.401000
v 7.909409 -3.167594 0.401000
v 7.909656 -3.166518 0.401000
v 7.909632 -3.165266 0.401000
v 7.909345 -3.164208 0.401000
v 7.899680 -3.167549 0.401000
v 7.905954 -3.173003 0.401000
v 7.906128 -3.171060 0.401000
v 7.908628 -3.175677 0.401000
v 7.908786 -3.163191 0.401000
v 7.908133 -3.162422 0.401000
v 7.907230 -3.161634 0.401000
v 7.906189 -3.161039 0.401000
v 7.902134 -3.170729 0.401000
v 7.903055 -3.171178 0.401000
v 7.908307 -3.164685 0.401000
v 7.908469 -3.165502 0.401000
v 7.908423 -3.166400 0.401000
v 7.907084 -3.168767 0.401000
v 7.906247 -3.169461 0.401000
v 7.905448 -3.169877 0.401000
v 7.902552 -3.169626 0.401000
v 7.901819 -3.169041 0.401000
v 7.903257 -3.169952 0.401000
v 7.903983 -3.170093 0.401000
v 7.904664 -3.170075 0.401000
v 7.900983 -3.167998 0.401000
v 7.908170 -3.167238 0.401000
v 7.907602 -3.168183 0.401000
v 7.900174 -3.162397 0.401000
v 7.897760 -3.164811 0.401000
v 7.894916 -3.161966 0.401000
v 7.894138 -3.162742 0.401000
v 7.907090 -3.170524 0.401000
v 7.907975 -3.169774 0.401000
v 7.908878 -3.168667 0.401000
v 7.929981 -3.199722 0.401000
v 7.922580 -3.208454 0.401000
v 7.870502 -3.185000 0.401000
v 7.915870 -3.217726 0.401000
v 7.911011 -3.225510 0.401000
v 7.938025 -3.191579 0.401000
v 7.930503 -3.199192 0.401000
v 7.901172 -3.169947 0.401000
v 7.900983 -3.169751 0.401000
v 7.900739 -3.169427 0.401000
v 7.859592 -3.128280 0.401000
v 7.867206 -3.120759 0.401000
v 7.890000 -3.144460 0.401000
v 7.874710 -3.112117 0.401000
v 7.890949 -3.145409 0.401000
v 7.887119 -3.094139 0.401000
v 7.881537 -3.102928 0.401000
v 7.880170 -3.148772 0.401000
v 7.881205 -3.149807 0.401000
v 7.890836 -3.159439 0.401000
v 7.892759 -3.161362 0.401000
v 7.899830 -3.154291 0.401000
v 7.897834 -3.152295 0.401000
v 7.894288 -3.150592 0.401000
v 7.893232 -3.150646 0.401000
v 7.892295 -3.150925 0.401000
v 7.886551 -3.155153 0.401000
v 7.889359 -3.154086 0.401000
v 7.889133 -3.155124 0.401000
v 7.896705 -3.151383 0.401000
v 7.895588 -3.150846 0.401000
v 7.894300 -3.150592 0.401000
v 7.889158 -3.156263 0.401000
v 7.889466 -3.157430 0.401000
v 7.890039 -3.158488 0.401000
v 7.885517 -3.154118 0.401000
v 7.886823 -3.151460 0.401000
v 7.883902 -3.148539 0.401000
v 7.891410 -3.151432 0.401000
v 7.890693 -3.152046 0.401000
v 7.889844 -3.153092 0.401000
v 7.859064 -3.128803 0.401000
v 7.850330 -3.136203 0.401000
v 7.833274 -3.147773 0.401000
v 7.841059 -3.142916 0.401000
v 7.900122 -3.168612 0.401000
v 7.910386 -3.226297 0.478428
v 7.910636 -3.226548 0.479732
v 7.910386 -3.226297 0.479732
v 7.834275 -3.150189 0.412163
v 7.832673 -3.148586 0.402000
v 7.910199 -3.226111 0.402000
v 7.908841 -3.224754 0.469061
v 7.910303 -3.226217 0.478000
v 7.832566 -3.148480 0.478000
v 7.835459 -3.151371 0.423487
v 7.907563 -3.223474 0.457759
v 7.834031 -3.149943 0.469061
v 7.835309 -3.151223 0.457759
v 7.906894 -3.222808 0.446351
v 7.835978 -3.151889 0.446351
v 7.906846 -3.222759 0.434905
v 7.836026 -3.151939 0.434905
v 7.907413 -3.223327 0.423487
v 7.908594 -3.224508 0.412163
v 7.965134 -3.171548 0.479000
v 7.966306 -3.170876 0.479000
v 7.966056 -3.170625 0.479000
v 7.851358 -3.135470 0.479000
v 7.842170 -3.142295 0.479000
v 7.923313 -3.207426 0.479000
v 7.916489 -3.216615 0.479000
v 7.833381 -3.147879 0.479000
v 7.910904 -3.225404 0.479000
v 7.875446 -3.111089 0.479000
v 7.956968 -3.176627 0.479000
v 7.882157 -3.101817 0.479000
v 7.964753 -3.171770 0.479000
v 7.887015 -3.094033 0.479000
v 7.860001 -3.127964 0.479000
v 7.930820 -3.198784 0.479000
v 7.868045 -3.119821 0.479000
v 7.938962 -3.190740 0.479000
v 7.947696 -3.183340 0.479000
v 7.965540 -3.171143 0.401573
v 7.965790 -3.171394 0.400268
v 7.965540 -3.171143 0.400268
v 7.890613 -3.096216 0.456513
v 7.889429 -3.095035 0.467837
v 7.962568 -3.168172 0.456513
v 7.963749 -3.169354 0.467837
v 7.887827 -3.093432 0.478000
v 7.965354 -3.170957 0.478000
v 7.890464 -3.096069 0.422241
v 7.963996 -3.169600 0.410939
v 7.889185 -3.094789 0.410939
v 7.965458 -3.171063 0.402000
v 7.887720 -3.093326 0.402000
v 7.891181 -3.096784 0.445095
v 7.962000 -3.167604 0.445095
v 7.891132 -3.096735 0.433649
v 7.962049 -3.167654 0.433649
v 7.962717 -3.168320 0.422241
v 7.910788 -3.225893 0.401000
v 7.910117 -3.227066 0.401000
v 7.909867 -3.226815 0.401000
v 7.832892 -3.147995 0.401000
v 7.831971 -3.148918 0.401000
v 7.831717 -3.148667 0.401000
v 7.888050 -3.092619 0.401000
v 7.887937 -3.092732 0.401000
v 7.888019 -3.092588 0.401000
v 7.832486 -3.148400 0.478428
v 7.832486 -3.148400 0.479732
v 7.832236 -3.148149 0.479732
v 7.887238 -3.093650 0.479000
v 7.888160 -3.092728 0.479000
v 7.887909 -3.092477 0.479000
v 7.887641 -3.093246 0.401573
v 7.887641 -3.093246 0.400268
v 7.887391 -3.092995 0.400268
v 7.966166 -3.170734 0.401000
v 7.966196 -3.170765 0.401000
v 7.966053 -3.170847 0.401000
v 7.965482 -3.171122 0.401777
v 7.964844 -3.171548 0.401025
v 7.887662 -3.093302 0.401777
v 7.965479 -3.171178 0.401640
v 7.887607 -3.093306 0.401640
v 7.965451 -3.171195 0.401566
v 7.887589 -3.093334 0.401566
v 7.965345 -3.171256 0.401377
v 7.887528 -3.093441 0.401377
v 7.965201 -3.171339 0.401218
v 7.887445 -3.093582 0.401218
v 7.965033 -3.171437 0.401099
v 7.887348 -3.093752 0.401099
v 7.887238 -3.093941 0.401025
v 7.910376 -3.226242 0.478259
v 7.832541 -3.148408 0.478259
v 7.910419 -3.226237 0.478360
v 7.832547 -3.148365 0.478360
v 7.910453 -3.226177 0.478500
v 7.832608 -3.148330 0.478500
v 7.910492 -3.226112 0.478609
v 7.832673 -3.148293 0.478609
v 7.910535 -3.226035 0.478707
v 7.832749 -3.148248 0.478707
v 7.910645 -3.225850 0.478866
v 7.832935 -3.148140 0.478866
v 7.910770 -3.225635 0.478966
v 7.833149 -3.148014 0.478966
v 7.910877 -3.225742 0.401034
v 7.833042 -3.147907 0.401034
v 7.910825 -3.225832 0.401067
v 7.832953 -3.147960 0.401067
v 7.910712 -3.225919 0.401134
v 7.832865 -3.148072 0.401134
v 7.910621 -3.225982 0.401207
v 7.832804 -3.148162 0.401207
v 7.910535 -3.226035 0.401293
v 7.832749 -3.148248 0.401293
v 7.910386 -3.226109 0.401500
v 7.832676 -3.148399 0.401500
v 7.910270 -3.226135 0.401741
v 7.832648 -3.148514 0.401741
v 7.964981 -3.171635 0.478966
v 7.887149 -3.093801 0.478966
v 7.965073 -3.171583 0.478933
v 7.887201 -3.093711 0.478933
v 7.965162 -3.171471 0.478866
v 7.887314 -3.093624 0.478866
v 7.965223 -3.171380 0.478793
v 7.887403 -3.093561 0.478793
v 7.965278 -3.171295 0.478707
v 7.887488 -3.093508 0.478707
v 7.965351 -3.171144 0.478500
v 7.887641 -3.093434 0.478500
v 7.965375 -3.171029 0.478259
v 7.887757 -3.093408 0.478259
v 7.887363 -3.150445 0.401000
v 7.884998 -3.148081 0.401000
v 7.889261 -3.146437 0.401000
v 7.889014 -3.146192 0.401000
v 7.889438 -3.146124 0.401000
v 7.889325 -3.146009 0.401000
v 7.889643 -3.145828 0.401000
v 7.889621 -3.145805 0.401000
v 7.898105 -3.154118 0.401000
v 7.892588 -3.159637 0.401000
v 7.897065 -3.153075 0.401000
v 7.891584 -3.158633 0.401000
v 7.890906 -3.157818 0.401000
v 7.891620 -3.153015 0.401000
v 7.892386 -3.152371 0.401000
v 7.893110 -3.151977 0.401000
v 7.896137 -3.152328 0.401000
v 7.890497 -3.157037 0.401000
v 7.890302 -3.156269 0.401000
v 7.890296 -3.155480 0.401000
v 7.890485 -3.154695 0.401000
v 7.890943 -3.153823 0.401000
v 7.893790 -3.151786 0.401000
v 7.894498 -3.151765 0.401000
v 7.895350 -3.151948 0.401000
v 7.815290 -3.132448 0.401246
v 7.815924 -3.131301 0.400177
v 7.832288 -3.148342 0.400329
v 7.832346 -3.148260 0.400268
v 7.870868 -3.076816 0.400136
v 7.871671 -3.076036 0.401261
v 7.887989 -3.092643 0.400901
v 7.890702 -3.094891 0.417037
v 7.871521 -3.075949 0.478765
v 7.891575 -3.095765 0.456343
v 7.878653 -3.106937 0.480000
v 7.887500 -3.093106 0.479732
v 7.870581 -3.076682 0.479834
v 7.816059 -3.131626 0.479864
v 7.851734 -3.135605 0.480000
v 7.834131 -3.151459 0.462963
v 7.831830 -3.148778 0.479000
v 7.815278 -3.132429 0.478739
v 7.835007 -3.152334 0.423657
v 7.831885 -3.148747 0.479099
v 7.887583 -3.093048 0.479671
v 7.832377 -3.148291 0.400427
v 7.859064 -3.128803 0.400000
v 7.846180 -3.139413 0.400000
v 7.881537 -3.102928 0.400000
v 7.871091 -3.116553 0.400000
v 7.888019 -3.092587 0.401000
v 7.887937 -3.092732 0.401000
v 7.907157 -3.224484 0.418009
v 7.926255 -3.243332 0.401007
v 7.926340 -3.243525 0.478593
v 7.910007 -3.226955 0.479000
v 7.907282 -3.224608 0.463025
v 7.906012 -3.223341 0.439617
v 7.919892 -3.211749 0.480000
v 7.926642 -3.242606 0.479828
v 7.981977 -3.187896 0.479861
v 7.965677 -3.171283 0.479732
v 7.951847 -3.180043 0.480000
v 7.934028 -3.195328 0.480000
v 7.963724 -3.167915 0.461991
v 7.982822 -3.187223 0.478732
v 7.982767 -3.187097 0.401410
v 7.963849 -3.168040 0.416975
v 7.962583 -3.166772 0.440383
v 7.910523 -3.226437 0.400268
v 7.910492 -3.226407 0.400427
v 7.915870 -3.217726 0.400000
v 7.910444 -3.226495 0.400329
v 7.950992 -3.180649 0.400000
v 7.926780 -3.203182 0.400000
v 7.982297 -3.188013 0.400244
v 7.927219 -3.242718 0.400135
v 7.927839 -3.243712 0.401195
v 7.983005 -3.188621 0.401381
v 7.927863 -3.243763 0.478619
v 7.982859 -3.188754 0.478839
v 7.965735 -3.171201 0.479671
v 7.966141 -3.170796 0.400901
v 7.910038 -3.226900 0.479099
v 7.927631 -3.243065 0.479645
v 7.966053 -3.170848 0.401000
v 7.966196 -3.170765 0.401000
v 7.965647 -3.171252 0.479572
v 7.965677 -3.171283 0.479733
v 7.910090 -3.226811 0.479000
v 7.910007 -3.226955 0.479000
v 7.910090 -3.226811 0.479000
v 7.965647 -3.171252 0.479572
v 7.910492 -3.226406 0.400428
v 7.910523 -3.226437 0.400267
v 7.870050 -3.075915 0.401167
v 7.815076 -3.130919 0.401292
v 7.869986 -3.075875 0.478525
v 7.815155 -3.130808 0.478833
v 7.832346 -3.148260 0.400267
v 7.832380 -3.148291 0.400428
v 7.831974 -3.148696 0.479000
v 7.887531 -3.093136 0.479572
v 7.887500 -3.093106 0.479733
v 7.887534 -3.093137 0.479572
v 7.831830 -3.148778 0.479000
v 7.831974 -3.148695 0.479000
v 7.890744 -3.144952 0.402000
v 7.884620 -3.148221 0.402000
v 7.887018 -3.151136 0.402000
v 7.889621 -3.145833 0.402000
v 7.888846 -3.156562 0.402000
v 7.892386 -3.160471 0.402000
v 7.898996 -3.154492 0.402000
v 7.895990 -3.150803 0.402000
v 7.891513 -3.151111 0.402000
v 7.892646 -3.152086 0.402000
v 7.895563 -3.151908 0.402000
v 7.889963 -3.156277 0.402000
v 7.894657 -3.162224 0.402000
v 7.897934 -3.166536 0.402000
v 7.904172 -3.159666 0.402000
v 7.901123 -3.156102 0.402000
v 7.900434 -3.162138 0.402000
v 7.898194 -3.159379 0.402000
v 7.900507 -3.167415 0.402000
v 7.899546 -3.168102 0.402000
v 7.906412 -3.171088 0.402000
v 7.903043 -3.171233 0.402000
v 7.909385 -3.163942 0.402000
v 7.909440 -3.167753 0.402000
v 7.906302 -3.161000 0.402000
v 7.905588 -3.161873 0.402000
v 7.908838 -3.166211 0.402000
v 7.904456 -3.170335 0.402000
v 7.905695 -3.173262 0.402000
v 7.908426 -3.176510 0.402000
v 9.504960 -2.790642 0.401000
v 9.496576 -2.788691 0.401000
v 9.506577 -2.788691 0.401000
v 9.496515 -2.793982 0.401000
v 9.496576 -2.798935 0.401000
v 9.496576 -2.804057 0.401000
v 9.505478 -2.783569 0.401000
v 9.505478 -2.787349 0.401000
v 9.502185 -2.787349 0.401000
v 9.502185 -2.783813 0.401000
v 9.501090 -2.783813 0.401000
v 9.496515 -2.782349 0.401000
v 9.497428 -2.796399 0.401000
v 9.498221 -2.797150 0.401000
v 9.498191 -2.790642 0.401000
v 9.505442 -2.791768 0.401000
v 9.498093 -2.790821 0.401000
v 9.505600 -2.792984 0.401000
v 9.505491 -2.793968 0.401000
v 9.506577 -2.783569 0.401000
v 9.540122 -2.782349 0.401000
v 9.540122 -2.839489 0.401000
v 9.529960 -2.837223 0.401000
v 9.518634 -2.835551 0.401000
v 9.506577 -2.804057 0.401000
v 9.506577 -2.802715 0.401000
v 9.503943 -2.797553 0.401000
v 9.504877 -2.796967 0.401000
v 9.505747 -2.796064 0.401000
v 9.506293 -2.795114 0.401000
v 9.497095 -2.790642 0.401000
v 9.497675 -2.798935 0.401000
v 9.499170 -2.797683 0.401000
v 9.497675 -2.802715 0.401000
v 9.506617 -2.794000 0.401000
v 9.506699 -2.792995 0.401000
v 9.506617 -2.791798 0.401000
v 9.506302 -2.790642 0.401000
v 9.496582 -2.794626 0.401000
v 9.496915 -2.795595 0.401000
v 9.505219 -2.794717 0.401000
v 9.504758 -2.795409 0.401000
v 9.504090 -2.796013 0.401000
v 9.501468 -2.796739 0.401000
v 9.500388 -2.796638 0.401000
v 9.499527 -2.796367 0.401000
v 9.497657 -2.794141 0.401000
v 9.497553 -2.793209 0.401000
v 9.497925 -2.794870 0.401000
v 9.498337 -2.795484 0.401000
v 9.498835 -2.795953 0.401000
v 9.497699 -2.791881 0.401000
v 9.503318 -2.796425 0.401000
v 9.502247 -2.796692 0.401000
v 9.501090 -2.787349 0.401000
v 9.497675 -2.787349 0.401000
v 9.497675 -2.783325 0.401000
v 9.496576 -2.783325 0.401000
v 9.500229 -2.797984 0.401000
v 9.501389 -2.798081 0.401000
v 9.502808 -2.797937 0.401000
v 9.495771 -2.834818 0.401000
v 9.484363 -2.835760 0.401000
v 9.464124 -2.782349 0.401000
v 9.473063 -2.837570 0.401000
v 9.464124 -2.839639 0.401000
v 9.507218 -2.834748 0.401000
v 9.496515 -2.834813 0.401000
v 9.496454 -2.793393 0.401000
v 9.496460 -2.793120 0.401000
v 9.496515 -2.792718 0.401000
v 9.496515 -2.734528 0.401000
v 9.507218 -2.734594 0.401000
v 9.506577 -2.767471 0.401000
v 9.518634 -2.733790 0.401000
v 9.506577 -2.768813 0.401000
v 9.540122 -2.729852 0.401000
v 9.529960 -2.732119 0.401000
v 9.496576 -2.763569 0.401000
v 9.496576 -2.765032 0.401000
v 9.496576 -2.778654 0.401000
v 9.496576 -2.781374 0.401000
v 9.506577 -2.781374 0.401000
v 9.506577 -2.778552 0.401000
v 9.505271 -2.774838 0.401000
v 9.504490 -2.774131 0.401000
v 9.503629 -2.773666 0.401000
v 9.496576 -2.772593 0.401000
v 9.499317 -2.773824 0.401000
v 9.498423 -2.774398 0.401000
v 9.506421 -2.777107 0.401000
v 9.506012 -2.775937 0.401000
v 9.505283 -2.774848 0.401000
v 9.497635 -2.775221 0.401000
v 9.497028 -2.776265 0.401000
v 9.496683 -2.777417 0.401000
v 9.496576 -2.771130 0.401000
v 9.499381 -2.770175 0.401000
v 9.499381 -2.766044 0.401000
v 9.502643 -2.773397 0.401000
v 9.501703 -2.773325 0.401000
v 9.500364 -2.773465 0.401000
v 9.495771 -2.734524 0.401000
v 9.484363 -2.733581 0.401000
v 9.464124 -2.729702 0.401000
v 9.473063 -2.731772 0.401000
v 9.496656 -2.791708 0.401000
v 9.463123 -2.839753 0.478428
v 9.463123 -2.840107 0.479732
v 9.463123 -2.839753 0.479732
v 9.463123 -2.732119 0.412163
v 9.463123 -2.729852 0.402000
v 9.463123 -2.839489 0.402000
v 9.463123 -2.837570 0.469061
v 9.463123 -2.839639 0.478000
v 9.463123 -2.729702 0.478000
v 9.463123 -2.733790 0.423487
v 9.463123 -2.835760 0.457759
v 9.463123 -2.731772 0.469061
v 9.463123 -2.733581 0.457759
v 9.463123 -2.834818 0.446351
v 9.463123 -2.734524 0.446351
v 9.463123 -2.834748 0.434905
v 9.463123 -2.734594 0.434905
v 9.463123 -2.835551 0.423487
v 9.463123 -2.837223 0.412163
v 9.540549 -2.839753 0.479000
v 9.541855 -2.840107 0.479000
v 9.541855 -2.839753 0.479000
v 9.485608 -2.733790 0.479000
v 9.474286 -2.732119 0.479000
v 9.485608 -2.835551 0.479000
v 9.474286 -2.837223 0.479000
v 9.464124 -2.729852 0.479000
v 9.464124 -2.839489 0.479000
v 9.519883 -2.733581 0.479000
v 9.531183 -2.837570 0.479000
v 9.531183 -2.731772 0.479000
v 9.540122 -2.839639 0.479000
v 9.540122 -2.729702 0.479000
v 9.497028 -2.734594 0.479000
v 9.497028 -2.834748 0.479000
v 9.508475 -2.734524 0.479000
v 9.508475 -2.834818 0.479000
v 9.519883 -2.835760 0.479000
v 9.541123 -2.839753 0.401573
v 9.541123 -2.840107 0.400268
v 9.541123 -2.839753 0.400268
v 9.541123 -2.733790 0.456513
v 9.541123 -2.732119 0.467837
v 9.541123 -2.835551 0.456513
v 9.541123 -2.837223 0.467837
v 9.541123 -2.729852 0.478000
v 9.541123 -2.839489 0.478000
v 9.541123 -2.733581 0.422241
v 9.541123 -2.837570 0.410939
v 9.541123 -2.731772 0.410939
v 9.541123 -2.839639 0.402000
v 9.541123 -2.729702 0.402000
v 9.541123 -2.734594 0.445095
v 9.541123 -2.834748 0.445095
v 9.541123 -2.734524 0.433649
v 9.541123 -2.834818 0.433649
v 9.541123 -2.835760 0.422241
v 9.463694 -2.839753 0.401000
v 9.462391 -2.840107 0.401000
v 9.462391 -2.839753 0.401000
v 9.463694 -2.729589 0.401000
v 9.462391 -2.729589 0.401000
v 9.462391 -2.729234 0.401000
v 9.541855 -2.729435 0.401000
v 9.541697 -2.729435 0.401000
v 9.541855 -2.729391 0.401000
v 9.463123 -2.729589 0.478428
v 9.463123 -2.729589 0.479732
v 9.463123 -2.729234 0.479732
v 9.540549 -2.729589 0.479000
v 9.541855 -2.729589 0.479000
v 9.541855 -2.729234 0.479000
v 9.541123 -2.729589 0.401573
v 9.541123 -2.729589 0.400268
v 9.541123 -2.729234 0.400268
v 9.541855 -2.839907 0.401000
v 9.541855 -2.839950 0.401000
v 9.541697 -2.839907 0.401000
v 9.541098 -2.839698 0.401777
v 9.540345 -2.839547 0.401025
v 9.541098 -2.729643 0.401777
v 9.541056 -2.839735 0.401640
v 9.541056 -2.729607 0.401640
v 9.541022 -2.839726 0.401566
v 9.541022 -2.729615 0.401566
v 9.540903 -2.839694 0.401377
v 9.540903 -2.729647 0.401377
v 9.540748 -2.839653 0.401218
v 9.540748 -2.729689 0.401218
v 9.540555 -2.839603 0.401099
v 9.540555 -2.729739 0.401099
v 9.540345 -2.729794 0.401025
v 9.463157 -2.839708 0.478259
v 9.463157 -2.729634 0.478259
v 9.463190 -2.839735 0.478360
v 9.463190 -2.729607 0.478360
v 9.463257 -2.839717 0.478500
v 9.463257 -2.729624 0.478500
v 9.463331 -2.839697 0.478609
v 9.463331 -2.729644 0.478609
v 9.463416 -2.839675 0.478707
v 9.463416 -2.729667 0.478707
v 9.463623 -2.839620 0.478866
v 9.463623 -2.729721 0.478866
v 9.463865 -2.839557 0.478966
v 9.463865 -2.729785 0.478966
v 9.463865 -2.839708 0.401034
v 9.463865 -2.729634 0.401034
v 9.463761 -2.839735 0.401067
v 9.463761 -2.729607 0.401067
v 9.463623 -2.839717 0.401134
v 9.463623 -2.729624 0.401134
v 9.463514 -2.839697 0.401207
v 9.463514 -2.729644 0.401207
v 9.463416 -2.839675 0.401293
v 9.463416 -2.729667 0.401293
v 9.463257 -2.839620 0.401500
v 9.463257 -2.729721 0.401500
v 9.463157 -2.839557 0.401741
v 9.463157 -2.729785 0.401741
v 9.540381 -2.839708 0.478966
v 9.540381 -2.729634 0.478966
v 9.540482 -2.839735 0.478933
v 9.540482 -2.729607 0.478933
v 9.540622 -2.839717 0.478866
v 9.540622 -2.729624 0.478866
v 9.540732 -2.839697 0.478793
v 9.540732 -2.729644 0.478793
v 9.540830 -2.839675 0.478707
v 9.540830 -2.729667 0.478707
v 9.540989 -2.839620 0.478500
v 9.540989 -2.729721 0.478500
v 9.541089 -2.839557 0.478259
v 9.541089 -2.729785 0.478259
v 9.500480 -2.769838 0.401000
v 9.500480 -2.766494 0.401000
v 9.504654 -2.768346 0.401000
v 9.504654 -2.767999 0.401000
v 9.505002 -2.768250 0.401000
v 9.505002 -2.768088 0.401000
v 9.505356 -2.768186 0.401000
v 9.505356 -2.768153 0.401000
v 9.505478 -2.780032 0.401000
v 9.497675 -2.780032 0.401000
v 9.505478 -2.778557 0.401000
v 9.497675 -2.778613 0.401000
v 9.497773 -2.777557 0.401000
v 9.501673 -2.774666 0.401000
v 9.502668 -2.774751 0.401000
v 9.503461 -2.774985 0.401000
v 9.505353 -2.777374 0.401000
v 9.498035 -2.776716 0.401000
v 9.498441 -2.776034 0.401000
v 9.498993 -2.775473 0.401000
v 9.499683 -2.775051 0.401000
v 9.500623 -2.774758 0.401000
v 9.504078 -2.775332 0.401000
v 9.504593 -2.775818 0.401000
v 9.505063 -2.776548 0.401000
v 9.462241 -2.706150 0.401246
v 9.463501 -2.705785 0.400177
v 9.463025 -2.729408 0.400329
v 9.463123 -2.729391 0.400268
v 9.540879 -2.706110 0.400136
v 9.541999 -2.706127 0.401261
v 9.541794 -2.729408 0.400901
v 9.542124 -2.732915 0.417037
v 9.541956 -2.705961 0.478765
v 9.542124 -2.734152 0.456343
v 9.525086 -2.732915 0.480000
v 9.541123 -2.729391 0.479732
v 9.540772 -2.705814 0.479834
v 9.463367 -2.706111 0.479864
v 9.485779 -2.734152 0.480000
v 9.462122 -2.732915 0.462963
v 9.462391 -2.729391 0.479000
v 9.462247 -2.706127 0.478739
v 9.462122 -2.734152 0.423657
v 9.462452 -2.729408 0.479099
v 9.541221 -2.729408 0.479671
v 9.463123 -2.729435 0.400427
v 9.495771 -2.734524 0.400000
v 9.479160 -2.732915 0.400000
v 9.529960 -2.732119 0.400000
v 9.512940 -2.734366 0.400000
v 9.541855 -2.729391 0.401000
v 9.541694 -2.729435 0.401000
v 9.462122 -2.836187 0.418009
v 9.462299 -2.863020 0.401007
v 9.462223 -2.863217 0.478593
v 9.462391 -2.839950 0.479000
v 9.462122 -2.836364 0.463025
v 9.462122 -2.834571 0.439617
v 9.480130 -2.836187 0.480000
v 9.463086 -2.862780 0.479828
v 9.540900 -2.863222 0.479861
v 9.541123 -2.839950 0.479732
v 9.525147 -2.836364 0.480000
v 9.501740 -2.834571 0.480000
v 9.542124 -2.836187 0.461991
v 9.541971 -2.863343 0.478732
v 9.542023 -2.863215 0.401410
v 9.542124 -2.836364 0.416975
v 9.542124 -2.834571 0.440383
v 9.463123 -2.839950 0.400268
v 9.463123 -2.839907 0.400427
v 9.473063 -2.837570 0.400000
v 9.463025 -2.839934 0.400329
v 9.524112 -2.836187 0.400000
v 9.491062 -2.835001 0.400000
v 9.541044 -2.863532 0.400244
v 9.463416 -2.863267 0.400135
v 9.463150 -2.864409 0.401195
v 9.541114 -2.864461 0.401381
v 9.463132 -2.864461 0.478619
v 9.540915 -2.864452 0.478839
v 9.541221 -2.839934 0.479671
v 9.541794 -2.839934 0.400901
v 9.462452 -2.839934 0.479099
v 9.463462 -2.863804 0.479645
v 9.541694 -2.839907 0.401000
v 9.541855 -2.839950 0.401000
v 9.541123 -2.839907 0.479572
v 9.541123 -2.839950 0.479733
v 9.462552 -2.839907 0.479000
v 9.462391 -2.839950 0.479000
v 9.462549 -2.839907 0.479000
v 9.541123 -2.839907 0.479572
v 9.463123 -2.839907 0.400428
v 9.463123 -2.839950 0.400267
v 9.540937 -2.704895 0.401167
v 9.463172 -2.704916 0.401292
v 9.540921 -2.704823 0.478525
v 9.463306 -2.704895 0.478833
v 9.463123 -2.729391 0.400267
v 9.463123 -2.729435 0.400428
v 9.462549 -2.729435 0.479000
v 9.541123 -2.729435 0.479572
v 9.541123 -2.729391 0.479733
v 9.541123 -2.729435 0.479572
v 9.462391 -2.729391 0.479000
v 9.462552 -2.729435 0.479000
v 9.506754 -2.768346 0.402000
v 9.500113 -2.766326 0.402000
v 9.499747 -2.770083 0.402000
v 9.505338 -2.768173 0.402000
v 9.497202 -2.775213 0.402000
v 9.496943 -2.780479 0.402000
v 9.505845 -2.780926 0.402000
v 9.506327 -2.776192 0.402000
v 9.502945 -2.773245 0.402000
v 9.503055 -2.774733 0.402000
v 9.505243 -2.776671 0.402000
v 9.498194 -2.775801 0.402000
v 9.497309 -2.783325 0.402000
v 9.496576 -2.788691 0.402000
v 9.505845 -2.788244 0.402000
v 9.506211 -2.783569 0.402000
v 9.501453 -2.787349 0.402000
v 9.501819 -2.783813 0.402000
v 9.497773 -2.791132 0.402000
v 9.496610 -2.790937 0.402000
v 9.499353 -2.797904 0.402000
v 9.496866 -2.795624 0.402000
v 9.506507 -2.794953 0.402000
v 9.503852 -2.797688 0.402000
v 9.506409 -2.790694 0.402000
v 9.505286 -2.790805 0.402000
v 9.504517 -2.796173 0.402000
v 9.498502 -2.795989 0.402000
v 9.497309 -2.798935 0.402000
v 9.496943 -2.803162 0.402000
v 11.066459 -3.670196 0.401000
v 11.061908 -3.662888 0.401000
v 11.068979 -3.669959 0.401000
v 11.058124 -3.666586 0.401000
v 11.054667 -3.670131 0.401000
v 11.051044 -3.673753 0.401000
v 11.071827 -3.665561 0.401000
v 11.069153 -3.668234 0.401000
v 11.066825 -3.665906 0.401000
v 11.069324 -3.663405 0.401000
v 11.068549 -3.662629 0.401000
v 11.066352 -3.658360 0.401000
v 11.057062 -3.668942 0.401000
v 11.057090 -3.670032 0.401000
v 11.061673 -3.665410 0.401000
v 11.066004 -3.671333 0.401000
v 11.061475 -3.665467 0.401000
v 11.065256 -3.672305 0.401000
v 11.064481 -3.672923 0.401000
v 11.072602 -3.666337 0.401000
v 11.097187 -3.689196 0.401000
v 11.056781 -3.729600 0.401000
v 11.051197 -3.720810 0.401000
v 11.044373 -3.711622 0.401000
v 11.058115 -3.680824 0.401000
v 11.059064 -3.679876 0.401000
v 11.060853 -3.674363 0.401000
v 11.061927 -3.674610 0.401000
v 11.063178 -3.674585 0.401000
v 11.064237 -3.674300 0.401000
v 11.060895 -3.664634 0.401000
v 11.055442 -3.670907 0.401000
v 11.057386 -3.671081 0.401000
v 11.052768 -3.673581 0.401000
v 11.065256 -3.673741 0.401000
v 11.066022 -3.673089 0.401000
v 11.066810 -3.672184 0.401000
v 11.067408 -3.671145 0.401000
v 11.057715 -3.667088 0.401000
v 11.057267 -3.668010 0.401000
v 11.063761 -3.673261 0.401000
v 11.062943 -3.673423 0.401000
v 11.062046 -3.673378 0.401000
v 11.059678 -3.672039 0.401000
v 11.058985 -3.671202 0.401000
v 11.058567 -3.670402 0.401000
v 11.058820 -3.667506 0.401000
v 11.059406 -3.666772 0.401000
v 11.058494 -3.668211 0.401000
v 11.058353 -3.668937 0.401000
v 11.058371 -3.669619 0.401000
v 11.060447 -3.665938 0.401000
v 11.061207 -3.673124 0.401000
v 11.060264 -3.672556 0.401000
v 11.066050 -3.665130 0.401000
v 11.063633 -3.662715 0.401000
v 11.066480 -3.659869 0.401000
v 11.065705 -3.659094 0.401000
v 11.057920 -3.672043 0.401000
v 11.058671 -3.672930 0.401000
v 11.059778 -3.673834 0.401000
v 11.028724 -3.694935 0.401000
v 11.019989 -3.687536 0.401000
v 11.043445 -3.635455 0.401000
v 11.010718 -3.680823 0.401000
v 11.002936 -3.675966 0.401000
v 11.036866 -3.702980 0.401000
v 11.029252 -3.695458 0.401000
v 11.058497 -3.666127 0.401000
v 11.058695 -3.665937 0.401000
v 11.059018 -3.665693 0.401000
v 11.100165 -3.624546 0.401000
v 11.107688 -3.632160 0.401000
v 11.083985 -3.654954 0.401000
v 11.116327 -3.639666 0.401000
v 11.083036 -3.655903 0.401000
v 11.134305 -3.652074 0.401000
v 11.125516 -3.646491 0.401000
v 11.079673 -3.645124 0.401000
v 11.078638 -3.646159 0.401000
v 11.069007 -3.655791 0.401000
v 11.067084 -3.657714 0.401000
v 11.074155 -3.664785 0.401000
v 11.076151 -3.662789 0.401000
v 11.077854 -3.659242 0.401000
v 11.077799 -3.658187 0.401000
v 11.077521 -3.657250 0.401000
v 11.073291 -3.651505 0.401000
v 11.074360 -3.654313 0.401000
v 11.073322 -3.654087 0.401000
v 11.077063 -3.661659 0.401000
v 11.077598 -3.660541 0.401000
v 11.077854 -3.659255 0.401000
v 11.072184 -3.654112 0.401000
v 11.071015 -3.654421 0.401000
v 11.069956 -3.654992 0.401000
v 11.074326 -3.650470 0.401000
v 11.076984 -3.651778 0.401000
v 11.079908 -3.648858 0.401000
v 11.077012 -3.656364 0.401000
v 11.076398 -3.655647 0.401000
v 11.075354 -3.654800 0.401000
v 11.099643 -3.624017 0.401000
v 11.092243 -3.615284 0.401000
v 11.080674 -3.598229 0.401000
v 11.085529 -3.606013 0.401000
v 11.059833 -3.665078 0.401000
v 11.002149 -3.675339 0.478428
v 11.001896 -3.675589 0.479732
v 11.002149 -3.675339 0.479732
v 11.078257 -3.599230 0.412163
v 11.079859 -3.597627 0.402000
v 11.002335 -3.675152 0.402000
v 11.003690 -3.673795 0.469061
v 11.002228 -3.675258 0.478000
v 11.079966 -3.597521 0.478000
v 11.077076 -3.600412 0.423487
v 11.004972 -3.672516 0.457759
v 11.078501 -3.598985 0.469061
v 11.077222 -3.600264 0.457759
v 11.005637 -3.671849 0.446351
v 11.076557 -3.600931 0.446351
v 11.005686 -3.671800 0.434905
v 11.076505 -3.600980 0.434905
v 11.005118 -3.672368 0.423487
v 11.003937 -3.673550 0.412163
v 11.056897 -3.730088 0.479000
v 11.057569 -3.731261 0.479000
v 11.057819 -3.731011 0.479000
v 11.092975 -3.616313 0.479000
v 11.086149 -3.607124 0.479000
v 11.021018 -3.688268 0.479000
v 11.011829 -3.681443 0.479000
v 11.080567 -3.598335 0.479000
v 11.003040 -3.675860 0.479000
v 11.117356 -3.640399 0.479000
v 11.051819 -3.721922 0.479000
v 11.126627 -3.647111 0.479000
v 11.056675 -3.729705 0.479000
v 11.134412 -3.651968 0.479000
v 11.100480 -3.624955 0.479000
v 11.029660 -3.695774 0.479000
v 11.108625 -3.632999 0.479000
v 11.037705 -3.703917 0.479000
v 11.045105 -3.712650 0.479000
v 11.057303 -3.730493 0.401573
v 11.057050 -3.730744 0.400268
v 11.057303 -3.730493 0.400268
v 11.132230 -3.655566 0.456513
v 11.133411 -3.654385 0.467837
v 11.060273 -3.727522 0.456513
v 11.059092 -3.728704 0.467837
v 11.135013 -3.652782 0.478000
v 11.057489 -3.730307 0.478000
v 11.132377 -3.655419 0.422241
v 11.058844 -3.728949 0.410939
v 11.133655 -3.654139 0.410939
v 11.057383 -3.730413 0.402000
v 11.135120 -3.652676 0.402000
v 11.131659 -3.656134 0.445095
v 11.060840 -3.726954 0.445095
v 11.131711 -3.656085 0.433649
v 11.060791 -3.727004 0.433649
v 11.060126 -3.727670 0.422241
v 11.002552 -3.675744 0.401000
v 11.001380 -3.675072 0.401000
v 11.001630 -3.674821 0.401000
v 11.080451 -3.597846 0.401000
v 11.079526 -3.596924 0.401000
v 11.079780 -3.596672 0.401000
v 11.135825 -3.653004 0.401000
v 11.135712 -3.652891 0.401000
v 11.135859 -3.652973 0.401000
v 11.080045 -3.597441 0.478428
v 11.080045 -3.597441 0.479732
v 11.080295 -3.597190 0.479732
v 11.134794 -3.652190 0.479000
v 11.135718 -3.653113 0.479000
v 11.135968 -3.652862 0.479000
v 11.135199 -3.652596 0.401573
v 11.135199 -3.652596 0.400268
v 11.135450 -3.652345 0.400268
v 11.057712 -3.731120 0.401000
v 11.057679 -3.731150 0.401000
v 11.057599 -3.731007 0.401000
v 11.057322 -3.730437 0.401777
v 11.056897 -3.729798 0.401025
v 11.135145 -3.652616 0.401777
v 11.057267 -3.730433 0.401640
v 11.135138 -3.652560 0.401640
v 11.057251 -3.730404 0.401566
v 11.135111 -3.652544 0.401566
v 11.057190 -3.730298 0.401377
v 11.135004 -3.652482 0.401377
v 11.057108 -3.730156 0.401218
v 11.134864 -3.652400 0.401218
v 11.057007 -3.729987 0.401099
v 11.134693 -3.652301 0.401099
v 11.134504 -3.652191 0.401025
v 11.002204 -3.675331 0.478259
v 11.080039 -3.597497 0.478259
v 11.002207 -3.675374 0.478360
v 11.080082 -3.597501 0.478360
v 11.002268 -3.675408 0.478500
v 11.080115 -3.597561 0.478500
v 11.002332 -3.675446 0.478609
v 11.080152 -3.597626 0.478609
v 11.002411 -3.675491 0.478707
v 11.080198 -3.597703 0.478707
v 11.002594 -3.675599 0.478866
v 11.080304 -3.597889 0.478866
v 11.002811 -3.675724 0.478966
v 11.080430 -3.598104 0.478966
v 11.002704 -3.675831 0.401034
v 11.080536 -3.597997 0.401034
v 11.002613 -3.675778 0.401067
v 11.080484 -3.597906 0.401067
v 11.002527 -3.675667 0.401134
v 11.080375 -3.597820 0.401134
v 11.002463 -3.675576 0.401207
v 11.080283 -3.597757 0.401207
v 11.002411 -3.675491 0.401293
v 11.080198 -3.597703 0.401293
v 11.002335 -3.675340 0.401500
v 11.080045 -3.597630 0.401500
v 11.002311 -3.675224 0.401741
v 11.079932 -3.597604 0.401741
v 11.056809 -3.729937 0.478966
v 11.134644 -3.652103 0.478966
v 11.056864 -3.730028 0.478933
v 11.134736 -3.652156 0.478933
v 11.056974 -3.730114 0.478866
v 11.134821 -3.652267 0.478866
v 11.057065 -3.730178 0.478793
v 11.134885 -3.652358 0.478793
v 11.057151 -3.730231 0.478707
v 11.134937 -3.652443 0.478707
v 11.057300 -3.730304 0.478500
v 11.135010 -3.652594 0.478500
v 11.057416 -3.730330 0.478259
v 11.135038 -3.652710 0.478259
v 11.078000 -3.652316 0.401000
v 11.080365 -3.649952 0.401000
v 11.082007 -3.654215 0.401000
v 11.082254 -3.653969 0.401000
v 11.082322 -3.654392 0.401000
v 11.082438 -3.654278 0.401000
v 11.082618 -3.654597 0.401000
v 11.082639 -3.654574 0.401000
v 11.074326 -3.663060 0.401000
v 11.068808 -3.657541 0.401000
v 11.075370 -3.662017 0.401000
v 11.069812 -3.656538 0.401000
v 11.070627 -3.655861 0.401000
v 11.075431 -3.656575 0.401000
v 11.076075 -3.657339 0.401000
v 11.076468 -3.658064 0.401000
v 11.076117 -3.661091 0.401000
v 11.071409 -3.655452 0.401000
v 11.072178 -3.655256 0.401000
v 11.072965 -3.655251 0.401000
v 11.073749 -3.655440 0.401000
v 11.074622 -3.655898 0.401000
v 11.076658 -3.658745 0.401000
v 11.076679 -3.659453 0.401000
v 11.076496 -3.660304 0.401000
v 11.095997 -3.580245 0.401246
v 11.097144 -3.580877 0.400177
v 11.080103 -3.597243 0.400329
v 11.080185 -3.597302 0.400268
v 11.151630 -3.635821 0.400136
v 11.152408 -3.636625 0.401261
v 11.135804 -3.652942 0.400901
v 11.133555 -3.655655 0.417037
v 11.152497 -3.636477 0.478765
v 11.132679 -3.656529 0.456343
v 11.121509 -3.643608 0.480000
v 11.135340 -3.652456 0.479732
v 11.151764 -3.635536 0.479834
v 11.096821 -3.581012 0.479864
v 11.092841 -3.616689 0.480000
v 11.076987 -3.599086 0.462963
v 11.079667 -3.596784 0.479000
v 11.096015 -3.580232 0.478739
v 11.076111 -3.599961 0.423657
v 11.079700 -3.596838 0.479099
v 11.135398 -3.652537 0.479671
v 11.080155 -3.597332 0.400427
v 11.099643 -3.624017 0.400000
v 11.089032 -3.611133 0.400000
v 11.125516 -3.646491 0.400000
v 11.111893 -3.636044 0.400000
v 11.135859 -3.652974 0.401000
v 11.135712 -3.652891 0.401000
v 11.003962 -3.672110 0.418009
v 10.985114 -3.691208 0.401007
v 10.984922 -3.691295 0.478593
v 11.001490 -3.674961 0.479000
v 11.003837 -3.672236 0.463025
v 11.005103 -3.670968 0.439617
v 11.016697 -3.684845 0.480000
v 10.985840 -3.691596 0.479828
v 11.040549 -3.746931 0.479861
v 11.057163 -3.730633 0.479732
v 11.048401 -3.716801 0.480000
v 11.033118 -3.698981 0.480000
v 11.060529 -3.728679 0.461991
v 11.041224 -3.747775 0.478732
v 11.041349 -3.747720 0.401410
v 11.060404 -3.728804 0.416975
v 11.061673 -3.727536 0.440383
v 11.002009 -3.675478 0.400268
v 11.002039 -3.675448 0.400427
v 11.010718 -3.680823 0.400000
v 11.001951 -3.675397 0.400329
v 11.047797 -3.715945 0.400000
v 11.025263 -3.691734 0.400000
v 11.040433 -3.747253 0.400244
v 10.985727 -3.692172 0.400135
v 10.984733 -3.692794 0.401195
v 11.039823 -3.747958 0.401381
v 10.984684 -3.692817 0.478619
v 11.039692 -3.747812 0.478839
v 11.057245 -3.730691 0.479671
v 11.057648 -3.731096 0.400901
v 11.001545 -3.674992 0.479099
v 10.985379 -3.692586 0.479645
v 11.057596 -3.731006 0.401000
v 11.057682 -3.731151 0.401000
v 11.057193 -3.730602 0.479572
v 11.057163 -3.730633 0.479733
v 11.001636 -3.675043 0.479000
v 11.001490 -3.674960 0.479000
v 11.001633 -3.675043 0.479000
v 11.057193 -3.730602 0.479572
v 11.002039 -3.675448 0.400428
v 11.002009 -3.675478 0.400267
v 11.152530 -3.635003 0.401167
v 11.097525 -3.580030 0.401292
v 11.152570 -3.634942 0.478525
v 11.097638 -3.580110 0.478833
v 11.080185 -3.597301 0.400267
v 11.080155 -3.597332 0.400428
v 11.079749 -3.596927 0.479000
v 11.135309 -3.652486 0.479572
v 11.135340 -3.652456 0.479733
v 11.135309 -3.652486 0.479572
v 11.079667 -3.596783 0.479000
v 11.079749 -3.596928 0.479000
v 11.083494 -3.655699 0.402000
v 11.080225 -3.649574 0.402000
v 11.077311 -3.651972 0.402000
v 11.082612 -3.654574 0.402000
v 11.071882 -3.653800 0.402000
v 11.067975 -3.657340 0.402000
v 11.073954 -3.663951 0.402000
v 11.077643 -3.660945 0.402000
v 11.077335 -3.656468 0.402000
v 11.076358 -3.657599 0.402000
v 11.076539 -3.660517 0.402000
v 11.072168 -3.654918 0.402000
v 11.066221 -3.659611 0.402000
v 11.061908 -3.662888 0.402000
v 11.068778 -3.669125 0.402000
v 11.072342 -3.666078 0.402000
v 11.066306 -3.665389 0.402000
v 11.069068 -3.663146 0.402000
v 11.061030 -3.665461 0.402000
v 11.060343 -3.664499 0.402000
v 11.057358 -3.671365 0.402000
v 11.057212 -3.667996 0.402000
v 11.064502 -3.674338 0.402000
v 11.060691 -3.674395 0.402000
v 11.067444 -3.671257 0.402000
v 11.066572 -3.670541 0.402000
v 11.062235 -3.673793 0.402000
v 11.058109 -3.669409 0.402000
v 11.055182 -3.670649 0.402000
v 11.051935 -3.673379 0.402000
v 8.662021 -4.763081 0.401000
v 8.657471 -4.755772 0.401000
v 8.664542 -4.762843 0.401000
v 8.653687 -4.759470 0.401000
v 8.650226 -4.763016 0.401000
v 8.646607 -4.766638 0.401000
v 8.667389 -4.758446 0.401000
v 8.664716 -4.761119 0.401000
v 8.662388 -4.758791 0.401000
v 8.664887 -4.756290 0.401000
v 8.664112 -4.755514 0.401000
v 8.661911 -4.751245 0.401000
v 8.652625 -4.761826 0.401000
v 8.652652 -4.762917 0.401000
v 8.657233 -4.758295 0.401000
v 8.661564 -4.764218 0.401000
v 8.657038 -4.758351 0.401000
v 8.660816 -4.765189 0.401000
v 8.660041 -4.765807 0.401000
v 8.668164 -4.759222 0.401000
v 8.692746 -4.782080 0.401000
v 8.652344 -4.822484 0.401000
v 8.646759 -4.813695 0.401000
v 8.639936 -4.804506 0.401000
v 8.653678 -4.773709 0.401000
v 8.654627 -4.772760 0.401000
v 8.656412 -4.767248 0.401000
v 8.657489 -4.767494 0.401000
v 8.658741 -4.767470 0.401000
v 8.659800 -4.767185 0.401000
v 8.656458 -4.757519 0.401000
v 8.651004 -4.763792 0.401000
v 8.652948 -4.763966 0.401000
v 8.648331 -4.766465 0.401000
v 8.660816 -4.766626 0.401000
v 8.661585 -4.765973 0.401000
v 8.662372 -4.765069 0.401000
v 8.662967 -4.764029 0.401000
v 8.653278 -4.759973 0.401000
v 8.652829 -4.760894 0.401000
v 8.659320 -4.766146 0.401000
v 8.658506 -4.766308 0.401000
v 8.657605 -4.766263 0.401000
v 8.655240 -4.764924 0.401000
v 8.654548 -4.764087 0.401000
v 8.654129 -4.763286 0.401000
v 8.654380 -4.760391 0.401000
v 8.654966 -4.759657 0.401000
v 8.654056 -4.761095 0.401000
v 8.653913 -4.761822 0.401000
v 8.653931 -4.762504 0.401000
v 8.656009 -4.758822 0.401000
v 8.656769 -4.766009 0.401000
v 8.655823 -4.765440 0.401000
v 8.661609 -4.758014 0.401000
v 8.659195 -4.755600 0.401000
v 8.662043 -4.752754 0.401000
v 8.661264 -4.751978 0.401000
v 8.653482 -4.764927 0.401000
v 8.654233 -4.765815 0.401000
v 8.655341 -4.766718 0.401000
v 8.624286 -4.787820 0.401000
v 8.615552 -4.780420 0.401000
v 8.639008 -4.728340 0.401000
v 8.606281 -4.773708 0.401000
v 8.598496 -4.768850 0.401000
v 8.632428 -4.795864 0.401000
v 8.624814 -4.788343 0.401000
v 8.654059 -4.759012 0.401000
v 8.654258 -4.758822 0.401000
v 8.654581 -4.758577 0.401000
v 8.695728 -4.717431 0.401000
v 8.703247 -4.725045 0.401000
v 8.679548 -4.747839 0.401000
v 8.711890 -4.732551 0.401000
v 8.678598 -4.748788 0.401000
v 8.729868 -4.744959 0.401000
v 8.721079 -4.739376 0.401000
v 8.675235 -4.738009 0.401000
v 8.674201 -4.739043 0.401000
v 8.664566 -4.748676 0.401000
v 8.662644 -4.750599 0.401000
v 8.669715 -4.757670 0.401000
v 8.671711 -4.755674 0.401000
v 8.673417 -4.752126 0.401000
v 8.673362 -4.751072 0.401000
v 8.673081 -4.750135 0.401000
v 8.668854 -4.744390 0.401000
v 8.669922 -4.747198 0.401000
v 8.668885 -4.746971 0.401000
v 8.672623 -4.754543 0.401000
v 8.673160 -4.753425 0.401000
v 8.673414 -4.752140 0.401000
v 8.667743 -4.746996 0.401000
v 8.666578 -4.747305 0.401000
v 8.665519 -4.747877 0.401000
v 8.669889 -4.743355 0.401000
v 8.672547 -4.744663 0.401000
v 8.675467 -4.741742 0.401000
v 8.672574 -4.749248 0.401000
v 8.671961 -4.748532 0.401000
v 8.670914 -4.747685 0.401000
v 8.695203 -4.716901 0.401000
v 8.687803 -4.708169 0.401000
v 8.676233 -4.691113 0.401000
v 8.681092 -4.698897 0.401000
v 8.655396 -4.757963 0.401000
v 8.597709 -4.768223 0.478428
v 8.597458 -4.768474 0.479732
v 8.597709 -4.768223 0.479732
v 8.673819 -4.692115 0.412163
v 8.675422 -4.690512 0.402000
v 8.597895 -4.768037 0.402000
v 8.599253 -4.766680 0.469061
v 8.597791 -4.768143 0.478000
v 8.675528 -4.690406 0.478000
v 8.672635 -4.693297 0.423487
v 8.600531 -4.765400 0.457759
v 8.674064 -4.691869 0.469061
v 8.672785 -4.693149 0.457759
v 8.601200 -4.764734 0.446351
v 8.672117 -4.693815 0.446351
v 8.601249 -4.764684 0.434905
v 8.672068 -4.693865 0.434905
v 8.600681 -4.765252 0.423487
v 8.599500 -4.766434 0.412163
v 8.652460 -4.822973 0.479000
v 8.653132 -4.824146 0.479000
v 8.653382 -4.823895 0.479000
v 8.688538 -4.709197 0.479000
v 8.681711 -4.700008 0.479000
v 8.616581 -4.781153 0.479000
v 8.607392 -4.774328 0.479000
v 8.676130 -4.691219 0.479000
v 8.598603 -4.768744 0.479000
v 8.712919 -4.733283 0.479000
v 8.647379 -4.814806 0.479000
v 8.722190 -4.739996 0.479000
v 8.652237 -4.822590 0.479000
v 8.729975 -4.744853 0.479000
v 8.696042 -4.717839 0.479000
v 8.625223 -4.788659 0.479000
v 8.704184 -4.725884 0.479000
v 8.633268 -4.796802 0.479000
v 8.640668 -4.805534 0.479000
v 8.652863 -4.823378 0.401573
v 8.652613 -4.823629 0.400268
v 8.652863 -4.823378 0.400268
v 8.727790 -4.748451 0.456513
v 8.728974 -4.747269 0.467837
v 8.655835 -4.820407 0.456513
v 8.654654 -4.821589 0.467837
v 8.730576 -4.745667 0.478000
v 8.653049 -4.823192 0.478000
v 8.727939 -4.748303 0.422241
v 8.654407 -4.821834 0.410939
v 8.729218 -4.747024 0.410939
v 8.652945 -4.823298 0.402000
v 8.730683 -4.745561 0.402000
v 8.727222 -4.749019 0.445095
v 8.656403 -4.819839 0.445095
v 8.727271 -4.748970 0.433649
v 8.656354 -4.819888 0.433649
v 8.655686 -4.820554 0.422241
v 8.598114 -4.768628 0.401000
v 8.596943 -4.767957 0.401000
v 8.597193 -4.767706 0.401000
v 8.676011 -4.690731 0.401000
v 8.675089 -4.689808 0.401000
v 8.675339 -4.689557 0.401000
v 8.731388 -4.745889 0.401000
v 8.731275 -4.745776 0.401000
v 8.731418 -4.745858 0.401000
v 8.675608 -4.690326 0.478428
v 8.675608 -4.690326 0.479732
v 8.675858 -4.690075 0.479732
v 8.730356 -4.745075 0.479000
v 8.731278 -4.745998 0.479000
v 8.731531 -4.745747 0.479000
v 8.730762 -4.745480 0.401573
v 8.730762 -4.745480 0.400268
v 8.731012 -4.745229 0.400268
v 8.653272 -4.824004 0.401000
v 8.653241 -4.824035 0.401000
v 8.653159 -4.823892 0.401000
v 8.652884 -4.823321 0.401777
v 8.652460 -4.822683 0.401025
v 8.730704 -4.745501 0.401777
v 8.652829 -4.823317 0.401640
v 8.730701 -4.745445 0.401640
v 8.652814 -4.823289 0.401566
v 8.730674 -4.745429 0.401566
v 8.652750 -4.823182 0.401377
v 8.730567 -4.745367 0.401377
v 8.652668 -4.823041 0.401218
v 8.730423 -4.745285 0.401218
v 8.652570 -4.822871 0.401099
v 8.730256 -4.745186 0.401099
v 8.730066 -4.745076 0.401025
v 8.597767 -4.768216 0.478259
v 8.675599 -4.690382 0.478259
v 8.597770 -4.768258 0.478360
v 8.675641 -4.690386 0.478360
v 8.597831 -4.768293 0.478500
v 8.675678 -4.690446 0.478500
v 8.597895 -4.768331 0.478609
v 8.675715 -4.690511 0.478609
v 8.597971 -4.768375 0.478707
v 8.675760 -4.690588 0.478707
v 8.598157 -4.768483 0.478866
v 8.675867 -4.690773 0.478866
v 8.598371 -4.768609 0.478966
v 8.675992 -4.690989 0.478966
v 8.598264 -4.768716 0.401034
v 8.676099 -4.690882 0.401034
v 8.598175 -4.768663 0.401067
v 8.676047 -4.690791 0.401067
v 8.598087 -4.768552 0.401134
v 8.675934 -4.690705 0.401134
v 8.598026 -4.768461 0.401207
v 8.675846 -4.690641 0.401207
v 8.597971 -4.768375 0.401293
v 8.675760 -4.690588 0.401293
v 8.597898 -4.768224 0.401500
v 8.675608 -4.690514 0.401500
v 8.597873 -4.768109 0.401741
v 8.675492 -4.690489 0.401741
v 8.652372 -4.822822 0.478966
v 8.730207 -4.744988 0.478966
v 8.652424 -4.822913 0.478933
v 8.730295 -4.745041 0.478933
v 8.652536 -4.822999 0.478866
v 8.730384 -4.745152 0.478866
v 8.652628 -4.823063 0.478793
v 8.730445 -4.745242 0.478793
v 8.652713 -4.823116 0.478707
v 8.730500 -4.745328 0.478707
v 8.652863 -4.823189 0.478500
v 8.730573 -4.745479 0.478500
v 8.652979 -4.823215 0.478259
v 8.730600 -4.745594 0.478259
v 8.673563 -4.745201 0.401000
v 8.675925 -4.742836 0.401000
v 8.677570 -4.747099 0.401000
v 8.677814 -4.746854 0.401000
v 8.677884 -4.747276 0.401000
v 8.677997 -4.747163 0.401000
v 8.678180 -4.747482 0.401000
v 8.678202 -4.747459 0.401000
v 8.669889 -4.755945 0.401000
v 8.664371 -4.750426 0.401000
v 8.670932 -4.754902 0.401000
v 8.665372 -4.749422 0.401000
v 8.666190 -4.748746 0.401000
v 8.670993 -4.749460 0.401000
v 8.671634 -4.750224 0.401000
v 8.672031 -4.750948 0.401000
v 8.671680 -4.753976 0.401000
v 8.666971 -4.748336 0.401000
v 8.667737 -4.748140 0.401000
v 8.668528 -4.748135 0.401000
v 8.669312 -4.748325 0.401000
v 8.670185 -4.748782 0.401000
v 8.672220 -4.751630 0.401000
v 8.672242 -4.752338 0.401000
v 8.672059 -4.753188 0.401000
v 8.691559 -4.673130 0.401246
v 8.692707 -4.673762 0.400177
v 8.675666 -4.690128 0.400329
v 8.675748 -4.690186 0.400268
v 8.747190 -4.728706 0.400136
v 8.747971 -4.729509 0.401261
v 8.731363 -4.745827 0.400901
v 8.729117 -4.748539 0.417037
v 8.748056 -4.729361 0.478765
v 8.728241 -4.749414 0.456343
v 8.717069 -4.736493 0.480000
v 8.730903 -4.745340 0.479732
v 8.747324 -4.728421 0.479834
v 8.692380 -4.673897 0.479864
v 8.688401 -4.709573 0.480000
v 8.672547 -4.691971 0.462963
v 8.675229 -4.689668 0.479000
v 8.691578 -4.673117 0.478739
v 8.671674 -4.692845 0.423657
v 8.675260 -4.689723 0.479099
v 8.730961 -4.745422 0.479671
v 8.675718 -4.690217 0.400427
v 8.695203 -4.716901 0.400000
v 8.684595 -4.704017 0.400000
v 8.721079 -4.739376 0.400000
v 8.707456 -4.728929 0.400000
v 8.731418 -4.745858 0.401000
v 8.731275 -4.745776 0.401000
v 8.599524 -4.764995 0.418009
v 8.580674 -4.784093 0.401007
v 8.580481 -4.784180 0.478593
v 8.597052 -4.767846 0.479000
v 8.599399 -4.765120 0.463025
v 8.600666 -4.763852 0.439617
v 8.612256 -4.777729 0.480000
v 8.581400 -4.784480 0.479828
v 8.636112 -4.839816 0.479861
v 8.652726 -4.823517 0.479732
v 8.643964 -4.809686 0.480000
v 8.628681 -4.791866 0.480000
v 8.656092 -4.821564 0.461991
v 8.636783 -4.840660 0.478732
v 8.636911 -4.840605 0.401410
v 8.655967 -4.821689 0.416975
v 8.657236 -4.820421 0.440383
v 8.597571 -4.768363 0.400268
v 8.597602 -4.768332 0.400427
v 8.606281 -4.773708 0.400000
v 8.597513 -4.768282 0.400329
v 8.643357 -4.808830 0.400000
v 8.620826 -4.784619 0.400000
v 8.635993 -4.840138 0.400244
v 8.581290 -4.785057 0.400135
v 8.580295 -4.785679 0.401195
v 8.635386 -4.840843 0.401381
v 8.580243 -4.785701 0.478619
v 8.635254 -4.840696 0.478839
v 8.652805 -4.823576 0.479671
v 8.653211 -4.823980 0.400901
v 8.597107 -4.767877 0.479099
v 8.580942 -4.785470 0.479645
v 8.653159 -4.823891 0.401000
v 8.653241 -4.824036 0.401000
v 8.652756 -4.823486 0.479572
v 8.652723 -4.823518 0.479733
v 8.597196 -4.767928 0.479000
v 8.597052 -4.767845 0.479000
v 8.597196 -4.767928 0.479000
v 8.652756 -4.823487 0.479572
v 8.597602 -4.768332 0.400428
v 8.597571 -4.768363 0.400267
v 8.748093 -4.727888 0.401167
v 8.693088 -4.672915 0.401292
v 8.748133 -4.727826 0.478525
v 8.693198 -4.672995 0.478833
v 8.675748 -4.690186 0.400267
v 8.675715 -4.690217 0.400428
v 8.675312 -4.689812 0.479000
v 8.730872 -4.745371 0.479572
v 8.730903 -4.745340 0.479733
v 8.730869 -4.745371 0.479572
v 8.675229 -4.689668 0.479000
v 8.675312 -4.689813 0.479000
v 8.679056 -4.748584 0.402000
v 8.675788 -4.742459 0.402000
v 8.672870 -4.744857 0.402000
v 8.678174 -4.747459 0.402000
v 8.667444 -4.746685 0.402000
v 8.663535 -4.750225 0.402000
v 8.669516 -4.756836 0.402000
v 8.673206 -4.753830 0.402000
v 8.672895 -4.749353 0.402000
v 8.671921 -4.750484 0.402000
v 8.672098 -4.753402 0.402000
v 8.667731 -4.747802 0.402000
v 8.661783 -4.752496 0.402000
v 8.657471 -4.755772 0.402000
v 8.664341 -4.762010 0.402000
v 8.667905 -4.758963 0.402000
v 8.661869 -4.758273 0.402000
v 8.664628 -4.756031 0.402000
v 8.656592 -4.758345 0.402000
v 8.655906 -4.757384 0.402000
v 8.652921 -4.764250 0.402000
v 8.652774 -4.760881 0.402000
v 8.660065 -4.767223 0.402000
v 8.656253 -4.767280 0.402000
v 8.663007 -4.764142 0.402000
v 8.662134 -4.763426 0.402000
v 8.657795 -4.766678 0.402000
v 8.653672 -4.762294 0.402000
v 8.650745 -4.763533 0.402000
v 8.647498 -4.766264 0.402000
v 8.791974 -4.888496 0.401000
v 8.787424 -4.881188 0.401000
v 8.794495 -4.888259 0.401000
v 8.783640 -4.884886 0.401000
v 8.780182 -4.888432 0.401000
v 8.776560 -4.892054 0.401000
v 8.797342 -4.883862 0.401000
v 8.794669 -4.886535 0.401000
v 8.792341 -4.884206 0.401000
v 8.794840 -4.881706 0.401000
v 8.794065 -4.880930 0.401000
v 8.791867 -4.876661 0.401000
v 8.782578 -4.887242 0.401000
v 8.782605 -4.888333 0.401000
v 8.787189 -4.883711 0.401000
v 8.791520 -4.889634 0.401000
v 8.786991 -4.883767 0.401000
v 8.790772 -4.890605 0.401000
v 8.789997 -4.891223 0.401000
v 8.798117 -4.884638 0.401000
v 8.822702 -4.907496 0.401000
v 8.782297 -4.947900 0.401000
v 8.776712 -4.939111 0.401000
v 8.769889 -4.929922 0.401000
v 8.783631 -4.899125 0.401000
v 8.784580 -4.898176 0.401000
v 8.786368 -4.892664 0.401000
v 8.787442 -4.892910 0.401000
v 8.788694 -4.892886 0.401000
v 8.789753 -4.892601 0.401000
v 8.786411 -4.882934 0.401000
v 8.780957 -4.889208 0.401000
v 8.782901 -4.889382 0.401000
v 8.778284 -4.891881 0.401000
v 8.790772 -4.892041 0.401000
v 8.791538 -4.891389 0.401000
v 8.792328 -4.890484 0.401000
v 8.792923 -4.889445 0.401000
v 8.783234 -4.885389 0.401000
v 8.782782 -4.886310 0.401000
v 8.789277 -4.891562 0.401000
v 8.788459 -4.891723 0.401000
v 8.787561 -4.891679 0.401000
v 8.785193 -4.890340 0.401000
v 8.784501 -4.889503 0.401000
v 8.784082 -4.888702 0.401000
v 8.784336 -4.885806 0.401000
v 8.784922 -4.885073 0.401000
v 8.784009 -4.886511 0.401000
v 8.783869 -4.887238 0.401000
v 8.783887 -4.887919 0.401000
v 8.785962 -4.884238 0.401000
v 8.786722 -4.891425 0.401000
v 8.785779 -4.890856 0.401000
v 8.791565 -4.883430 0.401000
v 8.789148 -4.881016 0.401000
v 8.791996 -4.878170 0.401000
v 8.791221 -4.877394 0.401000
v 8.783435 -4.890343 0.401000
v 8.784186 -4.891230 0.401000
v 8.785294 -4.892134 0.401000
v 8.754239 -4.913236 0.401000
v 8.745508 -4.905836 0.401000
v 8.768961 -4.853756 0.401000
v 8.736234 -4.899123 0.401000
v 8.728452 -4.894266 0.401000
v 8.762381 -4.921280 0.401000
v 8.754767 -4.913759 0.401000
v 8.784012 -4.884427 0.401000
v 8.784211 -4.884237 0.401000
v 8.784534 -4.883993 0.401000
v 8.825681 -4.842846 0.401000
v 8.833204 -4.850461 0.401000
v 8.809501 -4.873255 0.401000
v 8.841843 -4.857966 0.401000
v 8.808551 -4.874204 0.401000
v 8.859821 -4.870375 0.401000
v 8.851032 -4.864792 0.401000
v 8.805188 -4.863424 0.401000
v 8.804154 -4.864459 0.401000
v 8.794523 -4.874091 0.401000
v 8.792600 -4.876014 0.401000
v 8.799671 -4.883085 0.401000
v 8.801667 -4.881090 0.401000
v 8.803370 -4.877542 0.401000
v 8.803315 -4.876487 0.401000
v 8.803037 -4.875551 0.401000
v 8.798807 -4.869806 0.401000
v 8.799875 -4.872614 0.401000
v 8.798838 -4.872387 0.401000
v 8.802579 -4.879959 0.401000
v 8.803116 -4.878841 0.401000
v 8.803370 -4.877556 0.401000
v 8.797699 -4.872412 0.401000
v 8.796531 -4.872721 0.401000
v 8.795475 -4.873293 0.401000
v 8.799842 -4.868771 0.401000
v 8.802500 -4.870079 0.401000
v 8.805423 -4.867158 0.401000
v 8.802530 -4.874664 0.401000
v 8.801914 -4.873947 0.401000
v 8.800870 -4.873100 0.401000
v 8.825159 -4.842317 0.401000
v 8.817759 -4.833585 0.401000
v 8.806189 -4.816529 0.401000
v 8.811045 -4.824313 0.401000
v 8.785349 -4.883379 0.401000
v 8.727665 -4.893639 0.478428
v 8.727411 -4.893890 0.479732
v 8.727665 -4.893639 0.479732
v 8.803772 -4.817531 0.412163
v 8.805375 -4.815928 0.402000
v 8.727851 -4.893453 0.402000
v 8.729209 -4.892096 0.469061
v 8.727744 -4.893559 0.478000
v 8.805481 -4.815822 0.478000
v 8.802591 -4.818713 0.423487
v 8.730487 -4.890816 0.457759
v 8.804017 -4.817285 0.469061
v 8.802738 -4.818565 0.457759
v 8.731153 -4.890150 0.446351
v 8.802073 -4.819231 0.446351
v 8.731202 -4.890100 0.434905
v 8.802024 -4.819281 0.434905
v 8.730634 -4.890668 0.423487
v 8.729453 -4.891850 0.412163
v 8.782413 -4.948389 0.479000
v 8.783085 -4.949562 0.479000
v 8.783335 -4.949311 0.479000
v 8.818491 -4.834613 0.479000
v 8.811664 -4.825424 0.479000
v 8.746537 -4.906569 0.479000
v 8.737345 -4.899744 0.479000
v 8.806083 -4.816635 0.479000
v 8.728556 -4.894160 0.479000
v 8.842872 -4.858699 0.479000
v 8.777335 -4.940222 0.479000
v 8.852143 -4.865411 0.479000
v 8.782190 -4.948006 0.479000
v 8.859928 -4.870269 0.479000
v 8.825995 -4.843255 0.479000
v 8.755176 -4.914075 0.479000
v 8.834140 -4.851299 0.479000
v 8.763221 -4.922218 0.479000
v 8.770621 -4.930950 0.479000
v 8.782819 -4.948793 0.401573
v 8.782566 -4.949044 0.400268
v 8.782819 -4.948793 0.400268
v 8.857746 -4.873867 0.456513
v 8.858927 -4.872685 0.467837
v 8.785788 -4.945823 0.456513
v 8.784607 -4.947004 0.467837
v 8.860529 -4.871082 0.478000
v 8.783005 -4.948607 0.478000
v 8.857892 -4.873719 0.422241
v 8.784360 -4.947250 0.410939
v 8.859171 -4.872440 0.410939
v 8.782898 -4.948713 0.402000
v 8.860636 -4.870976 0.402000
v 8.857175 -4.874435 0.445095
v 8.786356 -4.945255 0.445095
v 8.857227 -4.874386 0.433649
v 8.786307 -4.945304 0.433649
v 8.785642 -4.945970 0.422241
v 8.728067 -4.894044 0.401000
v 8.726896 -4.893372 0.401000
v 8.727146 -4.893121 0.401000
v 8.805967 -4.816147 0.401000
v 8.805045 -4.815224 0.401000
v 8.805295 -4.814973 0.401000
v 8.861341 -4.871305 0.401000
v 8.861231 -4.871192 0.401000
v 8.861374 -4.871274 0.401000
v 8.805561 -4.815742 0.478428
v 8.805561 -4.815742 0.479732
v 8.805811 -4.815491 0.479732
v 8.860309 -4.870491 0.479000
v 8.861234 -4.871413 0.479000
v 8.861484 -4.871163 0.479000
v 8.860715 -4.870896 0.401573
v 8.860715 -4.870896 0.400268
v 8.860965 -4.870645 0.400268
v 8.783228 -4.949420 0.401000
v 8.783197 -4.949451 0.401000
v 8.783115 -4.949307 0.401000
v 8.782837 -4.948737 0.401777
v 8.782413 -4.948098 0.401025
v 8.860660 -4.870917 0.401777
v 8.782782 -4.948733 0.401640
v 8.860654 -4.870861 0.401640
v 8.782767 -4.948705 0.401566
v 8.860627 -4.870845 0.401566
v 8.782706 -4.948598 0.401377
v 8.860520 -4.870783 0.401377
v 8.782624 -4.948457 0.401218
v 8.860379 -4.870701 0.401218
v 8.782523 -4.948287 0.401099
v 8.860209 -4.870602 0.401099
v 8.860019 -4.870491 0.401025
v 8.727720 -4.893631 0.478259
v 8.805555 -4.815797 0.478259
v 8.727723 -4.893674 0.478360
v 8.805597 -4.815802 0.478360
v 8.727784 -4.893709 0.478500
v 8.805631 -4.815862 0.478500
v 8.727848 -4.893747 0.478609
v 8.805668 -4.815927 0.478609
v 8.727927 -4.893791 0.478707
v 8.805713 -4.816004 0.478707
v 8.728110 -4.893899 0.478866
v 8.805820 -4.816189 0.478866
v 8.728327 -4.894025 0.478966
v 8.805948 -4.816404 0.478966
v 8.728220 -4.894132 0.401034
v 8.806055 -4.816298 0.401034
v 8.728128 -4.894079 0.401067
v 8.806000 -4.816207 0.401067
v 8.728043 -4.893968 0.401134
v 8.805890 -4.816121 0.401134
v 8.727979 -4.893876 0.401207
v 8.805799 -4.816057 0.401207
v 8.727927 -4.893791 0.401293
v 8.805713 -4.816004 0.401293
v 8.727851 -4.893640 0.401500
v 8.805561 -4.815930 0.401500
v 8.727826 -4.893525 0.401741
v 8.805448 -4.815904 0.401741
v 8.782325 -4.948238 0.478966
v 8.860160 -4.870404 0.478966
v 8.782380 -4.948328 0.478933
v 8.860251 -4.870456 0.478933
v 8.782489 -4.948415 0.478866
v 8.860337 -4.870568 0.478866
v 8.782581 -4.948478 0.478793
v 8.860401 -4.870658 0.478793
v 8.782666 -4.948531 0.478707
v 8.860453 -4.870744 0.478707
v 8.782816 -4.948605 0.478500
v 8.860526 -4.870895 0.478500
v 8.782932 -4.948631 0.478259
v 8.860553 -4.871010 0.478259
v 8.803516 -4.870617 0.401000
v 8.805881 -4.868252 0.401000
v 8.807523 -4.872515 0.401000
v 8.807770 -4.872270 0.401000
v 8.807837 -4.872692 0.401000
v 8.807953 -4.872579 0.401000
v 8.808133 -4.872898 0.401000
v 8.808155 -4.872875 0.401000
v 8.799842 -4.881361 0.401000
v 8.794324 -4.875842 0.401000
v 8.800885 -4.880318 0.401000
v 8.795328 -4.874838 0.401000
v 8.796143 -4.874162 0.401000
v 8.800946 -4.874876 0.401000
v 8.801590 -4.875639 0.401000
v 8.801984 -4.876364 0.401000
v 8.801633 -4.879392 0.401000
v 8.796924 -4.873752 0.401000
v 8.797693 -4.873556 0.401000
v 8.798481 -4.873551 0.401000
v 8.799268 -4.873741 0.401000
v 8.800138 -4.874198 0.401000
v 8.802173 -4.877046 0.401000
v 8.802195 -4.877754 0.401000
v 8.802012 -4.878604 0.401000
v 8.821512 -4.798546 0.401246
v 8.822660 -4.799178 0.400177
v 8.805619 -4.815544 0.400329
v 8.805701 -4.815602 0.400268
v 8.877146 -4.854121 0.400136
v 8.877924 -4.854925 0.401261
v 8.861319 -4.871243 0.400901
v 8.859070 -4.873955 0.417037
v 8.878013 -4.854777 0.478765
v 8.858197 -4.874830 0.456343
v 8.847025 -4.861908 0.480000
v 8.860856 -4.870756 0.479732
v 8.877280 -4.853837 0.479834
v 8.822336 -4.799313 0.479864
v 8.818357 -4.834989 0.480000
v 8.802503 -4.817387 0.462963
v 8.805182 -4.815084 0.479000
v 8.821531 -4.798533 0.478739
v 8.801627 -4.818261 0.423657
v 8.805216 -4.815139 0.479099
v 8.860914 -4.870838 0.479671
v 8.805671 -4.815633 0.400427
v 8.825159 -4.842317 0.400000
v 8.814548 -4.829433 0.400000
v 8.851032 -4.864792 0.400000
v 8.837409 -4.854345 0.400000
v 8.861374 -4.871274 0.401000
v 8.861228 -4.871191 0.401000
v 8.729477 -4.890411 0.418009
v 8.710630 -4.909509 0.401007
v 8.710437 -4.909596 0.478593
v 8.727005 -4.893261 0.479000
v 8.729352 -4.890536 0.463025
v 8.730622 -4.889268 0.439617
v 8.742212 -4.903145 0.480000
v 8.711356 -4.909896 0.479828
v 8.766065 -4.965231 0.479861
v 8.782679 -4.948933 0.479732
v 8.773917 -4.935101 0.480000
v 8.758634 -4.917281 0.480000
v 8.786045 -4.946980 0.461991
v 8.766739 -4.966076 0.478732
v 8.766864 -4.966021 0.401410
v 8.785923 -4.947104 0.416975
v 8.787189 -4.945837 0.440383
v 8.727524 -4.893779 0.400268
v 8.727555 -4.893748 0.400427
v 8.736234 -4.899123 0.400000
v 8.727466 -4.893697 0.400329
v 8.773313 -4.934245 0.400000
v 8.750779 -4.910035 0.400000
v 8.765949 -4.965553 0.400244
v 8.711243 -4.910473 0.400135
v 8.710248 -4.911094 0.401195
v 8.765342 -4.966259 0.401381
v 8.710199 -4.911117 0.478619
v 8.765207 -4.966112 0.478839
v 8.782761 -4.948991 0.479671
v 8.783164 -4.949396 0.400901
v 8.727060 -4.893293 0.479099
v 8.710895 -4.910886 0.479645
v 8.783112 -4.949307 0.401000
v 8.783197 -4.949452 0.401000
v 8.782709 -4.948902 0.479572
v 8.782679 -4.948933 0.479733
v 8.727152 -4.893344 0.479000
v 8.727005 -4.893261 0.479000
v 8.727149 -4.893343 0.479000
v 8.782709 -4.948903 0.479572
v 8.727555 -4.893748 0.400428
v 8.727524 -4.893779 0.400267
v 8.878046 -4.853304 0.401167
v 8.823041 -4.798330 0.401292
v 8.878086 -4.853242 0.478525
v 8.823154 -4.798411 0.478833
v 8.805701 -4.815602 0.400267
v 8.805671 -4.815633 0.400428
v 8.805265 -4.815228 0.479000
v 8.860825 -4.870787 0.479572
v 8.860856 -4.870756 0.479733
v 8.860825 -4.870787 0.479572
v 8.805182 -4.815083 0.479000
v 8.805265 -4.815229 0.479000
v 8.809009 -4.874000 0.402000
v 8.805741 -4.867875 0.402000
v 8.802826 -4.870273 0.402000
v 8.808127 -4.872875 0.402000
v 8.797397 -4.872101 0.402000
v 8.793491 -4.875641 0.402000
v 8.799469 -4.882252 0.402000
v 8.803159 -4.879245 0.402000
v 8.802851 -4.874769 0.402000
v 8.801874 -4.875900 0.402000
v 8.802054 -4.878817 0.402000
v 8.797684 -4.873218 0.402000
v 8.791736 -4.877911 0.402000
v 8.787424 -4.881188 0.402000
v 8.794294 -4.887426 0.402000
v 8.797858 -4.884379 0.402000
v 8.791822 -4.883689 0.402000
v 8.794584 -4.881447 0.402000
v 8.786545 -4.883761 0.402000
v 8.785859 -4.882800 0.402000
v 8.782874 -4.889666 0.402000
v 8.782727 -4.886297 0.402000
v 8.790018 -4.892638 0.402000
v 8.786210 -4.892695 0.402000
v 8.792960 -4.889558 0.402000
v 8.792087 -4.888842 0.402000
v 8.787751 -4.892094 0.402000
v 8.783625 -4.887709 0.402000
v 8.780698 -4.888949 0.402000
v 8.777451 -4.891680 0.402000
v 9.724607 -5.267069 0.401000
v 9.717298 -5.271617 0.401000
v 9.724369 -5.264546 0.401000
v 9.720997 -5.275401 0.401000
v 9.724543 -5.278861 0.401000
v 9.728165 -5.282483 0.401000
v 9.719971 -5.261701 0.401000
v 9.722644 -5.264373 0.401000
v 9.720316 -5.266702 0.401000
v 9.717817 -5.264201 0.401000
v 9.717041 -5.264977 0.401000
v 9.712772 -5.267176 0.401000
v 9.723352 -5.276465 0.401000
v 9.724445 -5.276437 0.401000
v 9.719822 -5.271854 0.401000
v 9.725745 -5.267524 0.401000
v 9.719877 -5.272051 0.401000
v 9.726716 -5.268272 0.401000
v 9.727335 -5.269046 0.401000
v 9.720749 -5.260924 0.401000
v 9.743607 -5.236341 0.401000
v 9.784012 -5.276745 0.401000
v 9.775223 -5.282329 0.401000
v 9.766031 -5.289154 0.401000
v 9.735236 -5.275411 0.401000
v 9.734287 -5.274463 0.401000
v 9.728775 -5.272675 0.401000
v 9.729020 -5.271600 0.401000
v 9.728995 -5.270347 0.401000
v 9.728711 -5.269289 0.401000
v 9.719046 -5.272630 0.401000
v 9.725318 -5.278085 0.401000
v 9.725492 -5.276141 0.401000
v 9.727991 -5.280758 0.401000
v 9.728153 -5.268272 0.401000
v 9.727500 -5.267503 0.401000
v 9.726597 -5.266716 0.401000
v 9.725556 -5.266120 0.401000
v 9.721500 -5.275810 0.401000
v 9.722422 -5.276259 0.401000
v 9.727674 -5.269766 0.401000
v 9.727836 -5.270583 0.401000
v 9.727790 -5.271482 0.401000
v 9.726450 -5.273848 0.401000
v 9.725614 -5.274542 0.401000
v 9.724814 -5.274958 0.401000
v 9.721918 -5.274707 0.401000
v 9.721183 -5.274122 0.401000
v 9.722623 -5.275033 0.401000
v 9.723349 -5.275174 0.401000
v 9.724030 -5.275156 0.401000
v 9.720350 -5.273079 0.401000
v 9.727536 -5.272319 0.401000
v 9.726966 -5.273264 0.401000
v 9.719541 -5.267478 0.401000
v 9.717127 -5.269893 0.401000
v 9.714280 -5.267047 0.401000
v 9.713504 -5.267823 0.401000
v 9.726453 -5.275605 0.401000
v 9.727341 -5.274855 0.401000
v 9.728244 -5.273748 0.401000
v 9.749347 -5.304803 0.401000
v 9.741947 -5.313536 0.401000
v 9.689866 -5.290081 0.401000
v 9.735233 -5.322807 0.401000
v 9.730378 -5.330591 0.401000
v 9.757392 -5.296660 0.401000
v 9.749869 -5.304274 0.401000
v 9.720539 -5.275029 0.401000
v 9.720350 -5.274832 0.401000
v 9.720105 -5.274508 0.401000
v 9.678959 -5.233362 0.401000
v 9.686573 -5.225840 0.401000
v 9.709366 -5.249542 0.401000
v 9.694077 -5.217199 0.401000
v 9.710315 -5.250490 0.401000
v 9.706485 -5.199220 0.401000
v 9.700904 -5.208009 0.401000
v 9.699537 -5.253853 0.401000
v 9.700571 -5.254888 0.401000
v 9.710202 -5.264520 0.401000
v 9.712125 -5.266443 0.401000
v 9.719196 -5.259372 0.401000
v 9.717200 -5.257377 0.401000
v 9.713654 -5.255673 0.401000
v 9.712598 -5.255727 0.401000
v 9.711661 -5.256007 0.401000
v 9.705918 -5.260235 0.401000
v 9.708725 -5.259167 0.401000
v 9.708497 -5.260205 0.401000
v 9.716071 -5.256464 0.401000
v 9.714951 -5.255928 0.401000
v 9.713666 -5.255674 0.401000
v 9.708524 -5.261344 0.401000
v 9.708832 -5.262512 0.401000
v 9.709403 -5.263569 0.401000
v 9.704880 -5.259200 0.401000
v 9.706189 -5.256541 0.401000
v 9.703269 -5.253620 0.401000
v 9.710776 -5.256514 0.401000
v 9.710059 -5.257127 0.401000
v 9.709211 -5.258173 0.401000
v 9.678428 -5.233885 0.401000
v 9.669696 -5.241284 0.401000
v 9.652640 -5.252854 0.401000
v 9.660425 -5.247997 0.401000
v 9.719489 -5.273694 0.401000
v 9.729749 -5.331379 0.478428
v 9.730002 -5.331630 0.479732
v 9.729749 -5.331379 0.479732
v 9.653641 -5.255270 0.412163
v 9.652039 -5.253668 0.402000
v 9.729563 -5.331192 0.402000
v 9.728208 -5.329835 0.469061
v 9.729670 -5.331299 0.478000
v 9.651932 -5.253561 0.478000
v 9.654822 -5.256452 0.423487
v 9.726926 -5.328555 0.457759
v 9.653397 -5.255025 0.469061
v 9.654676 -5.256304 0.457759
v 9.726261 -5.327889 0.446351
v 9.655341 -5.256971 0.446351
v 9.726212 -5.327840 0.434905
v 9.655393 -5.257020 0.434905
v 9.726780 -5.328408 0.423487
v 9.727961 -5.329590 0.412163
v 9.784501 -5.276629 0.479000
v 9.785672 -5.275958 0.479000
v 9.785422 -5.275707 0.479000
v 9.670725 -5.240551 0.479000
v 9.661536 -5.247377 0.479000
v 9.742679 -5.312507 0.479000
v 9.735856 -5.321696 0.479000
v 9.652747 -5.252960 0.479000
v 9.730271 -5.330485 0.479000
v 9.694809 -5.216170 0.479000
v 9.776334 -5.281709 0.479000
v 9.701523 -5.206899 0.479000
v 9.784116 -5.276851 0.479000
v 9.706379 -5.199114 0.479000
v 9.679364 -5.233046 0.479000
v 9.750187 -5.303866 0.479000
v 9.687409 -5.224903 0.479000
v 9.758329 -5.295821 0.479000
v 9.767060 -5.288421 0.479000
v 9.784903 -5.276225 0.401573
v 9.785157 -5.276475 0.400268
v 9.784903 -5.276225 0.400268
v 9.709977 -5.201298 0.456513
v 9.708796 -5.200116 0.467837
v 9.781934 -5.273253 0.456513
v 9.783115 -5.274436 0.467837
v 9.707193 -5.198513 0.478000
v 9.784717 -5.276038 0.478000
v 9.709830 -5.201150 0.422241
v 9.783362 -5.274681 0.410939
v 9.708551 -5.199870 0.410939
v 9.784824 -5.276144 0.402000
v 9.707087 -5.198407 0.402000
v 9.710544 -5.201866 0.445095
v 9.781366 -5.272685 0.445095
v 9.710495 -5.201816 0.433649
v 9.781415 -5.272735 0.433649
v 9.782081 -5.273401 0.422241
v 9.730155 -5.330974 0.401000
v 9.729483 -5.332147 0.401000
v 9.729233 -5.331896 0.401000
v 9.652259 -5.253076 0.401000
v 9.651334 -5.253999 0.401000
v 9.651084 -5.253748 0.401000
v 9.707416 -5.197700 0.401000
v 9.707303 -5.197813 0.401000
v 9.707386 -5.197669 0.401000
v 9.651853 -5.253481 0.478428
v 9.651853 -5.253481 0.479732
v 9.651603 -5.253230 0.479732
v 9.706601 -5.198732 0.479000
v 9.707523 -5.197809 0.479000
v 9.707273 -5.197558 0.479000
v 9.707007 -5.198327 0.401573
v 9.707007 -5.198327 0.400268
v 9.706757 -5.198076 0.400268
v 9.785532 -5.275816 0.401000
v 9.785563 -5.275847 0.401000
v 9.785419 -5.275929 0.401000
v 9.784848 -5.276204 0.401777
v 9.784211 -5.276629 0.401025
v 9.707029 -5.198383 0.401777
v 9.784845 -5.276259 0.401640
v 9.706971 -5.198387 0.401640
v 9.784815 -5.276276 0.401566
v 9.706955 -5.198415 0.401566
v 9.784708 -5.276338 0.401377
v 9.706894 -5.198522 0.401377
v 9.784568 -5.276420 0.401218
v 9.706812 -5.198664 0.401218
v 9.784397 -5.276519 0.401099
v 9.706711 -5.198833 0.401099
v 9.706601 -5.199022 0.401025
v 9.729743 -5.331323 0.478259
v 9.651908 -5.253489 0.478259
v 9.729786 -5.331319 0.478360
v 9.651914 -5.253446 0.478360
v 9.729819 -5.331259 0.478500
v 9.651972 -5.253412 0.478500
v 9.729859 -5.331193 0.478609
v 9.652039 -5.253374 0.478609
v 9.729902 -5.331117 0.478707
v 9.652115 -5.253329 0.478707
v 9.730008 -5.330932 0.478866
v 9.652298 -5.253221 0.478866
v 9.730137 -5.330716 0.478966
v 9.652515 -5.253096 0.478966
v 9.730243 -5.330823 0.401034
v 9.652408 -5.252989 0.401034
v 9.730188 -5.330914 0.401067
v 9.652317 -5.253042 0.401067
v 9.730079 -5.331000 0.401134
v 9.652231 -5.253153 0.401134
v 9.729987 -5.331064 0.401207
v 9.652167 -5.253243 0.401207
v 9.729902 -5.331117 0.401293
v 9.652115 -5.253329 0.401293
v 9.729752 -5.331190 0.401500
v 9.652042 -5.253480 0.401500
v 9.729636 -5.331216 0.401741
v 9.652015 -5.253595 0.401741
v 9.784348 -5.276717 0.478966
v 9.706516 -5.198883 0.478966
v 9.784440 -5.276664 0.478933
v 9.706568 -5.198792 0.478933
v 9.784525 -5.276553 0.478866
v 9.706678 -5.198706 0.478866
v 9.784589 -5.276462 0.478793
v 9.706769 -5.198642 0.478793
v 9.784641 -5.276376 0.478707
v 9.706855 -5.198589 0.478707
v 9.784717 -5.276225 0.478500
v 9.707007 -5.198515 0.478500
v 9.784742 -5.276110 0.478259
v 9.707120 -5.198489 0.478259
v 9.706727 -5.255527 0.401000
v 9.704361 -5.253162 0.401000
v 9.708625 -5.251518 0.401000
v 9.708381 -5.251273 0.401000
v 9.708802 -5.251205 0.401000
v 9.708689 -5.251090 0.401000
v 9.709009 -5.250909 0.401000
v 9.708985 -5.250886 0.401000
v 9.717472 -5.259200 0.401000
v 9.711954 -5.264719 0.401000
v 9.716428 -5.258157 0.401000
v 9.710950 -5.263715 0.401000
v 9.710273 -5.262899 0.401000
v 9.710987 -5.258096 0.401000
v 9.711750 -5.257452 0.401000
v 9.712476 -5.257058 0.401000
v 9.715503 -5.257409 0.401000
v 9.709864 -5.262119 0.401000
v 9.709668 -5.261350 0.401000
v 9.709662 -5.260562 0.401000
v 9.709852 -5.259776 0.401000
v 9.710309 -5.258904 0.401000
v 9.713157 -5.256868 0.401000
v 9.713865 -5.256847 0.401000
v 9.714716 -5.257029 0.401000
v 9.634656 -5.237530 0.401246
v 9.635288 -5.236382 0.400177
v 9.651654 -5.253423 0.400329
v 9.651712 -5.253341 0.400268
v 9.690232 -5.181898 0.400136
v 9.691037 -5.181118 0.401261
v 9.707352 -5.197724 0.400901
v 9.710065 -5.199972 0.417037
v 9.690888 -5.181031 0.478765
v 9.710941 -5.200847 0.456343
v 9.698020 -5.212019 0.480000
v 9.706867 -5.198187 0.479732
v 9.689948 -5.181763 0.479834
v 9.635422 -5.236707 0.479864
v 9.671100 -5.240687 0.480000
v 9.653498 -5.256540 0.462963
v 9.651194 -5.253859 0.479000
v 9.634644 -5.237510 0.478739
v 9.654371 -5.257415 0.423657
v 9.651249 -5.253828 0.479099
v 9.706949 -5.198129 0.479671
v 9.651743 -5.253372 0.400427
v 9.678428 -5.233885 0.400000
v 9.665543 -5.244494 0.400000
v 9.700904 -5.208009 0.400000
v 9.690455 -5.221634 0.400000
v 9.707386 -5.197669 0.401000
v 9.707303 -5.197814 0.401000
v 9.726523 -5.329565 0.418009
v 9.745618 -5.348414 0.401007
v 9.745707 -5.348606 0.478593
v 9.729374 -5.332036 0.479000
v 9.726645 -5.329690 0.463025
v 9.725379 -5.328422 0.439617
v 9.739255 -5.316831 0.480000
v 9.746006 -5.347687 0.479828
v 9.801343 -5.292977 0.479861
v 9.785044 -5.276364 0.479732
v 9.771213 -5.285125 0.480000
v 9.753391 -5.300409 0.480000
v 9.783091 -5.272996 0.461991
v 9.802186 -5.292304 0.478732
v 9.802131 -5.292178 0.401410
v 9.783216 -5.273121 0.416975
v 9.781946 -5.271853 0.440383
v 9.729889 -5.331519 0.400268
v 9.729859 -5.331488 0.400427
v 9.735233 -5.322807 0.400000
v 9.729807 -5.331577 0.400329
v 9.770356 -5.285730 0.400000
v 9.746146 -5.308263 0.400000
v 9.801664 -5.293094 0.400244
v 9.746582 -5.347799 0.400135
v 9.747205 -5.348794 0.401195
v 9.802369 -5.293702 0.401381
v 9.747226 -5.348844 0.478619
v 9.802222 -5.293836 0.478839
v 9.785102 -5.276283 0.479671
v 9.785508 -5.275878 0.400901
v 9.729404 -5.331981 0.479099
v 9.746998 -5.348146 0.479645
v 9.785416 -5.275929 0.401000
v 9.785563 -5.275846 0.401000
v 9.785013 -5.276333 0.479572
v 9.785044 -5.276364 0.479733
v 9.729456 -5.331892 0.479000
v 9.729371 -5.332037 0.479000
v 9.729453 -5.331892 0.479000
v 9.785013 -5.276333 0.479572
v 9.729859 -5.331488 0.400428
v 9.729889 -5.331519 0.400267
v 9.689414 -5.180996 0.401167
v 9.634443 -5.236000 0.401292
v 9.689353 -5.180956 0.478525
v 9.634522 -5.235889 0.478833
v 9.651712 -5.253341 0.400267
v 9.651743 -5.253372 0.400428
v 9.651337 -5.253777 0.479000
v 9.706897 -5.198218 0.479572
v 9.706867 -5.198187 0.479733
v 9.706897 -5.198218 0.479572
v 9.651194 -5.253860 0.479000
v 9.651340 -5.253777 0.479000
v 9.710111 -5.250034 0.402000
v 9.703986 -5.253302 0.402000
v 9.706385 -5.256217 0.402000
v 9.708985 -5.250914 0.402000
v 9.708213 -5.261644 0.402000
v 9.711753 -5.265552 0.402000
v 9.718363 -5.259573 0.402000
v 9.715357 -5.255884 0.402000
v 9.710880 -5.256192 0.402000
v 9.712009 -5.257168 0.402000
v 9.714930 -5.256989 0.402000
v 9.709330 -5.261358 0.402000
v 9.714023 -5.267305 0.402000
v 9.717298 -5.271617 0.402000
v 9.723536 -5.264747 0.402000
v 9.720490 -5.261183 0.402000
v 9.719800 -5.267219 0.402000
v 9.717557 -5.264460 0.402000
v 9.719873 -5.272496 0.402000
v 9.718909 -5.273183 0.402000
v 9.725776 -5.276169 0.402000
v 9.722406 -5.276314 0.402000
v 9.728748 -5.269023 0.402000
v 9.728806 -5.272834 0.402000
v 9.725669 -5.266081 0.402000
v 9.724952 -5.266954 0.402000
v 9.728205 -5.271293 0.402000
v 9.723819 -5.275416 0.402000
v 9.725061 -5.278343 0.402000
v 9.727790 -5.281591 0.402000
v 9.849201 -5.142172 0.401000
v 9.841892 -5.146721 0.401000
v 9.848963 -5.139650 0.401000
v 9.845591 -5.150505 0.401000
v 9.849137 -5.153964 0.401000
v 9.852759 -5.157586 0.401000
v 9.844565 -5.136804 0.401000
v 9.847239 -5.139477 0.401000
v 9.844910 -5.141805 0.401000
v 9.842411 -5.139304 0.401000
v 9.841636 -5.140081 0.401000
v 9.837366 -5.142280 0.401000
v 9.847947 -5.151568 0.401000
v 9.849036 -5.151540 0.401000
v 9.844416 -5.146958 0.401000
v 9.850339 -5.142627 0.401000
v 9.844471 -5.147155 0.401000
v 9.851310 -5.143375 0.401000
v 9.851929 -5.144149 0.401000
v 9.845343 -5.136028 0.401000
v 9.868201 -5.111445 0.401000
v 9.908606 -5.151849 0.401000
v 9.899817 -5.157432 0.401000
v 9.890625 -5.164258 0.401000
v 9.859830 -5.150515 0.401000
v 9.858881 -5.149566 0.401000
v 9.853370 -5.147779 0.401000
v 9.853614 -5.146703 0.401000
v 9.853589 -5.145451 0.401000
v 9.853305 -5.144392 0.401000
v 9.843641 -5.147734 0.401000
v 9.849912 -5.153188 0.401000
v 9.850086 -5.151244 0.401000
v 9.852585 -5.155861 0.401000
v 9.852747 -5.143375 0.401000
v 9.852094 -5.142607 0.401000
v 9.851191 -5.141819 0.401000
v 9.850150 -5.141223 0.401000
v 9.846094 -5.150913 0.401000
v 9.847016 -5.151363 0.401000
v 9.852268 -5.144870 0.401000
v 9.852430 -5.145686 0.401000
v 9.852384 -5.146585 0.401000
v 9.851044 -5.148952 0.401000
v 9.850208 -5.149646 0.401000
v 9.849408 -5.150062 0.401000
v 9.846512 -5.149811 0.401000
v 9.845777 -5.149225 0.401000
v 9.847217 -5.150137 0.401000
v 9.847944 -5.150278 0.401000
v 9.848624 -5.150260 0.401000
v 9.844944 -5.148182 0.401000
v 9.852131 -5.147422 0.401000
v 9.851560 -5.148368 0.401000
v 9.844135 -5.142582 0.401000
v 9.841721 -5.144996 0.401000
v 9.838874 -5.142150 0.401000
v 9.838099 -5.142926 0.401000
v 9.851047 -5.150709 0.401000
v 9.851935 -5.149958 0.401000
v 9.852839 -5.148851 0.401000
v 9.873941 -5.179906 0.401000
v 9.866541 -5.188639 0.401000
v 9.814460 -5.165185 0.401000
v 9.859827 -5.197911 0.401000
v 9.854972 -5.205695 0.401000
v 9.881986 -5.171763 0.401000
v 9.874463 -5.179377 0.401000
v 9.845133 -5.150132 0.401000
v 9.844944 -5.149936 0.401000
v 9.844700 -5.149612 0.401000
v 9.803553 -5.108465 0.401000
v 9.811167 -5.100943 0.401000
v 9.833960 -5.124645 0.401000
v 9.818671 -5.092302 0.401000
v 9.834910 -5.125594 0.401000
v 9.831080 -5.074324 0.401000
v 9.825498 -5.083113 0.401000
v 9.824131 -5.128957 0.401000
v 9.825165 -5.129992 0.401000
v 9.834797 -5.139624 0.401000
v 9.836719 -5.141547 0.401000
v 9.843790 -5.134476 0.401000
v 9.841794 -5.132480 0.401000
v 9.838248 -5.130776 0.401000
v 9.837192 -5.130830 0.401000
v 9.836255 -5.131110 0.401000
v 9.830512 -5.135338 0.401000
v 9.833320 -5.134270 0.401000
v 9.833091 -5.135308 0.401000
v 9.840665 -5.131568 0.401000
v 9.839545 -5.131031 0.401000
v 9.838260 -5.130777 0.401000
v 9.833118 -5.136448 0.401000
v 9.833426 -5.137615 0.401000
v 9.833997 -5.138673 0.401000
v 9.829474 -5.134303 0.401000
v 9.830784 -5.131645 0.401000
v 9.827863 -5.128724 0.401000
v 9.835370 -5.131617 0.401000
v 9.834653 -5.132231 0.401000
v 9.833805 -5.133276 0.401000
v 9.803022 -5.108988 0.401000
v 9.794291 -5.116388 0.401000
v 9.777234 -5.127958 0.401000
v 9.785019 -5.123100 0.401000
v 9.844083 -5.148797 0.401000
v 9.854343 -5.206482 0.478428
v 9.854596 -5.206733 0.479732
v 9.854343 -5.206482 0.479732
v 9.778235 -5.130373 0.412163
v 9.776633 -5.128771 0.402000
v 9.854157 -5.206296 0.402000
v 9.852802 -5.204939 0.469061
v 9.854264 -5.206402 0.478000
v 9.776526 -5.128665 0.478000
v 9.779416 -5.131556 0.423487
v 9.851520 -5.203659 0.457759
v 9.777991 -5.130128 0.469061
v 9.779270 -5.131408 0.457759
v 9.850855 -5.202993 0.446351
v 9.779935 -5.132074 0.446351
v 9.850806 -5.202943 0.434905
v 9.779987 -5.132124 0.434905
v 9.851374 -5.203511 0.423487
v 9.852555 -5.204693 0.412163
v 9.909095 -5.151733 0.479000
v 9.910267 -5.151061 0.479000
v 9.910016 -5.150810 0.479000
v 9.795319 -5.115655 0.479000
v 9.786130 -5.122480 0.479000
v 9.867273 -5.187610 0.479000
v 9.860450 -5.196800 0.479000
v 9.777341 -5.128064 0.479000
v 9.854865 -5.205589 0.479000
v 9.819404 -5.091273 0.479000
v 9.900928 -5.156812 0.479000
v 9.826117 -5.082002 0.479000
v 9.908710 -5.151955 0.479000
v 9.830973 -5.074218 0.479000
v 9.803959 -5.108149 0.479000
v 9.874781 -5.178969 0.479000
v 9.812003 -5.100006 0.479000
v 9.882923 -5.170924 0.479000
v 9.891654 -5.163525 0.479000
v 9.909498 -5.151328 0.401573
v 9.909751 -5.151579 0.400268
v 9.909498 -5.151328 0.400268
v 9.834571 -5.076401 0.456513
v 9.833390 -5.075219 0.467837
v 9.906528 -5.148357 0.456513
v 9.907709 -5.149539 0.467837
v 9.831788 -5.073616 0.478000
v 9.909311 -5.151141 0.478000
v 9.834424 -5.076254 0.422241
v 9.907956 -5.149784 0.410939
v 9.833146 -5.074974 0.410939
v 9.909418 -5.151247 0.402000
v 9.831681 -5.073510 0.402000
v 9.835138 -5.076969 0.445095
v 9.905961 -5.147789 0.445095
v 9.835090 -5.076920 0.433649
v 9.906009 -5.147838 0.433649
v 9.906675 -5.148505 0.422241
v 9.854749 -5.206077 0.401000
v 9.854078 -5.207251 0.401000
v 9.853827 -5.207000 0.401000
v 9.776853 -5.128180 0.401000
v 9.775928 -5.129102 0.401000
v 9.775678 -5.128851 0.401000
v 9.832010 -5.072804 0.401000
v 9.831897 -5.072916 0.401000
v 9.831980 -5.072773 0.401000
v 9.776447 -5.128585 0.478428
v 9.776447 -5.128585 0.479732
v 9.776197 -5.128334 0.479732
v 9.831196 -5.073835 0.479000
v 9.832117 -5.072913 0.479000
v 9.831867 -5.072662 0.479000
v 9.831601 -5.073430 0.401573
v 9.831601 -5.073430 0.400268
v 9.831351 -5.073179 0.400268
v 9.910126 -5.150919 0.401000
v 9.910157 -5.150950 0.401000
v 9.910013 -5.151032 0.401000
v 9.909443 -5.151307 0.401777
v 9.908805 -5.151732 0.401025
v 9.831623 -5.073486 0.401777
v 9.909440 -5.151363 0.401640
v 9.831565 -5.073490 0.401640
v 9.909409 -5.151379 0.401566
v 9.831550 -5.073519 0.401566
v 9.909302 -5.151441 0.401377
v 9.831488 -5.073626 0.401377
v 9.909162 -5.151523 0.401218
v 9.831406 -5.073767 0.401218
v 9.908991 -5.151622 0.401099
v 9.831305 -5.073937 0.401099
v 9.831196 -5.074125 0.401025
v 9.854337 -5.206426 0.478259
v 9.776502 -5.128592 0.478259
v 9.854380 -5.206422 0.478360
v 9.776508 -5.128550 0.478360
v 9.854413 -5.206362 0.478500
v 9.776566 -5.128515 0.478500
v 9.854453 -5.206297 0.478609
v 9.776633 -5.128477 0.478609
v 9.854496 -5.206220 0.478707
v 9.776709 -5.128433 0.478707
v 9.854602 -5.206035 0.478866
v 9.776893 -5.128325 0.478866
v 9.854731 -5.205819 0.478966
v 9.777109 -5.128199 0.478966
v 9.854837 -5.205926 0.401034
v 9.777002 -5.128092 0.401034
v 9.854783 -5.206017 0.401067
v 9.776911 -5.128145 0.401067
v 9.854673 -5.206103 0.401134
v 9.776825 -5.128256 0.401134
v 9.854581 -5.206167 0.401207
v 9.776761 -5.128347 0.401207
v 9.854496 -5.206220 0.401293
v 9.776709 -5.128433 0.401293
v 9.854346 -5.206294 0.401500
v 9.776636 -5.128584 0.401500
v 9.854230 -5.206320 0.401741
v 9.776609 -5.128699 0.401741
v 9.908942 -5.151820 0.478966
v 9.831110 -5.073986 0.478966
v 9.909034 -5.151767 0.478933
v 9.831162 -5.073895 0.478933
v 9.909119 -5.151656 0.478866
v 9.831272 -5.073809 0.478866
v 9.909183 -5.151565 0.478793
v 9.831363 -5.073746 0.478793
v 9.909235 -5.151480 0.478707
v 9.831449 -5.073692 0.478707
v 9.909311 -5.151329 0.478500
v 9.831601 -5.073619 0.478500
v 9.909336 -5.151214 0.478259
v 9.831714 -5.073593 0.478259
v 9.831321 -5.130630 0.401000
v 9.828956 -5.128265 0.401000
v 9.833219 -5.126622 0.401000
v 9.832975 -5.126376 0.401000
v 9.833396 -5.126309 0.401000
v 9.833283 -5.126193 0.401000
v 9.833603 -5.126012 0.401000
v 9.833579 -5.125990 0.401000
v 9.842066 -5.134303 0.401000
v 9.836548 -5.139822 0.401000
v 9.841022 -5.133260 0.401000
v 9.835544 -5.138818 0.401000
v 9.834867 -5.138003 0.401000
v 9.835581 -5.133200 0.401000
v 9.836344 -5.132556 0.401000
v 9.837070 -5.132162 0.401000
v 9.840097 -5.132512 0.401000
v 9.834458 -5.137222 0.401000
v 9.834263 -5.136453 0.401000
v 9.834256 -5.135665 0.401000
v 9.834446 -5.134879 0.401000
v 9.834903 -5.134007 0.401000
v 9.837751 -5.131971 0.401000
v 9.838459 -5.131950 0.401000
v 9.839310 -5.132133 0.401000
v 9.759250 -5.112633 0.401246
v 9.759882 -5.111485 0.400177
v 9.776249 -5.128526 0.400329
v 9.776307 -5.128445 0.400268
v 9.814826 -5.057001 0.400136
v 9.815632 -5.056221 0.401261
v 9.831946 -5.072828 0.400901
v 9.834659 -5.075075 0.417037
v 9.815482 -5.056134 0.478765
v 9.835535 -5.075950 0.456343
v 9.822614 -5.087122 0.480000
v 9.831461 -5.073290 0.479732
v 9.814542 -5.056867 0.479834
v 9.760016 -5.111810 0.479864
v 9.795694 -5.115790 0.480000
v 9.778092 -5.131644 0.462963
v 9.775788 -5.128962 0.479000
v 9.759238 -5.112614 0.478739
v 9.778965 -5.132518 0.423657
v 9.775843 -5.128931 0.479099
v 9.831543 -5.073232 0.479671
v 9.776337 -5.128476 0.400427
v 9.803022 -5.108988 0.400000
v 9.790137 -5.119597 0.400000
v 9.825498 -5.083113 0.400000
v 9.815049 -5.096737 0.400000
v 9.831980 -5.072772 0.401000
v 9.831897 -5.072917 0.401000
v 9.851117 -5.204668 0.418009
v 9.870212 -5.223517 0.401007
v 9.870301 -5.223709 0.478593
v 9.853968 -5.207140 0.479000
v 9.851239 -5.204793 0.463025
v 9.849973 -5.203525 0.439617
v 9.863849 -5.191934 0.480000
v 9.870600 -5.222791 0.479828
v 9.925937 -5.168080 0.479861
v 9.909638 -5.151468 0.479732
v 9.895807 -5.160228 0.480000
v 9.877985 -5.175512 0.480000
v 9.907685 -5.148100 0.461991
v 9.926780 -5.167408 0.478732
v 9.926725 -5.167282 0.401410
v 9.907810 -5.148225 0.416975
v 9.906540 -5.146957 0.440383
v 9.854483 -5.206622 0.400268
v 9.854453 -5.206591 0.400427
v 9.859827 -5.197911 0.400000
v 9.854401 -5.206680 0.400329
v 9.894950 -5.160834 0.400000
v 9.870740 -5.183366 0.400000
v 9.926258 -5.168198 0.400244
v 9.871177 -5.222903 0.400135
v 9.871799 -5.223897 0.401195
v 9.926963 -5.168806 0.401381
v 9.871821 -5.223948 0.478619
v 9.926816 -5.168939 0.478839
v 9.909696 -5.151386 0.479671
v 9.910102 -5.150981 0.400901
v 9.853998 -5.207085 0.479099
v 9.871592 -5.223249 0.479645
v 9.910010 -5.151032 0.401000
v 9.910157 -5.150949 0.401000
v 9.909607 -5.151437 0.479572
v 9.909638 -5.151468 0.479733
v 9.854050 -5.206995 0.479000
v 9.853965 -5.207140 0.479000
v 9.854047 -5.206996 0.479000
v 9.909607 -5.151437 0.479572
v 9.854453 -5.206591 0.400428
v 9.854483 -5.206622 0.400267
v 9.814008 -5.056099 0.401167
v 9.759037 -5.111104 0.401292
v 9.813947 -5.056059 0.478525
v 9.759116 -5.110993 0.478833
v 9.776307 -5.128445 0.400267
v 9.776337 -5.128476 0.400428
v 9.775931 -5.128880 0.479000
v 9.831492 -5.073321 0.479572
v 9.831461 -5.073290 0.479733
v 9.831492 -5.073321 0.479572
v 9.775788 -5.128963 0.479000
v 9.775934 -5.128880 0.479000
v 9.834705 -5.125137 0.402000
v 9.828580 -5.128405 0.402000
v 9.830979 -5.131321 0.402000
v 9.833579 -5.126018 0.402000
v 9.832807 -5.136747 0.402000
v 9.836347 -5.140656 0.402000
v 9.842957 -5.134677 0.402000
v 9.839951 -5.130987 0.402000
v 9.835474 -5.131296 0.402000
v 9.836603 -5.132271 0.402000
v 9.839524 -5.132093 0.402000
v 9.833924 -5.136462 0.402000
v 9.838617 -5.142409 0.402000
v 9.841892 -5.146721 0.402000
v 9.848130 -5.139851 0.402000
v 9.845084 -5.136287 0.402000
v 9.844394 -5.142323 0.402000
v 9.842151 -5.139563 0.402000
v 9.844468 -5.147600 0.402000
v 9.843503 -5.148286 0.402000
v 9.850370 -5.151272 0.402000
v 9.847001 -5.151418 0.402000
v 9.853342 -5.144127 0.402000
v 9.853400 -5.147938 0.402000
v 9.850263 -5.141185 0.402000
v 9.849546 -5.142057 0.402000
v 9.852799 -5.146396 0.402000
v 9.848414 -5.150520 0.402000
v 9.849656 -5.153447 0.402000
v 9.852384 -5.156695 0.402000
v 10.071790 -4.926863 0.401000
v 10.064481 -4.931411 0.401000
v 10.071552 -4.924341 0.401000
v 10.068180 -4.935196 0.401000
v 10.071726 -4.938655 0.401000
v 10.075345 -4.942277 0.401000
v 10.067154 -4.921495 0.401000
v 10.069828 -4.924168 0.401000
v 10.067499 -4.926496 0.401000
v 10.065000 -4.923995 0.401000
v 10.064222 -4.924772 0.401000
v 10.059955 -4.926970 0.401000
v 10.070536 -4.936259 0.401000
v 10.071625 -4.936231 0.401000
v 10.067005 -4.931649 0.401000
v 10.072928 -4.927318 0.401000
v 10.067060 -4.931846 0.401000
v 10.073899 -4.928066 0.401000
v 10.074515 -4.928840 0.401000
v 10.067930 -4.920719 0.401000
v 10.090790 -4.896135 0.401000
v 10.131192 -4.936540 0.401000
v 10.122403 -4.942123 0.401000
v 10.113215 -4.948948 0.401000
v 10.082419 -4.935206 0.401000
v 10.081470 -4.934257 0.401000
v 10.075956 -4.932470 0.401000
v 10.076203 -4.931394 0.401000
v 10.076178 -4.930142 0.401000
v 10.075895 -4.929083 0.401000
v 10.066227 -4.932425 0.401000
v 10.072501 -4.937879 0.401000
v 10.072675 -4.935935 0.401000
v 10.075174 -4.940552 0.401000
v 10.075336 -4.928066 0.401000
v 10.074683 -4.927298 0.401000
v 10.073777 -4.926510 0.401000
v 10.072739 -4.925914 0.401000
v 10.068683 -4.935604 0.401000
v 10.069605 -4.936054 0.401000
v 10.074854 -4.929561 0.401000
v 10.075016 -4.930377 0.401000
v 10.074973 -4.931276 0.401000
v 10.073633 -4.933643 0.401000
v 10.072797 -4.934337 0.401000
v 10.071994 -4.934753 0.401000
v 10.069098 -4.934502 0.401000
v 10.068366 -4.933916 0.401000
v 10.069803 -4.934827 0.401000
v 10.070530 -4.934969 0.401000
v 10.071213 -4.934951 0.401000
v 10.067533 -4.932873 0.401000
v 10.074717 -4.932113 0.401000
v 10.074149 -4.933059 0.401000
v 10.066724 -4.927272 0.401000
v 10.064310 -4.929687 0.401000
v 10.061463 -4.926841 0.401000
v 10.060688 -4.927617 0.401000
v 10.073636 -4.935400 0.401000
v 10.074524 -4.934649 0.401000
v 10.075428 -4.933542 0.401000
v 10.096531 -4.964597 0.401000
v 10.089130 -4.973330 0.401000
v 10.037049 -4.949876 0.401000
v 10.082416 -4.982602 0.401000
v 10.077558 -4.990386 0.401000
v 10.104572 -4.956454 0.401000
v 10.097052 -4.964068 0.401000
v 10.067722 -4.934823 0.401000
v 10.067530 -4.934626 0.401000
v 10.067286 -4.934303 0.401000
v 10.026139 -4.893156 0.401000
v 10.033753 -4.885634 0.401000
v 10.056550 -4.909336 0.401000
v 10.041260 -4.876993 0.401000
v 10.057496 -4.910284 0.401000
v 10.053669 -4.859015 0.401000
v 10.048084 -4.867804 0.401000
v 10.046717 -4.913648 0.401000
v 10.047751 -4.914682 0.401000
v 10.057386 -4.924315 0.401000
v 10.059308 -4.926238 0.401000
v 10.066379 -4.919167 0.401000
v 10.064383 -4.917171 0.401000
v 10.060834 -4.915467 0.401000
v 10.059781 -4.915521 0.401000
v 10.058844 -4.915801 0.401000
v 10.053098 -4.920029 0.401000
v 10.055909 -4.918961 0.401000
v 10.055680 -4.919999 0.401000
v 10.063251 -4.916259 0.401000
v 10.062134 -4.915722 0.401000
v 10.060849 -4.915468 0.401000
v 10.055704 -4.921138 0.401000
v 10.056015 -4.922306 0.401000
v 10.056586 -4.923364 0.401000
v 10.052063 -4.918994 0.401000
v 10.053373 -4.916336 0.401000
v 10.050452 -4.913414 0.401000
v 10.057956 -4.916308 0.401000
v 10.057239 -4.916922 0.401000
v 10.056394 -4.917967 0.401000
v 10.025611 -4.893679 0.401000
v 10.016877 -4.901079 0.401000
v 9.999823 -4.912648 0.401000
v 10.007605 -4.907791 0.401000
v 10.066672 -4.933488 0.401000
v 10.076932 -4.991173 0.478428
v 10.077182 -4.991424 0.479732
v 10.076932 -4.991173 0.479732
v 10.000824 -4.915064 0.412163
v 9.999222 -4.913462 0.402000
v 10.076746 -4.990987 0.402000
v 10.075388 -4.989629 0.469061
v 10.076853 -4.991093 0.478000
v 9.999115 -4.913356 0.478000
v 10.002005 -4.916246 0.423487
v 10.074109 -4.988350 0.457759
v 10.000577 -4.914819 0.469061
v 10.001859 -4.916098 0.457759
v 10.073444 -4.987684 0.446351
v 10.002524 -4.916765 0.446351
v 10.073392 -4.987634 0.434905
v 10.002573 -4.916814 0.434905
v 10.073963 -4.988202 0.423487
v 10.075144 -4.989384 0.412163
v 10.131681 -4.936424 0.479000
v 10.132856 -4.935752 0.479000
v 10.132605 -4.935501 0.479000
v 10.017905 -4.900346 0.479000
v 10.008716 -4.907171 0.479000
v 10.089863 -4.972302 0.479000
v 10.083036 -4.981490 0.479000
v 9.999927 -4.912755 0.479000
v 10.077454 -4.990279 0.479000
v 10.041993 -4.875964 0.479000
v 10.123514 -4.941503 0.479000
v 10.048703 -4.866693 0.479000
v 10.131299 -4.936646 0.479000
v 10.053562 -4.858909 0.479000
v 10.026548 -4.892840 0.479000
v 10.097367 -4.963660 0.479000
v 10.034592 -4.884697 0.479000
v 10.105512 -4.955615 0.479000
v 10.114243 -4.948216 0.479000
v 10.132087 -4.936019 0.401573
v 10.132337 -4.936269 0.400268
v 10.132087 -4.936019 0.400268
v 10.057160 -4.861092 0.456513
v 10.055979 -4.859910 0.467837
v 10.129117 -4.933048 0.456513
v 10.130298 -4.934230 0.467837
v 10.054377 -4.858307 0.478000
v 10.131900 -4.935832 0.478000
v 10.057013 -4.860944 0.422241
v 10.130542 -4.934475 0.410939
v 10.055732 -4.859665 0.410939
v 10.132007 -4.935938 0.402000
v 10.054270 -4.858201 0.402000
v 10.057727 -4.861660 0.445095
v 10.128547 -4.932480 0.445095
v 10.057679 -4.861611 0.433649
v 10.128598 -4.932529 0.433649
v 10.129264 -4.933196 0.422241
v 10.077338 -4.990768 0.401000
v 10.076667 -4.991942 0.401000
v 10.076413 -4.991691 0.401000
v 9.999439 -4.912870 0.401000
v 9.998517 -4.913793 0.401000
v 9.998267 -4.913542 0.401000
v 10.054596 -4.857494 0.401000
v 10.054483 -4.857607 0.401000
v 10.054566 -4.857464 0.401000
v 9.999036 -4.913276 0.478428
v 9.999036 -4.913276 0.479732
v 9.998783 -4.913025 0.479732
v 10.053785 -4.858526 0.479000
v 10.054706 -4.857604 0.479000
v 10.054456 -4.857353 0.479000
v 10.054191 -4.858121 0.401573
v 10.054191 -4.858121 0.400268
v 10.053937 -4.857870 0.400268
v 10.132712 -4.935610 0.401000
v 10.132743 -4.935641 0.401000
v 10.132599 -4.935723 0.401000
v 10.132032 -4.935998 0.401777
v 10.131391 -4.936423 0.401025
v 10.054209 -4.858178 0.401777
v 10.132026 -4.936054 0.401640
v 10.054154 -4.858181 0.401640
v 10.131998 -4.936070 0.401566
v 10.054139 -4.858210 0.401566
v 10.131891 -4.936132 0.401377
v 10.054075 -4.858316 0.401377
v 10.131751 -4.936214 0.401218
v 10.053995 -4.858458 0.401218
v 10.131580 -4.936313 0.401099
v 10.053894 -4.858627 0.401099
v 10.053785 -4.858816 0.401025
v 10.076926 -4.991117 0.478259
v 9.999091 -4.913283 0.478259
v 10.076966 -4.991113 0.478360
v 9.999094 -4.913241 0.478360
v 10.077002 -4.991053 0.478500
v 9.999155 -4.913206 0.478500
v 10.077039 -4.990987 0.478609
v 9.999219 -4.913168 0.478609
v 10.077085 -4.990911 0.478707
v 9.999299 -4.913123 0.478707
v 10.077192 -4.990726 0.478866
v 9.999482 -4.913016 0.478866
v 10.077317 -4.990510 0.478966
v 9.999698 -4.912890 0.478966
v 10.077424 -4.990617 0.401034
v 9.999592 -4.912783 0.401034
v 10.077372 -4.990708 0.401067
v 9.999500 -4.912836 0.401067
v 10.077262 -4.990794 0.401134
v 9.999415 -4.912947 0.401134
v 10.077170 -4.990858 0.401207
v 9.999350 -4.913038 0.401207
v 10.077085 -4.990911 0.401293
v 9.999299 -4.913123 0.401293
v 10.076932 -4.990984 0.401500
v 9.999222 -4.913274 0.401500
v 10.076819 -4.991010 0.401741
v 9.999198 -4.913390 0.401741
v 10.131531 -4.936511 0.478966
v 10.053696 -4.858677 0.478966
v 10.131623 -4.936458 0.478933
v 10.053748 -4.858586 0.478933
v 10.131708 -4.936347 0.478866
v 10.053861 -4.858500 0.478866
v 10.131772 -4.936256 0.478793
v 10.053952 -4.858437 0.478793
v 10.131824 -4.936171 0.478707
v 10.054038 -4.858383 0.478707
v 10.131897 -4.936020 0.478500
v 10.054187 -4.858310 0.478500
v 10.131925 -4.935904 0.478259
v 10.054303 -4.858284 0.478259
v 10.053910 -4.915321 0.401000
v 10.051545 -4.912956 0.401000
v 10.055808 -4.911313 0.401000
v 10.055564 -4.911067 0.401000
v 10.055985 -4.910999 0.401000
v 10.055872 -4.910884 0.401000
v 10.056192 -4.910704 0.401000
v 10.056168 -4.910680 0.401000
v 10.064655 -4.918994 0.401000
v 10.059134 -4.924513 0.401000
v 10.063611 -4.917951 0.401000
v 10.058130 -4.923509 0.401000
v 10.057456 -4.922694 0.401000
v 10.058170 -4.917891 0.401000
v 10.058933 -4.917247 0.401000
v 10.059656 -4.916853 0.401000
v 10.062687 -4.917203 0.401000
v 10.057044 -4.921913 0.401000
v 10.056849 -4.921144 0.401000
v 10.056846 -4.920356 0.401000
v 10.057035 -4.919570 0.401000
v 10.057493 -4.918698 0.401000
v 10.060340 -4.916662 0.401000
v 10.061048 -4.916641 0.401000
v 10.061896 -4.916824 0.401000
v 9.981839 -4.897324 0.401246
v 9.982471 -4.896176 0.400177
v 9.998838 -4.913217 0.400329
v 9.998896 -4.913136 0.400268
v 10.037415 -4.841692 0.400136
v 10.038218 -4.840912 0.401261
v 10.054535 -4.857518 0.400901
v 10.057248 -4.859766 0.417037
v 10.038071 -4.840825 0.478765
v 10.058124 -4.860641 0.456343
v 10.045203 -4.871813 0.480000
v 10.054050 -4.857982 0.479732
v 10.037131 -4.841557 0.479834
v 9.982605 -4.896501 0.479864
v 10.018284 -4.900481 0.480000
v 10.000681 -4.916335 0.462963
v 9.998377 -4.913653 0.479000
v 9.981827 -4.897305 0.478739
v 10.001554 -4.917209 0.423657
v 9.998432 -4.913622 0.479099
v 10.054129 -4.857923 0.479671
v 9.998926 -4.913167 0.400427
v 10.025611 -4.893679 0.400000
v 10.012726 -4.904288 0.400000
v 10.048084 -4.867804 0.400000
v 10.037638 -4.881428 0.400000
v 10.054569 -4.857463 0.401000
v 10.054483 -4.857608 0.401000
v 10.073703 -4.989359 0.418009
v 10.092801 -5.008208 0.401007
v 10.092890 -5.008400 0.478593
v 10.076554 -4.991831 0.479000
v 10.073829 -4.989484 0.463025
v 10.072562 -4.988216 0.439617
v 10.086438 -4.976625 0.480000
v 10.093189 -5.007481 0.479828
v 10.148523 -4.952771 0.479861
v 10.132227 -4.936158 0.479732
v 10.118393 -4.944919 0.480000
v 10.100574 -4.960203 0.480000
v 10.130274 -4.932790 0.461991
v 10.149369 -4.952099 0.478732
v 10.149314 -4.951973 0.401410
v 10.130399 -4.932916 0.416975
v 10.129129 -4.931648 0.440383
v 10.077073 -4.991313 0.400268
v 10.077042 -4.991282 0.400427
v 10.082416 -4.982602 0.400000
v 10.076990 -4.991371 0.400329
v 10.117539 -4.945525 0.400000
v 10.093326 -4.968057 0.400000
v 10.148847 -4.952889 0.400244
v 10.093766 -5.007594 0.400135
v 10.094388 -5.008588 0.401195
v 10.149552 -4.953497 0.401381
v 10.094410 -5.008638 0.478619
v 10.149405 -4.953630 0.478839
v 10.132285 -4.936077 0.479671
v 10.132691 -4.935672 0.400901
v 10.076584 -4.991776 0.479099
v 10.094181 -5.007940 0.479645
v 10.132599 -4.935723 0.401000
v 10.132746 -4.935640 0.401000
v 10.132196 -4.936128 0.479572
v 10.132227 -4.936158 0.479733
v 10.076636 -4.991686 0.479000
v 10.076554 -4.991831 0.479000
v 10.076636 -4.991687 0.479000
v 10.132196 -4.936128 0.479572
v 10.077042 -4.991282 0.400428
v 10.077073 -4.991313 0.400267
v 10.036597 -4.840790 0.401167
v 9.981623 -4.895794 0.401292
v 10.036536 -4.840750 0.478525
v 9.981705 -4.895683 0.478833
v 9.998896 -4.913136 0.400267
v 9.998926 -4.913167 0.400428
v 9.998520 -4.913571 0.479000
v 10.054081 -4.858012 0.479572
v 10.054050 -4.857981 0.479733
v 10.054081 -4.858012 0.479572
v 9.998377 -4.913654 0.479000
v 9.998520 -4.913571 0.479000
v 10.057294 -4.909828 0.402000
v 10.051169 -4.913096 0.402000
v 10.053565 -4.916012 0.402000
v 10.056168 -4.910709 0.402000
v 10.055393 -4.921438 0.402000
v 10.058933 -4.925346 0.402000
v 10.065546 -4.919368 0.402000
v 10.062540 -4.915678 0.402000
v 10.058063 -4.915987 0.402000
v 10.059192 -4.916962 0.402000
v 10.062110 -4.916784 0.402000
v 10.056513 -4.921153 0.402000
v 10.061203 -4.927100 0.402000
v 10.064481 -4.931411 0.402000
v 10.070719 -4.924542 0.402000
v 10.067673 -4.920977 0.402000
v 10.066983 -4.927013 0.402000
v 10.064740 -4.924254 0.402000
v 10.067054 -4.932291 0.402000
v 10.066092 -4.932977 0.402000
v 10.072959 -4.935963 0.402000
v 10.069590 -4.936108 0.402000
v 10.075931 -4.928817 0.402000
v 10.075989 -4.932629 0.402000
v 10.072852 -4.925876 0.402000
v 10.072135 -4.926748 0.402000
v 10.075388 -4.931087 0.402000
v 10.071003 -4.935210 0.402000
v 10.072242 -4.938138 0.402000
v 10.074973 -4.941386 0.402000
v 10.207209 -4.797168 0.401000
v 10.199900 -4.801716 0.401000
v 10.206971 -4.794645 0.401000
v 10.203598 -4.805500 0.401000
v 10.207145 -4.808960 0.401000
v 10.210764 -4.812582 0.401000
v 10.202573 -4.791800 0.401000
v 10.205246 -4.794473 0.401000
v 10.202918 -4.796801 0.401000
v 10.200419 -4.794300 0.401000
v 10.199640 -4.795076 0.401000
v 10.195374 -4.797275 0.401000
v 10.205954 -4.806564 0.401000
v 10.207044 -4.806536 0.401000
v 10.202424 -4.801954 0.401000
v 10.208347 -4.797623 0.401000
v 10.202478 -4.802150 0.401000
v 10.209317 -4.798371 0.401000
v 10.209934 -4.799145 0.401000
v 10.203348 -4.791023 0.401000
v 10.226209 -4.766440 0.401000
v 10.266611 -4.806844 0.401000
v 10.257822 -4.812428 0.401000
v 10.248633 -4.819253 0.401000
v 10.217835 -4.805510 0.401000
v 10.216889 -4.804562 0.401000
v 10.211374 -4.802774 0.401000
v 10.211622 -4.801699 0.401000
v 10.211597 -4.800446 0.401000
v 10.211313 -4.799388 0.401000
v 10.201645 -4.802729 0.401000
v 10.207920 -4.808184 0.401000
v 10.208094 -4.806240 0.401000
v 10.210593 -4.810857 0.401000
v 10.210755 -4.798371 0.401000
v 10.210102 -4.797603 0.401000
v 10.209195 -4.796814 0.401000
v 10.208158 -4.796219 0.401000
v 10.204102 -4.805909 0.401000
v 10.205024 -4.806358 0.401000
v 10.210273 -4.799865 0.401000
v 10.210434 -4.800682 0.401000
v 10.210392 -4.801581 0.401000
v 10.209052 -4.803948 0.401000
v 10.208216 -4.804641 0.401000
v 10.207413 -4.805058 0.401000
v 10.204517 -4.804807 0.401000
v 10.203785 -4.804221 0.401000
v 10.205222 -4.805132 0.401000
v 10.205948 -4.805274 0.401000
v 10.206632 -4.805256 0.401000
v 10.202951 -4.803178 0.401000
v 10.210135 -4.802418 0.401000
v 10.209568 -4.803363 0.401000
v 10.202143 -4.797577 0.401000
v 10.199729 -4.799992 0.401000
v 10.196882 -4.797146 0.401000
v 10.196106 -4.797922 0.401000
v 10.209055 -4.805705 0.401000
v 10.209943 -4.804954 0.401000
v 10.210846 -4.803847 0.401000
v 10.231946 -4.834902 0.401000
v 10.224549 -4.843634 0.401000
v 10.172467 -4.820180 0.401000
v 10.217835 -4.852906 0.401000
v 10.212977 -4.860690 0.401000
v 10.239991 -4.826759 0.401000
v 10.232471 -4.834373 0.401000
v 10.203141 -4.805128 0.401000
v 10.202948 -4.804931 0.401000
v 10.202704 -4.804607 0.401000
v 10.161557 -4.763461 0.401000
v 10.169172 -4.755939 0.401000
v 10.191965 -4.779641 0.401000
v 10.176679 -4.747297 0.401000
v 10.192914 -4.780589 0.401000
v 10.189087 -4.729319 0.401000
v 10.183503 -4.738109 0.401000
v 10.182135 -4.783952 0.401000
v 10.183170 -4.784987 0.401000
v 10.192804 -4.794619 0.401000
v 10.194727 -4.796542 0.401000
v 10.201798 -4.789471 0.401000
v 10.199802 -4.787476 0.401000
v 10.196253 -4.785772 0.401000
v 10.195200 -4.785826 0.401000
v 10.194263 -4.786106 0.401000
v 10.188517 -4.790334 0.401000
v 10.191327 -4.789266 0.401000
v 10.191098 -4.790304 0.401000
v 10.198670 -4.786564 0.401000
v 10.197553 -4.786026 0.401000
v 10.196268 -4.785773 0.401000
v 10.191123 -4.791443 0.401000
v 10.191434 -4.792611 0.401000
v 10.192005 -4.793668 0.401000
v 10.187482 -4.789299 0.401000
v 10.188791 -4.786640 0.401000
v 10.185871 -4.783719 0.401000
v 10.193375 -4.786613 0.401000
v 10.192658 -4.787227 0.401000
v 10.191813 -4.788272 0.401000
v 10.161030 -4.763984 0.401000
v 10.152295 -4.771383 0.401000
v 10.135242 -4.782953 0.401000
v 10.143024 -4.778096 0.401000
v 10.202091 -4.803793 0.401000
v 10.212351 -4.861478 0.478428
v 10.212601 -4.861729 0.479732
v 10.212351 -4.861478 0.479732
v 10.136243 -4.785369 0.412163
v 10.134641 -4.783767 0.402000
v 10.212165 -4.861292 0.402000
v 10.210807 -4.859934 0.469061
v 10.212272 -4.861398 0.478000
v 10.134534 -4.783661 0.478000
v 10.137424 -4.786551 0.423487
v 10.209528 -4.858654 0.457759
v 10.135996 -4.785124 0.469061
v 10.137278 -4.786403 0.457759
v 10.208863 -4.857988 0.446351
v 10.137943 -4.787070 0.446351
v 10.208811 -4.857939 0.434905
v 10.137992 -4.787119 0.434905
v 10.209382 -4.858507 0.423487
v 10.210563 -4.859689 0.412163
v 10.267099 -4.806728 0.479000
v 10.268274 -4.806057 0.479000
v 10.268024 -4.805806 0.479000
v 10.153324 -4.770651 0.479000
v 10.144135 -4.777476 0.479000
v 10.225281 -4.842606 0.479000
v 10.218454 -4.851795 0.479000
v 10.135346 -4.783059 0.479000
v 10.212873 -4.860584 0.479000
v 10.177411 -4.746269 0.479000
v 10.258933 -4.811808 0.479000
v 10.184122 -4.736997 0.479000
v 10.266718 -4.806950 0.479000
v 10.188981 -4.729213 0.479000
v 10.161966 -4.763145 0.479000
v 10.232785 -4.833964 0.479000
v 10.170011 -4.755002 0.479000
v 10.240931 -4.825920 0.479000
v 10.249662 -4.818520 0.479000
v 10.267505 -4.806323 0.401573
v 10.267756 -4.806574 0.400268
v 10.267505 -4.806323 0.400268
v 10.192579 -4.731397 0.456513
v 10.191398 -4.730215 0.467837
v 10.264533 -4.803352 0.456513
v 10.265717 -4.804535 0.467837
v 10.189795 -4.728612 0.478000
v 10.267319 -4.806137 0.478000
v 10.192432 -4.731249 0.422241
v 10.265961 -4.804780 0.410939
v 10.191150 -4.729969 0.410939
v 10.267426 -4.806243 0.402000
v 10.189689 -4.728506 0.402000
v 10.193146 -4.731965 0.445095
v 10.263965 -4.802784 0.445095
v 10.193097 -4.731915 0.433649
v 10.264017 -4.802834 0.433649
v 10.264682 -4.803500 0.422241
v 10.212757 -4.861073 0.401000
v 10.212085 -4.862246 0.401000
v 10.211832 -4.861995 0.401000
v 10.134858 -4.783175 0.401000
v 10.133936 -4.784098 0.401000
v 10.133686 -4.783847 0.401000
v 10.190015 -4.727799 0.401000
v 10.189902 -4.727912 0.401000
v 10.189985 -4.727768 0.401000
v 10.134455 -4.783580 0.478428
v 10.134455 -4.783580 0.479732
v 10.134201 -4.783329 0.479732
v 10.189203 -4.728831 0.479000
v 10.190125 -4.727908 0.479000
v 10.189875 -4.727657 0.479000
v 10.189609 -4.728426 0.401573
v 10.189609 -4.728426 0.400268
v 10.189356 -4.728175 0.400268
v 10.268131 -4.805915 0.401000
v 10.268161 -4.805946 0.401000
v 10.268018 -4.806028 0.401000
v 10.267450 -4.806303 0.401777
v 10.266810 -4.806728 0.401025
v 10.189628 -4.728482 0.401777
v 10.267444 -4.806358 0.401640
v 10.189573 -4.728486 0.401640
v 10.267417 -4.806375 0.401566
v 10.189557 -4.728515 0.401566
v 10.267310 -4.806437 0.401377
v 10.189493 -4.728621 0.401377
v 10.267170 -4.806519 0.401218
v 10.189411 -4.728763 0.401218
v 10.266999 -4.806618 0.401099
v 10.189313 -4.728932 0.401099
v 10.189203 -4.729121 0.401025
v 10.212345 -4.861422 0.478259
v 10.134510 -4.783588 0.478259
v 10.212384 -4.861417 0.478360
v 10.134513 -4.783545 0.478360
v 10.212421 -4.861358 0.478500
v 10.134574 -4.783511 0.478500
v 10.212458 -4.861292 0.478609
v 10.134638 -4.783473 0.478609
v 10.212504 -4.861216 0.478707
v 10.134714 -4.783428 0.478707
v 10.212610 -4.861031 0.478866
v 10.134900 -4.783320 0.478866
v 10.212735 -4.860815 0.478966
v 10.135117 -4.783195 0.478966
v 10.212842 -4.860922 0.401034
v 10.135010 -4.783088 0.401034
v 10.212790 -4.861013 0.401067
v 10.134919 -4.783141 0.401067
v 10.212681 -4.861099 0.401134
v 10.134833 -4.783252 0.401134
v 10.212589 -4.861163 0.401207
v 10.134769 -4.783342 0.401207
v 10.212504 -4.861216 0.401293
v 10.134714 -4.783428 0.401293
v 10.212351 -4.861289 0.401500
v 10.134641 -4.783579 0.401500
v 10.212238 -4.861315 0.401741
v 10.134617 -4.783695 0.401741
v 10.266950 -4.806816 0.478966
v 10.189115 -4.728982 0.478966
v 10.267041 -4.806763 0.478933
v 10.189167 -4.728891 0.478933
v 10.267127 -4.806652 0.478866
v 10.189280 -4.728805 0.478866
v 10.267191 -4.806561 0.478793
v 10.189371 -4.728742 0.478793
v 10.267243 -4.806476 0.478707
v 10.189457 -4.728688 0.478707
v 10.267316 -4.806324 0.478500
v 10.189606 -4.728614 0.478500
v 10.267344 -4.806209 0.478259
v 10.189722 -4.728589 0.478259
v 10.189328 -4.785626 0.401000
v 10.186963 -4.783261 0.401000
v 10.191227 -4.781617 0.401000
v 10.190983 -4.781372 0.401000
v 10.191404 -4.781304 0.401000
v 10.191291 -4.781189 0.401000
v 10.191608 -4.781008 0.401000
v 10.191587 -4.780985 0.401000
v 10.200074 -4.789299 0.401000
v 10.194553 -4.794818 0.401000
v 10.199030 -4.788256 0.401000
v 10.193549 -4.793814 0.401000
v 10.192875 -4.792999 0.401000
v 10.193589 -4.788195 0.401000
v 10.194352 -4.787552 0.401000
v 10.195075 -4.787158 0.401000
v 10.198102 -4.787508 0.401000
v 10.192463 -4.792218 0.401000
v 10.192267 -4.791449 0.401000
v 10.192264 -4.790661 0.401000
v 10.192453 -4.789875 0.401000
v 10.192911 -4.789003 0.401000
v 10.195759 -4.786967 0.401000
v 10.196467 -4.786946 0.401000
v 10.197315 -4.787129 0.401000
v 10.117258 -4.767629 0.401246
v 10.117890 -4.766481 0.400177
v 10.134256 -4.783522 0.400329
v 10.134314 -4.783440 0.400268
v 10.172834 -4.711997 0.400136
v 10.173636 -4.711217 0.401261
v 10.189954 -4.727823 0.400901
v 10.192667 -4.730071 0.417037
v 10.173490 -4.711130 0.478765
v 10.193543 -4.730945 0.456343
v 10.180622 -4.742118 0.480000
v 10.189469 -4.728286 0.479732
v 10.172550 -4.711862 0.479834
v 10.118024 -4.766806 0.479864
v 10.153702 -4.770786 0.480000
v 10.136100 -4.786639 0.462963
v 10.133796 -4.783958 0.479000
v 10.117246 -4.767609 0.478739
v 10.136972 -4.787514 0.423657
v 10.133851 -4.783927 0.479099
v 10.189548 -4.728228 0.479671
v 10.134345 -4.783471 0.400427
v 10.161030 -4.763984 0.400000
v 10.148145 -4.774593 0.400000
v 10.183503 -4.738109 0.400000
v 10.173056 -4.751733 0.400000
v 10.189988 -4.727768 0.401000
v 10.189902 -4.727913 0.401000
v 10.209122 -4.859664 0.418009
v 10.228220 -4.878513 0.401007
v 10.228309 -4.878705 0.478593
v 10.211972 -4.862135 0.479000
v 10.209247 -4.859789 0.463025
v 10.207981 -4.858521 0.439617
v 10.221857 -4.846930 0.480000
v 10.228608 -4.877786 0.479828
v 10.283942 -4.823076 0.479861
v 10.267646 -4.806463 0.479732
v 10.253812 -4.815223 0.480000
v 10.235993 -4.830508 0.480000
v 10.265693 -4.803095 0.461991
v 10.284787 -4.822403 0.478732
v 10.284733 -4.822278 0.401410
v 10.265818 -4.803220 0.416975
v 10.264548 -4.801952 0.440383
v 10.212491 -4.861617 0.400268
v 10.212461 -4.861587 0.400427
v 10.217835 -4.852906 0.400000
v 10.212409 -4.861676 0.400329
v 10.252958 -4.815830 0.400000
v 10.228745 -4.838362 0.400000
v 10.284266 -4.823193 0.400244
v 10.229184 -4.877898 0.400135
v 10.229807 -4.878893 0.401195
v 10.284971 -4.823801 0.401381
v 10.229828 -4.878943 0.478619
v 10.284824 -4.823934 0.478839
v 10.267704 -4.806382 0.479671
v 10.268107 -4.805977 0.400901
v 10.212003 -4.862080 0.479099
v 10.229599 -4.878245 0.479645
v 10.268018 -4.806028 0.401000
v 10.268165 -4.805945 0.401000
v 10.267615 -4.806432 0.479572
v 10.267646 -4.806463 0.479733
v 10.212055 -4.861991 0.479000
v 10.211972 -4.862136 0.479000
v 10.212055 -4.861992 0.479000
v 10.267615 -4.806432 0.479572
v 10.212461 -4.861586 0.400428
v 10.212491 -4.861618 0.400267
v 10.172016 -4.711095 0.401167
v 10.117041 -4.766099 0.401292
v 10.171955 -4.711055 0.478525
v 10.117124 -4.765988 0.478833
v 10.134314 -4.783440 0.400267
v 10.134345 -4.783471 0.400428
v 10.133939 -4.783876 0.479000
v 10.189499 -4.728317 0.479572
v 10.189469 -4.728286 0.479733
v 10.189499 -4.728317 0.479572
v 10.133796 -4.783959 0.479000
v 10.133939 -4.783876 0.479000
v 10.192713 -4.780133 0.402000
v 10.186588 -4.783401 0.402000
v 10.188984 -4.786316 0.402000
v 10.191587 -4.781014 0.402000
v 10.190812 -4.791743 0.402000
v 10.194352 -4.795651 0.402000
v 10.200965 -4.789673 0.402000
v 10.197959 -4.785983 0.402000
v 10.193482 -4.786292 0.402000
v 10.194611 -4.787267 0.402000
v 10.197529 -4.787088 0.402000
v 10.191932 -4.791457 0.402000
v 10.196622 -4.797405 0.402000
v 10.199900 -4.801716 0.402000
v 10.206138 -4.794846 0.402000
v 10.203092 -4.791282 0.402000
v 10.202402 -4.797318 0.402000
v 10.200159 -4.794559 0.402000
v 10.202472 -4.802596 0.402000
v 10.201511 -4.803282 0.402000
v 10.208378 -4.806268 0.402000
v 10.205008 -4.806413 0.402000
v 10.211350 -4.799122 0.402000
v 10.211408 -4.802933 0.402000
v 10.208271 -4.796180 0.402000
v 10.207554 -4.797053 0.402000
v 10.210807 -4.801392 0.402000
v 10.206421 -4.805515 0.402000
v 10.207660 -4.808442 0.402000
v 10.210392 -4.811691 0.402000
v 9.605082 -6.460727 0.401000
v 9.613532 -6.459078 0.401000
v 9.604407 -6.463168 0.401000
v 9.611423 -6.454224 0.401000
v 9.609342 -6.449730 0.401000
v 9.607245 -6.445056 0.401000
v 9.607502 -6.467393 0.401000
v 9.605957 -6.463944 0.401000
v 9.608960 -6.462596 0.401000
v 9.610407 -6.465823 0.401000
v 9.611408 -6.465375 0.401000
v 9.616181 -6.464839 0.401000
v 9.609598 -6.452393 0.401000
v 9.608570 -6.452030 0.401000
v 9.611258 -6.457958 0.401000
v 9.604181 -6.459896 0.401000
v 9.611277 -6.457754 0.401000
v 9.603540 -6.458852 0.401000
v 9.603238 -6.457908 0.401000
v 9.606501 -6.467842 0.401000
v 9.576389 -6.482678 0.401000
v 9.553016 -6.430537 0.401000
v 9.563218 -6.428448 0.401000
v 9.574231 -6.425340 0.401000
v 9.598121 -6.449147 0.401000
v 9.598670 -6.450371 0.401000
v 9.603183 -6.454004 0.401000
v 9.602570 -6.454921 0.401000
v 9.602149 -6.456100 0.401000
v 9.602036 -6.457191 0.401000
v 9.612259 -6.457509 0.401000
v 9.608338 -6.450179 0.401000
v 9.607483 -6.451933 0.401000
v 9.606794 -6.446729 0.401000
v 9.602198 -6.458341 0.401000
v 9.602533 -6.459290 0.401000
v 9.603098 -6.460349 0.401000
v 9.603858 -6.461276 0.401000
v 9.611097 -6.453664 0.401000
v 9.610398 -6.452916 0.401000
v 9.603177 -6.457115 0.401000
v 9.603318 -6.456294 0.401000
v 9.603678 -6.455470 0.401000
v 9.605774 -6.453735 0.401000
v 9.606803 -6.453384 0.401000
v 9.607700 -6.453281 0.401000
v 9.610315 -6.454546 0.401000
v 9.610791 -6.455354 0.401000
v 9.609772 -6.453991 0.401000
v 9.609144 -6.453600 0.401000
v 9.608500 -6.453374 0.401000
v 9.611200 -6.456625 0.401000
v 9.604215 -6.454778 0.401000
v 9.605082 -6.454096 0.401000
v 9.609961 -6.462148 0.401000
v 9.613077 -6.460751 0.401000
v 9.614725 -6.464423 0.401000
v 9.615726 -6.463974 0.401000
v 9.606397 -6.452091 0.401000
v 9.605298 -6.452477 0.401000
v 9.604062 -6.453190 0.401000
v 9.595395 -6.416657 0.401000
v 9.605420 -6.411131 0.401000
v 9.645740 -6.451589 0.401000
v 9.614994 -6.404856 0.401000
v 9.622306 -6.399312 0.401000
v 9.584980 -6.421403 0.401000
v 9.594721 -6.416966 0.401000
v 9.611719 -6.454736 0.401000
v 9.611826 -6.454988 0.401000
v 9.611939 -6.455377 0.401000
v 9.635743 -6.508476 0.401000
v 9.625950 -6.512795 0.401000
v 9.613086 -6.482531 0.401000
v 9.615857 -6.518198 0.401000
v 9.612537 -6.481307 0.401000
v 9.597861 -6.530581 0.401000
v 9.606211 -6.524355 0.401000
v 9.623807 -6.482002 0.401000
v 9.623209 -6.480666 0.401000
v 9.617637 -6.468236 0.401000
v 9.616523 -6.465755 0.401000
v 9.607398 -6.469845 0.401000
v 9.608555 -6.472421 0.401000
v 9.611261 -6.475276 0.401000
v 9.612265 -6.475600 0.401000
v 9.613242 -6.475672 0.401000
v 9.620115 -6.473767 0.401000
v 9.617112 -6.473765 0.401000
v 9.617691 -6.472875 0.401000
v 9.609284 -6.473676 0.401000
v 9.610138 -6.474575 0.401000
v 9.611249 -6.475270 0.401000
v 9.618076 -6.471802 0.401000
v 9.618201 -6.470601 0.401000
v 9.618042 -6.469409 0.401000
v 9.620716 -6.475102 0.401000
v 9.618546 -6.477121 0.401000
v 9.620237 -6.480891 0.401000
v 9.614252 -6.475514 0.401000
v 9.615140 -6.475196 0.401000
v 9.616303 -6.474520 0.401000
v 9.636423 -6.508177 0.401000
v 9.647217 -6.504370 0.401000
v 9.667273 -6.499630 0.401000
v 9.658271 -6.501398 0.401000
v 9.612223 -6.456358 0.401000
v 9.623169 -6.398799 0.478428
v 9.623026 -6.398475 0.479732
v 9.623169 -6.398799 0.479732
v 9.667197 -6.497015 0.412163
v 9.668125 -6.499084 0.402000
v 9.623279 -6.399039 0.402000
v 9.624064 -6.400791 0.469061
v 9.623218 -6.398902 0.478000
v 9.668186 -6.499220 0.478000
v 9.666514 -6.495490 0.423487
v 9.624805 -6.402442 0.457759
v 9.667341 -6.497332 0.469061
v 9.666599 -6.495681 0.457759
v 9.625190 -6.403302 0.446351
v 9.666214 -6.494821 0.446351
v 9.625217 -6.403365 0.434905
v 9.666187 -6.494757 0.434905
v 9.624891 -6.402633 0.423487
v 9.624204 -6.401108 0.412163
v 9.552518 -6.430471 0.479000
v 9.551181 -6.430681 0.479000
v 9.551328 -6.431004 0.479000
v 9.645997 -6.504688 0.479000
v 9.657013 -6.501582 0.479000
v 9.604371 -6.411831 0.479000
v 9.614020 -6.405674 0.479000
v 9.667212 -6.499493 0.479000
v 9.622367 -6.399448 0.479000
v 9.614808 -6.518898 0.479000
v 9.561957 -6.428632 0.479000
v 9.605234 -6.525173 0.479000
v 9.552955 -6.430399 0.479000
v 9.597925 -6.530718 0.479000
v 9.635248 -6.508627 0.479000
v 9.594278 -6.417235 0.479000
v 9.624833 -6.513372 0.479000
v 9.583805 -6.421853 0.479000
v 9.573011 -6.425659 0.479000
v 9.551993 -6.430705 0.401573
v 9.551850 -6.430381 0.400268
v 9.551993 -6.430705 0.400268
v 9.595340 -6.527396 0.456513
v 9.596024 -6.528922 0.467837
v 9.553714 -6.434539 0.456513
v 9.553031 -6.433014 0.467837
v 9.596949 -6.530990 0.478000
v 9.552103 -6.430946 0.478000
v 9.595426 -6.527587 0.422241
v 9.552887 -6.432697 0.410939
v 9.596164 -6.529239 0.410939
v 9.552042 -6.430808 0.402000
v 9.597013 -6.531127 0.402000
v 9.595011 -6.526664 0.445095
v 9.554041 -6.435272 0.445095
v 9.595038 -6.526727 0.433649
v 9.554014 -6.435208 0.433649
v 9.553629 -6.434348 0.422241
v 9.622648 -6.399033 0.401000
v 9.623694 -6.398176 0.401000
v 9.623838 -6.398499 0.401000
v 9.667710 -6.499558 0.401000
v 9.668903 -6.499025 0.401000
v 9.669046 -6.499349 0.401000
v 9.596454 -6.531670 0.401000
v 9.596598 -6.531606 0.401000
v 9.596470 -6.531710 0.401000
v 9.668235 -6.499324 0.478428
v 9.668235 -6.499324 0.479732
v 9.668378 -6.499648 0.479732
v 9.597580 -6.530997 0.479000
v 9.596390 -6.531530 0.479000
v 9.596534 -6.531854 0.479000
v 9.597059 -6.531230 0.401573
v 9.597059 -6.531230 0.400268
v 9.597202 -6.531555 0.400268
v 9.551264 -6.430864 0.401000
v 9.551246 -6.430824 0.401000
v 9.551410 -6.430798 0.401000
v 9.552039 -6.430745 0.401777
v 9.552787 -6.430574 0.401025
v 9.597059 -6.531171 0.401777
v 9.552063 -6.430694 0.401640
v 9.597110 -6.531187 0.401640
v 9.552097 -6.430689 0.401566
v 9.597138 -6.531166 0.401566
v 9.552219 -6.430669 0.401377
v 9.597232 -6.531088 0.401377
v 9.552378 -6.430642 0.401218
v 9.597361 -6.530985 0.401218
v 9.552573 -6.430611 0.401099
v 9.597513 -6.530863 0.401099
v 9.597684 -6.530725 0.401025
v 9.623157 -6.398854 0.478259
v 9.668183 -6.499297 0.478259
v 9.623118 -6.398843 0.478360
v 9.668165 -6.499336 0.478360
v 9.623063 -6.398886 0.478500
v 9.668097 -6.499346 0.478500
v 9.623005 -6.398934 0.478609
v 9.668021 -6.499358 0.478609
v 9.622934 -6.398990 0.478707
v 9.667936 -6.499373 0.478707
v 9.622770 -6.399124 0.478866
v 9.667722 -6.499408 0.478866
v 9.622574 -6.399281 0.478966
v 9.667478 -6.499448 0.478966
v 9.622513 -6.399143 0.401034
v 9.667539 -6.499587 0.401034
v 9.622593 -6.399077 0.401067
v 9.667643 -6.499570 0.401067
v 9.622730 -6.399036 0.401134
v 9.667762 -6.499497 0.401134
v 9.622837 -6.399009 0.401207
v 9.667853 -6.499434 0.401207
v 9.622934 -6.398990 0.401293
v 9.667936 -6.499373 0.401293
v 9.623102 -6.398975 0.401500
v 9.668058 -6.499258 0.401500
v 9.623218 -6.398991 0.401741
v 9.668122 -6.499159 0.401741
v 9.552689 -6.430443 0.478966
v 9.597715 -6.530886 0.478966
v 9.552585 -6.430460 0.478933
v 9.597635 -6.530953 0.478933
v 9.552466 -6.430533 0.478866
v 9.597498 -6.530994 0.478866
v 9.552375 -6.430595 0.478793
v 9.597391 -6.531020 0.478793
v 9.552295 -6.430657 0.478707
v 9.597294 -6.531040 0.478707
v 9.552170 -6.430771 0.478500
v 9.597126 -6.531055 0.478500
v 9.552106 -6.430870 0.478259
v 9.597010 -6.531038 0.478259
v 9.617682 -6.477877 0.401000
v 9.619050 -6.480929 0.401000
v 9.614481 -6.480947 0.401000
v 9.614621 -6.481264 0.401000
v 9.614203 -6.481177 0.401000
v 9.614267 -6.481325 0.401000
v 9.613907 -6.481381 0.401000
v 9.613920 -6.481410 0.401000
v 9.608948 -6.470620 0.401000
v 9.616071 -6.467428 0.401000
v 9.609552 -6.471966 0.401000
v 9.616651 -6.468723 0.401000
v 9.616993 -6.469726 0.401000
v 9.614615 -6.473960 0.401000
v 9.613672 -6.474290 0.401000
v 9.612857 -6.474400 0.401000
v 9.610151 -6.472994 0.401000
v 9.617099 -6.470601 0.401000
v 9.617008 -6.471389 0.401000
v 9.616733 -6.472128 0.401000
v 9.616275 -6.472794 0.401000
v 9.615537 -6.473447 0.401000
v 9.612153 -6.474336 0.401000
v 9.611481 -6.474103 0.401000
v 9.610752 -6.473630 0.401000
v 9.678626 -6.520352 0.401246
v 9.677625 -6.521200 0.400177
v 9.668396 -6.499449 0.400329
v 9.668314 -6.499505 0.400268
v 9.606885 -6.552555 0.400136
v 9.605857 -6.552998 0.401261
v 9.596518 -6.531670 0.400901
v 9.594785 -6.528604 0.417037
v 9.605964 -6.553132 0.478765
v 9.594278 -6.527476 0.456343
v 9.610331 -6.521636 0.480000
v 9.597138 -6.531411 0.479732
v 9.607102 -6.552783 0.479834
v 9.677616 -6.520848 0.479864
v 9.645691 -6.504428 0.480000
v 9.667786 -6.495879 0.462963
v 9.668982 -6.499205 0.479000
v 9.678629 -6.520375 0.478739
v 9.667279 -6.494751 0.423657
v 9.668921 -6.499215 0.479099
v 9.597043 -6.531436 0.479671
v 9.668296 -6.499465 0.400427
v 9.636423 -6.508177 0.400000
v 9.652240 -6.502849 0.400000
v 9.606211 -6.524355 0.400000
v 9.620823 -6.515343 0.400000
v 9.596470 -6.531711 0.401000
v 9.596598 -6.531605 0.401000
v 9.625541 -6.401643 0.418009
v 9.614405 -6.377230 0.401007
v 9.614393 -6.377020 0.478593
v 9.623758 -6.398319 0.479000
v 9.625470 -6.401482 0.463025
v 9.626203 -6.403117 0.439617
v 9.609107 -6.409010 0.480000
v 9.613785 -6.377771 0.479828
v 9.542597 -6.409198 0.479861
v 9.551914 -6.430525 0.479732
v 9.567957 -6.427262 0.480000
v 9.590052 -6.419323 0.480000
v 9.552540 -6.434367 0.461991
v 9.541568 -6.409526 0.478732
v 9.541575 -6.409663 0.401410
v 9.552469 -6.434206 0.416975
v 9.553202 -6.435842 0.440383
v 9.623090 -6.398618 0.400268
v 9.623108 -6.398658 0.400427
v 9.614994 -6.404856 0.400000
v 9.623188 -6.398593 0.400329
v 9.568973 -6.427001 0.400000
v 9.599619 -6.414563 0.400000
v 9.542337 -6.408974 0.400244
v 9.613285 -6.377461 0.400135
v 9.613059 -6.376311 0.401195
v 9.541895 -6.408154 0.401381
v 9.613056 -6.376256 0.478619
v 9.542081 -6.408083 0.478839
v 9.551831 -6.430580 0.479671
v 9.551310 -6.430814 0.400901
v 9.623710 -6.398359 0.479099
v 9.613022 -6.376991 0.479645
v 9.551410 -6.430798 0.401000
v 9.551246 -6.430824 0.401000
v 9.551932 -6.430565 0.479572
v 9.551914 -6.430525 0.479733
v 9.623630 -6.398425 0.479000
v 9.623758 -6.398319 0.479000
v 9.623630 -6.398424 0.479000
v 9.551932 -6.430564 0.479572
v 9.623108 -6.398658 0.400428
v 9.623090 -6.398618 0.400267
v 9.607328 -6.553689 0.401167
v 9.678281 -6.521858 0.401292
v 9.607370 -6.553748 0.478525
v 9.678165 -6.521934 0.478833
v 9.668314 -6.499505 0.400267
v 9.668296 -6.499465 0.400428
v 9.668818 -6.499231 0.479000
v 9.597120 -6.531371 0.479572
v 9.597138 -6.531411 0.479733
v 9.597120 -6.531371 0.479572
v 9.668982 -6.499205 0.479000
v 9.668818 -6.499231 0.479000
v 9.612565 -6.481806 0.402000
v 9.619452 -6.480933 0.402000
v 9.618250 -6.477355 0.402000
v 9.613929 -6.481384 0.402000
v 9.618473 -6.471632 0.402000
v 9.616556 -6.466721 0.402000
v 9.608249 -6.469954 0.402000
v 9.609745 -6.474472 0.402000
v 9.614039 -6.475777 0.402000
v 9.613331 -6.474464 0.402000
v 9.610538 -6.473592 0.402000
v 9.617325 -6.471502 0.402000
v 9.615058 -6.464273 0.402000
v 9.613532 -6.459078 0.402000
v 9.605256 -6.463277 0.402000
v 9.606833 -6.467693 0.402000
v 9.609629 -6.462297 0.402000
v 9.610743 -6.465674 0.402000
v 9.611438 -6.457340 0.402000
v 9.612583 -6.457041 0.402000
v 9.607230 -6.451806 0.402000
v 9.610428 -6.452870 0.402000
v 9.601908 -6.457426 0.402000
v 9.603211 -6.453844 0.402000
v 9.603739 -6.461271 0.402000
v 9.604718 -6.460711 0.402000
v 9.603223 -6.455499 0.402000
v 9.608790 -6.453206 0.402000
v 9.608674 -6.450029 0.402000
v 9.607279 -6.446022 0.402000
v 9.791337 -6.331195 0.401000
v 9.781110 -6.308382 0.401000
v 9.718335 -6.363919 0.401000
v 9.708109 -6.341107 0.401000
v 9.781110 -6.308382 0.444000
v 9.708109 -6.341107 0.444000
v 9.741620 -6.342523 0.444000
v 9.714243 -6.354794 0.444000
v 9.787244 -6.322070 0.444000
v 9.759870 -6.334342 0.444000
v 9.763959 -6.343466 0.444000
v 9.745710 -6.351648 0.444000
v 9.780701 -6.307470 0.445000
v 9.707700 -6.340194 0.445000
v 9.741620 -6.342523 0.445000
v 9.759870 -6.334342 0.445000
v 9.846558 -6.454384 0.401000
v 9.836332 -6.431571 0.401000
v 9.773557 -6.487108 0.401000
v 9.763331 -6.464295 0.400333
v 9.846558 -6.454384 0.444000
v 9.773557 -6.487108 0.444000
v 9.794797 -6.461149 0.444000
v 9.767420 -6.473420 0.444500
v 9.840421 -6.440696 0.444000
v 9.813047 -6.452968 0.444000
v 9.808957 -6.443842 0.444333
v 9.790705 -6.452023 0.444667
v 9.794797 -6.461149 0.445000
v 9.846967 -6.455296 0.445000
v 9.840421 -6.440696 0.445000
v 9.813047 -6.452968 0.445000
v 9.836332 -6.431571 0.400000
v 9.835923 -6.430658 0.445000
v 9.762922 -6.463383 0.444667
v 9.835923 -6.430658 0.444000
v 9.791745 -6.332107 0.445000
v 9.791745 -6.332107 0.444000
v 9.718744 -6.364832 0.444333
v 9.721198 -6.370308 0.438175
v 9.721198 -6.370308 0.433971
v 9.721970 -6.372033 0.433971
v 9.752363 -6.439829 0.401000
v 9.773557 -6.487108 0.423982
v 9.729368 -6.388534 0.401000
v 9.752363 -6.439829 0.423982
v 9.727552 -6.384480 0.401000
v 9.729368 -6.388534 0.423982
v 9.724247 -6.377107 0.425874
v 9.724198 -6.376997 0.425861
v 9.724668 -6.378047 0.425861
v 9.726325 -6.381741 0.430647
v 9.726938 -6.383111 0.430647
v 9.726938 -6.383111 0.431998
v 9.718512 -6.364317 0.434404
v 9.718879 -6.365132 0.433610
v 9.720154 -6.367976 0.438215
v 9.720948 -6.369749 0.433430
v 9.716629 -6.360119 0.438706
v 9.716929 -6.360785 0.438215
v 9.717246 -6.361492 0.437694
v 9.717698 -6.362502 0.436417
v 9.717991 -6.363155 0.435028
v 9.718107 -6.363411 0.434930
v 9.714048 -6.354359 0.438641
v 9.714686 -6.355778 0.439242
v 9.715369 -6.357305 0.439448
v 9.720154 -6.367976 0.444000
v 9.715937 -6.358574 0.439302
v 9.713767 -6.353732 0.438215
v 9.708109 -6.341107 0.438215
v 9.713712 -6.353610 0.438132
v 9.708109 -6.341107 0.433390
v 9.710749 -6.346998 0.433390
v 9.710868 -6.347263 0.434048
v 9.711200 -6.348007 0.435096
v 9.712244 -6.350330 0.436550
v 9.712787 -6.351548 0.436715
v 9.713389 -6.352887 0.437453
v 9.712946 -6.351902 0.436694
v 9.713105 -6.352256 0.436648
v 9.711292 -6.348211 0.435308
v 9.711731 -6.349190 0.436063
v 9.711561 -6.348810 0.426677
v 9.711133 -6.347853 0.427572
v 9.708109 -6.341107 0.425861
v 9.712061 -6.349922 0.426082
v 9.710819 -6.347155 0.428662
v 9.710621 -6.346711 0.429918
v 9.708109 -6.341107 0.431998
v 9.710553 -6.346560 0.431250
v 9.710556 -6.346568 0.431564
v 9.710587 -6.346639 0.431998
v 9.710648 -6.346773 0.432833
v 9.712235 -6.350316 0.425953
v 9.712253 -6.350355 0.425861
v 9.712375 -6.350624 0.425231
v 9.708109 -6.341107 0.423982
v 9.712580 -6.351081 0.424611
v 9.712848 -6.351683 0.424113
v 9.713169 -6.352393 0.423786
v 9.712977 -6.351968 0.423982
v 9.714118 -6.354516 0.423982
v 9.713880 -6.353984 0.423758
v 9.720154 -6.367976 0.401000
v 9.713547 -6.353241 0.423658
v 9.713492 -6.353120 0.423661
v 9.714841 -6.356127 0.425861
v 9.714841 -6.356125 0.425855
v 9.714679 -6.355763 0.425102
v 9.714463 -6.355285 0.424514
v 9.714188 -6.354671 0.424047
v 9.714582 -6.355550 0.429293
v 9.716431 -6.359676 0.431654
v 9.714344 -6.355014 0.429828
v 9.714051 -6.354361 0.430212
v 9.716733 -6.360346 0.425898
v 9.716639 -6.360139 0.425966
v 9.716544 -6.359928 0.426104
v 9.716480 -6.359780 0.426260
v 9.718497 -6.364280 0.430864
v 9.718433 -6.364136 0.431512
v 9.718326 -6.363899 0.431998
v 9.711457 -6.348576 0.431998
v 9.716529 -6.359891 0.427727
v 9.716614 -6.360083 0.427867
v 9.716861 -6.360630 0.429866
v 9.716712 -6.360297 0.427951
v 9.719095 -6.365614 0.428219
v 9.718848 -6.365064 0.427403
v 9.718790 -6.364938 0.427260
v 9.718424 -6.364122 0.426554
v 9.711536 -6.348755 0.429978
v 9.711704 -6.349125 0.429285
v 9.712403 -6.350689 0.428941
v 9.711951 -6.349678 0.428664
v 9.712250 -6.350347 0.428213
v 9.712915 -6.351828 0.430057
v 9.712632 -6.351198 0.429578
v 9.711423 -6.348500 0.431317
v 9.711438 -6.348536 0.430805
v 9.719306 -6.366089 0.431595
v 9.719358 -6.366203 0.430609
v 9.720154 -6.367976 0.431998
v 9.719355 -6.366197 0.430375
v 9.719278 -6.366028 0.429271
v 9.718000 -6.363172 0.426081
v 9.717591 -6.362262 0.425885
v 9.716776 -6.360445 0.425885
v 9.716376 -6.359552 0.426931
v 9.716379 -6.359558 0.427041
v 9.714927 -6.356320 0.427370
v 9.716404 -6.359615 0.427299
v 9.716456 -6.359729 0.427533
v 9.713221 -6.352509 0.430341
v 9.713547 -6.353241 0.430440
v 9.713715 -6.353618 0.430415
v 9.716422 -6.359652 0.426475
v 9.716388 -6.359576 0.426705
v 9.714920 -6.356304 0.426689
v 9.714927 -6.356320 0.427032
v 9.716803 -6.360507 0.427977
v 9.716819 -6.360537 0.427974
v 9.716858 -6.360629 0.427952
v 9.718222 -6.363670 0.428792
v 9.718375 -6.364008 0.429318
v 9.718470 -6.364220 0.429919
v 9.718503 -6.364294 0.430575
v 9.716889 -6.360692 0.427943
v 9.717508 -6.362077 0.427943
v 9.717756 -6.362625 0.428058
v 9.717997 -6.363169 0.428332
v 9.718201 -6.363625 0.428739
v 9.717304 -6.361618 0.433390
v 9.711725 -6.349175 0.433390
v 9.717316 -6.361646 0.433207
v 9.711582 -6.348854 0.432884
v 9.711463 -6.348591 0.432132
v 9.717426 -6.361892 0.433207
v 9.718305 -6.363851 0.432096
v 9.718143 -6.363492 0.432536
v 9.717930 -6.363014 0.432901
v 9.717688 -6.362476 0.433128
v 9.713431 -6.352982 0.434322
v 9.713535 -6.353210 0.434185
v 9.713712 -6.353607 0.435122
v 9.716626 -6.360110 0.436315
v 9.717279 -6.361567 0.433718
v 9.716831 -6.360567 0.435830
v 9.717109 -6.361186 0.434850
v 9.715384 -6.357336 0.437424
v 9.715290 -6.357129 0.437419
v 9.714832 -6.356107 0.437235
v 9.713123 -6.352291 0.434596
v 9.712803 -6.351579 0.434691
v 9.712662 -6.351265 0.434674
v 9.716233 -6.359230 0.436942
v 9.715796 -6.358255 0.437315
v 9.714386 -6.355111 0.436763
v 9.714008 -6.354269 0.436048
v 9.712320 -6.350504 0.434478
v 9.712012 -6.349817 0.434080
v 9.711771 -6.349281 0.433557
v 9.718940 -6.365268 0.433390
v 9.719150 -6.365738 0.432633
v 9.719245 -6.365952 0.431998
v 9.727552 -6.384480 0.431998
v 9.727323 -6.383972 0.430647
v 9.727323 -6.383972 0.430101
v 9.727268 -6.383849 0.428582
v 9.727268 -6.383849 0.428039
v 9.727552 -6.384480 0.425861
v 9.726575 -6.382301 0.430101
v 9.726575 -6.382301 0.428582
v 9.726938 -6.383111 0.430101
v 9.726938 -6.383111 0.428582
v 9.726575 -6.382301 0.428039
v 9.726575 -6.382301 0.426442
v 9.726938 -6.383111 0.428039
v 9.726938 -6.383111 0.426442
v 9.727369 -6.384071 0.426442
v 9.727369 -6.384071 0.425901
v 9.726938 -6.383111 0.425861
v 9.726938 -6.383111 0.425901
v 9.726325 -6.381741 0.425901
v 9.725364 -6.379603 0.426743
v 9.725394 -6.379669 0.426464
v 9.725400 -6.379684 0.426464
v 9.726062 -6.381157 0.429291
v 9.725119 -6.379057 0.431998
v 9.725809 -6.380595 0.429291
v 9.725119 -6.379057 0.428466
v 9.725431 -6.379750 0.426738
v 9.725412 -6.379709 0.426580
v 9.723667 -6.375817 0.426634
v 9.723423 -6.375267 0.431998
v 9.723423 -6.375267 0.425861
v 9.723706 -6.375905 0.428776
v 9.723752 -6.376004 0.428937
v 9.723780 -6.376068 0.431998
v 9.723755 -6.376012 0.426500
v 9.723780 -6.376068 0.426476
v 9.723780 -6.376068 0.427735
v 9.723737 -6.375974 0.427840
v 9.723706 -6.375906 0.427958
v 9.723679 -6.375845 0.428139
v 9.723670 -6.375821 0.428376
v 9.723679 -6.375841 0.428584
v 9.723777 -6.376063 0.427738
v 9.723838 -6.376196 0.425874
v 9.723780 -6.376068 0.425924
v 9.723667 -6.375817 0.426020
v 9.724537 -6.377758 0.429218
v 9.724537 -6.377758 0.428641
v 9.724595 -6.377882 0.426592
v 9.724564 -6.377817 0.426403
v 9.724518 -6.377718 0.426246
v 9.723780 -6.376068 0.429000
v 9.723826 -6.376168 0.429099
v 9.723883 -6.376298 0.429187
v 9.724524 -6.377725 0.427384
v 9.724567 -6.377822 0.427228
v 9.724595 -6.377881 0.427055
v 9.724604 -6.377906 0.426823
v 9.724015 -6.376588 0.429310
v 9.724210 -6.377025 0.429368
v 9.724668 -6.378047 0.431998
v 9.724381 -6.377406 0.429331
v 9.724448 -6.377557 0.426091
v 9.724378 -6.377402 0.425989
v 9.724186 -6.376972 0.428886
v 9.724112 -6.376811 0.428872
v 9.723920 -6.376379 0.428429
v 9.724048 -6.376666 0.428830
v 9.723993 -6.376545 0.428759
v 9.723923 -6.376384 0.428350
v 9.723932 -6.376406 0.428258
v 9.723951 -6.376445 0.428178
v 9.723972 -6.376498 0.428114
v 9.724057 -6.376689 0.427983
v 9.724357 -6.377352 0.428835
v 9.724210 -6.377025 0.427823
v 9.724494 -6.377659 0.428704
v 9.724305 -6.377235 0.427730
v 9.724466 -6.377595 0.427510
v 9.723957 -6.376463 0.428680
v 9.723935 -6.376416 0.428604
v 9.723923 -6.376389 0.428524
v 9.723908 -6.376352 0.426355
v 9.724039 -6.376642 0.427391
v 9.723893 -6.376319 0.427553
v 9.724067 -6.376709 0.426307
v 9.724079 -6.376733 0.426307
v 9.724198 -6.376998 0.427228
v 9.724204 -6.377012 0.426341
v 9.724353 -6.377349 0.426765
v 9.724353 -6.377344 0.426839
v 9.724265 -6.377152 0.426397
v 9.724289 -6.377201 0.426430
v 9.724317 -6.377263 0.426490
v 9.724338 -6.377310 0.426567
v 9.724350 -6.377338 0.426652
v 9.724341 -6.377319 0.426932
v 9.724323 -6.377277 0.427011
v 9.724292 -6.377210 0.427088
v 9.729368 -6.388534 0.433390
v 9.728739 -6.387128 0.433430
v 9.728461 -6.386510 0.433430
v 9.728263 -6.386068 0.434728
v 9.727552 -6.384480 0.434728
v 9.727552 -6.384480 0.433390
v 9.728000 -6.385479 0.438175
v 9.727454 -6.384265 0.434728
v 9.727268 -6.383849 0.433430
v 9.726938 -6.383111 0.433390
v 9.726990 -6.383231 0.433430
v 9.726938 -6.383111 0.438215
v 9.727552 -6.384480 0.437021
v 9.727552 -6.384480 0.438215
v 9.727732 -6.384881 0.438175
v 9.724668 -6.378047 0.438215
v 9.724894 -6.378549 0.438175
v 9.725119 -6.379057 0.438215
v 9.724894 -6.378549 0.437629
v 9.725119 -6.379057 0.433390
v 9.724839 -6.378426 0.435567
v 9.724839 -6.378426 0.436111
v 9.724668 -6.378047 0.436111
v 9.724668 -6.378047 0.437629
v 9.724143 -6.376878 0.436111
v 9.724143 -6.376878 0.437629
v 9.724143 -6.376878 0.435567
v 9.724143 -6.376878 0.433971
v 9.724668 -6.378047 0.435567
v 9.724668 -6.378047 0.433971
v 9.724936 -6.378648 0.433971
v 9.724936 -6.378648 0.433430
v 9.724668 -6.378047 0.433390
v 9.724668 -6.378047 0.433430
v 9.723893 -6.376319 0.433430
v 9.723780 -6.376068 0.438215
v 9.723893 -6.376319 0.438175
v 9.724668 -6.378047 0.438175
v 9.723423 -6.375267 0.438215
v 9.723423 -6.375267 0.438120
v 9.723505 -6.375452 0.438061
v 9.723505 -6.375452 0.437421
v 9.723096 -6.374539 0.433904
v 9.723313 -6.375028 0.434004
v 9.723423 -6.375267 0.437506
v 9.723423 -6.375267 0.434122
v 9.723484 -6.375404 0.437449
v 9.723505 -6.375452 0.434213
v 9.722541 -6.373305 0.434305
v 9.722669 -6.373588 0.434085
v 9.723285 -6.374965 0.437632
v 9.722492 -6.373197 0.437108
v 9.722403 -6.372994 0.436771
v 9.722339 -6.372856 0.436350
v 9.723047 -6.374431 0.437702
v 9.722971 -6.374265 0.437695
v 9.722516 -6.373251 0.437176
v 9.722803 -6.373888 0.437615
v 9.722651 -6.373547 0.437443
v 9.722315 -6.372796 0.435749
v 9.722315 -6.372801 0.435574
v 9.722348 -6.372871 0.435099
v 9.722806 -6.373895 0.433954
v 9.723002 -6.374334 0.433895
v 9.722410 -6.373011 0.434716
v 9.722504 -6.373222 0.434395
v 9.723050 -6.374438 0.438255
v 9.723249 -6.374884 0.438215
v 9.723304 -6.375003 0.438205
v 9.723044 -6.374426 0.438255
v 9.723423 -6.375267 0.444000
v 9.722910 -6.374129 0.438215
v 9.722138 -6.372403 0.444000
v 9.722190 -6.372521 0.437107
v 9.722330 -6.372835 0.437556
v 9.722376 -6.372937 0.437663
v 9.722559 -6.373342 0.437976
v 9.722760 -6.373793 0.438170
v 9.722022 -6.372144 0.438215
v 9.722098 -6.372315 0.436579
v 9.722138 -6.372403 0.436805
v 9.722138 -6.372403 0.434630
v 9.722083 -6.372281 0.435004
v 9.722022 -6.372144 0.433390
v 9.722049 -6.372210 0.435713
v 9.722055 -6.372217 0.435960
v 9.722638 -6.373523 0.433469
v 9.722455 -6.373114 0.433680
v 9.722138 -6.372403 0.433390
v 9.722300 -6.372765 0.433997
v 9.722269 -6.372697 0.434081
v 9.722156 -6.372448 0.434495
v 9.722797 -6.373875 0.433390
v 9.722138 -6.372403 0.431998
v 9.722849 -6.373993 0.433363
v 9.722968 -6.374253 0.433350
v 9.723139 -6.374635 0.433390
v 9.723505 -6.375452 0.433626
v 9.723472 -6.375378 0.433586
v 9.723423 -6.375267 0.433390
v 9.723423 -6.375267 0.433546
v 9.723264 -6.374913 0.433419
v 9.722321 -6.372816 0.427516
v 9.722361 -6.372899 0.428476
v 9.722275 -6.372707 0.427346
v 9.722242 -6.372633 0.427136
v 9.722138 -6.372403 0.425861
v 9.722419 -6.373029 0.425958
v 9.722342 -6.372863 0.426088
v 9.722980 -6.374286 0.429337
v 9.723084 -6.374516 0.429262
v 9.723096 -6.374540 0.426425
v 9.723090 -6.374526 0.426425
v 9.723096 -6.374540 0.425901
v 9.723032 -6.374400 0.426228
v 9.722953 -6.374223 0.426042
v 9.722397 -6.372982 0.427674
v 9.722501 -6.373213 0.427804
v 9.722529 -6.373277 0.428735
v 9.722684 -6.373623 0.427915
v 9.722681 -6.373617 0.428855
v 9.722309 -6.372785 0.426178
v 9.722263 -6.372686 0.426345
v 9.722236 -6.372622 0.426548
v 9.723166 -6.374697 0.429150
v 9.723230 -6.374842 0.428999
v 9.723279 -6.374953 0.428808
v 9.722361 -6.372899 0.429053
v 9.722410 -6.373007 0.429121
v 9.722590 -6.373409 0.429294
v 9.722837 -6.373964 0.429368
v 9.723096 -6.374540 0.428056
v 9.723090 -6.374526 0.428283
v 9.723066 -6.374473 0.428509
v 9.723038 -6.374411 0.428637
v 9.723002 -6.374332 0.428736
v 9.722962 -6.374239 0.428807
v 9.722907 -6.374119 0.428859
v 9.722815 -6.373913 0.428886
v 9.722223 -6.372597 0.426809
v 9.722226 -6.372599 0.426880
v 9.723319 -6.375039 0.428540
v 9.723337 -6.375082 0.428083
v 9.723337 -6.375082 0.425901
v 9.722663 -6.373578 0.425821
v 9.722138 -6.372403 0.423982
v 9.722800 -6.373879 0.425861
v 9.722623 -6.373488 0.425824
v 9.722529 -6.373275 0.425861
v 9.722510 -6.373234 0.425868
v 9.725119 -6.379057 0.426870
v 9.724732 -6.378188 0.429291
v 9.725003 -6.378795 0.429291
v 9.725275 -6.379401 0.425909
v 9.725266 -6.379383 0.425861
v 9.725168 -6.379163 0.425293
v 9.724668 -6.378047 0.423982
v 9.724781 -6.378300 0.424354
v 9.724781 -6.378300 0.424883
v 9.724833 -6.378415 0.424842
v 9.724918 -6.378608 0.424815
v 9.724045 -6.376656 0.425821
v 9.724930 -6.378635 0.424815
v 9.724988 -6.378763 0.424838
v 9.725040 -6.378879 0.424893
v 9.725071 -6.378949 0.424949
v 9.725116 -6.379051 0.425069
v 9.725119 -6.379057 0.425081
v 9.725119 -6.379057 0.424411
v 9.725034 -6.378867 0.424332
v 9.725119 -6.379057 0.423982
v 9.724936 -6.378650 0.424305
v 9.724854 -6.378460 0.424318
v 9.725434 -6.379754 0.425390
v 9.725324 -6.379513 0.424874
v 9.726938 -6.383111 0.423982
v 9.725507 -6.379923 0.425861
v 9.725235 -6.379315 0.424610
v 9.725217 -6.379271 0.424565
v 9.725132 -6.379081 0.424421
v 9.727552 -6.384480 0.423982
v 9.726938 -6.383111 0.401000
v 9.725119 -6.379057 0.401000
v 9.724668 -6.378047 0.401000
v 9.723780 -6.376068 0.401000
v 9.723423 -6.375267 0.401000
v 9.722138 -6.372403 0.401000
v 9.723887 -6.376307 0.425861
v 9.722895 -6.374095 0.425952
v 9.752363 -6.439829 0.425861
v 9.729368 -6.388534 0.425861
v 9.720948 -6.369749 0.430647
v 9.720948 -6.369749 0.425901
v 9.722022 -6.372144 0.425861
v 9.722022 -6.372144 0.423982
v 9.722022 -6.372144 0.401000
v 9.721949 -6.371980 0.430647
v 9.722022 -6.372144 0.431998
v 9.721949 -6.371980 0.430101
v 9.721991 -6.372078 0.426442
v 9.721991 -6.372078 0.425901
v 9.721198 -6.370308 0.428039
v 9.721198 -6.370308 0.426442
v 9.721894 -6.371857 0.428039
v 9.721894 -6.371857 0.428582
v 9.721198 -6.370308 0.428582
v 9.721198 -6.370308 0.430101
v 9.727735 -6.384889 0.425901
v 9.729261 -6.388297 0.427479
v 9.729166 -6.388084 0.426988
v 9.729023 -6.387761 0.426566
v 9.729209 -6.388178 0.429448
v 9.729282 -6.388340 0.428997
v 9.729368 -6.388534 0.431998
v 9.729316 -6.388414 0.428335
v 9.729310 -6.388401 0.428035
v 9.728821 -6.387316 0.426215
v 9.728602 -6.386824 0.426002
v 9.728269 -6.386080 0.425901
v 9.727735 -6.384889 0.430647
v 9.728287 -6.386124 0.430647
v 9.728583 -6.386784 0.430567
v 9.728818 -6.387307 0.430358
v 9.729023 -6.387761 0.430019
v 9.729090 -6.387909 0.429860
v 9.729700 -6.389272 0.425901
v 9.729422 -6.388654 0.425901
v 9.730695 -6.391491 0.427199
v 9.729886 -6.389688 0.427199
v 9.730161 -6.390304 0.430647
v 9.730430 -6.390901 0.430647
v 9.720948 -6.369749 0.438175
v 9.721970 -6.372033 0.433430
v 9.726780 -6.382756 0.436976
v 9.726850 -6.382917 0.436525
v 9.726883 -6.382991 0.435863
v 9.726877 -6.382979 0.435563
v 9.726831 -6.382874 0.435007
v 9.726737 -6.382661 0.434516
v 9.726590 -6.382338 0.434094
v 9.726392 -6.381893 0.433743
v 9.725858 -6.380701 0.438175
v 9.726154 -6.381362 0.438095
v 9.726389 -6.381884 0.437886
v 9.726172 -6.381401 0.433531
v 9.725837 -6.380657 0.433430
v 9.725303 -6.379466 0.433430
v 9.725303 -6.379466 0.438175
v 9.726590 -6.382338 0.437547
v 9.726658 -6.382486 0.437388
v 9.730893 -6.391933 0.425901
v 9.731168 -6.392550 0.425901
v 9.752363 -6.439829 0.431998
v 9.752363 -6.439829 0.433390
v 9.752363 -6.439829 0.438215
v 9.773557 -6.487108 0.425861
v 9.773557 -6.487108 0.431998
v 9.773557 -6.487108 0.433390
v 9.773557 -6.487108 0.438215
v 9.722022 -6.372144 0.444000
v 9.752363 -6.439829 0.444000
v 9.729368 -6.388534 0.444000
v 9.727552 -6.384480 0.444000
v 9.726938 -6.383111 0.444000
v 9.725119 -6.379057 0.444000
v 9.724668 -6.378047 0.444000
v 9.723780 -6.376068 0.444000
v 9.725553 -6.380025 0.437629
v 9.725553 -6.380025 0.433971
v 9.725846 -6.380679 0.437629
v 9.725837 -6.380653 0.433971
v 9.726084 -6.381204 0.434036
v 9.726249 -6.381574 0.434180
v 9.726377 -6.381861 0.434386
v 9.726413 -6.381941 0.434466
v 9.726508 -6.382156 0.434759
v 9.726575 -6.382305 0.435111
v 9.726615 -6.382389 0.435546
v 9.726621 -6.382403 0.435846
v 9.726597 -6.382350 0.436392
v 9.726545 -6.382234 0.436752
v 9.726471 -6.382071 0.437025
v 9.726407 -6.381929 0.437183
v 9.726096 -6.381237 0.437562
v 9.726267 -6.381612 0.437413
v 9.727863 -6.385174 0.437569
v 9.727857 -6.385161 0.437569
v 9.727878 -6.385209 0.437368
v 9.727842 -6.385127 0.437378
v 9.727894 -6.385242 0.437236
v 9.727823 -6.385090 0.437236
v 9.728186 -6.385896 0.435264
v 9.727533 -6.384442 0.435264
v 9.722962 -6.374245 0.426518
v 9.722992 -6.374307 0.426586
v 9.722770 -6.373816 0.427495
v 9.723044 -6.374428 0.426767
v 9.722821 -6.373930 0.426336
v 9.722626 -6.373495 0.427415
v 9.722568 -6.373364 0.427348
v 9.722895 -6.374093 0.426403
v 9.723081 -6.374506 0.426980
v 9.723096 -6.374540 0.427277
v 9.723096 -6.374540 0.427602
v 9.722486 -6.373179 0.427088
v 9.722474 -6.373152 0.426952
v 9.722471 -6.373147 0.426857
v 9.722477 -6.373161 0.426721
v 9.722590 -6.373413 0.426381
v 9.722644 -6.373535 0.426332
v 9.722541 -6.373304 0.426462
v 9.722727 -6.373719 0.426309
v 9.722535 -6.373291 0.427287
v 9.722507 -6.373226 0.427199
v 9.722492 -6.373197 0.426613
v 9.722519 -6.373258 0.426513
v 9.727985 -6.385447 0.430101
v 9.727985 -6.385447 0.426442
v 9.728278 -6.386102 0.430101
v 9.728266 -6.386076 0.426442
v 9.728513 -6.386627 0.426507
v 9.728681 -6.386997 0.426652
v 9.728809 -6.387284 0.426858
v 9.728843 -6.387364 0.426937
v 9.728940 -6.387579 0.427230
v 9.729007 -6.387728 0.427583
v 9.729044 -6.387812 0.428018
v 9.729050 -6.387826 0.428318
v 9.729029 -6.387773 0.428864
v 9.728974 -6.387656 0.429224
v 9.728904 -6.387494 0.429497
v 9.728840 -6.387351 0.429655
v 9.728528 -6.386659 0.430034
v 9.728696 -6.387035 0.429885
v 9.730292 -6.390597 0.430040
v 9.730286 -6.390584 0.430040
v 9.730307 -6.390632 0.429840
v 9.730271 -6.390550 0.429850
v 9.730323 -6.390664 0.429708
v 9.730256 -6.390513 0.429708
v 9.730616 -6.391319 0.427736
v 9.729966 -6.389865 0.427736
v 9.713535 -6.353210 0.425683
v 9.713175 -6.352407 0.427976
v 9.713108 -6.352258 0.427800
v 9.713535 -6.353210 0.428314
v 9.713627 -6.353418 0.428294
v 9.713666 -6.353506 0.425723
v 9.713404 -6.352919 0.428275
v 9.713282 -6.352649 0.428161
v 9.713892 -6.354009 0.426017
v 9.713965 -6.354170 0.427789
v 9.713871 -6.353963 0.428022
v 9.713028 -6.352080 0.426553
v 9.713083 -6.352208 0.426273
v 9.713172 -6.352403 0.426026
v 9.713785 -6.353774 0.425836
v 9.713758 -6.353708 0.428195
v 9.713038 -6.352106 0.427516
v 9.713001 -6.352023 0.427195
v 9.712998 -6.352015 0.426866
v 9.713282 -6.352646 0.425838
v 9.713407 -6.352930 0.425719
v 9.714042 -6.354341 0.426558
v 9.714069 -6.354406 0.426884
v 9.713981 -6.354205 0.426263
v 9.714066 -6.354395 0.427211
v 9.714029 -6.354314 0.427518
v 9.720203 -6.370531 0.433610
v 9.721634 -6.373723 0.433437
v 9.722571 -6.375815 0.433798
v 9.721531 -6.373497 0.434189
v 9.721524 -6.373478 0.437437
v 9.722144 -6.374865 0.437746
v 9.722562 -6.375795 0.438154
v 9.721897 -6.374313 0.438204
v 9.721097 -6.372525 0.435445
v 9.724024 -6.379057 0.433646
v 9.723148 -6.377100 0.433790
v 9.723230 -6.377287 0.435839
v 9.723926 -6.378835 0.435839
v 9.723792 -6.378541 0.437811
v 9.722980 -6.376728 0.438175
v 9.725672 -6.382735 0.433827
v 9.725641 -6.382663 0.434704
v 9.724564 -6.380262 0.433770
v 9.725925 -6.383299 0.437082
v 9.724515 -6.380152 0.438030
v 9.725489 -6.382326 0.437221
v 9.725672 -6.382729 0.436547
v 9.726935 -6.385551 0.437884
v 9.727311 -6.386389 0.434996
v 9.727732 -6.387330 0.433431
v 9.726221 -6.383954 0.433436
v 9.726569 -6.384733 0.434906
v 9.720203 -6.370531 0.426082
v 9.720285 -6.370717 0.428220
v 9.720118 -6.370345 0.430283
v 9.721415 -6.373235 0.427315
v 9.722153 -6.374882 0.426624
v 9.722425 -6.375491 0.428083
v 9.722187 -6.374958 0.428060
v 9.722171 -6.374927 0.429031
v 9.721521 -6.373474 0.426246
v 9.721903 -6.374326 0.425823
v 9.721506 -6.373442 0.429118
v 9.723478 -6.377837 0.426570
v 9.722858 -6.376457 0.426120
v 9.723771 -6.378490 0.426583
v 9.722959 -6.376680 0.428505
v 9.723609 -6.378127 0.428822
v 9.722864 -6.376469 0.429207
v 9.722831 -6.376396 0.427760
v 9.725022 -6.381280 0.429285
v 9.724485 -6.380086 0.426464
v 9.724024 -6.379058 0.429284
v 9.724180 -6.379404 0.424895
v 9.724195 -6.379440 0.424285
v 9.725577 -6.382523 0.426307
v 9.725663 -6.382710 0.428401
v 9.726355 -6.384258 0.428256
v 9.725495 -6.382337 0.430374
v 9.726410 -6.384381 0.430374
v 9.728104 -6.388158 0.426299
v 9.728071 -6.388086 0.427175
v 9.726996 -6.385685 0.426242
v 9.728357 -6.388722 0.429553
v 9.726947 -6.385575 0.430502
v 9.727921 -6.387749 0.429693
v 9.728101 -6.388152 0.429019
v 9.729368 -6.390974 0.430356
v 9.729728 -6.391781 0.427557
v 9.730164 -6.392753 0.425903
v 9.728696 -6.389479 0.425905
v 9.729001 -6.390156 0.427378
v 9.715949 -6.361039 0.429866
v 9.713623 -6.355855 0.429587
v 9.712366 -6.353050 0.428301
v 9.713221 -6.354958 0.427348
v 9.710874 -6.349721 0.433676
v 9.712403 -6.353132 0.434678
v 9.711020 -6.350050 0.436338
v 9.712183 -6.352641 0.436697
v 9.714014 -6.356729 0.427370
v 9.713544 -6.355676 0.437216
v 9.710746 -6.349437 0.429322
v 9.710383 -6.348625 0.426939
v 9.711338 -6.350756 0.428213
v 9.711499 -6.351117 0.425003
v 9.713999 -6.356691 0.426377
v 9.712003 -6.352238 0.430339
v 9.712092 -6.352435 0.426410
v 9.713227 -6.354968 0.438835
v 9.712738 -6.353882 0.425638
v 9.717667 -6.364876 0.434381
v 9.716410 -6.362070 0.433222
v 9.717173 -6.363774 0.432764
v 9.717618 -6.364768 0.430737
v 9.718491 -6.366716 0.430034
v 9.715732 -6.360557 0.439112
v 9.716040 -6.361245 0.435581
v 9.710495 -6.348878 0.431536
v 9.709589 -6.346854 0.431475
v 9.715961 -6.361073 0.427945
v 9.715607 -6.360280 0.426029
v 9.717109 -6.363627 0.428197
v 9.716950 -6.363275 0.425966
v 9.717771 -6.365109 0.426970
v 9.710141 -6.348089 0.434759
v 9.715159 -6.359277 0.437146
v 9.713141 -6.354778 0.423583
v 9.715906 -6.360946 0.427974
v 9.715528 -6.360105 0.427717
v 10.177262 -6.182240 0.401000
v 10.167035 -6.159428 0.401000
v 10.104261 -6.214965 0.401000
v 10.094034 -6.192152 0.401000
v 10.167035 -6.159428 0.444000
v 10.094034 -6.192152 0.444000
v 10.127546 -6.193568 0.444000
v 10.100171 -6.205840 0.444000
v 10.173172 -6.173115 0.444000
v 10.145795 -6.185387 0.444000
v 10.149888 -6.194512 0.444000
v 10.131635 -6.202693 0.444000
v 10.166626 -6.158515 0.445000
v 10.093625 -6.191240 0.445000
v 10.127546 -6.193568 0.445000
v 10.145795 -6.185387 0.445000
v 10.232483 -6.305429 0.401000
v 10.222257 -6.282617 0.401000
v 10.159482 -6.338154 0.401000
v 10.149256 -6.315341 0.400333
v 10.232483 -6.305429 0.444000
v 10.159482 -6.338154 0.444000
v 10.180722 -6.312195 0.444000
v 10.153348 -6.324466 0.444500
v 10.226349 -6.291742 0.444000
v 10.198972 -6.304013 0.444000
v 10.194883 -6.294888 0.444333
v 10.176633 -6.303069 0.444667
v 10.180722 -6.312195 0.445000
v 10.232892 -6.306342 0.445000
v 10.226349 -6.291742 0.445000
v 10.198972 -6.304013 0.445000
v 10.222257 -6.282617 0.400000
v 10.221848 -6.281704 0.445000
v 10.148847 -6.314428 0.444667
v 10.221848 -6.281704 0.444000
v 10.177671 -6.183153 0.445000
v 10.177671 -6.183153 0.444000
v 10.104670 -6.215877 0.444333
v 10.107126 -6.221354 0.438175
v 10.107126 -6.221354 0.433971
v 10.107898 -6.223078 0.433971
v 10.138291 -6.290875 0.401000
v 10.159482 -6.338154 0.423982
v 10.115296 -6.239580 0.401000
v 10.138291 -6.290875 0.423982
v 10.113477 -6.235525 0.401000
v 10.115296 -6.239580 0.423982
v 10.110172 -6.228153 0.425874
v 10.110123 -6.228042 0.425861
v 10.110593 -6.229093 0.425861
v 10.112250 -6.232787 0.430647
v 10.112864 -6.234157 0.430647
v 10.112864 -6.234157 0.431998
v 10.104441 -6.215363 0.434404
v 10.104804 -6.216177 0.433610
v 10.106080 -6.219022 0.438215
v 10.106876 -6.220795 0.433430
v 10.102558 -6.211165 0.438706
v 10.102857 -6.211831 0.438215
v 10.103174 -6.212538 0.437694
v 10.103626 -6.213547 0.436417
v 10.103919 -6.214200 0.435028
v 10.104035 -6.214457 0.434930
v 10.099976 -6.205405 0.438641
v 10.100611 -6.206824 0.439242
v 10.101297 -6.208351 0.439448
v 10.106080 -6.219022 0.444000
v 10.101865 -6.209620 0.439302
v 10.099695 -6.204778 0.438215
v 10.094034 -6.192152 0.438215
v 10.099640 -6.204656 0.438132
v 10.094034 -6.192152 0.433390
v 10.096677 -6.198043 0.433390
v 10.096793 -6.198308 0.434048
v 10.097129 -6.199053 0.435096
v 10.098169 -6.201376 0.436550
v 10.098716 -6.202593 0.436715
v 10.099317 -6.203933 0.437453
v 10.098874 -6.202948 0.436694
v 10.099033 -6.203302 0.436648
v 10.097220 -6.199257 0.435308
v 10.097660 -6.200235 0.436063
v 10.097489 -6.199856 0.426677
v 10.097059 -6.198899 0.427572
v 10.094034 -6.192152 0.425861
v 10.097986 -6.200967 0.426082
v 10.096747 -6.198201 0.428662
v 10.096546 -6.197757 0.429918
v 10.094034 -6.192152 0.431998
v 10.096479 -6.197606 0.431250
v 10.096482 -6.197614 0.431564
v 10.096515 -6.197684 0.431998
v 10.096576 -6.197819 0.432833
v 10.098163 -6.201362 0.425953
v 10.098182 -6.201401 0.425861
v 10.098301 -6.201669 0.425231
v 10.094034 -6.192152 0.423982
v 10.098505 -6.202127 0.424611
v 10.098777 -6.202729 0.424113
v 10.099094 -6.203439 0.423786
v 10.098905 -6.203014 0.423982
v 10.100046 -6.205562 0.423982
v 10.099808 -6.205030 0.423758
v 10.106080 -6.219022 0.401000
v 10.099476 -6.204287 0.423658
v 10.099421 -6.204165 0.423661
v 10.100769 -6.207172 0.425861
v 10.100766 -6.207171 0.425855
v 10.100605 -6.206808 0.425102
v 10.100391 -6.206330 0.424514
v 10.100116 -6.205717 0.424047
v 10.100510 -6.206596 0.429293
v 10.102359 -6.210721 0.431654
v 10.100269 -6.206059 0.429828
v 10.099976 -6.205406 0.430212
v 10.102659 -6.211392 0.425898
v 10.102567 -6.211185 0.425966
v 10.102472 -6.210973 0.426104
v 10.102405 -6.210826 0.426260
v 10.104422 -6.215325 0.430864
v 10.104358 -6.215182 0.431512
v 10.104252 -6.214945 0.431998
v 10.097382 -6.199622 0.431998
v 10.102454 -6.210936 0.427727
v 10.102543 -6.211129 0.427867
v 10.102787 -6.211676 0.429866
v 10.102637 -6.211343 0.427951
v 10.105021 -6.216660 0.428219
v 10.104773 -6.216109 0.427403
v 10.104718 -6.215983 0.427260
v 10.104352 -6.215168 0.426554
v 10.097464 -6.199800 0.429978
v 10.097629 -6.200171 0.429285
v 10.098331 -6.201735 0.428941
v 10.097876 -6.200724 0.428664
v 10.098179 -6.201393 0.428213
v 10.098841 -6.202874 0.430057
v 10.098560 -6.202244 0.429578
v 10.097348 -6.199545 0.431317
v 10.097364 -6.199581 0.430805
v 10.105234 -6.217134 0.431595
v 10.105286 -6.217249 0.430609
v 10.106080 -6.219022 0.431998
v 10.105283 -6.217243 0.430375
v 10.105207 -6.217074 0.429271
v 10.103925 -6.214218 0.426081
v 10.103519 -6.213308 0.425885
v 10.102704 -6.211491 0.425885
v 10.102305 -6.210598 0.426931
v 10.102308 -6.210604 0.427041
v 10.100855 -6.207366 0.427370
v 10.102332 -6.210660 0.427299
v 10.102384 -6.210775 0.427533
v 10.099146 -6.203554 0.430341
v 10.099476 -6.204287 0.430440
v 10.099643 -6.204664 0.430415
v 10.102347 -6.210697 0.426475
v 10.102314 -6.210622 0.426705
v 10.100849 -6.207349 0.426689
v 10.100855 -6.207366 0.427032
v 10.102732 -6.211553 0.427977
v 10.102744 -6.211583 0.427974
v 10.102787 -6.211675 0.427952
v 10.104151 -6.214716 0.428792
v 10.104300 -6.215054 0.429318
v 10.104395 -6.215266 0.429919
v 10.104429 -6.215340 0.430575
v 10.102814 -6.211738 0.427943
v 10.103437 -6.213123 0.427943
v 10.103681 -6.213671 0.428058
v 10.103925 -6.214215 0.428332
v 10.104129 -6.214671 0.428739
v 10.103229 -6.212663 0.433390
v 10.097651 -6.200221 0.433390
v 10.103241 -6.212692 0.433207
v 10.097507 -6.199900 0.432884
v 10.097391 -6.199637 0.432132
v 10.103351 -6.212938 0.433207
v 10.104230 -6.214897 0.432096
v 10.104068 -6.214537 0.432536
v 10.103855 -6.214060 0.432901
v 10.103614 -6.213522 0.433128
v 10.099360 -6.204027 0.434322
v 10.099460 -6.204256 0.434185
v 10.099637 -6.204652 0.435122
v 10.102555 -6.211155 0.436315
v 10.103208 -6.212612 0.433718
v 10.102759 -6.211613 0.435830
v 10.103037 -6.212232 0.434850
v 10.101310 -6.208381 0.437424
v 10.101218 -6.208175 0.437419
v 10.100760 -6.207153 0.437235
v 10.099048 -6.203337 0.434596
v 10.098728 -6.202624 0.434691
v 10.098587 -6.202311 0.434674
v 10.102158 -6.210276 0.436942
v 10.101722 -6.209301 0.437315
v 10.100312 -6.206157 0.436763
v 10.099936 -6.205314 0.436048
v 10.098249 -6.201550 0.434478
v 10.097941 -6.200863 0.434080
v 10.097699 -6.200326 0.433557
v 10.104865 -6.216314 0.433390
v 10.105076 -6.216783 0.432633
v 10.105173 -6.216998 0.431998
v 10.113477 -6.235525 0.431998
v 10.113251 -6.235018 0.430647
v 10.113251 -6.235018 0.430101
v 10.113196 -6.234895 0.428582
v 10.113196 -6.234895 0.428039
v 10.113477 -6.235525 0.425861
v 10.112500 -6.233346 0.430101
v 10.112500 -6.233346 0.428582
v 10.112864 -6.234157 0.430101
v 10.112864 -6.234157 0.428582
v 10.112500 -6.233346 0.428039
v 10.112500 -6.233346 0.426442
v 10.112864 -6.234157 0.428039
v 10.112864 -6.234157 0.426442
v 10.113294 -6.235116 0.426442
v 10.113294 -6.235116 0.425901
v 10.112864 -6.234157 0.425861
v 10.112864 -6.234157 0.425901
v 10.112250 -6.232787 0.425901
v 10.111292 -6.230649 0.426743
v 10.111322 -6.230715 0.426464
v 10.111329 -6.230729 0.426464
v 10.111988 -6.232203 0.429291
v 10.111048 -6.230102 0.431998
v 10.111738 -6.231640 0.429291
v 10.111048 -6.230102 0.428466
v 10.111359 -6.230796 0.426738
v 10.111338 -6.230754 0.426580
v 10.109595 -6.226863 0.426634
v 10.109348 -6.226313 0.431998
v 10.109348 -6.226313 0.425861
v 10.109635 -6.226950 0.428776
v 10.109678 -6.227050 0.428937
v 10.109708 -6.227114 0.431998
v 10.109684 -6.227058 0.426500
v 10.109708 -6.227114 0.426476
v 10.109708 -6.227114 0.427735
v 10.109665 -6.227020 0.427840
v 10.109635 -6.226952 0.427958
v 10.109607 -6.226891 0.428139
v 10.109595 -6.226866 0.428376
v 10.109604 -6.226887 0.428584
v 10.109705 -6.227109 0.427738
v 10.109766 -6.227242 0.425874
v 10.109708 -6.227114 0.425924
v 10.109595 -6.226863 0.426020
v 10.110465 -6.228803 0.429218
v 10.110465 -6.228803 0.428641
v 10.110520 -6.228928 0.426592
v 10.110492 -6.228862 0.426403
v 10.110447 -6.228763 0.426246
v 10.109708 -6.227114 0.429000
v 10.109751 -6.227214 0.429099
v 10.109809 -6.227344 0.429187
v 10.110450 -6.228770 0.427384
v 10.110492 -6.228868 0.427228
v 10.110520 -6.228927 0.427055
v 10.110532 -6.228952 0.426823
v 10.109940 -6.227633 0.429310
v 10.110135 -6.228071 0.429368
v 10.110593 -6.229093 0.431998
v 10.110306 -6.228451 0.429331
v 10.110373 -6.228603 0.426091
v 10.110306 -6.228447 0.425989
v 10.110111 -6.228018 0.428886
v 10.110041 -6.227857 0.428872
v 10.109845 -6.227425 0.428429
v 10.109977 -6.227712 0.428830
v 10.109922 -6.227590 0.428759
v 10.109848 -6.227430 0.428350
v 10.109858 -6.227452 0.428258
v 10.109876 -6.227491 0.428178
v 10.109900 -6.227544 0.428114
v 10.109986 -6.227735 0.427983
v 10.110282 -6.228397 0.428835
v 10.110135 -6.228071 0.427823
v 10.110419 -6.228704 0.428704
v 10.110230 -6.228281 0.427730
v 10.110392 -6.228641 0.427510
v 10.109885 -6.227508 0.428680
v 10.109864 -6.227462 0.428604
v 10.109852 -6.227435 0.428524
v 10.109833 -6.227397 0.426355
v 10.109964 -6.227688 0.427391
v 10.109821 -6.227364 0.427553
v 10.109995 -6.227755 0.426307
v 10.110004 -6.227779 0.426307
v 10.110123 -6.228044 0.427228
v 10.110129 -6.228057 0.426341
v 10.110282 -6.228395 0.426765
v 10.110279 -6.228390 0.426839
v 10.110193 -6.228197 0.426397
v 10.110215 -6.228246 0.426430
v 10.110242 -6.228309 0.426490
v 10.110264 -6.228356 0.426567
v 10.110276 -6.228384 0.426652
v 10.110270 -6.228365 0.426932
v 10.110248 -6.228323 0.427011
v 10.110218 -6.228256 0.427088
v 10.115296 -6.239580 0.433390
v 10.114664 -6.238173 0.433430
v 10.114389 -6.237556 0.433430
v 10.114191 -6.237114 0.434728
v 10.113477 -6.235525 0.434728
v 10.113477 -6.235525 0.433390
v 10.113926 -6.236524 0.438175
v 10.113382 -6.235311 0.434728
v 10.113196 -6.234895 0.433430
v 10.112864 -6.234157 0.433390
v 10.112919 -6.234277 0.433430
v 10.112864 -6.234157 0.438215
v 10.113477 -6.235525 0.437021
v 10.113477 -6.235525 0.438215
v 10.113657 -6.235927 0.438175
v 10.110593 -6.229093 0.438215
v 10.110819 -6.229595 0.438175
v 10.111048 -6.230102 0.438215
v 10.110819 -6.229595 0.437629
v 10.111048 -6.230102 0.433390
v 10.110764 -6.229472 0.435567
v 10.110764 -6.229472 0.436111
v 10.110593 -6.229093 0.436111
v 10.110593 -6.229093 0.437629
v 10.110071 -6.227923 0.436111
v 10.110071 -6.227923 0.437629
v 10.110071 -6.227923 0.435567
v 10.110071 -6.227923 0.433971
v 10.110593 -6.229093 0.435567
v 10.110593 -6.229093 0.433971
v 10.110865 -6.229693 0.433971
v 10.110865 -6.229693 0.433430
v 10.110593 -6.229093 0.433390
v 10.110593 -6.229093 0.433430
v 10.109821 -6.227364 0.433430
v 10.109708 -6.227114 0.438215
v 10.109821 -6.227364 0.438175
v 10.110593 -6.229093 0.438175
v 10.109348 -6.226313 0.438215
v 10.109348 -6.226313 0.438120
v 10.109430 -6.226498 0.438061
v 10.109430 -6.226498 0.437421
v 10.109021 -6.225585 0.433904
v 10.109241 -6.226074 0.434004
v 10.109348 -6.226313 0.437506
v 10.109348 -6.226313 0.434122
v 10.109409 -6.226450 0.437449
v 10.109430 -6.226498 0.434213
v 10.108469 -6.224350 0.434305
v 10.108594 -6.224633 0.434085
v 10.109214 -6.226010 0.437632
v 10.108420 -6.224242 0.437108
v 10.108329 -6.224040 0.436771
v 10.108268 -6.223902 0.436350
v 10.108973 -6.225477 0.437702
v 10.108899 -6.225310 0.437695
v 10.108445 -6.224297 0.437176
v 10.108728 -6.224933 0.437615
v 10.108576 -6.224593 0.437443
v 10.108240 -6.223842 0.435749
v 10.108243 -6.223847 0.435574
v 10.108274 -6.223916 0.435099
v 10.108735 -6.224941 0.433954
v 10.108930 -6.225380 0.433895
v 10.108338 -6.224056 0.434716
v 10.108432 -6.224267 0.434395
v 10.108976 -6.225483 0.438255
v 10.109177 -6.225929 0.438215
v 10.109229 -6.226048 0.438205
v 10.108970 -6.225472 0.438255
v 10.109348 -6.226313 0.444000
v 10.108838 -6.225175 0.438215
v 10.108063 -6.223449 0.444000
v 10.108118 -6.223567 0.437107
v 10.108259 -6.223881 0.437556
v 10.108304 -6.223983 0.437663
v 10.108484 -6.224387 0.437976
v 10.108689 -6.224839 0.438170
v 10.107947 -6.223190 0.438215
v 10.108024 -6.223361 0.436579
v 10.108063 -6.223449 0.436805
v 10.108063 -6.223449 0.434630
v 10.108008 -6.223326 0.435004
v 10.107947 -6.223190 0.433390
v 10.107978 -6.223256 0.435713
v 10.107981 -6.223263 0.435960
v 10.108567 -6.224569 0.433469
v 10.108384 -6.224160 0.433680
v 10.108063 -6.223449 0.433390
v 10.108228 -6.223811 0.433997
v 10.108197 -6.223743 0.434081
v 10.108085 -6.223494 0.434495
v 10.108725 -6.224920 0.433390
v 10.108063 -6.223449 0.431998
v 10.108777 -6.225038 0.433363
v 10.108893 -6.225299 0.433350
v 10.109064 -6.225681 0.433390
v 10.109430 -6.226498 0.433626
v 10.109397 -6.226424 0.433586
v 10.109348 -6.226313 0.433390
v 10.109348 -6.226313 0.433546
v 10.109189 -6.225959 0.433419
v 10.108249 -6.223861 0.427516
v 10.108286 -6.223945 0.428476
v 10.108201 -6.223753 0.427346
v 10.108167 -6.223679 0.427136
v 10.108063 -6.223449 0.425861
v 10.108344 -6.224075 0.425958
v 10.108271 -6.223909 0.426088
v 10.108909 -6.225332 0.429337
v 10.109012 -6.225562 0.429262
v 10.109021 -6.225586 0.426425
v 10.109015 -6.225571 0.426425
v 10.109021 -6.225586 0.425901
v 10.108960 -6.225446 0.426228
v 10.108881 -6.225269 0.426042
v 10.108323 -6.224027 0.427674
v 10.108426 -6.224258 0.427804
v 10.108457 -6.224322 0.428735
v 10.108613 -6.224669 0.427915
v 10.108609 -6.224662 0.428855
v 10.108234 -6.223831 0.426178
v 10.108191 -6.223732 0.426345
v 10.108164 -6.223668 0.426548
v 10.109092 -6.225742 0.429150
v 10.109159 -6.225887 0.428999
v 10.109208 -6.225999 0.428808
v 10.108286 -6.223945 0.429053
v 10.108335 -6.224053 0.429121
v 10.108515 -6.224455 0.429294
v 10.108765 -6.225010 0.429368
v 10.109021 -6.225586 0.428056
v 10.109015 -6.225572 0.428283
v 10.108991 -6.225519 0.428509
v 10.108963 -6.225457 0.428637
v 10.108930 -6.225378 0.428736
v 10.108887 -6.225285 0.428807
v 10.108832 -6.225165 0.428859
v 10.108741 -6.224959 0.428886
v 10.108152 -6.223643 0.426809
v 10.108152 -6.223644 0.426880
v 10.109247 -6.226085 0.428540
v 10.109266 -6.226128 0.428083
v 10.109266 -6.226128 0.425901
v 10.108591 -6.224624 0.425821
v 10.108063 -6.223449 0.423982
v 10.108725 -6.224924 0.425861
v 10.108551 -6.224534 0.425824
v 10.108454 -6.224321 0.425861
v 10.108436 -6.224279 0.425868
v 10.111048 -6.230102 0.426870
v 10.110657 -6.229234 0.429291
v 10.110929 -6.229841 0.429291
v 10.111200 -6.230447 0.425909
v 10.111194 -6.230429 0.425861
v 10.111094 -6.230209 0.425293
v 10.110593 -6.229093 0.423982
v 10.110709 -6.229346 0.424354
v 10.110709 -6.229346 0.424883
v 10.110758 -6.229460 0.424842
v 10.110846 -6.229654 0.424815
v 10.109971 -6.227702 0.425821
v 10.110859 -6.229680 0.424815
v 10.110917 -6.229809 0.424838
v 10.110968 -6.229925 0.424893
v 10.110999 -6.229995 0.424949
v 10.111045 -6.230097 0.425069
v 10.111048 -6.230102 0.425081
v 10.111048 -6.230102 0.424411
v 10.110962 -6.229912 0.424332
v 10.111048 -6.230102 0.423982
v 10.110865 -6.229696 0.424305
v 10.110779 -6.229506 0.424318
v 10.111359 -6.230799 0.425390
v 10.111252 -6.230559 0.424874
v 10.112864 -6.234157 0.423982
v 10.111435 -6.230969 0.425861
v 10.111164 -6.230361 0.424610
v 10.111142 -6.230316 0.424565
v 10.111057 -6.230127 0.424421
v 10.113477 -6.235525 0.423982
v 10.112864 -6.234157 0.401000
v 10.111048 -6.230102 0.401000
v 10.110593 -6.229093 0.401000
v 10.109708 -6.227114 0.401000
v 10.109348 -6.226313 0.401000
v 10.108063 -6.223449 0.401000
v 10.109815 -6.227353 0.425861
v 10.108823 -6.225140 0.425952
v 10.138291 -6.290875 0.425861
v 10.115296 -6.239580 0.425861
v 10.106876 -6.220795 0.430647
v 10.106876 -6.220795 0.425901
v 10.107947 -6.223190 0.425861
v 10.107947 -6.223190 0.423982
v 10.107947 -6.223190 0.401000
v 10.107874 -6.223025 0.430647
v 10.107947 -6.223190 0.431998
v 10.107874 -6.223025 0.430101
v 10.107920 -6.223124 0.426442
v 10.107920 -6.223124 0.425901
v 10.107126 -6.221354 0.428039
v 10.107126 -6.221354 0.426442
v 10.107819 -6.222902 0.428039
v 10.107819 -6.222902 0.428582
v 10.107126 -6.221354 0.428582
v 10.107126 -6.221354 0.430101
v 10.113660 -6.235934 0.425901
v 10.115189 -6.239342 0.427479
v 10.115094 -6.239129 0.426988
v 10.114948 -6.238807 0.426566
v 10.115137 -6.239224 0.429448
v 10.115207 -6.239386 0.428997
v 10.115296 -6.239580 0.431998
v 10.115241 -6.239460 0.428335
v 10.115235 -6.239447 0.428035
v 10.114750 -6.238362 0.426215
v 10.114530 -6.237870 0.426002
v 10.114194 -6.237125 0.425901
v 10.113660 -6.235934 0.430647
v 10.114216 -6.237170 0.430647
v 10.114512 -6.237830 0.430567
v 10.114747 -6.238353 0.430358
v 10.114948 -6.238807 0.430019
v 10.115015 -6.238955 0.429860
v 10.115625 -6.240318 0.425901
v 10.115351 -6.239700 0.425901
v 10.116620 -6.242537 0.427199
v 10.115812 -6.240734 0.427199
v 10.116089 -6.241350 0.430647
v 10.116358 -6.241947 0.430647
v 10.106876 -6.220795 0.438175
v 10.107898 -6.223078 0.433430
v 10.112705 -6.233801 0.436976
v 10.112778 -6.233963 0.436525
v 10.112812 -6.234037 0.435863
v 10.112806 -6.234024 0.435563
v 10.112757 -6.233920 0.435007
v 10.112662 -6.233707 0.434516
v 10.112519 -6.233384 0.434094
v 10.112317 -6.232939 0.433743
v 10.111783 -6.231747 0.438175
v 10.112079 -6.232407 0.438095
v 10.112314 -6.232930 0.437886
v 10.112098 -6.232447 0.433531
v 10.111765 -6.231703 0.433430
v 10.111231 -6.230512 0.433430
v 10.111231 -6.230512 0.438175
v 10.112519 -6.233384 0.437547
v 10.112586 -6.233532 0.437388
v 10.116819 -6.242979 0.425901
v 10.117096 -6.243596 0.425901
v 10.138291 -6.290875 0.431998
v 10.138291 -6.290875 0.433390
v 10.138291 -6.290875 0.438215
v 10.159482 -6.338154 0.425861
v 10.159482 -6.338154 0.431998
v 10.159482 -6.338154 0.433390
v 10.159482 -6.338154 0.438215
v 10.107947 -6.223190 0.444000
v 10.138291 -6.290875 0.444000
v 10.115296 -6.239580 0.444000
v 10.113477 -6.235525 0.444000
v 10.112864 -6.234157 0.444000
v 10.111048 -6.230102 0.444000
v 10.110593 -6.229093 0.444000
v 10.109708 -6.227114 0.444000
v 10.111481 -6.231070 0.437629
v 10.111481 -6.231070 0.433971
v 10.111774 -6.231725 0.437629
v 10.111762 -6.231699 0.433971
v 10.112009 -6.232249 0.434036
v 10.112174 -6.232620 0.434180
v 10.112305 -6.232906 0.434386
v 10.112339 -6.232987 0.434466
v 10.112436 -6.233202 0.434759
v 10.112504 -6.233351 0.435111
v 10.112540 -6.233435 0.435546
v 10.112546 -6.233449 0.435846
v 10.112522 -6.233396 0.436392
v 10.112470 -6.233279 0.436752
v 10.112397 -6.233117 0.437025
v 10.112336 -6.232974 0.437183
v 10.112024 -6.232282 0.437562
v 10.112192 -6.232658 0.437413
v 10.113788 -6.236220 0.437569
v 10.113782 -6.236207 0.437569
v 10.113804 -6.236255 0.437368
v 10.113767 -6.236173 0.437378
v 10.113819 -6.236287 0.437236
v 10.113752 -6.236136 0.437236
v 10.114112 -6.236942 0.435264
v 10.113462 -6.235488 0.435264
v 10.108890 -6.225291 0.426518
v 10.108918 -6.225353 0.426586
v 10.108698 -6.224862 0.427495
v 10.108973 -6.225474 0.426767
v 10.108750 -6.224975 0.426336
v 10.108555 -6.224540 0.427415
v 10.108497 -6.224410 0.427348
v 10.108823 -6.225139 0.426403
v 10.109006 -6.225552 0.426980
v 10.109021 -6.225586 0.427277
v 10.109021 -6.225586 0.427602
v 10.108411 -6.224225 0.427088
v 10.108399 -6.224198 0.426952
v 10.108399 -6.224193 0.426857
v 10.108405 -6.224207 0.426721
v 10.108518 -6.224458 0.426381
v 10.108573 -6.224581 0.426332
v 10.108469 -6.224350 0.426462
v 10.108655 -6.224764 0.426309
v 10.108463 -6.224337 0.427287
v 10.108432 -6.224272 0.427199
v 10.108420 -6.224242 0.426613
v 10.108448 -6.224304 0.426513
v 10.113910 -6.236493 0.430101
v 10.113910 -6.236493 0.426442
v 10.114206 -6.237147 0.430101
v 10.114194 -6.237122 0.426442
v 10.114441 -6.237672 0.426507
v 10.114606 -6.238043 0.426652
v 10.114734 -6.238329 0.426858
v 10.114771 -6.238409 0.426937
v 10.114869 -6.238625 0.427230
v 10.114933 -6.238774 0.427583
v 10.114972 -6.238858 0.428018
v 10.114978 -6.238872 0.428318
v 10.114954 -6.238818 0.428864
v 10.114902 -6.238702 0.429224
v 10.114829 -6.238540 0.429497
v 10.114765 -6.238397 0.429655
v 10.114454 -6.237705 0.430034
v 10.114624 -6.238081 0.429885
v 10.116221 -6.241642 0.430040
v 10.116214 -6.241630 0.430040
v 10.116236 -6.241678 0.429840
v 10.116199 -6.241596 0.429850
v 10.116251 -6.241710 0.429708
v 10.116184 -6.241559 0.429708
v 10.116544 -6.242364 0.427736
v 10.115891 -6.240911 0.427736
v 10.099460 -6.204256 0.425683
v 10.099100 -6.203453 0.427976
v 10.099033 -6.203304 0.427800
v 10.099460 -6.204256 0.428314
v 10.099555 -6.204464 0.428294
v 10.099595 -6.204551 0.425723
v 10.099329 -6.203965 0.428275
v 10.099210 -6.203695 0.428161
v 10.099817 -6.205055 0.426017
v 10.099891 -6.205216 0.427789
v 10.099799 -6.205009 0.428022
v 10.098954 -6.203125 0.426553
v 10.099012 -6.203254 0.426273
v 10.099097 -6.203448 0.426026
v 10.099714 -6.204819 0.425836
v 10.099683 -6.204754 0.428195
v 10.098966 -6.203151 0.427516
v 10.098929 -6.203069 0.427195
v 10.098926 -6.203061 0.426866
v 10.099207 -6.203692 0.425838
v 10.099335 -6.203975 0.425719
v 10.099967 -6.205387 0.426558
v 10.099997 -6.205452 0.426884
v 10.099906 -6.205251 0.426263
v 10.099991 -6.205441 0.427211
v 10.099955 -6.205360 0.427518
v 10.106128 -6.221576 0.433610
v 10.107560 -6.224769 0.433437
v 10.108497 -6.226861 0.433798
v 10.107459 -6.224542 0.434189
v 10.107450 -6.224524 0.437437
v 10.108072 -6.225911 0.437746
v 10.108490 -6.226841 0.438154
v 10.107825 -6.225359 0.438204
v 10.107023 -6.223570 0.435445
v 10.109952 -6.230102 0.433646
v 10.109073 -6.228146 0.433790
v 10.109159 -6.228333 0.435839
v 10.109852 -6.229881 0.435839
v 10.109720 -6.229586 0.437811
v 10.108909 -6.227773 0.438175
v 10.111600 -6.233781 0.433827
v 10.111567 -6.233709 0.434704
v 10.110492 -6.231308 0.433770
v 10.111853 -6.234345 0.437082
v 10.110444 -6.231198 0.438030
v 10.111417 -6.233372 0.437221
v 10.111597 -6.233775 0.436547
v 10.112864 -6.236596 0.437884
v 10.113239 -6.237434 0.434996
v 10.113660 -6.238376 0.433431
v 10.112146 -6.235000 0.433436
v 10.112494 -6.235779 0.434906
v 10.106128 -6.221576 0.426082
v 10.106214 -6.221763 0.428220
v 10.106046 -6.221390 0.430283
v 10.107340 -6.224281 0.427315
v 10.108078 -6.225928 0.426624
v 10.108353 -6.226537 0.428083
v 10.108115 -6.226004 0.428060
v 10.108100 -6.225972 0.429031
v 10.107450 -6.224520 0.426246
v 10.107831 -6.225372 0.425823
v 10.107435 -6.224488 0.429118
v 10.109403 -6.228883 0.426570
v 10.108786 -6.227503 0.426120
v 10.109696 -6.229535 0.426583
v 10.108887 -6.227726 0.428505
v 10.109534 -6.229173 0.428822
v 10.108793 -6.227515 0.429207
v 10.108759 -6.227441 0.427760
v 10.110947 -6.232326 0.429285
v 10.110413 -6.231131 0.426464
v 10.109952 -6.230103 0.429284
v 10.110108 -6.230450 0.424895
v 10.110123 -6.230486 0.424285
v 10.111506 -6.233569 0.426307
v 10.111588 -6.233755 0.428401
v 10.112284 -6.235304 0.428256
v 10.111420 -6.233383 0.430374
v 10.112339 -6.235427 0.430374
v 10.114029 -6.239203 0.426299
v 10.113999 -6.239132 0.427175
v 10.112922 -6.236731 0.426242
v 10.114283 -6.239767 0.429553
v 10.112873 -6.236620 0.430502
v 10.113846 -6.238795 0.429693
v 10.114029 -6.239198 0.429019
v 10.115293 -6.242019 0.430356
v 10.115656 -6.242827 0.427557
v 10.116089 -6.243799 0.425903
v 10.114624 -6.240525 0.425905
v 10.114927 -6.241202 0.427378
v 10.101874 -6.212085 0.429866
v 10.099549 -6.206900 0.429587
v 10.098291 -6.204096 0.428301
v 10.099149 -6.206004 0.427348
v 10.096799 -6.200767 0.433676
v 10.098331 -6.204178 0.434678
v 10.096949 -6.201095 0.436338
v 10.098108 -6.203687 0.436697
v 10.099942 -6.207774 0.427370
v 10.099469 -6.206721 0.437216
v 10.096674 -6.200483 0.429322
v 10.096311 -6.199671 0.426939
v 10.097266 -6.201802 0.428213
v 10.097428 -6.202163 0.425003
v 10.099924 -6.207737 0.426377
v 10.097928 -6.203283 0.430339
v 10.098017 -6.203480 0.426410
v 10.099152 -6.206014 0.438835
v 10.098667 -6.204928 0.425638
v 10.103595 -6.215921 0.434381
v 10.102335 -6.213116 0.433222
v 10.103101 -6.214820 0.432764
v 10.103547 -6.215814 0.430737
v 10.104419 -6.217762 0.430034
v 10.101658 -6.211603 0.439112
v 10.101966 -6.212291 0.435581
v 10.096424 -6.199923 0.431536
v 10.095514 -6.197900 0.431475
v 10.101889 -6.212119 0.427945
v 10.101535 -6.211326 0.426029
v 10.103034 -6.214673 0.428197
v 10.102875 -6.214321 0.425966
v 10.103699 -6.216155 0.426970
v 10.096070 -6.199134 0.434759
v 10.101084 -6.210323 0.437146
v 10.099067 -6.205824 0.423583
v 10.101832 -6.211992 0.427974
v 10.101456 -6.211150 0.427717
v 9.713163 -4.521708 0.410000
v 9.625663 -4.436968 0.410000
v 9.548151 -4.356696 0.410000
v 9.624109 -4.435415 0.410000
v 9.616523 -4.443004 0.410000
v 9.636356 -4.448350 0.410000
v 9.631009 -4.453697 0.410000
v 9.626352 -4.449040 0.410000
v 9.614496 -4.446496 0.410000
v 9.616047 -4.448048 0.410000
v 9.630665 -4.457146 0.410000
v 9.624799 -4.447488 0.410000
v 9.619971 -4.442659 0.410000
v 9.629801 -4.442486 0.410000
v 9.631354 -4.444038 0.410000
v 9.607236 -4.453248 0.410000
v 9.602036 -4.457491 0.410000
v 9.608136 -4.451405 0.410000
v 9.608954 -4.450400 0.410000
v 9.637906 -4.449902 0.410000
v 9.614405 -4.465955 0.410000
v 9.616556 -4.466448 0.410000
v 9.610831 -4.476980 0.410000
v 9.621665 -4.463073 0.410000
v 9.620224 -4.463750 0.410000
v 9.615653 -4.448161 0.410000
v 9.618589 -4.464074 0.410000
v 9.616794 -4.463986 0.410000
v 9.612058 -4.461306 0.410000
v 9.610672 -4.459633 0.410000
v 9.609839 -4.458032 0.410000
v 9.610340 -4.452240 0.410000
v 9.611512 -4.450773 0.410000
v 9.609690 -4.453650 0.410000
v 9.609406 -4.455103 0.410000
v 9.609443 -4.456466 0.410000
v 9.613599 -4.449104 0.410000
v 9.615119 -4.463477 0.410000
v 9.613227 -4.462339 0.410000
v 9.619062 -4.466399 0.410000
v 9.608933 -4.478877 0.410000
v 9.553513 -4.681359 0.410000
v 9.594791 -4.464734 0.410000
v 9.465754 -4.593600 0.410000
v 9.606827 -4.455112 0.410000
v 9.606882 -4.457293 0.410000
v 9.603586 -4.459043 0.410000
v 9.607474 -4.459391 0.410000
v 9.598240 -4.464389 0.410000
v 9.608545 -4.461313 0.410000
v 9.610047 -4.463088 0.410000
v 9.612259 -4.464895 0.410000
v 9.621177 -4.465829 0.410000
v 9.623212 -4.464710 0.410000
v 9.624750 -4.463406 0.410000
v 9.626325 -4.461596 0.410000
v 9.627515 -4.459517 0.410000
v 9.625620 -4.457620 0.410000
v 9.624707 -4.459895 0.410000
v 9.623212 -4.461837 0.410000
v 9.609699 -4.449482 0.410000
v 9.388501 -4.516347 0.410000
v 9.610093 -4.449102 0.410000
v 9.610740 -4.448613 0.410000
v 9.694935 -4.209914 0.410000
v 9.772187 -4.287167 0.410000
v 9.612369 -4.447385 0.410000
v 9.639286 -4.420238 0.410000
v 9.641422 -4.425855 0.410000
v 9.639347 -4.425401 0.410000
v 9.649979 -4.409546 0.410000
v 9.652048 -4.407476 0.410000
v 9.660672 -4.427137 0.410000
v 9.859946 -4.374926 0.410000
v 9.658774 -4.429034 0.410000
v 9.637067 -4.425451 0.410000
v 9.634732 -4.426069 0.410000
v 9.632618 -4.427213 0.410000
v 9.630716 -4.428811 0.410000
v 9.626871 -4.432656 0.410000
v 9.641013 -4.446798 0.410000
v 9.645002 -4.442807 0.410000
v 9.648410 -4.435711 0.410000
v 9.648301 -4.433602 0.410000
v 9.647742 -4.431729 0.410000
v 9.646827 -4.440545 0.410000
v 9.647901 -4.438310 0.410000
v 9.648407 -4.435739 0.410000
v 9.641358 -4.418169 0.410000
v 9.646674 -4.420786 0.410000
v 9.652515 -4.414943 0.410000
v 9.646729 -4.429955 0.410000
v 9.645502 -4.428522 0.410000
v 9.643412 -4.426828 0.410000
v 9.388501 -4.516347 0.505000
v 9.396167 -4.524015 0.505000
v 9.513395 -4.406788 0.505000
v 9.650971 -4.446402 0.505000
v 9.719718 -4.515152 0.505000
v 9.738346 -4.496525 0.505000
v 9.596076 -4.444079 0.505000
v 9.596122 -4.443994 0.505000
v 9.591642 -4.448472 0.505000
v 9.682593 -4.414514 0.505000
v 9.681366 -4.416005 0.505000
v 9.717255 -4.380118 0.505000
v 9.651490 -4.388625 0.505000
v 9.653681 -4.386088 0.505000
v 9.632331 -4.390512 0.505000
v 9.655527 -4.384587 0.505000
v 9.679990 -4.342854 0.505000
v 9.657352 -4.415531 0.505000
v 9.668570 -4.404311 0.505000
v 9.667014 -4.404790 0.505000
v 9.660627 -4.406491 0.505000
v 9.657065 -4.406612 0.505000
v 9.654731 -4.406095 0.505000
v 9.648517 -4.399685 0.505000
v 9.648105 -4.397445 0.505000
v 9.640967 -4.399147 0.505000
v 9.648255 -4.395229 0.505000
v 9.648978 -4.392756 0.505000
v 9.650971 -4.389225 0.505000
v 9.652790 -4.405149 0.505000
v 9.651191 -4.403852 0.505000
v 9.649427 -4.401642 0.505000
v 9.671036 -4.403554 0.505000
v 9.674894 -4.416371 0.505000
v 9.676969 -4.414539 0.505000
v 9.671897 -4.418211 0.505000
v 9.668647 -4.419239 0.505000
v 9.672788 -4.423378 0.505000
v 9.676276 -4.421096 0.505000
v 9.676484 -4.403083 0.505000
v 9.677561 -4.403565 0.505000
v 9.678763 -4.404520 0.505000
v 9.675303 -4.402860 0.505000
v 9.673676 -4.402966 0.505000
v 9.680240 -4.407498 0.505000
v 9.680008 -4.406444 0.505000
v 9.679532 -4.405466 0.505000
v 9.678769 -4.412380 0.505000
v 9.679792 -4.410398 0.505000
v 9.680213 -4.408762 0.505000
v 9.679770 -4.417946 0.505000
v 9.676499 -4.420952 0.505000
v 9.786005 -4.448867 0.505000
v 9.675296 -4.397585 0.505000
v 9.676468 -4.397543 0.505000
v 9.705008 -4.367873 0.505000
v 9.678574 -4.398030 0.505000
v 9.684687 -4.404469 0.505000
v 9.685029 -4.406586 0.505000
v 9.680552 -4.399019 0.505000
v 9.682187 -4.400354 0.505000
v 9.683887 -4.402562 0.505000
v 9.684867 -4.408854 0.505000
v 9.684189 -4.411358 0.505000
v 9.666407 -4.384574 0.505000
v 9.662265 -4.380434 0.505000
v 9.688627 -4.351489 0.505000
v 9.660926 -4.380908 0.505000
v 9.657697 -4.382823 0.505000
v 9.673533 -4.397649 0.505000
v 9.667246 -4.399244 0.505000
v 9.663068 -4.385371 0.505000
v 9.661362 -4.401048 0.505000
v 9.658689 -4.387690 0.505000
v 9.660718 -4.401191 0.505000
v 9.656366 -4.389613 0.505000
v 9.654468 -4.391825 0.505000
v 9.653421 -4.393648 0.505000
v 9.652967 -4.395223 0.505000
v 9.652933 -4.396367 0.505000
v 9.653119 -4.397302 0.505000
v 9.653678 -4.398510 0.505000
v 9.654673 -4.399745 0.505000
v 9.655799 -4.400626 0.505000
v 9.656925 -4.401110 0.505000
v 9.658564 -4.401367 0.505000
v 9.626996 -4.419670 0.505000
v 9.623893 -4.416566 0.505000
v 9.622342 -4.417773 0.505000
v 9.638379 -4.402079 0.505000
v 9.654590 -4.418290 0.505000
v 9.666663 -4.430363 0.505000
v 9.662870 -4.434157 0.505000
v 9.624961 -4.423638 0.505000
v 9.626346 -4.426428 0.505000
v 9.638724 -4.434157 0.505000
v 9.621161 -4.443343 0.505000
v 9.621537 -4.440889 0.505000
v 9.606647 -4.440021 0.505000
v 9.622721 -4.433242 0.505000
v 9.622739 -4.430534 0.505000
v 9.617685 -4.455198 0.505000
v 9.601300 -4.438814 0.505000
v 9.603544 -4.436917 0.505000
v 9.621134 -4.419325 0.505000
v 9.622535 -4.420726 0.505000
v 9.637690 -4.408978 0.505000
v 9.626987 -4.429359 0.505000
v 9.626975 -4.433983 0.505000
v 9.626255 -4.439191 0.505000
v 9.622400 -4.428951 0.505000
v 9.621732 -4.427598 0.505000
v 9.620530 -4.426138 0.505000
v 9.626163 -4.439714 0.505000
v 9.625531 -4.447010 0.505000
v 9.625583 -4.447298 0.505000
v 9.622962 -4.454401 0.505000
v 9.621592 -4.451448 0.505000
v 9.621567 -4.451317 0.505000
v 9.621024 -4.448605 0.505000
v 9.636268 -4.459781 0.505000
v 9.633490 -4.460431 0.505000
v 9.698679 -4.536192 0.505000
v 9.631174 -4.460399 0.505000
v 9.629093 -4.459855 0.505000
v 9.627121 -4.458814 0.505000
v 9.625284 -4.457279 0.505000
v 9.643027 -4.454344 0.505000
v 9.642594 -4.455010 0.505000
v 9.641410 -4.456308 0.505000
v 9.639405 -4.457967 0.505000
v 9.638779 -4.458484 0.505000
v 9.645646 -4.445907 0.505000
v 9.645334 -4.449457 0.505000
v 9.644355 -4.452306 0.505000
v 9.642185 -4.442447 0.505000
v 9.642145 -4.444325 0.505000
v 9.641568 -4.447661 0.505000
v 9.626011 -4.449640 0.505000
v 9.626999 -4.451740 0.505000
v 9.628458 -4.453554 0.505000
v 9.629810 -4.454653 0.505000
v 9.631070 -4.455268 0.505000
v 9.635087 -4.455223 0.505000
v 9.636860 -4.454338 0.505000
v 9.638651 -4.452859 0.505000
v 9.640458 -4.450424 0.505000
v 9.632364 -4.455560 0.505000
v 9.633658 -4.455545 0.505000
v 9.596805 -4.447426 0.505000
v 9.596280 -4.446753 0.505000
v 9.595987 -4.446034 0.505000
v 9.597858 -4.442257 0.505000
v 9.598163 -4.442125 0.505000
v 9.600376 -4.442291 0.505000
v 9.600950 -4.442643 0.505000
v 9.601310 -4.447426 0.505000
v 9.600632 -4.447959 0.505000
v 9.608027 -4.464856 0.505000
v 9.600000 -4.448243 0.505000
v 9.599265 -4.448372 0.505000
v 9.595874 -4.445309 0.505000
v 9.595899 -4.444751 0.505000
v 9.598880 -4.442003 0.505000
v 9.599625 -4.442053 0.505000
v 9.598447 -4.448317 0.505000
v 9.597730 -4.448084 0.505000
v 9.597159 -4.447737 0.505000
v 9.601288 -4.442942 0.505000
v 9.601825 -4.443619 0.505000
v 9.602115 -4.444287 0.505000
v 9.602243 -4.445036 0.505000
v 9.602225 -4.445617 0.505000
v 9.602066 -4.446282 0.505000
v 9.601767 -4.446864 0.505000
v 9.596842 -4.442926 0.505000
v 9.597516 -4.442403 0.505000
v 9.592664 -4.430179 0.505000
v 9.596412 -4.443443 0.505000
v 9.583008 -4.439837 0.505000
v 9.598368 -4.474514 0.505000
v 9.606183 -4.482329 0.505000
v 9.607041 -4.477962 0.505000
v 9.612854 -4.475894 0.505000
v 9.620270 -4.477101 0.505000
v 9.609406 -4.472445 0.505000
v 9.609021 -4.473119 0.505000
v 9.582157 -4.458302 0.505000
v 9.573362 -4.466753 0.505000
v 9.610148 -4.482270 0.505000
v 9.608774 -4.488598 0.505000
v 9.689020 -4.545850 0.505000
v 9.608680 -4.489039 0.505000
v 9.670740 -4.564132 0.505000
v 9.607337 -4.490381 0.505000
v 9.601990 -4.495382 0.505000
v 9.607163 -4.490209 0.505000
v 9.589743 -4.483138 0.505000
v 9.594919 -4.477963 0.505000
v 9.578708 -4.461752 0.505000
v 9.447498 -4.575345 0.505000
v 9.564725 -4.458118 0.505000
v 9.456134 -4.583981 0.505000
v 9.556641 -4.494428 0.505000
v 9.555732 -4.492471 0.505000
v 9.575785 -4.497098 0.505000
v 9.574228 -4.497576 0.505000
v 9.472516 -4.600365 0.505000
v 9.567841 -4.499278 0.505000
v 9.564277 -4.499398 0.505000
v 9.555320 -4.490231 0.505000
v 9.555469 -4.488015 0.505000
v 9.556192 -4.485542 0.505000
v 9.558185 -4.482012 0.505000
v 9.558704 -4.481411 0.505000
v 9.560895 -4.478874 0.505000
v 9.562742 -4.477373 0.505000
v 9.561942 -4.498881 0.505000
v 9.560004 -4.497936 0.505000
v 9.558405 -4.496638 0.505000
v 9.578251 -4.496340 0.505000
v 9.582105 -4.509157 0.505000
v 9.584183 -4.507326 0.505000
v 9.583698 -4.495869 0.505000
v 9.584775 -4.496351 0.505000
v 9.585978 -4.497307 0.505000
v 9.582517 -4.495646 0.505000
v 9.580887 -4.495753 0.505000
v 9.587452 -4.500284 0.505000
v 9.587223 -4.499230 0.505000
v 9.586747 -4.498252 0.505000
v 9.585984 -4.505166 0.505000
v 9.587006 -4.503184 0.505000
v 9.587427 -4.501548 0.505000
v 9.586985 -4.510732 0.505000
v 9.583710 -4.513738 0.505000
v 9.583490 -4.513882 0.505000
v 9.588581 -4.508791 0.505000
v 9.589808 -4.507300 0.505000
v 9.579111 -4.510997 0.505000
v 9.575861 -4.512025 0.505000
v 9.579999 -4.516164 0.505000
v 9.484763 -4.612610 0.505000
v 9.553513 -4.681359 0.505000
v 9.582511 -4.490371 0.505000
v 9.583683 -4.490329 0.505000
v 9.585788 -4.490816 0.505000
v 9.591901 -4.497255 0.505000
v 9.592240 -4.499372 0.505000
v 9.587766 -4.491805 0.505000
v 9.589399 -4.493140 0.505000
v 9.591102 -4.495348 0.505000
v 9.592081 -4.501640 0.505000
v 9.591404 -4.504144 0.505000
v 9.573618 -4.477360 0.505000
v 9.569480 -4.473221 0.505000
v 9.568140 -4.473694 0.505000
v 9.564911 -4.475609 0.505000
v 9.580747 -4.490435 0.505000
v 9.574460 -4.492030 0.505000
v 9.570282 -4.478157 0.505000
v 9.568576 -4.493834 0.505000
v 9.565903 -4.480476 0.505000
v 9.567930 -4.493977 0.505000
v 9.563578 -4.482399 0.505000
v 9.561683 -4.484611 0.505000
v 9.560636 -4.486435 0.505000
v 9.560181 -4.488009 0.505000
v 9.560148 -4.489153 0.505000
v 9.560334 -4.490088 0.505000
v 9.560889 -4.491296 0.505000
v 9.561887 -4.492531 0.505000
v 9.563013 -4.493412 0.505000
v 9.564139 -4.493897 0.505000
v 9.565778 -4.494153 0.505000
v 9.650797 -4.422085 0.505000
v 9.613706 -4.409138 0.505000
v 9.854401 -4.380471 0.505000
v 9.785651 -4.311722 0.505000
v 9.773404 -4.299477 0.505000
v 9.757023 -4.283093 0.505000
v 9.748386 -4.274458 0.505000
v 9.531678 -4.388507 0.505000
v 9.541336 -4.378849 0.505000
v 9.562375 -4.357808 0.505000
v 9.581003 -4.339182 0.505000
v 9.628659 -4.291524 0.505000
v 9.723221 -4.265099 0.505000
v 9.724070 -4.271540 0.505000
v 9.723221 -4.277982 0.505000
v 9.677625 -4.283985 0.505000
v 9.675138 -4.277982 0.505000
v 9.674289 -4.271540 0.505000
v 9.675138 -4.265099 0.505000
v 9.692737 -4.247499 0.505000
v 9.699180 -4.246651 0.505000
v 9.697055 -4.223128 0.505000
v 9.705622 -4.247499 0.505000
v 9.711625 -4.249986 0.505000
v 9.716779 -4.253941 0.505000
v 9.720734 -4.259096 0.505000
v 9.705622 -4.295582 0.505000
v 9.699180 -4.296430 0.505000
v 9.677625 -4.259096 0.505000
v 9.681580 -4.253941 0.505000
v 9.686734 -4.249986 0.505000
v 9.720734 -4.283985 0.505000
v 9.716779 -4.289140 0.505000
v 9.711625 -4.293095 0.505000
v 9.692737 -4.295582 0.505000
v 9.686734 -4.293095 0.505000
v 9.681580 -4.289140 0.505000
v 9.859946 -4.374926 0.505000
v 9.791196 -4.306176 0.505000
v 9.778952 -4.293931 0.505000
v 9.762568 -4.277547 0.505000
v 9.753931 -4.268912 0.505000
v 9.702601 -4.217582 0.505000
v 9.505729 -4.399120 0.505000
v 9.524009 -4.380838 0.505000
v 9.533667 -4.371180 0.505000
v 9.554706 -4.350140 0.505000
v 9.573334 -4.331514 0.505000
v 9.620990 -4.283856 0.505000
v 9.689389 -4.215459 0.505000
v 9.694935 -4.209914 0.505000
v 9.866990 -4.381970 0.419128
v 9.874888 -4.377229 0.457910
v 9.854740 -4.398967 0.457500
v 9.854120 -4.398349 0.447500
v 9.839270 -4.413198 0.447500
v 9.560556 -4.688403 0.419128
v 9.801795 -4.450675 0.447500
v 9.802414 -4.451293 0.457500
v 9.779786 -4.473921 0.457500
v 9.779166 -4.473302 0.447500
v 9.764319 -4.488151 0.447500
v 9.816645 -4.435825 0.447500
v 9.817264 -4.436444 0.457500
v 9.839890 -4.413817 0.457500
v 9.726841 -4.525628 0.447500
v 9.727460 -4.526246 0.457500
v 9.704831 -4.548874 0.457500
v 9.704215 -4.548255 0.447500
v 9.689365 -4.563105 0.447500
v 9.741691 -4.510778 0.447500
v 9.742310 -4.511397 0.457500
v 9.764936 -4.488770 0.457500
v 9.651889 -4.600581 0.447500
v 9.652506 -4.601200 0.457500
v 9.629880 -4.623827 0.457500
v 9.629261 -4.623209 0.447500
v 9.614411 -4.638058 0.447500
v 9.666736 -4.585732 0.447500
v 9.667356 -4.586351 0.457500
v 9.689985 -4.563723 0.457500
v 9.577555 -4.676153 0.457500
v 9.558799 -4.694644 0.457431
v 9.576935 -4.675535 0.447500
v 9.591785 -4.660685 0.447500
v 9.592402 -4.661304 0.457500
v 9.615030 -4.638677 0.457500
v 9.557300 -4.690558 0.498127
v 9.577182 -4.675782 0.463500
v 9.592032 -4.660933 0.463500
v 9.866990 -4.381970 0.495872
v 9.629508 -4.623456 0.463500
v 9.652137 -4.600829 0.463500
v 9.666987 -4.585980 0.463500
v 9.614658 -4.638305 0.463500
v 9.704462 -4.548503 0.463500
v 9.727088 -4.525876 0.463500
v 9.741938 -4.511026 0.463500
v 9.689612 -4.563352 0.463500
v 9.779416 -4.473549 0.463500
v 9.802042 -4.450922 0.463500
v 9.816892 -4.436073 0.463500
v 9.764566 -4.488399 0.463500
v 9.854368 -4.398596 0.463500
v 9.839518 -4.413445 0.463500
v 9.381455 -4.509303 0.419128
v 9.373557 -4.514043 0.457910
v 9.393705 -4.492305 0.457500
v 9.394324 -4.492924 0.447500
v 9.409174 -4.478075 0.447500
v 9.687888 -4.202870 0.419128
v 9.469278 -4.417971 0.447500
v 9.484128 -4.403122 0.447500
v 9.446650 -4.440598 0.447500
v 9.446033 -4.439980 0.457500
v 9.468659 -4.417352 0.457500
v 9.431800 -4.455447 0.447500
v 9.431183 -4.454829 0.457500
v 9.408555 -4.477456 0.457500
v 9.521604 -4.365645 0.447500
v 9.520984 -4.365026 0.457500
v 9.543613 -4.342399 0.457500
v 9.544233 -4.343017 0.447500
v 9.559079 -4.328168 0.447500
v 9.506754 -4.380494 0.447500
v 9.506134 -4.379875 0.457500
v 9.483509 -4.402503 0.457500
v 9.596558 -4.290691 0.447500
v 9.595939 -4.290073 0.457500
v 9.618567 -4.267445 0.457500
v 9.619184 -4.268064 0.447500
v 9.634034 -4.253215 0.447500
v 9.581708 -4.305541 0.447500
v 9.581089 -4.304922 0.457500
v 9.558463 -4.327549 0.457500
v 9.670893 -4.215120 0.457500
v 9.689646 -4.196628 0.457431
v 9.671509 -4.215738 0.447500
v 9.656662 -4.230587 0.447500
v 9.656043 -4.229969 0.457500
v 9.633414 -4.252596 0.457500
v 9.691147 -4.200715 0.498127
v 9.671262 -4.215491 0.463500
v 9.656412 -4.230340 0.463500
v 9.381455 -4.509303 0.495872
v 9.618937 -4.267817 0.463500
v 9.596311 -4.290444 0.463500
v 9.581461 -4.305293 0.463500
v 9.633786 -4.252968 0.463500
v 9.543982 -4.342770 0.463500
v 9.521357 -4.365397 0.463500
v 9.506507 -4.380246 0.463500
v 9.558832 -4.327921 0.463500
v 9.469031 -4.417723 0.463500
v 9.446402 -4.440351 0.463500
v 9.431553 -4.455200 0.463500
v 9.483881 -4.402874 0.463500
v 9.394077 -4.492677 0.463500
v 9.408927 -4.477827 0.463500
v 9.551209 -4.696301 0.457910
v 9.375214 -4.521634 0.457431
v 9.549558 -4.688915 0.413592
v 9.381455 -4.523391 0.419128
v 9.866990 -4.367881 0.419128
v 9.698887 -4.202357 0.413592
v 9.873230 -4.369639 0.457431
v 9.697236 -4.194972 0.457910
v 9.546467 -4.688403 0.495872
v 9.380942 -4.520300 0.501408
v 9.867502 -4.370973 0.501408
v 9.701978 -4.202870 0.495872
v 9.379465 -4.514132 0.500436
v 9.692319 -4.202709 0.502216
v 9.383805 -4.515978 0.504262
v 9.696244 -4.200845 0.499314
v 9.697510 -4.200325 0.496187
v 9.699668 -4.201713 0.498213
v 9.699912 -4.201307 0.496066
v 9.701630 -4.203218 0.498213
v 9.697785 -4.203438 0.502439
v 9.546814 -4.688055 0.498213
v 9.550663 -4.687835 0.502439
v 9.868979 -4.377140 0.500436
v 9.556125 -4.688564 0.502216
v 9.864643 -4.375294 0.504262
v 9.379892 -4.511369 0.418935
v 9.378705 -4.515102 0.418248
v 9.378910 -4.518923 0.418813
v 9.379892 -4.521325 0.418934
v 9.552201 -4.690427 0.499314
v 9.550937 -4.690948 0.496187
v 9.548777 -4.689560 0.498213
v 9.548536 -4.689966 0.496066
v 9.692719 -4.200878 0.414564
v 9.381803 -4.509651 0.416787
v 9.381620 -4.511527 0.414530
v 9.384806 -4.514122 0.410773
v 9.694565 -4.205217 0.410738
v 9.383234 -4.518931 0.411418
v 9.380298 -4.521082 0.416787
v 9.379432 -4.517658 0.415686
v 9.379712 -4.512830 0.416550
v 9.381803 -4.523043 0.416787
v 9.381052 -4.514435 0.413316
v 9.553879 -4.686055 0.410738
v 9.555726 -4.690394 0.414564
v 9.868552 -4.379903 0.418935
v 9.869739 -4.376170 0.418248
v 9.869535 -4.372350 0.418813
v 9.868552 -4.369948 0.418934
v 9.866642 -4.368229 0.416787
v 9.865210 -4.372342 0.411418
v 9.868146 -4.370191 0.416787
v 9.869013 -4.373615 0.415686
v 9.866642 -4.381622 0.416787
v 9.868732 -4.378443 0.416550
v 9.866825 -4.379746 0.414530
v 9.867392 -4.376838 0.413316
v 9.863639 -4.377151 0.410773
v 9.648703 -4.421861 0.410000
v 9.653431 -4.417131 0.410000
v 9.656720 -4.425658 0.410000
v 9.657209 -4.425167 0.410000
v 9.657346 -4.426012 0.410000
v 9.657575 -4.425785 0.410000
v 9.657938 -4.426423 0.410000
v 9.657984 -4.426377 0.410000
v 9.641358 -4.443349 0.410000
v 9.630320 -4.432311 0.410000
v 9.643442 -4.441263 0.410000
v 9.632328 -4.430303 0.410000
v 9.633957 -4.428950 0.410000
v 9.643564 -4.430379 0.410000
v 9.644852 -4.431906 0.410000
v 9.645639 -4.433355 0.410000
v 9.644938 -4.439411 0.410000
v 9.635520 -4.428132 0.410000
v 9.637055 -4.427740 0.410000
v 9.638633 -4.427730 0.410000
v 9.640204 -4.428109 0.410000
v 9.641950 -4.429023 0.410000
v 9.646021 -4.434719 0.410000
v 9.646064 -4.436135 0.410000
v 9.645697 -4.437835 0.410000
v 9.699180 -4.271540 0.504900
v 9.609885 -4.449276 0.410100
v 9.507755 -4.351797 0.462671
v 9.493836 -4.367575 0.462827
v 9.456638 -4.330378 0.416000
v 9.478928 -4.352668 0.417299
v 9.471488 -4.315529 0.416000
v 9.494043 -4.338083 0.417613
v 9.456638 -4.330378 0.400000
v 9.471488 -4.315529 0.400000
v 9.481900 -4.355639 0.401445
v 9.495862 -4.339903 0.400987
v 9.505362 -4.349402 0.413384
v 9.490842 -4.364583 0.414416
v 9.495893 -4.369634 0.446778
v 9.510596 -4.354637 0.446604
v 9.485199 -4.358938 0.453523
v 9.499778 -4.343819 0.452257
v 9.494114 -4.292901 0.416000
v 9.516404 -4.315191 0.417299
v 9.508963 -4.278052 0.416000
v 9.531519 -4.300607 0.417613
v 9.494114 -4.292901 0.400000
v 9.508963 -4.278052 0.400000
v 9.519376 -4.318162 0.401445
v 9.533338 -4.302427 0.400987
v 9.542838 -4.311925 0.413384
v 9.528321 -4.327106 0.414416
v 9.533371 -4.332157 0.446778
v 9.548072 -4.317160 0.446604
v 9.545234 -4.314320 0.462671
v 9.531311 -4.330098 0.462827
v 9.522675 -4.321462 0.453523
v 9.537253 -4.306342 0.452257
v 9.531592 -4.255425 0.416000
v 9.553882 -4.277715 0.417299
v 9.546442 -4.240575 0.416000
v 9.568995 -4.263130 0.417613
v 9.531592 -4.255425 0.400000
v 9.546442 -4.240575 0.400000
v 9.556852 -4.280685 0.401445
v 9.570816 -4.264950 0.400987
v 9.580314 -4.274448 0.413384
v 9.565796 -4.289629 0.414416
v 9.570847 -4.294680 0.446778
v 9.585550 -4.279684 0.446604
v 9.582709 -4.276844 0.462671
v 9.568790 -4.292622 0.462827
v 9.560151 -4.283985 0.453523
v 9.574732 -4.268865 0.452257
v 9.569068 -4.217948 0.416000
v 9.591358 -4.240238 0.417299
v 9.583918 -4.203099 0.416000
v 9.606473 -4.225653 0.417613
v 9.569068 -4.217948 0.400000
v 9.583918 -4.203099 0.400000
v 9.594330 -4.243209 0.401445
v 9.608292 -4.227474 0.400987
v 9.617792 -4.236972 0.413384
v 9.603272 -4.252153 0.414416
v 9.608323 -4.257203 0.446778
v 9.623026 -4.242207 0.446604
v 9.620185 -4.239367 0.462671
v 9.606266 -4.255145 0.462827
v 9.597629 -4.246508 0.453523
v 9.612207 -4.231389 0.452257
v 9.606546 -4.180471 0.416000
v 9.628833 -4.202761 0.417299
v 9.621393 -4.165622 0.416000
v 9.643949 -4.188176 0.417613
v 9.606546 -4.180471 0.400000
v 9.621393 -4.165622 0.400000
v 9.631806 -4.205732 0.401445
v 9.645768 -4.189997 0.400987
v 9.655268 -4.199495 0.413384
v 9.640751 -4.214676 0.414416
v 9.645801 -4.219727 0.446778
v 9.660502 -4.204731 0.446604
v 9.657663 -4.201891 0.462671
v 9.643741 -4.217668 0.462827
v 9.635105 -4.209031 0.453523
v 9.649683 -4.193912 0.452257
v 9.419162 -4.367855 0.416000
v 9.441452 -4.390144 0.417299
v 9.434012 -4.353005 0.416000
v 9.456565 -4.375560 0.417613
v 9.419162 -4.367855 0.400000
v 9.434012 -4.353005 0.400000
v 9.444422 -4.393115 0.401445
v 9.458387 -4.377380 0.400987
v 9.467884 -4.386879 0.413384
v 9.453367 -4.402059 0.414416
v 9.458417 -4.407110 0.446778
v 9.473121 -4.392114 0.446604
v 9.470279 -4.389274 0.462671
v 9.456357 -4.405051 0.462827
v 9.447721 -4.396415 0.453523
v 9.462302 -4.381295 0.452257
v 9.381684 -4.405331 0.416000
v 9.403974 -4.427621 0.417299
v 9.396534 -4.390482 0.416000
v 9.419089 -4.413036 0.417613
v 9.381684 -4.405331 0.400000
v 9.396534 -4.390482 0.400000
v 9.406946 -4.430592 0.401445
v 9.420908 -4.414857 0.400987
v 9.430408 -4.424355 0.413384
v 9.415891 -4.439536 0.414416
v 9.420942 -4.444587 0.446778
v 9.435642 -4.429591 0.446604
v 9.432804 -4.426751 0.462671
v 9.418882 -4.442528 0.462827
v 9.410245 -4.433891 0.453523
v 9.424823 -4.418772 0.452257
v 9.344208 -4.442808 0.416000
v 9.366498 -4.465098 0.417299
v 9.359058 -4.427959 0.416000
v 9.381611 -4.450513 0.417613
v 9.344208 -4.442808 0.400000
v 9.359058 -4.427959 0.400000
v 9.369471 -4.468069 0.401445
v 9.383432 -4.452334 0.400987
v 9.392930 -4.461832 0.413384
v 9.378412 -4.477013 0.414416
v 9.383463 -4.482063 0.446778
v 9.398166 -4.467067 0.446604
v 9.395325 -4.464227 0.462671
v 9.381406 -4.480005 0.462827
v 9.372770 -4.471368 0.453523
v 9.387348 -4.456249 0.452257
v 9.716925 -4.590666 0.417613
v 9.739481 -4.613221 0.416000
v 9.732041 -4.576082 0.417299
v 9.754331 -4.598372 0.416000
v 9.739481 -4.613221 0.400000
v 9.754331 -4.598372 0.400000
v 9.715107 -4.588846 0.400987
v 9.729068 -4.573111 0.401445
v 9.705607 -4.579347 0.413384
v 9.720127 -4.564167 0.414416
v 9.700373 -4.574112 0.446604
v 9.715076 -4.559116 0.446778
v 9.717133 -4.561174 0.462827
v 9.703214 -4.576952 0.462671
v 9.711191 -4.584931 0.452257
v 9.725769 -4.569811 0.453523
v 9.754404 -4.553190 0.417613
v 9.776957 -4.575744 0.416000
v 9.769516 -4.538605 0.417299
v 9.791806 -4.560895 0.416000
v 9.776957 -4.575744 0.400000
v 9.791806 -4.560895 0.400000
v 9.752582 -4.551369 0.400987
v 9.766547 -4.535634 0.401445
v 9.743085 -4.541871 0.413384
v 9.757602 -4.526690 0.414416
v 9.737848 -4.536636 0.446604
v 9.752552 -4.521639 0.446778
v 9.754609 -4.523698 0.462827
v 9.740690 -4.539475 0.462671
v 9.748667 -4.547454 0.452257
v 9.763248 -4.532335 0.453523
v 9.791880 -4.515713 0.417613
v 9.814435 -4.538267 0.416000
v 9.806995 -4.501128 0.417299
v 9.829285 -4.523418 0.416000
v 9.814435 -4.538267 0.400000
v 9.829285 -4.523418 0.400000
v 9.790061 -4.513892 0.400987
v 9.804023 -4.498157 0.401445
v 9.780561 -4.504394 0.413384
v 9.795078 -4.489213 0.414416
v 9.775327 -4.499159 0.446604
v 9.790027 -4.484163 0.446778
v 9.792087 -4.486221 0.462827
v 9.778165 -4.501999 0.462671
v 9.786145 -4.509977 0.452257
v 9.800724 -4.494858 0.453523
v 9.829355 -4.478236 0.417613
v 9.851911 -4.500791 0.416000
v 9.844471 -4.463651 0.417299
v 9.866761 -4.485941 0.416000
v 9.851911 -4.500791 0.400000
v 9.866761 -4.485941 0.400000
v 9.827536 -4.476416 0.400987
v 9.841498 -4.460680 0.401445
v 9.818036 -4.466917 0.413384
v 9.832557 -4.451737 0.414416
v 9.812803 -4.461682 0.446604
v 9.827506 -4.446686 0.446778
v 9.829563 -4.448744 0.462827
v 9.815644 -4.464522 0.462671
v 9.823621 -4.472501 0.452257
v 9.838199 -4.457381 0.453523
v 9.866834 -4.440760 0.417613
v 9.889386 -4.463314 0.416000
v 9.881946 -4.426175 0.417299
v 9.904236 -4.448465 0.416000
v 9.889386 -4.463314 0.400000
v 9.904236 -4.448465 0.400000
v 9.865012 -4.438939 0.400987
v 9.878977 -4.423204 0.401445
v 9.855515 -4.429441 0.413384
v 9.870032 -4.414260 0.414416
v 9.850278 -4.424205 0.446604
v 9.864982 -4.409210 0.446778
v 9.867041 -4.411268 0.462827
v 9.853119 -4.427046 0.462671
v 9.861097 -4.435024 0.452257
v 9.875678 -4.419904 0.453523
v 9.679450 -4.628143 0.417613
v 9.702005 -4.650697 0.416000
v 9.694565 -4.613558 0.417299
v 9.716852 -4.635848 0.416000
v 9.702005 -4.650697 0.400000
v 9.716852 -4.635848 0.400000
v 9.677631 -4.626323 0.400987
v 9.691593 -4.610587 0.401445
v 9.668131 -4.616824 0.413384
v 9.682648 -4.601643 0.414416
v 9.662897 -4.611589 0.446604
v 9.677597 -4.596593 0.446778
v 9.679657 -4.598651 0.462827
v 9.665735 -4.614429 0.462671
v 9.673716 -4.622407 0.452257
v 9.688294 -4.607288 0.453523
v 9.641974 -4.665620 0.417613
v 9.664527 -4.688174 0.416000
v 9.657087 -4.651035 0.417299
v 9.679377 -4.673325 0.416000
v 9.664527 -4.688174 0.400000
v 9.679377 -4.673325 0.400000
v 9.640152 -4.663799 0.400987
v 9.654117 -4.648064 0.401445
v 9.630655 -4.654301 0.413384
v 9.645173 -4.639120 0.414416
v 9.625419 -4.649065 0.446604
v 9.640122 -4.634069 0.446778
v 9.642179 -4.636128 0.462827
v 9.628260 -4.651906 0.462671
v 9.636237 -4.659884 0.452257
v 9.650818 -4.644764 0.453523
v 9.604496 -4.703096 0.417613
v 9.627051 -4.725650 0.416000
v 9.619611 -4.688511 0.417299
v 9.641901 -4.710801 0.416000
v 9.627051 -4.725650 0.400000
v 9.641901 -4.710801 0.400000
v 9.602677 -4.701276 0.400987
v 9.616639 -4.685540 0.401445
v 9.593177 -4.691777 0.413384
v 9.607697 -4.676597 0.414416
v 9.587943 -4.686542 0.446604
v 9.602646 -4.671546 0.446778
v 9.604703 -4.673604 0.462827
v 9.590781 -4.689382 0.462671
v 9.598761 -4.697361 0.452257
v 9.613340 -4.682241 0.453523
v 6.080439 -4.808659 0.430000
v 6.080655 -4.811793 0.430000
v 6.080439 -4.833111 0.430000
v 6.083793 -4.823355 0.430000
v 6.097208 -4.823355 0.430000
v 6.164890 -4.823355 0.430000
v 6.092383 -4.812091 0.430000
v 6.165882 -4.821562 0.430000
v 6.090805 -4.799936 0.430000
v 6.091910 -4.790089 0.430000
v 6.368607 -4.255550 0.430000
v 6.368607 -4.500550 0.430000
v 6.008606 -4.255550 0.430000
v 6.328608 -4.500550 0.430000
v 6.328608 -4.570550 0.430000
v 6.328608 -4.820550 0.430000
v 6.181049 -4.740428 0.430000
v 6.328608 -4.750550 0.430000
v 6.181049 -4.689208 0.430000
v 6.094611 -4.782604 0.430000
v 6.099241 -4.775683 0.430000
v 6.105909 -4.769644 0.430000
v 6.132114 -4.762379 0.430000
v 6.142942 -4.763392 0.430000
v 6.151542 -4.766108 0.430000
v 6.170246 -4.788360 0.430000
v 6.171293 -4.797688 0.430000
v 6.167563 -4.781074 0.430000
v 6.163428 -4.774937 0.430000
v 6.158475 -4.770244 0.430000
v 6.169819 -4.810962 0.430000
v 6.175864 -4.823355 0.430000
v 6.113630 -4.765522 0.430000
v 6.124335 -4.762856 0.430000
v 6.172516 -4.765780 0.430000
v 6.170072 -4.740428 0.430000
v 6.177652 -4.773824 0.430000
v 6.180991 -4.783516 0.430000
v 6.164609 -4.758268 0.430000
v 6.155100 -4.752941 0.430000
v 6.170072 -4.702623 0.430000
v 6.107386 -4.754242 0.430000
v 6.098038 -4.760103 0.430000
v 6.081049 -4.702623 0.430000
v 6.089356 -4.769132 0.430000
v 6.083887 -4.778630 0.430000
v 6.080649 -4.789778 0.430000
v 6.080439 -4.792353 0.430000
v 6.081049 -4.689208 0.430000
v 6.368607 -4.570550 0.430000
v 6.368607 -4.750550 0.430000
v 6.182267 -4.795839 0.430000
v 6.182221 -4.798574 0.430000
v 6.144516 -4.749931 0.430000
v 6.132935 -4.748964 0.430000
v 6.118717 -4.750403 0.430000
v 6.079828 -4.799822 0.430000
v 5.688608 -5.345550 0.430000
v 6.008606 -4.425550 0.430000
v 5.688608 -4.425550 0.430000
v 6.008606 -5.345550 0.430000
v 6.008606 -5.515550 0.430000
v 6.181049 -5.079452 0.430000
v 6.153000 -5.069334 0.430000
v 6.153000 -5.028023 0.430000
v 6.143174 -4.995122 0.430000
v 6.153641 -4.991532 0.430000
v 6.181049 -5.003843 0.430000
v 6.082593 -4.958705 0.430000
v 6.086701 -4.970405 0.430000
v 6.081049 -5.041647 0.430000
v 6.170465 -4.977566 0.430000
v 6.176532 -4.967125 0.430000
v 6.328608 -5.020550 0.430000
v 6.328608 -5.200550 0.430000
v 6.181049 -5.018477 0.430000
v 6.368607 -5.020550 0.430000
v 6.368607 -5.200550 0.430000
v 6.162586 -4.985797 0.430000
v 6.328608 -5.270550 0.430000
v 6.368607 -5.270550 0.430000
v 6.368607 -5.515550 0.430000
v 6.181049 -4.896525 0.430000
v 6.181049 -4.842867 0.430000
v 6.328608 -4.950550 0.430000
v 6.368607 -4.820550 0.430000
v 6.368607 -4.950550 0.430000
v 6.180243 -4.812695 0.430000
v 6.081049 -5.055062 0.430000
v 6.181049 -5.094086 0.430000
v 6.093995 -4.981289 0.430000
v 6.094086 -4.981394 0.430000
v 6.101929 -4.988466 0.430000
v 6.110529 -4.993113 0.430000
v 6.120380 -4.995799 0.430000
v 6.129792 -4.996525 0.430000
v 6.092023 -4.856281 0.430000
v 6.124952 -4.856281 0.430000
v 6.092023 -4.894086 0.430000
v 6.124952 -4.891647 0.430000
v 6.081049 -4.916037 0.430000
v 6.081049 -4.944258 0.430000
v 6.081049 -4.842867 0.430000
v 6.081049 -4.894086 0.430000
v 6.181049 -4.916037 0.430000
v 6.135926 -4.891647 0.430000
v 6.179969 -4.955602 0.430000
v 6.181049 -4.943229 0.430000
v 6.170072 -4.896525 0.430000
v 6.170072 -4.856281 0.430000
v 6.135926 -4.856281 0.430000
v 6.248606 -5.545550 0.630000
v 6.248606 -5.515550 0.630000
v 6.368607 -5.515550 0.630000
v 5.968607 -5.585550 0.630000
v 6.037888 -5.545550 0.630000
v 5.968607 -5.610550 0.630000
v 6.368607 -5.610550 0.630000
v 6.248606 -5.545550 0.940000
v 6.037888 -5.545550 0.940000
v 5.966639 -5.600322 0.940000
v 6.368607 -5.515550 0.940000
v 6.248606 -5.515550 0.940000
v 6.368607 -5.610550 0.940000
v 6.368607 -5.515550 1.010000
v 6.118607 -5.511952 1.025710
v 6.118607 -5.503050 0.900000
v 6.218607 -5.515550 0.900000
v 6.218607 -5.515550 0.650000
v 6.118607 -5.515550 0.650000
v 6.118607 -5.511806 0.524634
v 6.218607 -5.511952 0.524290
v 6.218607 -5.515550 0.490000
v 6.008606 -5.515550 0.490000
v 6.118607 -4.480550 0.783218
v 6.118607 -4.480550 0.796782
v 5.578608 -4.480550 0.796782
v 5.578608 -4.480550 0.766783
v 6.118607 -4.480550 0.760000
v 6.323606 -4.480550 0.783218
v 6.323606 -4.480550 0.753218
v 6.323606 -4.590550 0.753218
v 6.118607 -4.590550 0.760000
v 6.323606 -4.590550 0.783218
v 6.118607 -4.590550 0.790000
v 5.578608 -4.590550 0.766783
v 5.578608 -4.590550 0.796782
v 6.118607 -4.730550 0.783218
v 6.118607 -4.730550 0.796782
v 5.578608 -4.730550 0.796782
v 5.578608 -4.730550 0.766783
v 6.118607 -4.730550 0.760000
v 6.323606 -4.730550 0.783218
v 6.323606 -4.730550 0.753218
v 6.323606 -4.840550 0.753218
v 6.118607 -4.840550 0.760000
v 6.323606 -4.840550 0.783218
v 6.118607 -4.840550 0.790000
v 5.578608 -4.840550 0.766783
v 5.578608 -4.840550 0.796782
v 5.505210 -4.330550 0.766783
v 5.501526 -4.332676 0.910723
v 6.118607 -4.330550 0.766783
v 6.118607 -4.333585 0.911536
v 5.461908 -4.355550 0.766783
v 5.461908 -5.415550 0.766783
v 6.118607 -4.930550 0.760000
v 5.578608 -4.930550 0.766783
v 5.578608 -5.040550 0.766783
v 6.118607 -5.040550 0.760000
v 6.118607 -5.180550 0.760000
v 5.578608 -5.180550 0.766783
v 5.578608 -5.290550 0.766783
v 5.505210 -5.440550 0.766783
v 6.118607 -5.290550 0.762261
v 6.118607 -5.440550 0.766783
v 5.502932 -5.439235 0.904884
v 6.118607 -5.435466 0.923605
v 5.502932 -4.392448 0.965468
v 5.501526 -5.384490 0.964657
v 6.118607 -4.373728 0.961699
v 6.118607 -5.385303 0.963747
v 5.418607 -4.380550 0.916782
v 5.418607 -4.380550 0.791783
v 5.418607 -5.390550 0.916782
v 5.418607 -5.390550 0.791783
v 5.465805 -5.417958 0.943874
v 5.465905 -4.353479 0.944208
v 6.323606 -5.040550 0.753218
v 6.323606 -5.040550 0.783218
v 6.118607 -5.040550 0.792261
v 5.578608 -5.040550 0.796782
v 6.118607 -4.930550 0.783218
v 6.118607 -4.930550 0.796782
v 5.578608 -4.930550 0.796782
v 6.323606 -4.930550 0.783218
v 6.323606 -4.930550 0.753218
v 6.323606 -5.290550 0.753218
v 6.323606 -5.290550 0.783218
v 6.118607 -5.290550 0.792261
v 5.578608 -5.290550 0.796782
v 6.118607 -5.180550 0.783218
v 6.118607 -5.180550 0.796782
v 5.578608 -5.180550 0.796782
v 6.323606 -5.180550 0.783218
v 6.323606 -5.180550 0.753218
v 6.118607 -4.260184 0.523744
v 6.118607 -4.258860 1.025115
v 6.118607 -4.255550 0.900000
v 6.118607 -4.280550 0.900000
v 6.118607 -5.490550 0.650000
v 6.118607 -4.405550 1.026667
v 6.118607 -4.255550 0.650000
v 6.118607 -4.280550 0.650000
v 6.118607 -5.365550 1.023333
v 6.323606 -5.395550 0.630000
v 6.323606 -4.375550 0.630000
v 6.323606 -4.375550 0.940000
v 6.323606 -5.395550 0.940000
v 6.368607 -4.570550 0.630000
v 6.368607 -4.750550 0.630000
v 6.368607 -4.820550 0.630000
v 6.368607 -4.950550 0.630000
v 6.368607 -4.160550 0.630000
v 6.368607 -4.160550 0.940000
v 6.368607 -4.255550 0.630000
v 6.368607 -4.255550 0.940000
v 6.368607 -4.500550 0.630000
v 6.368607 -4.375550 0.630000
v 6.368607 -5.395550 0.630000
v 6.368607 -5.395550 0.940000
v 6.368607 -5.514868 1.015176
v 6.368607 -5.270550 0.630000
v 6.368607 -5.500726 1.029318
v 6.368607 -5.505550 1.027320
v 6.368607 -5.509692 1.024142
v 6.368607 -5.512870 1.020000
v 6.368607 -4.375550 0.940000
v 6.368607 -4.255550 1.010000
v 6.368607 -4.256231 1.015176
v 6.368607 -4.258229 1.020000
v 6.368607 -4.261408 1.024142
v 6.368607 -4.265550 1.027320
v 6.368607 -4.270373 1.029318
v 6.368607 -4.275550 1.030000
v 6.368607 -5.495550 1.030000
v 6.328608 -4.750550 0.630000
v 6.368607 -5.200550 0.630000
v 6.368607 -5.020550 0.630000
v 6.328608 -5.200550 0.630000
v 6.328608 -5.020550 0.630000
v 6.328608 -5.270550 0.630000
v 6.328608 -4.950550 0.630000
v 6.328608 -4.500550 0.630000
v 6.328608 -4.570550 0.630000
v 6.328608 -4.820550 0.630000
v 6.218607 -5.490550 0.650000
v 6.218607 -5.490550 0.900000
v 6.218607 -4.255550 0.900000
v 6.218607 -4.255550 0.650000
v 6.218607 -4.280550 0.900000
v 6.218607 -4.280550 0.650000
v 6.218607 -4.255550 0.490000
v 6.218607 -4.258517 0.525084
v 5.688608 -5.345550 0.490000
v 5.688608 -4.425550 0.490000
v 6.008606 -4.425550 0.490000
v 6.008606 -4.255550 0.490000
v 6.008606 -5.345550 0.490000
v 6.248606 -4.255550 0.940000
v 6.248606 -4.255550 0.630000
v 6.218607 -5.365550 1.027500
v 6.218607 -4.405550 1.026000
v 6.248606 -4.225550 0.940000
v 5.968607 -4.185550 0.940000
v 6.037888 -4.225550 0.940000
v 5.968607 -4.160550 0.940000
v 5.966639 -4.170777 0.630000
v 6.248606 -4.225550 0.630000
v 6.037888 -4.225550 0.630000
v 6.142023 -5.031396 0.430000
v 6.142023 -5.064837 0.430000
v 6.100257 -5.046316 0.430000
v 6.100257 -5.049784 0.430000
v 6.096787 -5.047278 0.430000
v 6.096778 -5.048893 0.430000
v 6.093244 -5.047916 0.430000
v 6.093244 -5.048240 0.430000
v 6.092023 -4.929452 0.430000
v 6.170072 -4.929452 0.430000
v 6.092023 -4.944201 0.430000
v 6.170072 -4.943648 0.430000
v 6.169089 -4.954198 0.430000
v 6.130075 -4.983111 0.430000
v 6.120124 -4.982261 0.430000
v 6.112214 -4.979927 0.430000
v 6.093283 -4.956036 0.430000
v 6.166465 -4.962613 0.430000
v 6.162415 -4.969433 0.430000
v 6.156873 -4.975042 0.430000
v 6.149979 -4.979260 0.430000
v 6.140580 -4.982193 0.430000
v 6.106046 -4.976453 0.430000
v 6.100888 -4.971595 0.430000
v 6.096170 -4.964291 0.430000
v 6.079902 -4.793680 0.432000
v 6.328608 -5.020899 0.695885
v 6.358606 -5.035416 0.700302
v 6.328083 -5.035550 0.751820
v 6.351950 -5.035550 0.775164
v 6.247528 -5.035550 0.783218
v 6.247528 -5.035550 0.753218
v 6.336942 -4.935550 0.781726
v 6.247528 -4.935550 0.783218
v 6.247528 -4.935550 0.753218
v 6.327594 -4.935550 0.752205
v 6.358606 -4.950201 0.695885
v 6.328608 -4.935683 0.700302
v 6.357993 -4.935550 0.759275
v 6.508606 -4.955550 0.400000
v 6.508606 -5.015550 0.400000
v 6.336661 -4.955550 0.406655
v 6.335263 -5.015550 0.408054
v 6.508606 -5.015550 0.430000
v 6.508606 -4.955550 0.430000
v 6.359684 -5.015550 0.431077
v 6.359620 -4.955550 0.431013
v 6.358606 -5.017935 0.691843
v 6.328608 -4.953165 0.691843
v 6.358606 -4.750201 0.695885
v 6.328608 -4.735683 0.700302
v 6.358051 -4.735550 0.759169
v 6.327933 -4.735550 0.752026
v 6.336942 -4.735550 0.781726
v 6.247528 -4.735550 0.753218
v 6.247528 -4.735550 0.783218
v 6.351950 -4.835550 0.775164
v 6.247528 -4.835550 0.783218
v 6.247528 -4.835550 0.753218
v 6.327781 -4.835550 0.751996
v 6.328608 -4.820899 0.695885
v 6.358606 -4.835416 0.700302
v 6.508606 -4.755550 0.400000
v 6.508606 -4.815550 0.400000
v 6.336661 -4.755550 0.406655
v 6.335263 -4.815550 0.408054
v 6.508606 -4.755550 0.430000
v 6.508606 -4.815550 0.430000
v 6.359620 -4.755550 0.431013
v 6.359684 -4.815550 0.431077
v 6.358606 -4.817935 0.691843
v 6.328608 -4.753165 0.691843
v 6.328608 -5.270899 0.695885
v 6.358606 -5.285416 0.700302
v 6.327781 -5.285550 0.751996
v 6.351950 -5.285550 0.775164
v 6.247528 -5.285550 0.783218
v 6.247528 -5.285550 0.753218
v 6.336942 -5.185550 0.781726
v 6.247528 -5.185550 0.783218
v 6.247528 -5.185550 0.753218
v 6.327799 -5.185550 0.752098
v 6.358606 -5.200201 0.695885
v 6.328608 -5.185683 0.700302
v 6.357993 -5.185550 0.759275
v 6.508606 -5.205550 0.400000
v 6.508606 -5.265550 0.400000
v 6.336661 -5.205550 0.406655
v 6.335263 -5.265550 0.408054
v 6.508606 -5.265550 0.430000
v 6.508606 -5.205550 0.430000
v 6.359684 -5.265550 0.431077
v 6.359620 -5.205550 0.431013
v 6.358606 -5.267935 0.691843
v 6.328608 -5.203165 0.691843
v 6.358606 -4.500201 0.695885
v 6.328608 -4.485683 0.700302
v 6.357553 -4.485550 0.760074
v 6.327594 -4.485550 0.752205
v 6.336942 -4.485550 0.781726
v 6.247528 -4.485550 0.753218
v 6.247528 -4.485550 0.783218
v 6.336527 -4.585550 0.781579
v 6.247528 -4.585550 0.783218
v 6.247528 -4.585550 0.753218
v 6.328040 -4.585550 0.751845
v 6.328608 -4.570899 0.695885
v 6.358606 -4.585416 0.700302
v 6.357788 -4.585550 0.760453
v 6.508606 -4.505550 0.400000
v 6.508606 -4.565550 0.400000
v 6.336661 -4.505550 0.406655
v 6.335263 -4.565550 0.408054
v 6.508606 -4.505550 0.430000
v 6.508606 -4.565550 0.430000
v 6.359620 -4.505550 0.431013
v 6.359684 -4.565550 0.431077
v 6.358606 -4.567935 0.691843
v 6.328608 -4.503165 0.691843
v 5.916474 -4.485550 0.795968
v 5.696158 -4.485550 0.722018
v 5.913846 -4.585550 0.795505
v 5.693583 -4.585550 0.722472
v 5.597890 -4.485550 0.796782
v 5.597890 -4.585550 0.796782
v 5.578608 -4.485550 0.773801
v 5.578608 -4.585550 0.773801
v 5.668067 -4.485550 0.701316
v 5.671271 -4.585550 0.699825
v 5.716962 -4.485550 0.694503
v 5.719950 -4.585550 0.694986
v 5.920377 -4.485550 0.766139
v 5.920407 -4.585550 0.765980
v 6.225632 -4.585550 0.766783
v 6.225632 -4.585550 0.796782
v 6.225632 -4.485550 0.796782
v 6.225632 -4.485550 0.766783
v 5.916474 -4.735550 0.795968
v 5.696158 -4.735550 0.722018
v 5.913846 -4.835550 0.795505
v 5.693583 -4.835550 0.722472
v 5.597890 -4.735550 0.796782
v 5.597890 -4.835550 0.796782
v 5.578608 -4.735550 0.773801
v 5.578608 -4.835550 0.773801
v 5.668067 -4.735550 0.701316
v 5.671271 -4.835550 0.699825
v 5.716962 -4.735550 0.694503
v 5.719950 -4.835550 0.694986
v 5.920377 -4.735550 0.766139
v 5.920407 -4.835550 0.765980
v 6.225632 -4.835550 0.766783
v 6.225632 -4.835550 0.796782
v 6.225632 -4.735550 0.796782
v 6.225632 -4.735550 0.766783
v 5.920407 -5.035550 0.765980
v 5.719950 -5.035550 0.694986
v 5.920377 -4.935550 0.766139
v 5.716962 -4.935550 0.694503
v 5.671271 -5.035550 0.699825
v 5.668067 -4.935550 0.701316
v 5.578608 -5.035550 0.773801
v 5.578608 -4.935550 0.773801
v 5.597890 -5.035550 0.796782
v 5.597890 -4.935550 0.796782
v 5.693583 -5.035550 0.722472
v 5.696158 -4.935550 0.722018
v 5.913846 -5.035550 0.795505
v 5.916474 -4.935550 0.795968
v 6.225632 -4.935550 0.796782
v 6.225632 -4.935550 0.766783
v 6.225632 -5.035550 0.796782
v 6.225632 -5.035550 0.766783
v 5.920407 -5.285550 0.765980
v 5.719950 -5.285550 0.694986
v 5.920377 -5.185550 0.766139
v 5.716962 -5.185550 0.694503
v 5.671271 -5.285550 0.699825
v 5.668067 -5.185550 0.701316
v 5.578608 -5.285550 0.773801
v 5.578608 -5.185550 0.773801
v 5.597890 -5.285550 0.796782
v 5.597890 -5.185550 0.796782
v 5.693583 -5.285550 0.722472
v 5.696158 -5.185550 0.722018
v 5.913846 -5.285550 0.795505
v 5.916474 -5.185550 0.795968
v 6.225632 -5.185550 0.796782
v 6.225632 -5.185550 0.766783
v 6.225632 -5.285550 0.796782
v 6.225632 -5.285550 0.766783
v 6.368607 -5.545550 0.480000
v 6.368607 -5.515550 0.480000
v 6.368607 -5.545550 0.630000
v 6.368607 -4.225550 0.940000
v 6.368607 -4.227079 1.025939
v 6.368607 -4.257504 1.059076
v 6.368607 -5.503380 1.059901
v 6.368607 -5.541252 1.036664
v 6.368607 -5.545550 0.940000
v 5.368607 -5.545550 1.010000
v 6.169120 -5.545550 0.546534
v 6.173606 -5.545550 0.480000
v 5.368607 -5.545550 0.540000
v 5.523607 -5.544021 0.524061
v 5.527658 -5.545550 0.825949
v 5.869083 -5.545550 0.821867
v 5.890207 -5.545550 0.854756
v 5.739301 -5.545550 0.825693
v 6.123337 -5.545550 0.936585
v 6.123633 -5.545550 0.683235
v 6.135724 -5.546122 0.542187
v 5.880036 -5.545550 0.772694
v 5.743607 -5.544372 0.524098
v 6.128913 -5.546349 0.911277
v 6.128525 -5.546811 0.708995
v 5.368607 -5.515550 1.010000
v 6.170420 -5.515550 0.543572
v 5.523607 -5.513165 0.528157
v 5.368607 -5.515550 0.540000
v 5.527915 -5.515550 0.825693
v 6.173606 -5.515550 0.480000
v 6.123337 -5.515550 0.683415
v 6.136579 -5.516699 0.544582
v 6.128470 -5.516761 0.910974
v 6.123633 -5.515550 0.936765
v 5.879065 -5.515550 0.772736
v 6.128907 -5.516673 0.708725
v 5.739557 -5.515550 0.825949
v 5.874854 -5.515550 0.842676
v 5.743607 -5.514778 0.532329
v 6.022004 -5.361664 0.490000
v 5.492910 -5.333998 0.490000
v 6.022391 -5.361790 0.520000
v 5.492080 -5.333123 0.520000
v 5.489803 -5.044512 0.520000
v 5.489701 -5.044228 0.490000
v 6.015229 -5.007253 0.520000
v 5.501436 -5.033749 0.520000
v 6.015473 -5.007151 0.490000
v 5.501603 -5.033837 0.490000
v 6.025650 -5.330052 0.490000
v 6.024613 -5.328983 0.520000
v 6.028272 -5.020321 0.490000
v 6.027793 -5.018999 0.520000
v 5.759043 -5.059732 0.521051
v 5.694519 -5.063113 0.576506
v 5.758982 -5.311364 0.520902
v 5.692557 -5.307883 0.576642
v 5.573536 -5.075152 0.512845
v 5.573857 -5.295592 0.513031
v 5.690491 -5.063324 0.553414
v 5.759351 -5.059716 0.491798
v 5.691471 -5.307826 0.553346
v 5.759449 -5.311389 0.492032
v 5.584142 -5.296503 0.494474
v 5.584464 -5.074952 0.494660
v 6.022611 -5.042948 0.490000
v 6.023026 -5.043040 0.520000
v 5.368607 -4.275550 1.060000
v 5.489803 -4.444512 1.060000
v 5.501436 -4.433749 1.060000
v 6.029999 -4.423772 1.060000
v 6.018564 -4.444756 1.060000
v 6.026569 -5.012226 1.060000
v 6.020975 -5.043780 1.060000
v 6.029074 -5.333087 1.060000
v 5.368607 -5.495550 1.060000
v 5.489701 -4.726872 1.060000
v 5.759449 -5.059711 1.057968
v 5.759351 -5.311384 1.058202
v 6.015229 -4.407253 1.060000
v 5.489701 -5.326872 1.060000
v 5.492910 -5.037101 1.060000
v 5.759449 -4.459711 1.057968
v 5.759351 -4.711384 1.058202
v 6.022611 -4.728151 1.060000
v 5.501603 -5.337262 1.060000
v 5.501603 -4.737262 1.060000
v 6.024729 -4.760545 1.060000
v 6.017756 -5.363448 1.060000
v 5.691471 -5.063273 0.996654
v 5.690491 -5.307775 0.996586
v 5.584142 -5.074596 1.055526
v 5.584464 -5.296148 1.055340
v 5.573536 -5.295947 1.037155
v 5.573857 -5.075507 1.036969
v 5.694519 -5.307986 0.973494
v 5.692557 -5.063216 0.973358
v 5.758979 -5.059735 1.029101
v 5.759027 -5.311367 1.028984
v 6.029999 -5.347327 1.030000
v 6.018186 -5.326043 1.030000
v 6.029331 -5.022792 1.030000
v 6.029700 -4.427890 1.030000
v 6.017756 -4.407652 1.030000
v 5.368607 -4.275550 1.030000
v 5.492080 -4.437976 1.030000
v 6.017502 -4.445247 1.030000
v 6.019864 -5.044460 1.030000
v 6.020606 -4.726920 1.030000
v 5.759043 -4.711367 1.028949
v 5.758982 -4.459735 1.029098
v 5.492080 -5.037976 1.030000
v 5.368607 -5.495550 1.030000
v 5.492910 -5.333998 1.030000
v 5.489803 -4.726587 1.030000
v 6.026569 -4.758873 1.030000
v 6.015229 -5.363846 1.030000
v 6.015473 -5.007151 1.030000
v 5.501436 -4.737350 1.030000
v 6.011762 -5.510502 0.868433
v 6.011118 -5.510536 0.751799
v 5.925998 -5.540965 0.785974
v 5.925751 -5.541054 0.834215
v 5.916111 -5.514563 0.789277
v 5.916355 -5.514474 0.830534
v 6.009778 -5.481280 0.752284
v 6.011762 -5.481949 0.868433
v 5.663977 -5.545550 0.200000
v 5.643607 -5.545550 0.200000
v 5.663977 -5.515550 0.200000
v 5.643607 -5.515550 0.200000
v 5.739579 -5.479646 0.489813
v 5.699112 -5.479857 0.490000
v 5.694803 -5.513396 0.487847
v 5.572409 -5.513715 0.487847
v 5.568360 -5.479601 0.490000
v 5.527892 -5.479895 0.489887
v 5.698856 -4.291499 0.490000
v 6.017756 -4.407652 0.490000
v 5.492080 -4.437976 0.490000
v 5.732209 -4.294268 0.490000
v 5.744324 -4.275620 0.488915
v 6.133606 -5.520464 0.491531
v 5.527625 -4.291437 0.489804
v 5.568102 -4.291242 0.490000
v 6.029074 -4.438012 0.490000
v 6.133606 -4.247922 0.492916
v 5.572409 -4.257091 0.487488
v 5.694803 -4.257851 0.488098
v 5.368607 -4.275550 0.490000
v 5.489803 -4.726587 0.490000
v 5.368607 -5.495550 0.490000
v 6.020975 -4.727319 0.490000
v 5.759449 -4.711389 0.492032
v 5.759351 -4.459716 0.491798
v 6.026569 -4.758873 0.490000
v 5.501436 -4.737350 0.490000
v 5.550925 -5.472667 0.520000
v 5.722123 -5.472667 0.520000
v 5.744321 -5.495463 0.519198
v 5.368607 -5.495550 0.520000
v 5.523937 -5.489030 0.519484
v 6.025364 -4.441643 0.520000
v 6.133606 -5.502609 0.520265
v 6.133606 -4.267580 0.520484
v 5.699112 -4.291242 0.520000
v 5.492910 -4.437101 0.520000
v 5.740815 -4.290556 0.519457
v 6.022004 -4.409436 0.520000
v 5.489701 -4.726872 0.520000
v 5.501603 -4.737262 0.520000
v 5.571596 -5.488779 0.520000
v 5.572409 -5.520316 0.518127
v 5.693708 -5.496352 0.521772
v 5.568360 -4.291499 0.520000
v 5.535006 -4.294268 0.520000
v 5.368607 -4.275550 0.520000
v 5.522893 -4.275637 0.519198
v 5.759043 -4.459732 0.521051
v 5.758982 -4.711364 0.520902
v 6.019864 -4.726640 0.520000
v 5.694803 -4.250783 0.518127
v 5.572409 -4.254625 0.519106
v 6.027054 -4.758935 0.520000
v 5.623606 -5.515550 0.200000
v 5.603235 -5.515550 0.200000
v 5.564869 -5.515550 0.273342
v 5.694843 -5.515550 0.465010
v 5.725998 -5.515550 0.455084
v 5.729926 -5.515550 0.400227
v 5.702588 -5.515550 0.272650
v 5.636939 -5.515550 0.320000
v 5.572362 -5.515550 0.464936
v 5.694852 -5.515550 0.388298
v 5.556758 -5.515550 0.389844
v 5.533924 -5.515550 0.411604
v 5.572409 -5.515550 0.388420
v 5.543337 -5.515550 0.457206
v 5.694852 -5.545550 0.464936
v 5.694803 -5.542504 0.499014
v 5.572409 -5.544341 0.494429
v 5.564170 -5.545550 0.272487
v 5.603235 -5.545550 0.200000
v 5.623606 -5.545550 0.200000
v 5.572387 -5.545550 0.388297
v 5.630274 -5.545550 0.320000
v 5.571543 -5.545550 0.465805
v 5.702820 -5.545550 0.273095
v 5.694803 -5.545550 0.388420
v 5.710456 -5.545550 0.389844
v 5.733292 -5.545550 0.411604
v 5.723877 -5.545550 0.457206
v 5.538895 -5.545550 0.450870
v 5.537290 -5.545550 0.400227
v 5.368607 -5.500726 0.520682
v 5.368607 -5.505550 0.522679
v 5.368607 -5.509692 0.525858
v 5.368607 -5.512870 0.530000
v 5.368607 -5.514868 0.534824
v 5.523607 -5.519586 0.494946
v 5.368607 -5.508491 0.491704
v 5.368607 -5.520550 0.496699
v 5.368607 -5.530905 0.504645
v 5.368607 -5.538851 0.515000
v 5.368607 -5.543846 0.527059
v 6.368607 -4.255550 0.480000
v 6.368607 -4.225550 0.630000
v 6.368607 -4.225550 0.480000
v 5.368607 -5.514868 1.015176
v 5.368607 -5.512870 1.020000
v 5.368607 -5.509692 1.024142
v 5.368607 -5.505550 1.027320
v 5.368607 -5.500726 1.029318
v 5.743607 -5.518883 0.494889
v 5.368607 -5.543846 1.022941
v 5.368607 -5.538851 1.035000
v 5.368607 -5.530905 1.045355
v 5.368607 -5.520550 1.053301
v 5.368607 -5.508491 1.058296
v 6.135364 -4.254854 0.541447
v 6.137180 -4.225020 0.545720
v 5.692557 -4.707883 0.576642
v 5.694519 -4.463113 0.576506
v 5.573536 -4.475152 0.512845
v 5.573857 -4.695592 0.513031
v 5.691471 -4.707826 0.553346
v 5.690491 -4.463324 0.553414
v 5.584142 -4.696503 0.494474
v 5.584464 -4.474952 0.494660
v 5.690491 -4.707775 0.996586
v 5.691471 -4.463273 0.996654
v 5.584142 -4.474596 1.055526
v 5.584464 -4.696148 1.055340
v 5.573536 -4.695947 1.037155
v 5.573857 -4.475507 1.036969
v 5.694519 -4.707986 0.973494
v 5.692557 -4.463216 0.973358
v 5.368607 -4.225550 1.010000
v 6.170420 -4.225550 0.543572
v 5.523607 -4.233519 0.506069
v 5.368607 -4.225550 0.540000
v 5.527915 -4.225550 0.825693
v 6.173606 -4.225550 0.480000
v 6.123633 -4.225550 0.936765
v 5.739557 -4.225550 0.825949
v 6.128501 -4.224451 0.910990
v 6.123337 -4.225550 0.683415
v 5.879065 -4.225550 0.772736
v 6.128934 -4.224556 0.708710
v 5.874854 -4.225550 0.842676
v 5.743607 -4.228132 0.516803
v 6.011118 -4.260564 0.868201
v 6.011762 -4.260597 0.751567
v 5.925998 -4.230135 0.834026
v 5.925751 -4.230045 0.785785
v 5.916111 -4.256536 0.830723
v 5.916355 -4.256625 0.789466
v 6.008850 -4.289574 0.752621
v 6.012748 -4.289294 0.868791
v 6.128879 -4.254646 0.911260
v 6.128501 -4.254159 0.709010
v 5.368607 -4.255550 1.010000
v 6.169120 -4.255550 0.546534
v 6.173606 -4.255550 0.480000
v 5.368607 -4.255550 0.540000
v 5.523607 -4.256556 0.531817
v 5.527658 -4.255550 0.825949
v 5.743607 -4.256831 0.529382
v 5.880036 -4.255550 0.772694
v 5.739301 -4.255550 0.825693
v 6.123337 -4.255550 0.936585
v 5.869083 -4.255550 0.821867
v 5.890207 -4.255550 0.854756
v 6.123633 -4.255550 0.683235
v 5.643607 -4.225550 0.200000
v 5.663977 -4.225550 0.200000
v 5.643607 -4.255550 0.200000
v 5.663977 -4.255550 0.200000
v 5.694852 -4.255550 0.464936
v 5.603235 -4.255550 0.200000
v 5.623606 -4.255550 0.200000
v 5.564170 -4.255550 0.272487
v 5.572387 -4.255550 0.388297
v 5.630274 -4.255550 0.320000
v 5.702820 -4.255550 0.273095
v 5.572371 -4.255550 0.465010
v 5.694803 -4.255550 0.388420
v 5.710456 -4.255550 0.389844
v 5.541214 -4.255550 0.455084
v 5.733292 -4.255550 0.411604
v 5.723877 -4.255550 0.457206
v 5.537290 -4.255550 0.400227
v 5.556758 -4.225550 0.389844
v 5.572362 -4.225550 0.464936
v 5.572409 -4.225550 0.388420
v 5.636939 -4.225550 0.320000
v 5.564869 -4.225550 0.273342
v 5.623606 -4.225550 0.200000
v 5.603235 -4.225550 0.200000
v 5.702588 -4.225550 0.272650
v 5.694852 -4.225550 0.388298
v 5.572409 -4.227655 0.497761
v 5.694843 -4.225550 0.465010
v 5.694803 -4.227696 0.495962
v 5.725998 -4.225550 0.455084
v 5.729926 -4.225550 0.400227
v 5.533924 -4.225550 0.411604
v 5.543337 -4.225550 0.457206
v 5.368607 -4.256231 0.534824
v 5.368607 -4.258229 0.530000
v 5.368607 -4.261408 0.525858
v 5.368607 -4.265550 0.522679
v 5.368607 -4.270373 0.520682
v 5.368607 -4.227253 0.527059
v 5.368607 -4.232248 0.515000
v 5.368607 -4.240194 0.504645
v 5.368607 -4.250550 0.496699
v 5.368607 -4.262609 0.491704
v 5.368607 -4.270373 1.029318
v 5.368607 -4.265550 1.027320
v 5.368607 -4.261408 1.024142
v 5.368607 -4.258229 1.020000
v 5.368607 -4.256231 1.015176
v 5.368607 -4.262609 1.058296
v 5.368607 -4.250550 1.053301
v 5.368607 -4.240194 1.045355
v 5.368607 -4.232248 1.035000
v 5.368607 -4.227253 1.022941
v 7.023517 -2.694645 0.430000
v 7.021454 -2.697015 0.430000
v 7.006226 -2.711936 0.430000
v 7.015497 -2.707409 0.430000
v 7.024982 -2.716894 0.430000
v 7.072843 -2.764753 0.430000
v 7.029535 -2.705519 0.430000
v 7.074811 -2.764188 0.430000
v 7.037015 -2.695807 0.430000
v 7.044761 -2.689627 0.430000
v 7.618390 -2.507304 0.430000
v 7.445148 -2.680545 0.430000
v 7.363831 -2.252746 0.430000
v 7.416864 -2.652261 0.430000
v 7.367368 -2.701759 0.430000
v 7.190592 -2.878535 0.430000
v 7.142905 -2.717541 0.430000
v 7.240088 -2.829038 0.430000
v 7.179123 -2.681323 0.430000
v 7.051963 -2.686244 0.430000
v 7.060129 -2.684624 0.430000
v 7.069114 -2.685068 0.430000
v 7.092783 -2.698462 0.430000
v 7.099723 -2.706833 0.430000
v 7.103882 -2.714836 0.430000
v 7.101374 -2.743796 0.430000
v 7.095517 -2.751131 0.430000
v 7.104630 -2.736747 0.430000
v 7.106043 -2.729482 0.430000
v 7.105860 -2.722663 0.430000
v 7.085090 -2.759475 0.430000
v 7.080603 -2.772514 0.430000
v 7.077491 -2.687612 0.430000
v 7.086945 -2.693297 0.430000
v 7.118946 -2.729435 0.430000
v 7.135144 -2.709780 0.430000
v 7.116892 -2.738755 0.430000
v 7.112397 -2.747967 0.430000
v 7.118665 -2.718532 0.430000
v 7.115711 -2.708041 0.430000
v 7.161878 -2.683048 0.430000
v 7.081052 -2.675222 0.430000
v 7.070295 -2.672756 0.430000
v 7.098926 -2.620098 0.430000
v 7.057773 -2.673000 0.430000
v 7.047190 -2.675851 0.430000
v 7.037015 -2.681443 0.430000
v 7.035047 -2.683115 0.430000
v 7.108411 -2.610612 0.430000
v 7.395652 -2.730043 0.430000
v 7.268372 -2.857322 0.430000
v 7.104587 -2.757585 0.430000
v 7.102619 -2.759485 0.430000
v 7.110352 -2.698429 0.430000
v 7.102848 -2.689556 0.430000
v 7.091779 -2.680520 0.430000
v 7.029334 -2.687966 0.430000
v 6.366809 -2.797218 0.430000
v 7.243622 -2.372954 0.430000
v 7.017350 -2.146680 0.430000
v 6.593085 -3.023492 0.430000
v 6.472876 -3.143700 0.430000
v 6.903180 -2.957267 0.430000
v 6.890500 -2.930279 0.430000
v 6.919712 -2.901068 0.430000
v 6.936026 -2.870855 0.430000
v 6.945969 -2.875718 0.430000
v 6.956644 -2.903803 0.430000
v 6.918943 -2.802267 0.430000
v 6.913575 -2.813446 0.430000
v 6.859201 -2.859824 0.430000
v 6.967740 -2.877740 0.430000
v 6.979413 -2.874648 0.430000
v 7.049170 -3.019957 0.430000
v 6.921891 -3.147236 0.430000
v 6.946296 -2.914151 0.430000
v 7.077454 -3.048241 0.430000
v 6.950174 -3.175520 0.430000
v 6.956348 -2.877988 0.430000
v 6.872391 -3.196733 0.430000
v 6.900678 -3.225018 0.430000
v 6.727436 -3.398259 0.430000
v 7.032529 -2.827918 0.430000
v 7.070469 -2.789976 0.430000
v 7.098667 -2.970459 0.430000
v 7.218876 -2.906820 0.430000
v 7.126950 -2.998743 0.430000
v 7.091236 -2.768071 0.430000
v 6.849714 -2.869310 0.430000
v 6.892832 -2.967615 0.430000
v 6.911036 -2.826300 0.430000
v 6.911026 -2.826439 0.430000
v 6.911570 -2.836984 0.430000
v 6.914365 -2.846351 0.430000
v 6.919434 -2.855217 0.430000
v 6.925571 -2.862384 0.430000
v 6.998035 -2.736512 0.430000
v 7.021317 -2.759795 0.430000
v 6.971302 -2.763244 0.430000
v 6.996311 -2.784802 0.430000
v 6.948020 -2.771005 0.430000
v 6.928064 -2.790960 0.430000
v 6.999759 -2.719265 0.430000
v 6.963541 -2.755483 0.430000
v 7.018729 -2.841716 0.430000
v 7.004071 -2.792563 0.430000
v 6.989991 -2.868928 0.430000
v 6.999503 -2.860943 0.430000
v 7.024765 -2.820157 0.430000
v 7.053223 -2.791701 0.430000
v 7.029078 -2.767556 0.430000
v 6.621369 -3.334619 0.630000
v 6.642582 -3.313406 0.630000
v 6.727436 -3.398259 0.630000
v 6.395096 -3.164914 0.630000
v 6.472370 -3.185619 0.630000
v 6.377417 -3.182591 0.630000
v 6.660260 -3.465434 0.630000
v 6.621369 -3.334619 0.940000
v 6.472370 -3.185619 0.940000
v 6.383258 -3.173968 0.940000
v 6.727436 -3.398259 0.940000
v 6.642582 -3.313406 0.940000
v 6.660260 -3.465434 0.940000
v 6.727436 -3.398259 1.010000
v 6.553202 -3.218938 1.025710
v 6.559497 -3.212643 0.900000
v 6.621369 -3.292193 0.900000
v 6.621369 -3.292193 0.650000
v 6.550660 -3.221482 0.650000
v 6.553305 -3.218835 0.524634
v 6.623914 -3.289648 0.524290
v 6.621369 -3.292193 0.490000
v 6.472876 -3.143700 0.490000
v 7.282514 -2.489627 0.783218
v 7.282514 -2.489627 0.796782
v 6.900678 -2.107789 0.796782
v 6.900678 -2.107789 0.766783
v 7.282514 -2.489627 0.760000
v 7.427472 -2.634584 0.783218
v 7.427472 -2.634584 0.753218
v 7.349689 -2.712365 0.753218
v 7.204734 -2.567408 0.760000
v 7.349689 -2.712365 0.783218
v 7.204734 -2.567408 0.790000
v 6.822895 -2.185571 0.766783
v 6.822895 -2.185571 0.796782
v 7.105738 -2.666403 0.783218
v 7.105738 -2.666403 0.796782
v 6.723899 -2.284566 0.796782
v 6.723899 -2.284566 0.766783
v 7.105738 -2.666403 0.760000
v 7.250693 -2.811360 0.783218
v 7.250693 -2.811360 0.753218
v 7.172913 -2.889142 0.753218
v 7.027955 -2.744185 0.760000
v 7.172913 -2.889142 0.783218
v 7.027955 -2.744185 0.790000
v 6.646119 -2.362347 0.766783
v 6.646119 -2.362347 0.796782
v 6.954844 -1.949823 0.766783
v 6.950736 -1.948722 0.910723
v 7.388581 -2.383561 0.766783
v 7.386432 -2.385707 0.911536
v 6.906546 -1.936882 0.766783
v 6.157013 -2.686415 0.766783
v 6.964316 -2.807825 0.760000
v 6.582477 -2.425987 0.766783
v 6.504697 -2.503769 0.766783
v 6.886533 -2.885606 0.760000
v 6.787540 -2.984601 0.760000
v 6.405701 -2.602764 0.766783
v 6.327921 -2.680545 0.766783
v 6.169953 -2.734712 0.766783
v 6.709757 -3.062383 0.762261
v 6.603693 -3.168449 0.766783
v 6.169272 -2.732171 0.904884
v 6.607288 -3.164854 0.923605
v 6.909464 -1.991982 0.965468
v 6.206989 -2.692468 0.964657
v 7.358048 -2.414092 0.961699
v 6.642756 -3.129383 0.963747
v 6.858249 -1.923941 0.916782
v 6.858249 -1.923941 0.791783
v 6.144071 -2.638119 0.916782
v 6.144071 -2.638119 0.791783
v 6.158066 -2.690874 0.943874
v 6.910837 -1.938244 0.944208
v 7.031491 -3.030563 0.753218
v 7.031491 -3.030563 0.783218
v 6.886533 -2.885606 0.792261
v 6.504697 -2.503769 0.796782
v 6.964316 -2.807825 0.783218
v 6.964316 -2.807825 0.796782
v 6.582477 -2.425987 0.796782
v 7.109272 -2.952782 0.783218
v 7.109272 -2.952782 0.753218
v 6.854715 -3.207340 0.753218
v 6.854715 -3.207340 0.783218
v 6.709757 -3.062383 0.792261
v 6.327921 -2.680545 0.796782
v 6.787540 -2.984601 0.783218
v 6.787540 -2.984601 0.796782
v 6.405701 -2.602764 0.796782
v 6.932496 -3.129558 0.783218
v 6.932496 -3.129558 0.753218
v 7.438337 -2.333804 0.523744
v 7.439273 -2.332868 1.025115
v 7.441614 -2.330528 0.900000
v 7.423935 -2.348205 0.900000
v 6.568335 -3.203804 0.650000
v 7.335547 -2.436593 1.026667
v 7.441614 -2.330528 0.650000
v 7.423935 -2.348205 0.650000
v 6.656723 -3.115416 1.023333
v 6.780469 -3.281586 0.630000
v 7.501719 -2.560337 0.630000
v 7.501719 -2.560337 0.940000
v 6.780469 -3.281586 0.940000
v 7.395652 -2.730043 0.630000
v 7.268372 -2.857322 0.630000
v 7.218876 -2.906820 0.630000
v 7.126950 -2.998743 0.630000
v 7.685566 -2.440129 0.630000
v 7.685566 -2.440129 0.940000
v 7.618390 -2.507304 0.630000
v 7.618390 -2.507304 0.940000
v 7.445148 -2.680545 0.630000
v 7.533536 -2.592157 0.630000
v 6.812287 -3.313406 0.630000
v 6.812287 -3.313406 0.940000
v 6.727918 -3.397777 1.015176
v 6.900678 -3.225018 0.630000
v 6.737918 -3.387777 1.029318
v 6.734507 -3.391188 1.027320
v 6.731577 -3.394117 1.024142
v 6.729331 -3.396364 1.020000
v 7.533536 -2.592157 0.940000
v 7.618390 -2.507304 1.010000
v 7.617908 -2.507786 1.015176
v 7.616495 -2.509199 1.020000
v 7.614249 -2.511446 1.024142
v 7.611319 -2.514375 1.027320
v 7.607908 -2.517786 1.029318
v 7.604248 -2.521446 1.030000
v 6.741578 -3.384117 1.030000
v 7.240088 -2.829038 0.630000
v 6.950174 -3.175520 0.630000
v 7.077454 -3.048241 0.630000
v 6.921891 -3.147236 0.630000
v 7.049170 -3.019957 0.630000
v 6.872391 -3.196733 0.630000
v 7.098667 -2.970459 0.630000
v 7.416864 -2.652261 0.630000
v 7.367368 -2.701759 0.630000
v 7.190592 -2.878535 0.630000
v 6.639048 -3.274515 0.650000
v 6.639048 -3.274515 0.900000
v 7.512323 -2.401238 0.900000
v 7.512323 -2.401238 0.650000
v 7.494648 -2.418916 0.900000
v 7.494648 -2.418916 0.650000
v 7.512323 -2.401238 0.490000
v 7.510227 -2.403336 0.525084
v 6.366809 -2.797218 0.490000
v 7.017350 -2.146680 0.490000
v 7.243622 -2.372954 0.490000
v 7.363831 -2.252746 0.490000
v 6.593085 -3.023492 0.490000
v 7.533536 -2.422451 0.940000
v 7.533536 -2.422451 0.630000
v 6.727436 -3.186127 1.027500
v 7.406257 -2.507304 1.026000
v 7.554749 -2.401238 0.940000
v 7.385044 -2.174964 0.940000
v 7.405750 -2.252238 0.940000
v 7.402723 -2.157286 0.940000
v 7.394098 -2.163126 0.630000
v 7.554749 -2.401238 0.630000
v 7.405750 -2.252238 0.630000
v 6.909565 -2.895692 0.430000
v 6.885920 -2.919338 0.430000
v 6.869480 -2.876707 0.430000
v 6.867029 -2.879159 0.430000
v 6.866349 -2.874935 0.430000
v 6.865198 -2.876069 0.430000
v 6.863392 -2.872881 0.430000
v 6.863163 -2.873110 0.430000
v 6.946296 -2.788251 0.430000
v 7.001484 -2.843440 0.430000
v 6.935868 -2.798680 0.430000
v 6.991446 -2.853478 0.430000
v 6.983292 -2.860244 0.430000
v 6.935260 -2.853101 0.430000
v 6.928824 -2.845463 0.430000
v 6.924881 -2.838219 0.430000
v 6.928388 -2.807939 0.430000
v 6.975483 -2.864337 0.430000
v 6.967798 -2.866296 0.430000
v 6.959916 -2.866344 0.430000
v 6.952057 -2.864452 0.430000
v 6.943335 -2.859879 0.430000
v 6.922977 -2.831402 0.430000
v 6.922763 -2.824320 0.430000
v 6.924591 -2.815818 0.430000
v 7.033728 -2.683674 0.432000
v 7.048923 -3.020203 0.695885
v 7.059870 -3.051682 0.700302
v 7.038193 -3.030193 0.751820
v 7.055069 -3.047071 0.775164
v 6.981232 -2.973232 0.783218
v 6.981232 -2.973232 0.753218
v 7.115168 -2.965747 0.781726
v 7.051941 -2.902521 0.783218
v 7.051941 -2.902521 0.753218
v 7.108558 -2.959136 0.752205
v 7.120127 -2.991426 0.695885
v 7.109180 -2.959947 0.700302
v 7.130051 -2.980631 0.759275
v 7.222409 -3.101274 0.400000
v 7.179984 -3.143700 0.400000
v 7.100824 -2.979690 0.406655
v 7.057410 -3.021127 0.408054
v 7.179984 -3.143700 0.430000
v 7.222409 -3.101274 0.430000
v 7.074680 -3.038396 0.431077
v 7.117060 -2.995924 0.431013
v 7.072232 -3.039321 0.691843
v 7.096817 -2.972308 0.691843
v 7.261548 -2.850004 0.695885
v 7.250602 -2.818526 0.700302
v 7.271512 -2.839250 0.759169
v 7.250217 -2.817955 0.752026
v 7.256589 -2.824325 0.781726
v 7.193363 -2.761100 0.753218
v 7.193363 -2.761100 0.783218
v 7.196491 -2.905649 0.775164
v 7.122654 -2.831811 0.783218
v 7.122654 -2.831811 0.753218
v 7.179398 -2.888557 0.751996
v 7.190345 -2.878782 0.695885
v 7.201291 -2.910261 0.700302
v 7.363831 -2.959853 0.400000
v 7.321405 -3.002279 0.400000
v 7.242246 -2.838268 0.406655
v 7.198832 -2.879706 0.408054
v 7.363831 -2.959853 0.430000
v 7.321405 -3.002279 0.430000
v 7.258481 -2.854503 0.431013
v 7.216101 -2.896974 0.431077
v 7.213654 -2.897899 0.691843
v 7.238239 -2.830887 0.691843
v 6.872147 -3.196980 0.695885
v 6.883094 -3.228459 0.700302
v 6.861200 -3.206755 0.751996
v 6.878293 -3.223847 0.775164
v 6.804453 -3.150009 0.783218
v 6.804453 -3.150009 0.753218
v 6.938392 -3.142524 0.781726
v 6.875165 -3.079298 0.783218
v 6.875165 -3.079298 0.753218
v 6.931925 -3.136057 0.752098
v 6.943351 -3.168202 0.695885
v 6.932401 -3.136724 0.700302
v 6.953275 -3.157407 0.759275
v 7.045633 -3.278051 0.400000
v 7.003208 -3.320477 0.400000
v 6.924048 -3.156466 0.406655
v 6.880634 -3.197904 0.408054
v 7.003208 -3.320477 0.430000
v 7.045633 -3.278051 0.430000
v 6.897904 -3.215173 0.431077
v 6.940284 -3.172701 0.431013
v 6.895453 -3.216098 0.691843
v 6.920041 -3.149085 0.691843
v 7.438324 -2.673228 0.695885
v 7.427378 -2.641749 0.700302
v 7.447940 -2.662122 0.760074
v 7.426755 -2.640938 0.752205
v 7.433365 -2.647549 0.781726
v 7.370139 -2.584323 0.753218
v 7.370139 -2.584323 0.783218
v 7.362360 -2.717966 0.781579
v 7.299430 -2.655034 0.783218
v 7.299430 -2.655034 0.753218
v 7.356360 -2.711965 0.751845
v 7.367121 -2.702005 0.695885
v 7.378067 -2.733484 0.700302
v 7.377396 -2.732999 0.760453
v 7.540607 -2.783076 0.400000
v 7.498182 -2.825502 0.400000
v 7.419025 -2.661492 0.406655
v 7.375608 -2.702929 0.408054
v 7.540607 -2.783076 0.430000
v 7.498182 -2.825502 0.430000
v 7.435257 -2.677726 0.431013
v 7.392878 -2.720198 0.431077
v 7.390430 -2.721123 0.691843
v 7.415015 -2.654110 0.691843
v 7.136051 -2.350233 0.795968
v 6.980262 -2.194446 0.722018
v 7.063480 -2.419084 0.795505
v 6.907731 -2.263334 0.722472
v 6.910776 -2.124960 0.796782
v 6.840067 -2.195671 0.796782
v 6.897141 -2.111325 0.773801
v 6.826432 -2.182035 0.773801
v 6.960401 -2.174583 0.701316
v 6.891953 -2.247559 0.699825
v 6.994974 -2.209156 0.694503
v 6.926374 -2.281979 0.694986
v 7.138810 -2.352993 0.766139
v 7.068119 -2.423724 0.765980
v 7.283945 -2.639551 0.766783
v 7.283945 -2.639551 0.796782
v 7.354657 -2.568840 0.796782
v 7.354657 -2.568840 0.766783
v 6.959272 -2.527009 0.795968
v 6.803486 -2.371223 0.722018
v 6.886704 -2.595861 0.795505
v 6.730954 -2.440111 0.722472
v 6.734000 -2.301737 0.796782
v 6.663288 -2.372447 0.796782
v 6.720365 -2.288101 0.773801
v 6.649652 -2.358812 0.773801
v 6.783622 -2.351359 0.701316
v 6.715177 -2.424336 0.699825
v 6.818195 -2.385933 0.694503
v 6.749598 -2.458756 0.694986
v 6.962033 -2.529770 0.766139
v 6.891343 -2.600501 0.765980
v 7.107169 -2.816328 0.766783
v 7.107169 -2.816328 0.796782
v 7.177881 -2.745617 0.796782
v 7.177881 -2.745617 0.766783
v 6.749921 -2.741922 0.765980
v 6.608176 -2.600178 0.694986
v 6.820612 -2.671191 0.766139
v 6.676773 -2.527354 0.694503
v 6.573755 -2.565757 0.699825
v 6.642200 -2.492781 0.701316
v 6.508231 -2.500233 0.773801
v 6.578943 -2.429523 0.773801
v 6.521869 -2.513869 0.796782
v 6.592579 -2.443158 0.796782
v 6.589533 -2.581533 0.722472
v 6.662064 -2.512644 0.722018
v 6.745282 -2.737282 0.795505
v 6.817850 -2.668431 0.795968
v 7.036460 -2.887038 0.796782
v 7.036460 -2.887038 0.766783
v 6.965747 -2.957749 0.796782
v 6.965747 -2.957749 0.766783
v 6.573145 -2.918699 0.765980
v 6.431400 -2.776954 0.694986
v 6.643836 -2.847968 0.766139
v 6.499997 -2.704131 0.694503
v 6.396979 -2.742534 0.699825
v 6.465424 -2.669558 0.701316
v 6.331455 -2.677010 0.773801
v 6.402167 -2.606299 0.773801
v 6.345090 -2.690645 0.796782
v 6.415802 -2.619935 0.796782
v 6.412754 -2.758309 0.722472
v 6.485288 -2.689421 0.722018
v 6.568503 -2.914059 0.795505
v 6.641074 -2.845208 0.795968
v 6.859681 -3.063815 0.796782
v 6.859681 -3.063815 0.766783
v 6.788971 -3.134526 0.796782
v 6.788971 -3.134526 0.766783
v 6.706223 -3.419472 0.480000
v 6.727436 -3.398259 0.480000
v 6.706223 -3.419472 0.630000
v 7.639603 -2.486091 0.940000
v 7.638523 -2.487173 1.025939
v 7.617008 -2.508686 1.059076
v 6.736042 -3.389654 1.059901
v 6.709262 -3.416433 1.036664
v 6.706223 -3.419472 0.940000
v 5.999115 -2.712365 1.010000
v 6.565162 -3.278412 0.546534
v 6.568335 -3.281586 0.480000
v 5.999115 -2.712365 0.540000
v 6.109800 -2.820885 0.524061
v 6.111582 -2.824831 0.825949
v 6.353006 -3.066256 0.821867
v 6.367942 -3.081191 0.854756
v 6.261234 -2.974484 0.825693
v 6.532792 -3.246041 0.936585
v 6.532999 -3.246250 0.683235
v 6.541144 -3.255205 0.542187
v 6.360752 -3.074000 0.772694
v 6.265113 -2.976698 0.524098
v 6.536167 -3.250547 0.911277
v 6.535569 -3.250601 0.708995
v 6.020328 -2.691152 1.010000
v 6.587296 -3.258119 0.543572
v 6.131617 -2.799067 0.528157
v 6.020328 -2.691152 0.540000
v 6.132975 -2.803799 0.825693
v 6.589548 -3.260373 0.480000
v 6.554004 -3.224828 0.683415
v 6.562555 -3.235004 0.544582
v 6.556775 -3.229314 0.910974
v 6.554212 -3.225036 0.936765
v 6.381278 -3.052101 0.772736
v 6.557148 -3.229560 0.708725
v 6.282630 -2.953453 0.825949
v 6.378299 -3.049123 0.842676
v 6.286039 -2.955771 0.532329
v 6.591163 -3.044358 0.490000
v 6.236600 -2.650670 0.490000
v 6.591349 -3.044722 0.520000
v 6.236631 -2.649465 0.520000
v 6.439103 -2.443777 0.520000
v 6.439231 -2.443503 0.490000
v 6.836979 -2.788963 0.520000
v 6.454938 -2.444392 0.520000
v 6.837223 -2.789064 0.490000
v 6.454993 -2.444572 0.490000
v 6.616095 -3.024585 0.490000
v 6.616117 -3.023095 0.520000
v 6.836960 -2.807425 0.490000
v 6.837558 -2.806152 0.520000
v 6.618720 -2.644920 0.521051
v 6.570704 -2.601687 0.576506
v 6.440744 -2.822807 0.520902
v 6.396238 -2.773377 0.576642
v 6.476642 -2.524650 0.512845
v 6.320996 -2.680752 0.513031
v 6.567707 -2.598986 0.553414
v 6.618952 -2.645127 0.491798
v 6.395511 -2.772569 0.553346
v 6.441059 -2.823155 0.492032
v 6.327625 -2.688669 0.494474
v 6.484513 -2.532236 0.494660
v 6.816959 -2.819423 0.490000
v 6.817188 -2.819782 0.520000
v 6.897141 -1.814340 1.060000
v 6.863364 -2.019513 1.060000
v 6.879203 -2.020128 1.060000
v 7.260007 -2.386823 1.060000
v 7.237085 -2.393576 1.060000
v 6.841483 -2.800498 1.060000
v 6.815213 -2.818854 1.060000
v 6.616370 -3.029153 1.060000
v 6.034470 -2.677010 1.060000
v 6.663636 -2.219098 1.060000
v 6.619022 -2.645192 1.057968
v 6.440995 -2.823083 1.058202
v 7.261243 -2.364699 1.060000
v 6.239371 -2.643362 1.060000
v 6.446537 -2.440733 1.060000
v 7.043287 -2.220928 1.057968
v 6.865259 -2.398819 1.058202
v 7.039554 -2.596828 1.060000
v 6.240439 -2.659126 1.060000
v 6.664704 -2.234862 1.060000
v 7.018146 -2.621231 1.060000
v 6.586899 -3.042618 1.060000
v 6.568436 -2.599643 0.996654
v 6.394852 -2.771838 0.996586
v 6.484537 -2.531757 1.055526
v 6.328104 -2.688645 1.055340
v 6.320517 -2.680776 1.037155
v 6.476618 -2.525129 1.036969
v 6.397553 -2.774838 0.973494
v 6.569245 -2.600372 0.973358
v 6.618674 -2.644877 1.029101
v 6.440778 -2.822842 1.028984
v 6.606955 -3.039875 1.030000
v 6.613651 -3.016472 1.030000
v 6.835962 -2.809921 1.030000
v 7.256882 -2.389524 1.030000
v 7.262751 -2.366768 1.030000
v 6.897141 -1.814340 1.030000
v 6.869596 -2.016500 1.030000
v 7.235987 -2.393173 1.030000
v 6.813950 -2.818550 1.030000
v 7.039008 -2.594540 1.030000
v 6.865052 -2.398589 1.028949
v 7.042939 -2.220614 1.029098
v 6.445331 -2.440764 1.030000
v 6.034470 -2.677010 1.030000
v 6.236600 -2.650670 1.030000
v 6.663907 -2.218970 1.030000
v 7.020630 -2.621351 1.030000
v 6.584830 -3.041113 1.030000
v 6.837223 -2.789064 1.030000
v 6.664524 -2.234806 1.030000
v 6.478678 -3.142361 0.868433
v 6.478199 -3.141931 0.751799
v 6.396494 -3.103258 0.785974
v 6.396256 -3.103148 0.834215
v 6.408170 -3.077598 0.789277
v 6.408405 -3.077708 0.830534
v 6.497937 -3.120297 0.752284
v 6.498868 -3.122171 0.868433
v 6.207975 -2.921224 0.200000
v 6.193570 -2.906820 0.200000
v 6.229187 -2.900011 0.200000
v 6.214783 -2.885606 0.200000
v 6.308033 -2.928081 0.489813
v 6.279270 -2.899616 0.490000
v 6.252506 -2.920285 0.487847
v 6.165735 -2.833965 0.487847
v 6.186994 -2.806978 0.490000
v 6.158173 -2.778572 0.489887
v 7.119385 -2.059138 0.490000
v 7.262751 -2.366768 0.490000
v 6.869596 -2.016500 0.490000
v 7.141010 -2.084680 0.490000
v 7.162763 -2.080061 0.488915
v 6.557792 -3.235563 0.491531
v 6.998349 -1.938017 0.489804
v 7.027109 -1.966501 0.490000
v 7.249283 -2.396239 0.490000
v 7.457615 -2.335741 0.492916
v 7.054303 -1.945398 0.487488
v 7.140311 -2.032481 0.488098
v 6.897141 -1.814340 0.490000
v 6.663907 -2.218970 0.490000
v 6.034470 -2.677010 0.490000
v 7.038984 -2.595082 0.490000
v 6.865323 -2.398891 0.492032
v 7.043213 -2.220863 0.491798
v 7.020630 -2.621351 0.490000
v 6.664524 -2.234806 0.490000
v 6.179569 -2.789747 0.520000
v 6.300623 -2.910802 0.520000
v 6.300202 -2.942618 0.519198
v 6.034470 -2.677010 0.520000
v 6.148917 -2.782234 0.519484
v 7.244092 -2.396182 0.520000
v 6.570417 -3.222939 0.520265
v 7.443714 -2.349641 0.520484
v 7.119745 -2.059138 0.520000
v 6.870801 -2.016469 0.520000
v 7.149720 -2.088141 0.519457
v 7.264490 -2.371032 0.520000
v 6.663636 -2.219098 0.520000
v 6.664704 -2.234862 0.520000
v 6.182795 -2.815758 0.520000
v 6.161069 -2.838633 0.518127
v 6.263785 -2.907459 0.521772
v 7.027109 -1.966863 0.520000
v 7.001569 -1.945237 0.520000
v 6.897141 -1.814340 0.520000
v 7.006177 -1.923498 0.519198
v 7.042984 -2.220656 0.521051
v 6.865009 -2.398543 0.520902
v 7.038681 -2.593817 0.520000
v 7.145310 -2.027483 0.518127
v 7.056049 -1.943654 0.519106
v 7.020929 -2.621738 0.520000
v 6.200641 -2.871464 0.200000
v 6.186237 -2.857060 0.200000
v 6.159107 -2.829930 0.273342
v 6.251014 -2.921836 0.465010
v 6.273044 -2.943866 0.455084
v 6.275818 -2.946642 0.400227
v 6.256488 -2.927312 0.272650
v 6.210068 -2.880892 0.320000
v 6.164405 -2.835229 0.464936
v 6.251020 -2.921842 0.388298
v 6.153373 -2.824195 0.389844
v 6.137226 -2.808048 0.411604
v 6.164438 -2.835263 0.388420
v 6.143882 -2.814705 0.457206
v 6.229807 -2.943055 0.464936
v 6.231925 -2.940868 0.499014
v 6.144080 -2.855621 0.494429
v 6.137400 -2.850649 0.272487
v 6.165024 -2.878273 0.200000
v 6.179428 -2.892678 0.200000
v 6.143210 -2.856459 0.388297
v 6.184140 -2.897392 0.320000
v 6.142612 -2.855862 0.465805
v 6.235440 -2.948690 0.273095
v 6.229770 -2.943021 0.388420
v 6.240839 -2.954089 0.389844
v 6.256986 -2.970236 0.411604
v 6.250330 -2.963579 0.457206
v 6.119529 -2.832777 0.450870
v 6.118393 -2.831642 0.400227
v 6.030811 -2.680670 0.520682
v 6.027399 -2.684081 0.522679
v 6.024469 -2.687010 0.525858
v 6.022223 -2.689257 0.530000
v 6.020810 -2.690670 0.534824
v 6.127076 -2.803607 0.494946
v 6.025321 -2.686161 0.491704
v 6.016794 -2.694688 0.496699
v 6.009470 -2.702010 0.504645
v 6.003852 -2.707628 0.515000
v 6.000321 -2.711161 0.527059
v 7.618390 -2.507304 0.480000
v 7.639603 -2.486091 0.630000
v 7.639603 -2.486091 0.480000
v 6.020810 -2.690670 1.015176
v 6.022223 -2.689257 1.020000
v 6.024469 -2.687010 1.024142
v 6.027399 -2.684081 1.027320
v 6.030811 -2.680670 1.029318
v 6.283136 -2.958674 0.494889
v 6.000321 -2.711161 1.022941
v 6.003852 -2.707628 1.035000
v 6.009470 -2.702010 1.045355
v 6.016794 -2.694688 1.053301
v 6.025321 -2.686161 1.058296
v 7.453952 -2.341884 0.541447
v 7.476334 -2.322072 0.545720
v 6.820502 -2.349113 0.576642
v 6.994968 -2.177422 0.576506
v 6.900907 -2.100386 0.512845
v 6.745261 -2.256488 0.513031
v 6.819776 -2.348305 0.553346
v 6.991968 -2.174722 0.553414
v 6.751889 -2.264405 0.494474
v 6.908777 -2.107972 0.494660
v 6.819117 -2.347574 0.996586
v 6.992701 -2.175379 0.996654
v 6.908799 -2.107493 1.055526
v 6.752366 -2.264381 1.055340
v 6.744782 -2.256512 1.037155
v 6.900882 -2.100865 1.036969
v 6.821817 -2.350574 0.973494
v 6.993509 -2.176108 0.973358
v 6.932496 -1.778984 1.010000
v 7.499463 -2.345951 0.543572
v 7.036463 -1.894221 0.506069
v 6.932496 -1.778984 0.540000
v 7.045145 -1.891632 0.825693
v 7.501719 -2.348205 0.480000
v 7.466382 -2.312869 0.936765
v 7.194797 -2.041285 0.825949
v 7.470600 -2.315533 0.910990
v 7.466172 -2.312660 0.683415
v 7.293445 -2.139933 0.772736
v 7.470832 -2.315915 0.708710
v 7.290467 -2.136955 0.842676
v 7.195835 -2.045976 0.516803
v 7.362061 -2.258067 0.868201
v 7.362491 -2.258545 0.751567
v 7.323389 -2.176361 0.834026
v 7.323279 -2.176125 0.785785
v 7.297730 -2.188039 0.830723
v 7.297840 -2.188275 0.789466
v 7.339945 -2.276976 0.752621
v 7.342899 -2.279534 0.868791
v 7.449515 -2.337153 0.911260
v 7.449591 -2.336540 0.709010
v 6.911283 -1.800197 1.010000
v 7.477329 -2.366244 0.546534
v 7.480503 -2.369418 0.480000
v 6.911283 -1.800197 0.540000
v 7.020173 -1.910510 0.531817
v 7.023749 -1.912663 0.825949
v 7.175544 -2.066269 0.529382
v 7.272919 -2.161832 0.772694
v 7.173401 -2.062317 0.825693
v 7.444959 -2.333873 0.936585
v 7.265174 -2.154088 0.821867
v 7.280109 -2.169024 0.854756
v 7.445166 -2.334082 0.683235
v 7.126950 -1.973439 0.200000
v 7.141355 -1.987843 0.200000
v 7.105738 -1.994652 0.200000
v 7.120142 -2.009057 0.200000
v 7.141974 -2.030888 0.464936
v 7.077192 -1.966105 0.200000
v 7.091596 -1.980510 0.200000
v 7.049567 -1.938481 0.272487
v 7.055378 -1.944291 0.388297
v 7.096311 -1.985224 0.320000
v 7.147608 -2.036522 0.273095
v 7.055365 -1.944281 0.465010
v 7.141941 -2.030853 0.388420
v 7.153006 -2.041921 0.389844
v 7.033335 -1.922250 0.455084
v 7.169153 -2.058068 0.411604
v 7.162497 -2.051411 0.457206
v 7.030561 -1.919474 0.400227
v 7.065540 -1.912027 0.389844
v 7.076572 -1.923061 0.464936
v 7.076606 -1.923095 0.388420
v 7.122236 -1.968725 0.320000
v 7.071274 -1.917762 0.273342
v 7.112809 -1.959296 0.200000
v 7.098404 -1.944892 0.200000
v 7.168656 -2.015144 0.272650
v 7.163187 -2.009674 0.388298
v 7.075119 -1.924584 0.497761
v 7.163181 -2.009668 0.465010
v 7.161634 -2.011158 0.495962
v 7.185212 -2.031699 0.455084
v 7.187986 -2.034474 0.400227
v 7.049393 -1.895880 0.411604
v 7.056049 -1.902537 0.457206
v 6.910801 -1.800679 0.534824
v 6.909388 -1.802092 0.530000
v 6.907142 -1.804340 0.525858
v 6.904212 -1.807269 0.522679
v 6.900800 -1.810679 0.520682
v 6.931293 -1.780189 0.527059
v 6.927759 -1.783721 0.515000
v 6.922141 -1.789340 0.504645
v 6.914820 -1.796662 0.496699
v 6.906293 -1.805189 0.491704
v 6.900800 -1.810679 1.029318
v 6.904212 -1.807269 1.027320
v 6.907142 -1.804340 1.024142
v 6.909388 -1.802092 1.020000
v 6.910801 -1.800679 1.015176
v 6.906293 -1.805189 1.058296
v 6.914820 -1.796662 1.053301
v 6.922141 -1.789340 1.045355
v 6.927759 -1.783721 1.035000
v 6.931293 -1.780189 1.022941
v 9.186319 -1.873643 0.430000
v 9.183185 -1.873859 0.430000
v 9.161869 -1.873643 0.430000
v 9.171625 -1.876996 0.430000
v 9.171625 -1.890411 0.430000
v 9.171625 -1.958094 0.430000
v 9.182889 -1.885588 0.430000
v 9.173417 -1.959087 0.430000
v 9.195041 -1.884009 0.430000
v 9.204889 -1.885115 0.430000
v 9.739429 -2.161811 0.430000
v 9.494428 -2.161811 0.430000
v 9.739429 -1.801811 0.430000
v 9.494428 -2.121811 0.430000
v 9.424430 -2.121811 0.430000
v 9.174430 -2.121811 0.430000
v 9.254551 -1.974253 0.430000
v 9.244428 -2.121811 0.430000
v 9.305771 -1.974253 0.430000
v 9.212375 -1.887816 0.430000
v 9.219297 -1.892446 0.430000
v 9.225333 -1.899113 0.430000
v 9.232599 -1.925320 0.430000
v 9.231586 -1.936145 0.430000
v 9.228870 -1.944747 0.430000
v 9.206617 -1.963450 0.430000
v 9.197290 -1.964496 0.430000
v 9.213904 -1.960768 0.430000
v 9.220041 -1.956631 0.430000
v 9.224735 -1.951681 0.430000
v 9.184015 -1.963023 0.430000
v 9.171625 -1.969070 0.430000
v 9.229456 -1.906834 0.430000
v 9.232123 -1.917539 0.430000
v 9.229200 -1.965722 0.430000
v 9.254551 -1.963277 0.430000
v 9.221155 -1.970858 0.430000
v 9.211463 -1.974194 0.430000
v 9.236710 -1.957814 0.430000
v 9.242038 -1.948305 0.430000
v 9.292356 -1.963277 0.430000
v 9.240735 -1.900591 0.430000
v 9.234876 -1.891242 0.430000
v 9.292356 -1.874253 0.430000
v 9.225846 -1.882559 0.430000
v 9.216349 -1.877092 0.430000
v 9.205201 -1.873853 0.430000
v 9.202625 -1.873643 0.430000
v 9.305771 -1.874253 0.430000
v 9.424430 -2.161811 0.430000
v 9.244428 -2.161811 0.430000
v 9.199140 -1.975472 0.430000
v 9.196405 -1.975425 0.430000
v 9.245047 -1.937720 0.430000
v 9.246015 -1.926139 0.430000
v 9.244574 -1.911922 0.430000
v 9.195157 -1.873033 0.430000
v 8.649430 -1.481811 0.430000
v 9.569428 -1.801811 0.430000
v 9.569428 -1.481811 0.430000
v 8.649430 -1.801811 0.430000
v 8.479429 -1.801811 0.430000
v 8.915528 -1.974253 0.430000
v 8.925644 -1.946204 0.430000
v 8.966956 -1.946204 0.430000
v 8.999857 -1.936378 0.430000
v 9.003446 -1.946845 0.430000
v 8.991135 -1.974253 0.430000
v 9.036274 -1.875797 0.430000
v 9.024573 -1.879905 0.430000
v 8.953330 -1.874253 0.430000
v 9.017411 -1.963670 0.430000
v 9.027854 -1.969738 0.430000
v 8.974430 -2.121811 0.430000
v 8.794428 -2.121811 0.430000
v 8.976502 -1.974253 0.430000
v 8.974430 -2.161811 0.430000
v 8.794428 -2.161811 0.430000
v 9.009180 -1.955789 0.430000
v 8.724430 -2.121811 0.430000
v 8.724430 -2.161811 0.430000
v 8.479429 -2.161811 0.430000
v 9.098453 -1.974253 0.430000
v 9.152112 -1.974253 0.430000
v 9.044428 -2.121811 0.430000
v 9.174430 -2.161811 0.430000
v 9.044428 -2.161811 0.430000
v 9.182282 -1.973446 0.430000
v 8.939917 -1.874253 0.430000
v 8.900892 -1.974253 0.430000
v 9.013688 -1.887200 0.430000
v 9.013584 -1.887291 0.430000
v 9.006513 -1.895133 0.430000
v 9.001865 -1.903733 0.430000
v 8.999180 -1.913586 0.430000
v 8.998453 -1.922995 0.430000
v 9.138697 -1.885228 0.430000
v 9.138697 -1.918155 0.430000
v 9.100892 -1.885228 0.430000
v 9.103330 -1.918155 0.430000
v 9.078940 -1.874253 0.430000
v 9.050721 -1.874253 0.430000
v 9.152112 -1.874253 0.430000
v 9.100892 -1.874253 0.430000
v 9.078940 -1.974253 0.430000
v 9.103330 -1.929131 0.430000
v 9.039377 -1.973173 0.430000
v 9.051749 -1.974253 0.430000
v 9.098453 -1.963277 0.430000
v 9.138697 -1.963277 0.430000
v 9.138697 -1.929131 0.430000
v 8.449430 -2.041811 0.630000
v 8.479429 -2.041811 0.630000
v 8.479429 -2.161811 0.630000
v 8.409427 -1.761811 0.630000
v 8.449430 -1.831093 0.630000
v 8.384427 -1.761811 0.630000
v 8.384427 -2.161811 0.630000
v 8.449430 -2.041811 0.940000
v 8.449430 -1.831093 0.940000
v 8.394657 -1.759843 0.940000
v 8.479429 -2.161811 0.940000
v 8.479429 -2.041811 0.940000
v 8.384427 -2.161811 0.940000
v 8.479429 -2.161811 1.010000
v 8.483027 -1.911811 1.025710
v 8.491929 -1.911811 0.900000
v 8.479429 -2.011811 0.900000
v 8.479429 -2.011811 0.650000
v 8.479429 -1.911811 0.650000
v 8.483173 -1.911811 0.524634
v 8.483027 -2.011811 0.524290
v 8.479429 -2.011811 0.490000
v 8.479429 -1.801811 0.490000
v 9.514429 -1.911811 0.783218
v 9.514429 -1.911811 0.796782
v 9.514429 -1.371811 0.796782
v 9.514429 -1.371811 0.766783
v 9.514429 -1.911811 0.760000
v 9.514429 -2.116811 0.783218
v 9.514429 -2.116811 0.753218
v 9.404429 -2.116811 0.753218
v 9.404429 -1.911811 0.760000
v 9.404429 -2.116811 0.783218
v 9.404429 -1.911811 0.790000
v 9.404429 -1.371811 0.766783
v 9.404429 -1.371811 0.796782
v 9.264429 -1.911811 0.783218
v 9.264429 -1.911811 0.796782
v 9.264429 -1.371811 0.796782
v 9.264429 -1.371811 0.766783
v 9.264429 -1.911811 0.760000
v 9.264429 -2.116811 0.783218
v 9.264429 -2.116811 0.753218
v 9.154429 -2.116811 0.753218
v 9.154429 -1.911811 0.760000
v 9.154429 -2.116811 0.783218
v 9.154429 -1.911811 0.790000
v 9.154429 -1.371811 0.766783
v 9.154429 -1.371811 0.796782
v 9.664429 -1.298414 0.766783
v 9.662302 -1.294731 0.910723
v 9.664429 -1.911811 0.766783
v 9.661393 -1.911811 0.911536
v 9.639429 -1.255113 0.766783
v 8.579429 -1.255113 0.766783
v 9.064429 -1.911811 0.760000
v 9.064429 -1.371811 0.766783
v 8.954429 -1.371811 0.766783
v 8.954429 -1.911811 0.760000
v 8.814429 -1.911811 0.760000
v 8.814429 -1.371811 0.766783
v 8.704429 -1.371811 0.766783
v 8.554429 -1.298414 0.766783
v 8.704429 -1.911811 0.762261
v 8.554429 -1.911811 0.766783
v 8.555744 -1.296136 0.904884
v 8.559513 -1.911811 0.923605
v 9.602530 -1.296136 0.965468
v 8.610489 -1.294731 0.964657
v 9.621250 -1.911811 0.961699
v 8.609674 -1.911811 0.963747
v 9.614429 -1.211811 0.916782
v 9.614429 -1.211811 0.791783
v 8.604429 -1.211811 0.916782
v 8.604429 -1.211811 0.791783
v 8.577021 -1.259010 0.943874
v 9.641498 -1.259110 0.944208
v 8.954429 -2.116811 0.753218
v 8.954429 -2.116811 0.783218
v 8.954429 -1.911811 0.792261
v 8.954429 -1.371811 0.796782
v 9.064429 -1.911811 0.783218
v 9.064429 -1.911811 0.796782
v 9.064429 -1.371811 0.796782
v 9.064429 -2.116811 0.783218
v 9.064429 -2.116811 0.753218
v 8.704429 -2.116811 0.753218
v 8.704429 -2.116811 0.783218
v 8.704429 -1.911811 0.792261
v 8.704429 -1.371811 0.796782
v 8.814429 -1.911811 0.783218
v 8.814429 -1.911811 0.796782
v 8.814429 -1.371811 0.796782
v 8.814429 -2.116811 0.783218
v 8.814429 -2.116811 0.753218
v 9.734794 -1.911811 0.523744
v 9.736118 -1.911811 1.025115
v 9.739429 -1.911811 0.900000
v 9.714429 -1.911811 0.900000
v 8.504429 -1.911811 0.650000
v 9.589429 -1.911811 1.026667
v 9.739429 -1.911811 0.650000
v 9.714429 -1.911811 0.650000
v 8.629429 -1.911811 1.023333
v 8.599430 -2.116811 0.630000
v 9.619428 -2.116811 0.630000
v 9.619428 -2.116811 0.940000
v 8.599430 -2.116811 0.940000
v 9.424430 -2.161811 0.630000
v 9.244428 -2.161811 0.630000
v 9.174430 -2.161811 0.630000
v 9.044428 -2.161811 0.630000
v 9.834427 -2.161811 0.630000
v 9.834427 -2.161811 0.940000
v 9.739429 -2.161811 0.630000
v 9.739429 -2.161811 0.940000
v 9.494428 -2.161811 0.630000
v 9.619428 -2.161811 0.630000
v 8.599430 -2.161811 0.630000
v 8.599430 -2.161811 0.940000
v 8.480109 -2.161811 1.015176
v 8.724430 -2.161811 0.630000
v 8.494251 -2.161811 1.029318
v 8.489429 -2.161811 1.027320
v 8.485288 -2.161811 1.024142
v 8.482108 -2.161811 1.020000
v 9.619428 -2.161811 0.940000
v 9.739429 -2.161811 1.010000
v 9.738749 -2.161811 1.015176
v 9.736750 -2.161811 1.020000
v 9.733570 -2.161811 1.024142
v 9.729429 -2.161811 1.027320
v 9.724604 -2.161811 1.029318
v 9.719428 -2.161811 1.030000
v 8.499430 -2.161811 1.030000
v 9.244428 -2.121811 0.630000
v 8.794428 -2.161811 0.630000
v 8.974430 -2.161811 0.630000
v 8.794428 -2.121811 0.630000
v 8.974430 -2.121811 0.630000
v 8.724430 -2.121811 0.630000
v 9.044428 -2.121811 0.630000
v 9.494428 -2.121811 0.630000
v 9.424430 -2.121811 0.630000
v 9.174430 -2.121811 0.630000
v 8.504429 -2.011811 0.650000
v 8.504429 -2.011811 0.900000
v 9.739429 -2.011811 0.900000
v 9.739429 -2.011811 0.650000
v 9.714429 -2.011811 0.900000
v 9.714429 -2.011811 0.650000
v 9.739429 -2.011811 0.490000
v 9.736463 -2.011811 0.525084
v 8.649430 -1.481811 0.490000
v 9.569428 -1.481811 0.490000
v 9.569428 -1.801811 0.490000
v 9.739429 -1.801811 0.490000
v 8.649430 -1.801811 0.490000
v 9.739429 -2.041811 0.940000
v 9.739429 -2.041811 0.630000
v 8.629429 -2.011811 1.027500
v 9.589429 -2.011811 1.026000
v 9.769428 -2.041811 0.940000
v 9.809427 -1.761811 0.940000
v 9.769428 -1.831093 0.940000
v 9.834427 -1.761811 0.940000
v 9.824201 -1.759843 0.630000
v 9.769428 -2.041811 0.630000
v 9.769428 -1.831093 0.630000
v 8.963584 -1.935228 0.430000
v 8.930143 -1.935228 0.430000
v 8.948664 -1.893460 0.430000
v 8.945194 -1.893460 0.430000
v 8.947699 -1.889992 0.430000
v 8.946085 -1.889981 0.430000
v 8.947062 -1.886448 0.430000
v 8.946738 -1.886448 0.430000
v 9.065528 -1.885228 0.430000
v 9.065528 -1.963277 0.430000
v 9.050779 -1.885228 0.430000
v 9.051331 -1.963277 0.430000
v 9.040781 -1.962295 0.430000
v 9.011869 -1.923281 0.430000
v 9.012717 -1.913328 0.430000
v 9.015052 -1.905419 0.430000
v 9.038941 -1.886486 0.430000
v 9.032364 -1.959668 0.430000
v 9.025547 -1.955619 0.430000
v 9.019938 -1.950079 0.430000
v 9.015720 -1.943184 0.430000
v 9.012787 -1.933784 0.430000
v 9.018525 -1.899251 0.430000
v 9.023383 -1.894094 0.430000
v 9.030689 -1.889375 0.430000
v 9.201297 -1.873106 0.432000
v 8.974079 -2.121811 0.695885
v 8.959562 -2.151811 0.700302
v 8.959427 -2.121287 0.751820
v 8.959427 -2.145156 0.775164
v 8.959427 -2.040733 0.783218
v 8.959427 -2.040733 0.753218
v 9.059427 -2.130147 0.781726
v 9.059427 -2.040733 0.783218
v 9.059427 -2.040733 0.753218
v 9.059427 -2.120799 0.752205
v 9.044779 -2.151811 0.695885
v 9.059296 -2.121811 0.700302
v 9.059427 -2.151196 0.759275
v 9.039429 -2.301811 0.400000
v 8.979429 -2.301811 0.400000
v 9.039429 -2.129865 0.406655
v 8.979429 -2.128467 0.408054
v 8.979429 -2.301811 0.430000
v 9.039429 -2.301811 0.430000
v 8.979429 -2.152888 0.431077
v 9.039429 -2.152824 0.431013
v 8.977042 -2.151811 0.691843
v 9.041813 -2.121811 0.691843
v 9.244779 -2.151811 0.695885
v 9.259296 -2.121811 0.700302
v 9.259427 -2.151254 0.759169
v 9.259427 -2.121138 0.752026
v 9.259427 -2.130147 0.781726
v 9.259427 -2.040733 0.753218
v 9.259427 -2.040733 0.783218
v 9.159427 -2.145156 0.775164
v 9.159427 -2.040733 0.783218
v 9.159427 -2.040733 0.753218
v 9.159427 -2.120984 0.751996
v 9.174079 -2.121811 0.695885
v 9.159562 -2.151811 0.700302
v 9.239429 -2.301811 0.400000
v 9.179429 -2.301811 0.400000
v 9.239429 -2.129865 0.406655
v 9.179429 -2.128467 0.408054
v 9.239429 -2.301811 0.430000
v 9.179429 -2.301811 0.430000
v 9.239429 -2.152824 0.431013
v 9.179429 -2.152888 0.431077
v 9.177042 -2.151811 0.691843
v 9.241813 -2.121811 0.691843
v 8.724079 -2.121811 0.695885
v 8.709562 -2.151811 0.700302
v 8.709427 -2.120984 0.751996
v 8.709427 -2.145156 0.775164
v 8.709427 -2.040733 0.783218
v 8.709427 -2.040733 0.753218
v 8.809427 -2.130147 0.781726
v 8.809427 -2.040733 0.783218
v 8.809427 -2.040733 0.753218
v 8.809427 -2.121002 0.752098
v 8.794779 -2.151811 0.695885
v 8.809296 -2.121811 0.700302
v 8.809427 -2.151196 0.759275
v 8.789429 -2.301811 0.400000
v 8.729429 -2.301811 0.400000
v 8.789429 -2.129865 0.406655
v 8.729429 -2.128467 0.408054
v 8.729429 -2.301811 0.430000
v 8.789429 -2.301811 0.430000
v 8.729429 -2.152888 0.431077
v 8.789429 -2.152824 0.431013
v 8.727042 -2.151811 0.691843
v 8.791813 -2.121811 0.691843
v 9.494779 -2.151811 0.695885
v 9.509296 -2.121811 0.700302
v 9.509427 -2.150757 0.760074
v 9.509427 -2.120799 0.752205
v 9.509427 -2.130147 0.781726
v 9.509427 -2.040733 0.753218
v 9.509427 -2.040733 0.783218
v 9.409427 -2.129732 0.781579
v 9.409427 -2.040733 0.783218
v 9.409427 -2.040733 0.753218
v 9.409427 -2.121246 0.751845
v 9.424079 -2.121811 0.695885
v 9.409562 -2.151811 0.700302
v 9.409427 -2.150993 0.760453
v 9.489429 -2.301811 0.400000
v 9.429429 -2.301811 0.400000
v 9.489429 -2.129865 0.406655
v 9.429429 -2.128467 0.408054
v 9.489429 -2.301811 0.430000
v 9.429429 -2.301811 0.430000
v 9.489429 -2.152824 0.431013
v 9.429429 -2.152888 0.431077
v 9.427042 -2.151811 0.691843
v 9.491813 -2.121811 0.691843
v 9.509427 -1.709679 0.795968
v 9.509427 -1.489363 0.722018
v 9.409427 -1.707049 0.795505
v 9.409427 -1.486786 0.722472
v 9.509427 -1.391095 0.796782
v 9.409427 -1.391095 0.796782
v 9.509427 -1.371811 0.773801
v 9.409427 -1.371811 0.773801
v 9.509427 -1.461272 0.701316
v 9.409427 -1.464476 0.699825
v 9.509427 -1.510166 0.694503
v 9.409427 -1.513154 0.694986
v 9.509427 -1.713583 0.766139
v 9.409427 -1.713611 0.765980
v 9.409427 -2.018836 0.766783
v 9.409427 -2.018836 0.796782
v 9.509427 -2.018836 0.796782
v 9.509427 -2.018836 0.766783
v 9.259427 -1.709679 0.795968
v 9.259427 -1.489363 0.722018
v 9.159427 -1.707049 0.795505
v 9.159427 -1.486786 0.722472
v 9.259427 -1.391095 0.796782
v 9.159427 -1.391095 0.796782
v 9.259427 -1.371811 0.773801
v 9.159427 -1.371811 0.773801
v 9.259427 -1.461272 0.701316
v 9.159427 -1.464476 0.699825
v 9.259427 -1.510166 0.694503
v 9.159427 -1.513154 0.694986
v 9.259427 -1.713583 0.766139
v 9.159427 -1.713611 0.765980
v 9.159427 -2.018836 0.766783
v 9.159427 -2.018836 0.796782
v 9.259427 -2.018836 0.796782
v 9.259427 -2.018836 0.766783
v 8.959427 -1.713611 0.765980
v 8.959427 -1.513154 0.694986
v 9.059427 -1.713583 0.766139
v 9.059427 -1.510166 0.694503
v 8.959427 -1.464476 0.699825
v 9.059427 -1.461272 0.701316
v 8.959427 -1.371811 0.773801
v 9.059427 -1.371811 0.773801
v 8.959427 -1.391095 0.796782
v 9.059427 -1.391095 0.796782
v 8.959427 -1.486786 0.722472
v 9.059427 -1.489363 0.722018
v 8.959427 -1.707049 0.795505
v 9.059427 -1.709679 0.795968
v 9.059427 -2.018836 0.796782
v 9.059427 -2.018836 0.766783
v 8.959427 -2.018836 0.796782
v 8.959427 -2.018836 0.766783
v 8.709427 -1.713611 0.765980
v 8.709427 -1.513154 0.694986
v 8.809427 -1.713583 0.766139
v 8.809427 -1.510166 0.694503
v 8.709427 -1.464476 0.699825
v 8.809427 -1.461272 0.701316
v 8.709427 -1.371811 0.773801
v 8.809427 -1.371811 0.773801
v 8.709427 -1.391095 0.796782
v 8.809427 -1.391095 0.796782
v 8.709427 -1.486786 0.722472
v 8.809427 -1.489363 0.722018
v 8.709427 -1.707049 0.795505
v 8.809427 -1.709679 0.795968
v 8.809427 -2.018836 0.796782
v 8.809427 -2.018836 0.766783
v 8.709427 -2.018836 0.796782
v 8.709427 -2.018836 0.766783
v 8.449430 -2.161811 0.480000
v 8.479429 -2.161811 0.480000
v 8.449430 -2.161811 0.630000
v 9.769428 -2.161811 0.940000
v 9.767899 -2.161811 1.025939
v 9.737476 -2.161811 1.059076
v 8.491599 -2.161811 1.059901
v 8.453727 -2.161811 1.036664
v 8.449430 -2.161811 0.940000
v 8.449430 -1.161811 1.010000
v 8.449430 -1.962322 0.546534
v 8.449430 -1.966811 0.480000
v 8.449430 -1.161811 0.540000
v 8.450959 -1.316811 0.524061
v 8.449430 -1.320862 0.825949
v 8.449430 -1.662288 0.821867
v 8.449430 -1.683410 0.854756
v 8.449430 -1.532504 0.825693
v 8.449430 -1.916542 0.936585
v 8.449430 -1.916838 0.683235
v 8.448856 -1.928930 0.542187
v 8.449430 -1.673240 0.772694
v 8.450608 -1.536812 0.524098
v 8.448630 -1.922116 0.911277
v 8.448166 -1.921731 0.708995
v 8.479429 -1.161811 1.010000
v 8.479429 -1.963623 0.543572
v 8.481815 -1.316811 0.528157
v 8.479429 -1.161811 0.540000
v 8.479429 -1.321119 0.825693
v 8.479429 -1.966811 0.480000
v 8.479429 -1.916542 0.683415
v 8.478278 -1.929785 0.544582
v 8.478217 -1.921675 0.910974
v 8.479429 -1.916838 0.936765
v 8.479429 -1.672270 0.772736
v 8.478305 -1.922112 0.708725
v 8.479429 -1.532760 0.825949
v 8.479429 -1.668059 0.842676
v 8.480201 -1.536811 0.532329
v 8.633313 -1.815207 0.490000
v 8.660981 -1.286113 0.490000
v 8.633188 -1.815595 0.520000
v 8.661853 -1.285283 0.520000
v 8.950467 -1.283008 0.520000
v 8.950751 -1.282904 0.490000
v 8.987726 -1.808434 0.520000
v 8.961228 -1.294640 0.520000
v 8.987827 -1.808678 0.490000
v 8.961142 -1.294806 0.490000
v 8.664927 -1.818855 0.490000
v 8.665995 -1.817816 0.520000
v 8.974659 -1.821475 0.490000
v 8.975980 -1.820997 0.520000
v 8.935245 -1.552247 0.521051
v 8.931864 -1.487724 0.576506
v 8.683616 -1.552185 0.520902
v 8.687095 -1.485762 0.576642
v 8.919828 -1.366739 0.512845
v 8.699387 -1.367061 0.513031
v 8.931653 -1.483694 0.553414
v 8.935263 -1.552556 0.491798
v 8.687153 -1.484675 0.553346
v 8.683588 -1.552653 0.492032
v 8.698475 -1.377346 0.494474
v 8.920026 -1.377668 0.494660
v 8.952030 -1.815815 0.490000
v 8.951938 -1.816231 0.520000
v 9.719428 -1.161811 1.060000
v 9.550467 -1.283008 1.060000
v 9.561228 -1.294640 1.060000
v 9.571207 -1.823202 1.060000
v 9.550223 -1.811770 1.060000
v 8.982752 -1.819774 1.060000
v 8.951197 -1.814178 1.060000
v 8.661890 -1.822279 1.060000
v 8.499430 -1.161811 1.060000
v 9.268107 -1.282904 1.060000
v 8.935267 -1.552653 1.057968
v 8.683594 -1.552556 1.058202
v 9.587726 -1.808434 1.060000
v 8.668107 -1.282904 1.060000
v 8.957877 -1.286113 1.060000
v 9.535267 -1.552653 1.057968
v 9.283594 -1.552556 1.058202
v 9.266828 -1.815815 1.060000
v 8.657715 -1.294806 1.060000
v 9.257715 -1.294806 1.060000
v 9.234433 -1.817934 1.060000
v 8.631531 -1.810961 1.060000
v 8.931705 -1.484675 0.996654
v 8.687204 -1.483694 0.996586
v 8.920383 -1.377346 1.055526
v 8.698832 -1.377668 1.055340
v 8.699030 -1.366739 1.037155
v 8.919471 -1.367061 1.036969
v 8.686994 -1.487724 0.973494
v 8.931763 -1.485762 0.973358
v 8.935242 -1.552184 1.029101
v 8.683612 -1.552232 1.028984
v 8.647651 -1.823202 1.030000
v 8.668934 -1.811390 1.030000
v 8.972187 -1.822534 1.030000
v 9.567087 -1.822904 1.030000
v 9.587326 -1.810961 1.030000
v 9.719428 -1.161811 1.030000
v 9.557001 -1.285283 1.030000
v 9.549732 -1.810708 1.030000
v 8.950519 -1.813069 1.030000
v 9.268058 -1.813811 1.030000
v 9.283609 -1.552247 1.028949
v 9.535242 -1.552185 1.029098
v 8.957001 -1.285283 1.030000
v 8.499430 -1.161811 1.030000
v 8.660981 -1.286113 1.030000
v 9.268390 -1.283008 1.030000
v 9.236106 -1.819774 1.030000
v 8.631131 -1.808434 1.030000
v 8.987827 -1.808678 1.030000
v 9.257627 -1.294640 1.030000
v 8.484476 -1.804965 0.868433
v 8.484443 -1.804323 0.751799
v 8.454013 -1.719202 0.785974
v 8.453925 -1.718957 0.834215
v 8.480414 -1.709315 0.789277
v 8.480506 -1.709560 0.830534
v 8.513700 -1.802984 0.752284
v 8.513028 -1.804965 0.868433
v 8.449430 -1.457183 0.200000
v 8.449430 -1.436811 0.200000
v 8.479429 -1.457183 0.200000
v 8.479429 -1.436811 0.200000
v 8.515332 -1.532784 0.489813
v 8.515122 -1.492316 0.490000
v 8.481583 -1.488008 0.487847
v 8.481263 -1.365614 0.487847
v 8.515378 -1.361563 0.490000
v 8.515082 -1.321097 0.489887
v 9.703479 -1.492059 0.490000
v 9.587326 -1.810961 0.490000
v 9.557001 -1.285283 0.490000
v 9.700712 -1.525412 0.490000
v 9.719358 -1.537528 0.488915
v 8.474515 -1.926811 0.491531
v 9.703540 -1.320830 0.489804
v 9.703736 -1.361307 0.490000
v 9.556965 -1.822279 0.490000
v 9.747055 -1.926811 0.492916
v 9.737888 -1.365614 0.487488
v 9.737128 -1.488008 0.488098
v 9.719428 -1.161811 0.490000
v 9.268390 -1.283008 0.490000
v 8.499430 -1.161811 0.490000
v 9.267658 -1.814178 0.490000
v 9.283588 -1.552653 0.492032
v 9.535264 -1.552556 0.491798
v 9.236106 -1.819774 0.490000
v 9.257627 -1.294640 0.490000
v 8.522312 -1.344129 0.520000
v 8.522312 -1.515326 0.520000
v 8.499515 -1.537525 0.519198
v 8.499430 -1.161811 0.520000
v 8.505948 -1.317141 0.519484
v 9.553336 -1.818568 0.520000
v 8.492368 -1.926811 0.520265
v 9.727399 -1.926811 0.520484
v 9.703736 -1.492316 0.520000
v 9.557877 -1.286113 0.520000
v 9.704422 -1.534019 0.519457
v 9.585541 -1.815207 0.520000
v 9.268107 -1.282904 0.520000
v 9.257715 -1.294806 0.520000
v 8.506199 -1.364801 0.520000
v 8.474662 -1.365614 0.518127
v 8.498627 -1.486913 0.521772
v 9.703479 -1.361563 0.520000
v 9.700712 -1.328211 0.520000
v 9.719428 -1.161811 0.520000
v 9.719342 -1.316098 0.519198
v 9.535245 -1.552247 0.521051
v 9.283616 -1.552185 0.520902
v 9.268338 -1.813069 0.520000
v 9.744196 -1.488008 0.518127
v 9.740354 -1.365614 0.519106
v 9.236045 -1.820260 0.520000
v 8.479429 -1.416811 0.200000
v 8.479429 -1.396440 0.200000
v 8.479429 -1.358073 0.273342
v 8.479429 -1.488047 0.465010
v 8.479429 -1.519203 0.455084
v 8.479429 -1.523129 0.400227
v 8.479429 -1.495792 0.272650
v 8.479429 -1.430145 0.320000
v 8.479429 -1.365566 0.464936
v 8.479429 -1.488056 0.388298
v 8.479429 -1.349962 0.389844
v 8.479429 -1.327127 0.411604
v 8.479429 -1.365614 0.388420
v 8.479429 -1.336541 0.457206
v 8.449430 -1.488056 0.464936
v 8.452475 -1.488008 0.499014
v 8.450638 -1.365614 0.494429
v 8.449430 -1.357374 0.272487
v 8.449430 -1.396440 0.200000
v 8.449430 -1.416811 0.200000
v 8.449430 -1.365590 0.388297
v 8.449430 -1.423478 0.320000
v 8.449430 -1.364747 0.465805
v 8.449430 -1.496025 0.273095
v 8.449430 -1.488008 0.388420
v 8.449430 -1.503660 0.389844
v 8.449430 -1.526495 0.411604
v 8.449430 -1.517082 0.457206
v 8.449430 -1.332099 0.450870
v 8.449430 -1.330494 0.400227
v 8.494251 -1.161811 0.520682
v 8.489429 -1.161811 0.522679
v 8.485288 -1.161811 0.525858
v 8.482108 -1.161811 0.530000
v 8.480109 -1.161811 0.534824
v 8.475394 -1.316811 0.494946
v 8.486487 -1.161811 0.491704
v 8.474430 -1.161811 0.496699
v 8.464072 -1.161811 0.504645
v 8.456128 -1.161811 0.515000
v 8.451133 -1.161811 0.527059
v 9.739429 -2.161811 0.480000
v 9.769428 -2.161811 0.630000
v 9.769428 -2.161811 0.480000
v 8.480109 -1.161811 1.015176
v 8.482108 -1.161811 1.020000
v 8.485288 -1.161811 1.024142
v 8.489429 -1.161811 1.027320
v 8.494251 -1.161811 1.029318
v 8.476096 -1.536811 0.494889
v 8.451133 -1.161811 1.022941
v 8.456128 -1.161811 1.035000
v 8.464072 -1.161811 1.045355
v 8.474430 -1.161811 1.053301
v 8.486487 -1.161811 1.058296
v 9.740125 -1.928568 0.541447
v 9.769959 -1.930383 0.545720
v 9.287095 -1.485762 0.576642
v 9.531864 -1.487724 0.576506
v 9.519828 -1.366739 0.512845
v 9.299387 -1.367061 0.513031
v 9.287153 -1.484675 0.553346
v 9.531653 -1.483694 0.553414
v 9.298475 -1.377346 0.494474
v 9.520026 -1.377668 0.494660
v 9.287204 -1.483694 0.996586
v 9.531705 -1.484675 0.996654
v 9.520383 -1.377346 1.055526
v 9.298832 -1.377668 1.055340
v 9.299030 -1.366739 1.037155
v 9.519471 -1.367061 1.036969
v 9.286994 -1.487724 0.973494
v 9.531763 -1.485762 0.973358
v 9.769428 -1.161811 1.010000
v 9.769428 -1.963623 0.543572
v 9.761460 -1.316811 0.506069
v 9.769428 -1.161811 0.540000
v 9.769428 -1.321119 0.825693
v 9.769428 -1.966811 0.480000
v 9.769428 -1.916838 0.936765
v 9.769428 -1.532760 0.825949
v 9.770527 -1.921704 0.910990
v 9.769428 -1.916542 0.683415
v 9.769428 -1.672270 0.772736
v 9.770423 -1.922140 0.708710
v 9.769428 -1.668059 0.842676
v 9.766846 -1.536811 0.516803
v 9.734415 -1.804323 0.868201
v 9.734382 -1.804965 0.751567
v 9.764844 -1.719202 0.834026
v 9.764933 -1.718957 0.785785
v 9.738443 -1.709315 0.830723
v 9.738352 -1.709560 0.789466
v 9.705405 -1.802054 0.752621
v 9.705683 -1.805952 0.868791
v 9.740332 -1.922085 0.911260
v 9.740821 -1.921705 0.709010
v 9.739429 -1.161811 1.010000
v 9.739429 -1.962322 0.546534
v 9.739429 -1.966811 0.480000
v 9.739429 -1.161811 0.540000
v 9.738422 -1.316811 0.531817
v 9.739429 -1.320862 0.825949
v 9.738147 -1.536811 0.529382
v 9.739429 -1.673240 0.772694
v 9.739429 -1.532504 0.825693
v 9.739429 -1.916542 0.936585
v 9.739429 -1.662288 0.821867
v 9.739429 -1.683410 0.854756
v 9.739429 -1.916838 0.683235
v 9.769428 -1.436811 0.200000
v 9.769428 -1.457183 0.200000
v 9.739429 -1.436811 0.200000
v 9.739429 -1.457183 0.200000
v 9.739429 -1.488056 0.464936
v 9.739429 -1.396440 0.200000
v 9.739429 -1.416811 0.200000
v 9.739429 -1.357374 0.272487
v 9.739429 -1.365590 0.388297
v 9.739429 -1.423478 0.320000
v 9.739429 -1.496025 0.273095
v 9.739429 -1.365576 0.465010
v 9.739429 -1.488008 0.388420
v 9.739429 -1.503660 0.389844
v 9.739429 -1.334419 0.455084
v 9.739429 -1.526495 0.411604
v 9.739429 -1.517082 0.457206
v 9.739429 -1.330494 0.400227
v 9.769428 -1.349962 0.389844
v 9.769428 -1.365566 0.464936
v 9.769428 -1.365614 0.388420
v 9.769428 -1.430145 0.320000
v 9.769428 -1.358073 0.273342
v 9.769428 -1.416811 0.200000
v 9.769428 -1.396440 0.200000
v 9.769428 -1.495792 0.272650
v 9.769428 -1.488056 0.388298
v 9.767322 -1.365614 0.497761
v 9.769428 -1.488047 0.465010
v 9.767283 -1.488008 0.495962
v 9.769428 -1.519203 0.455084
v 9.769428 -1.523129 0.400227
v 9.769428 -1.327127 0.411604
v 9.769428 -1.336541 0.457206
v 9.738749 -1.161811 0.534824
v 9.736750 -1.161811 0.530000
v 9.733570 -1.161811 0.525858
v 9.729429 -1.161811 0.522679
v 9.724604 -1.161811 0.520682
v 9.767725 -1.161811 0.527059
v 9.762729 -1.161811 0.515000
v 9.754783 -1.161811 0.504645
v 9.744428 -1.161811 0.496699
v 9.732370 -1.161811 0.491704
v 9.724604 -1.161811 1.029318
v 9.729429 -1.161811 1.027320
v 9.733570 -1.161811 1.024142
v 9.736750 -1.161811 1.020000
v 9.738749 -1.161811 1.015176
v 9.732370 -1.161811 1.058296
v 9.744428 -1.161811 1.053301
v 9.754783 -1.161811 1.045355
v 9.762729 -1.161811 1.035000
v 9.767725 -1.161811 1.022941
v 11.297150 -2.810090 0.430000
v 11.294782 -2.808027 0.430000
v 11.279859 -2.792800 0.430000
v 11.284388 -2.802070 0.430000
v 11.274903 -2.811556 0.430000
v 11.227042 -2.859415 0.430000
v 11.286277 -2.816110 0.430000
v 11.227607 -2.861384 0.430000
v 11.295987 -2.823588 0.430000
v 11.302170 -2.831333 0.430000
v 11.484491 -3.404963 0.430000
v 11.311249 -3.231722 0.430000
v 11.739051 -3.150405 0.430000
v 11.339533 -3.203438 0.430000
v 11.290036 -3.153940 0.430000
v 11.113260 -2.977164 0.430000
v 11.274256 -2.929479 0.430000
v 11.162757 -3.026661 0.430000
v 11.310471 -2.965697 0.430000
v 11.305552 -2.838535 0.430000
v 11.307172 -2.846704 0.430000
v 11.306727 -2.855688 0.430000
v 11.293332 -2.879356 0.430000
v 11.284961 -2.886295 0.430000
v 11.276960 -2.890456 0.430000
v 11.247999 -2.887947 0.430000
v 11.240665 -2.882091 0.430000
v 11.255048 -2.891202 0.430000
v 11.262314 -2.892617 0.430000
v 11.269132 -2.892435 0.430000
v 11.232319 -2.871663 0.430000
v 11.219281 -2.867176 0.430000
v 11.304184 -2.864063 0.430000
v 11.298499 -2.873517 0.430000
v 11.262360 -2.905520 0.430000
v 11.282016 -2.921718 0.430000
v 11.253040 -2.903464 0.430000
v 11.243827 -2.898970 0.430000
v 11.273264 -2.905240 0.430000
v 11.283753 -2.902283 0.430000
v 11.308747 -2.948450 0.430000
v 11.316575 -2.867624 0.430000
v 11.319040 -2.856869 0.430000
v 11.371698 -2.885500 0.430000
v 11.318796 -2.844345 0.430000
v 11.315946 -2.833763 0.430000
v 11.310352 -2.823590 0.430000
v 11.308680 -2.821620 0.430000
v 11.381183 -2.894986 0.430000
v 11.261753 -3.182225 0.430000
v 11.134473 -3.054946 0.430000
v 11.234211 -2.891159 0.430000
v 11.232309 -2.889193 0.430000
v 11.293366 -2.896927 0.430000
v 11.302240 -2.889421 0.430000
v 11.311277 -2.878351 0.430000
v 11.303830 -2.815908 0.430000
v 11.194577 -2.153384 0.430000
v 11.618842 -3.030197 0.430000
v 11.845115 -2.803923 0.430000
v 10.968302 -2.379659 0.430000
v 10.848096 -2.259450 0.430000
v 11.034528 -2.689752 0.430000
v 11.061518 -2.677074 0.430000
v 11.090726 -2.706285 0.430000
v 11.120939 -2.722601 0.430000
v 11.116077 -2.732541 0.430000
v 11.087992 -2.743217 0.430000
v 11.189527 -2.705515 0.430000
v 11.178348 -2.700147 0.430000
v 11.131971 -2.645774 0.430000
v 11.114057 -2.754314 0.430000
v 11.117148 -2.765987 0.430000
v 10.971839 -2.835742 0.430000
v 10.844559 -2.708463 0.430000
v 11.077643 -2.732869 0.430000
v 10.943555 -2.864027 0.430000
v 10.816275 -2.736747 0.430000
v 11.113807 -2.742921 0.430000
v 10.795063 -2.658966 0.430000
v 10.766779 -2.687250 0.430000
v 10.593537 -2.514009 0.430000
v 11.163877 -2.819101 0.430000
v 11.201819 -2.857043 0.430000
v 11.021335 -2.885240 0.430000
v 11.084977 -3.005448 0.430000
v 10.993052 -2.913524 0.430000
v 11.223725 -2.877808 0.430000
v 11.122486 -2.636288 0.430000
v 11.024180 -2.679404 0.430000
v 11.165494 -2.697608 0.430000
v 11.165357 -2.697599 0.430000
v 11.154813 -2.698143 0.430000
v 11.145444 -2.700939 0.430000
v 11.136579 -2.706006 0.430000
v 11.129410 -2.712146 0.430000
v 11.255283 -2.784608 0.430000
v 11.232001 -2.807891 0.430000
v 11.228553 -2.757876 0.430000
v 11.206992 -2.782883 0.430000
v 11.220789 -2.734593 0.430000
v 11.200837 -2.714639 0.430000
v 11.272529 -2.786333 0.430000
v 11.236313 -2.750115 0.430000
v 11.150080 -2.805304 0.430000
v 11.199231 -2.790644 0.430000
v 11.122867 -2.776564 0.430000
v 11.130854 -2.786077 0.430000
v 11.171637 -2.811340 0.430000
v 11.200095 -2.839797 0.430000
v 11.224241 -2.815652 0.430000
v 10.657175 -2.407943 0.630000
v 10.678391 -2.429156 0.630000
v 10.593537 -2.514009 0.630000
v 10.826883 -2.181669 0.630000
v 10.806177 -2.258943 0.630000
v 10.809205 -2.163991 0.630000
v 10.526362 -2.446834 0.630000
v 10.657175 -2.407943 0.940000
v 10.806177 -2.258943 0.940000
v 10.817829 -2.169831 0.940000
v 10.593537 -2.514009 0.940000
v 10.678391 -2.429156 0.940000
v 10.526362 -2.446834 0.940000
v 10.593537 -2.514009 1.010000
v 10.772858 -2.339776 1.025710
v 10.779151 -2.346071 0.900000
v 10.699604 -2.407943 0.900000
v 10.699604 -2.407943 0.650000
v 10.770313 -2.337232 0.650000
v 10.772962 -2.339879 0.524634
v 10.702146 -2.410487 0.524290
v 10.699604 -2.407943 0.490000
v 10.848096 -2.259450 0.490000
v 11.502170 -3.069088 0.783218
v 11.502170 -3.069088 0.796782
v 11.884006 -2.687250 0.796782
v 11.884006 -2.687250 0.766783
v 11.502170 -3.069088 0.760000
v 11.357212 -3.214045 0.783218
v 11.357212 -3.214045 0.753218
v 11.279432 -3.136263 0.753218
v 11.424387 -2.991306 0.760000
v 11.279432 -3.136263 0.783218
v 11.424387 -2.991306 0.790000
v 11.806226 -2.609468 0.766783
v 11.806226 -2.609468 0.796782
v 11.325391 -2.892311 0.783218
v 11.325391 -2.892311 0.796782
v 11.707230 -2.510473 0.796782
v 11.707230 -2.510473 0.766783
v 11.325391 -2.892311 0.760000
v 11.180436 -3.037268 0.783218
v 11.180436 -3.037268 0.753218
v 11.102652 -2.959486 0.753218
v 11.247611 -2.814529 0.760000
v 11.102652 -2.959486 0.783218
v 11.247611 -2.814529 0.790000
v 11.629447 -2.432692 0.766783
v 11.629447 -2.432692 0.796782
v 12.041971 -2.741416 0.766783
v 12.043073 -2.737309 0.910723
v 11.608234 -3.175154 0.766783
v 11.606089 -3.173006 0.911536
v 12.054914 -2.693120 0.766783
v 11.305381 -1.943587 0.766783
v 11.183970 -2.750890 0.760000
v 11.565809 -2.369052 0.766783
v 11.488025 -2.291270 0.766783
v 11.106189 -2.673108 0.760000
v 11.007193 -2.574113 0.760000
v 11.389032 -2.192275 0.766783
v 11.311249 -2.114494 0.766783
v 11.257084 -1.956528 0.766783
v 10.929413 -2.496331 0.762261
v 10.823346 -2.390265 0.766783
v 11.259623 -1.955847 0.904884
v 10.826941 -2.393860 0.923605
v 11.999814 -2.696037 0.965468
v 11.299329 -1.993564 0.964657
v 11.577704 -3.144622 0.961699
v 10.862412 -2.429330 0.963747
v 12.067853 -2.644824 0.916782
v 12.067853 -2.644824 0.791783
v 11.353678 -1.930646 0.916782
v 11.353678 -1.930646 0.791783
v 11.300922 -1.944639 0.943874
v 12.053553 -2.697411 0.944208
v 10.961231 -2.818065 0.753218
v 10.961231 -2.818065 0.783218
v 11.106189 -2.673108 0.792261
v 11.488025 -2.291270 0.796782
v 11.183970 -2.750890 0.783218
v 11.183970 -2.750890 0.796782
v 11.565809 -2.369052 0.796782
v 11.039014 -2.895847 0.783218
v 11.039014 -2.895847 0.753218
v 10.784455 -2.641288 0.753218
v 10.784455 -2.641288 0.783218
v 10.929413 -2.496331 0.792261
v 11.311249 -2.114494 0.796782
v 11.007193 -2.574113 0.783218
v 11.007193 -2.574113 0.796782
v 11.389032 -2.192275 0.796782
v 10.862238 -2.719070 0.783218
v 10.862238 -2.719070 0.753218
v 11.657990 -3.224910 0.523744
v 11.658927 -3.225846 1.025115
v 11.661268 -3.228187 0.900000
v 11.643592 -3.210509 0.900000
v 10.787992 -2.354910 0.650000
v 11.555201 -3.122121 1.026667
v 11.661268 -3.228187 0.650000
v 11.643592 -3.210509 0.650000
v 10.876380 -2.443298 1.023333
v 10.710209 -2.567042 0.630000
v 11.431458 -3.288291 0.630000
v 11.431458 -3.288291 0.940000
v 10.710209 -2.567042 0.940000
v 11.261753 -3.182225 0.630000
v 11.134473 -3.054946 0.630000
v 11.084977 -3.005448 0.630000
v 10.993052 -2.913524 0.630000
v 11.551667 -3.472139 0.630000
v 11.551667 -3.472139 0.940000
v 11.484491 -3.404963 0.630000
v 11.484491 -3.404963 0.940000
v 11.311249 -3.231722 0.630000
v 11.399637 -3.320111 0.630000
v 10.678391 -2.598862 0.630000
v 10.678391 -2.598862 0.940000
v 10.594019 -2.514491 1.015176
v 10.766779 -2.687250 0.630000
v 10.604020 -2.524491 1.029318
v 10.600608 -2.521080 1.027320
v 10.597678 -2.518151 1.024142
v 10.595432 -2.515904 1.020000
v 11.399637 -3.320111 0.940000
v 11.484491 -3.404963 1.010000
v 11.484009 -3.404482 1.015176
v 11.482596 -3.403069 1.020000
v 11.480350 -3.400821 1.024142
v 11.477421 -3.397892 1.027320
v 11.474009 -3.394482 1.029318
v 11.470350 -3.390821 1.030000
v 10.607679 -2.528151 1.030000
v 11.162757 -3.026661 0.630000
v 10.816275 -2.736747 0.630000
v 10.943555 -2.864027 0.630000
v 10.844559 -2.708463 0.630000
v 10.971839 -2.835742 0.630000
v 10.795063 -2.658966 0.630000
v 11.021335 -2.885240 0.630000
v 11.339533 -3.203438 0.630000
v 11.290036 -3.153940 0.630000
v 11.113260 -2.977164 0.630000
v 10.717280 -2.425620 0.650000
v 10.717280 -2.425620 0.900000
v 11.590558 -3.298897 0.900000
v 11.590558 -3.298897 0.650000
v 11.572879 -3.281220 0.900000
v 11.572879 -3.281220 0.650000
v 11.590558 -3.298897 0.490000
v 11.588459 -3.296799 0.525084
v 11.194577 -2.153384 0.490000
v 11.845115 -2.803923 0.490000
v 11.618842 -3.030197 0.490000
v 11.739051 -3.150405 0.490000
v 10.968302 -2.379659 0.490000
v 11.569346 -3.320111 0.940000
v 11.569346 -3.320111 0.630000
v 10.805668 -2.514009 1.027500
v 11.484491 -3.192831 1.026000
v 11.590558 -3.341324 0.940000
v 11.816831 -3.171618 0.940000
v 11.739557 -3.192324 0.940000
v 11.834510 -3.189296 0.940000
v 11.828669 -3.180672 0.630000
v 11.590558 -3.341324 0.630000
v 11.739557 -3.192324 0.630000
v 11.096103 -2.696139 0.430000
v 11.072458 -2.672492 0.430000
v 11.115088 -2.656054 0.430000
v 11.112635 -2.653602 0.430000
v 11.116861 -2.652921 0.430000
v 11.115726 -2.651772 0.430000
v 11.118915 -2.649964 0.430000
v 11.118686 -2.649735 0.430000
v 11.203544 -2.732869 0.430000
v 11.148356 -2.788057 0.430000
v 11.193116 -2.722440 0.430000
v 11.138318 -2.778019 0.430000
v 11.131553 -2.769865 0.430000
v 11.138694 -2.721833 0.430000
v 11.146332 -2.715397 0.430000
v 11.153577 -2.711455 0.430000
v 11.183857 -2.714960 0.430000
v 11.127457 -2.762057 0.430000
v 11.125501 -2.754371 0.430000
v 11.125452 -2.746488 0.430000
v 11.127344 -2.738630 0.430000
v 11.131916 -2.729910 0.430000
v 11.160395 -2.709550 0.430000
v 11.167475 -2.709338 0.430000
v 11.175977 -2.711166 0.430000
v 11.308121 -2.820302 0.432000
v 10.971592 -2.835496 0.695885
v 10.940113 -2.846443 0.700302
v 10.961603 -2.824765 0.751820
v 10.944724 -2.841643 0.775164
v 11.018564 -2.767805 0.783218
v 11.018564 -2.767805 0.753218
v 11.026047 -2.901741 0.781726
v 11.089274 -2.838515 0.783218
v 11.089274 -2.838515 0.753218
v 11.032660 -2.895130 0.752205
v 11.000370 -2.906700 0.695885
v 11.031849 -2.895752 0.700302
v 11.011164 -2.916625 0.759275
v 10.890522 -3.008984 0.400000
v 10.848096 -2.966557 0.400000
v 11.012107 -2.887399 0.406655
v 10.970667 -2.843984 0.408054
v 10.848096 -2.966557 0.430000
v 10.890522 -3.008984 0.430000
v 10.953400 -2.861253 0.431077
v 10.995871 -2.903634 0.431013
v 10.952475 -2.858805 0.691843
v 11.019486 -2.883391 0.691843
v 11.141791 -3.048121 0.695885
v 11.173270 -3.037174 0.700302
v 11.152546 -3.058087 0.759169
v 11.173841 -3.036791 0.752026
v 11.167469 -3.043162 0.781726
v 11.230695 -2.979937 0.753218
v 11.230695 -2.979937 0.783218
v 11.086145 -2.983064 0.775164
v 11.159986 -2.909226 0.783218
v 11.159986 -2.909226 0.753218
v 11.103238 -2.965972 0.751996
v 11.113013 -2.976917 0.695885
v 11.081534 -2.987865 0.700302
v 11.031943 -3.150405 0.400000
v 10.989518 -3.107978 0.400000
v 11.153528 -3.028821 0.406655
v 11.112088 -2.985405 0.408054
v 11.031943 -3.150405 0.430000
v 10.989518 -3.107978 0.430000
v 11.137293 -3.045055 0.431013
v 11.094822 -3.002674 0.431077
v 11.093897 -3.000226 0.691843
v 11.160907 -3.024812 0.691843
v 10.794816 -2.658719 0.695885
v 10.763337 -2.669667 0.700302
v 10.785041 -2.647774 0.751996
v 10.767948 -2.664866 0.775164
v 10.841788 -2.591028 0.783218
v 10.841788 -2.591028 0.753218
v 10.849271 -2.724964 0.781726
v 10.912497 -2.661739 0.783218
v 10.912497 -2.661739 0.753218
v 10.855738 -2.718498 0.752098
v 10.823594 -2.729923 0.695885
v 10.855072 -2.718975 0.700302
v 10.834388 -2.739848 0.759275
v 10.713746 -2.832207 0.400000
v 10.671317 -2.789780 0.400000
v 10.835331 -2.710623 0.406655
v 10.793891 -2.667207 0.408054
v 10.671317 -2.789780 0.430000
v 10.713746 -2.832207 0.430000
v 10.776624 -2.684476 0.431077
v 10.819095 -2.726857 0.431013
v 10.775699 -2.682028 0.691843
v 10.842710 -2.706614 0.691843
v 11.318567 -3.224898 0.695885
v 11.350046 -3.213950 0.700302
v 11.329673 -3.234512 0.760074
v 11.350858 -3.213329 0.752205
v 11.344248 -3.219939 0.781726
v 11.407471 -3.156713 0.753218
v 11.407471 -3.156713 0.783218
v 11.273829 -3.148935 0.781579
v 11.336762 -3.086003 0.783218
v 11.336762 -3.086003 0.753218
v 11.279831 -3.142934 0.751845
v 11.289789 -3.153694 0.695885
v 11.258310 -3.164641 0.700302
v 11.258796 -3.163968 0.760453
v 11.208719 -3.327182 0.400000
v 11.166294 -3.284755 0.400000
v 11.330304 -3.205597 0.406655
v 11.288868 -3.162182 0.408054
v 11.208719 -3.327182 0.430000
v 11.166294 -3.284755 0.430000
v 11.314069 -3.221832 0.431013
v 11.271598 -3.179451 0.431077
v 11.270673 -3.177003 0.691843
v 11.337687 -3.201589 0.691843
v 11.641562 -2.922623 0.795968
v 11.797348 -2.766836 0.722018
v 11.572712 -2.850053 0.795505
v 11.728461 -2.694303 0.722472
v 11.866834 -2.697350 0.796782
v 11.796125 -2.626639 0.796782
v 11.880472 -2.683715 0.773801
v 11.809760 -2.613004 0.773801
v 11.817212 -2.746973 0.701316
v 11.744236 -2.678528 0.699825
v 11.782639 -2.781546 0.694503
v 11.709815 -2.712948 0.694986
v 11.638804 -2.925383 0.766139
v 11.568073 -2.854693 0.765980
v 11.352244 -3.070519 0.766783
v 11.352244 -3.070519 0.796782
v 11.422956 -3.141230 0.796782
v 11.422956 -3.141230 0.766783
v 11.464786 -2.745846 0.795968
v 11.620572 -2.590059 0.722018
v 11.395936 -2.673276 0.795505
v 11.551685 -2.517526 0.722472
v 11.690058 -2.520573 0.796782
v 11.619349 -2.449863 0.796782
v 11.703693 -2.506938 0.773801
v 11.632984 -2.436227 0.773801
v 11.640436 -2.570196 0.701316
v 11.567460 -2.501751 0.699825
v 11.605863 -2.604770 0.694503
v 11.533039 -2.536171 0.694986
v 11.462024 -2.748607 0.766139
v 11.391294 -2.677916 0.765980
v 11.175467 -2.893743 0.766783
v 11.175467 -2.893743 0.796782
v 11.246180 -2.964454 0.796782
v 11.246180 -2.964454 0.766783
v 11.249872 -2.536494 0.765980
v 11.391617 -2.394750 0.694986
v 11.320603 -2.607185 0.766139
v 11.464441 -2.463348 0.694503
v 11.426038 -2.360329 0.699825
v 11.499015 -2.428775 0.701316
v 11.491562 -2.294806 0.773801
v 11.562272 -2.365517 0.773801
v 11.477927 -2.308441 0.796782
v 11.548636 -2.379152 0.796782
v 11.410264 -2.376105 0.722472
v 11.479151 -2.448638 0.722018
v 11.254514 -2.531855 0.795505
v 11.323365 -2.604425 0.795968
v 11.104758 -2.823032 0.796782
v 11.104758 -2.823032 0.766783
v 11.034046 -2.752321 0.796782
v 11.034046 -2.752321 0.766783
v 11.073096 -2.359718 0.765980
v 11.214841 -2.217973 0.694986
v 11.143827 -2.430409 0.766139
v 11.287665 -2.286572 0.694503
v 11.249262 -2.183553 0.699825
v 11.322239 -2.251998 0.701316
v 11.314786 -2.118029 0.773801
v 11.385495 -2.188740 0.773801
v 11.301151 -2.131665 0.796782
v 11.371860 -2.202375 0.796782
v 11.233487 -2.199328 0.722472
v 11.302375 -2.271861 0.722018
v 11.077738 -2.355078 0.795505
v 11.146589 -2.427648 0.795968
v 10.927982 -2.646256 0.796782
v 10.927982 -2.646256 0.766783
v 10.857270 -2.575545 0.796782
v 10.857270 -2.575545 0.766783
v 10.572324 -2.492796 0.480000
v 10.593537 -2.514009 0.480000
v 10.572324 -2.492796 0.630000
v 11.505704 -3.426177 0.940000
v 11.504624 -3.425095 1.025939
v 11.483109 -3.403582 1.059076
v 10.602143 -2.522614 1.059901
v 10.575364 -2.495835 1.036664
v 10.572324 -2.492796 0.940000
v 11.279432 -1.785689 1.010000
v 10.713382 -2.351736 0.546534
v 10.710209 -2.354910 0.480000
v 11.279432 -1.785689 0.540000
v 11.170911 -1.896372 0.524061
v 11.166965 -1.898155 0.825949
v 10.925541 -2.139580 0.821867
v 10.910605 -2.154515 0.854756
v 11.017310 -2.047808 0.825693
v 10.745755 -2.319364 0.936585
v 10.745545 -2.319573 0.683235
v 10.736591 -2.327719 0.542187
v 10.917795 -2.147324 0.772694
v 11.015098 -2.051687 0.524098
v 10.741248 -2.322740 0.911277
v 10.741193 -2.322141 0.708995
v 11.300644 -1.806902 1.010000
v 10.733677 -2.373869 0.543572
v 11.192728 -1.918190 0.528157
v 11.300644 -1.806902 0.540000
v 11.187995 -1.919549 0.825693
v 10.731421 -2.376123 0.480000
v 10.766968 -2.340578 0.683415
v 10.756791 -2.349128 0.544582
v 10.762482 -2.343350 0.910974
v 10.766758 -2.340786 0.936765
v 10.939695 -2.167851 0.772736
v 10.762235 -2.343721 0.708725
v 11.038343 -2.069203 0.825949
v 10.942673 -2.164873 0.842676
v 11.036023 -2.072613 0.532329
v 10.947437 -2.377737 0.490000
v 11.341126 -2.023173 0.490000
v 10.947074 -2.377922 0.520000
v 11.342331 -2.023205 0.520000
v 11.548020 -2.225675 0.520000
v 11.548291 -2.225803 0.490000
v 11.202832 -2.623553 0.520000
v 11.547403 -2.241511 0.520000
v 11.202732 -2.623798 0.490000
v 11.547223 -2.241566 0.490000
v 10.967209 -2.402669 0.490000
v 10.968702 -2.402690 0.520000
v 11.184369 -2.623535 0.490000
v 11.185642 -2.624132 0.520000
v 11.346875 -2.405294 0.521051
v 11.390110 -2.357278 0.576506
v 11.168989 -2.227319 0.520902
v 11.218418 -2.182812 0.576642
v 11.467145 -2.263216 0.512845
v 11.311045 -2.107569 0.513031
v 11.392811 -2.354279 0.553414
v 11.346668 -2.405524 0.491798
v 11.219227 -2.182084 0.553346
v 11.168641 -2.227632 0.492032
v 11.303125 -2.114197 0.494474
v 11.459559 -2.271086 0.494660
v 11.172373 -2.603532 0.490000
v 11.172013 -2.603762 0.520000
v 12.177457 -2.683715 1.060000
v 11.972281 -2.649939 1.060000
v 11.971668 -2.665775 1.060000
v 11.604972 -3.046579 1.060000
v 11.598218 -3.023657 1.060000
v 11.191297 -2.628055 1.060000
v 11.172941 -2.601787 1.060000
v 10.962644 -2.402944 1.060000
v 11.314786 -1.821044 1.060000
v 11.772696 -2.450208 1.060000
v 11.346604 -2.405596 1.057968
v 11.168711 -2.227568 1.058202
v 11.627097 -3.047817 1.060000
v 11.348432 -2.025944 1.060000
v 11.551062 -2.233111 1.060000
v 11.770868 -2.829860 1.057968
v 11.592975 -2.651832 1.058202
v 11.394968 -2.826127 1.060000
v 11.332670 -2.027012 1.060000
v 11.756934 -2.451276 1.060000
v 11.370563 -2.804720 1.060000
v 10.949176 -2.373473 1.060000
v 11.392151 -2.355009 0.996654
v 11.219956 -2.181427 0.996586
v 11.460038 -2.271109 1.055526
v 11.303150 -2.114676 1.055340
v 11.311020 -2.107090 1.037155
v 11.466666 -2.263193 1.036969
v 11.216959 -2.184127 0.973494
v 11.391425 -2.355818 0.973358
v 11.346918 -2.405247 1.029101
v 11.168955 -2.227350 1.028984
v 10.951920 -2.393527 1.030000
v 10.975324 -2.400225 1.030000
v 11.181873 -2.622536 1.030000
v 11.602271 -3.043457 1.030000
v 11.625028 -3.049323 1.030000
v 12.177457 -2.683715 1.030000
v 11.975296 -2.656170 1.030000
v 11.598624 -3.022560 1.030000
v 11.173246 -2.600522 1.030000
v 11.397254 -2.825581 1.030000
v 11.593207 -2.651624 1.028949
v 11.771183 -2.829511 1.029098
v 11.551032 -2.231906 1.030000
v 11.314786 -1.821044 1.030000
v 11.341126 -2.023173 1.030000
v 11.772825 -2.450481 1.030000
v 11.370444 -2.807203 1.030000
v 10.950684 -2.371404 1.030000
v 11.202732 -2.623798 1.030000
v 11.756989 -2.451097 1.030000
v 10.849433 -2.265250 0.868433
v 10.849863 -2.264772 0.751799
v 10.888538 -2.183066 0.785974
v 10.888648 -2.182829 0.834215
v 10.914197 -2.194743 0.789277
v 10.914087 -2.194980 0.830534
v 10.871500 -2.284512 0.752284
v 10.869623 -2.285440 0.868433
v 11.070572 -1.994548 0.200000
v 11.084977 -1.980143 0.200000
v 11.091785 -2.015761 0.200000
v 11.106189 -2.001356 0.200000
v 11.063715 -2.094607 0.489813
v 11.092179 -2.065842 0.490000
v 11.071509 -2.039081 0.487847
v 11.157831 -1.952310 0.487847
v 11.184818 -1.973568 0.490000
v 11.213224 -1.944745 0.489887
v 11.932657 -2.905957 0.490000
v 11.625028 -3.049323 0.490000
v 11.975296 -2.656170 0.490000
v 11.907117 -2.927584 0.490000
v 11.911734 -2.949336 0.488915
v 10.756232 -2.344364 0.491531
v 12.053779 -2.784924 0.489804
v 12.025293 -2.813683 0.490000
v 11.595557 -3.035857 0.490000
v 11.656055 -3.244187 0.492916
v 12.046396 -2.840878 0.487488
v 11.959314 -2.926885 0.488098
v 12.177457 -2.683715 0.490000
v 11.772825 -2.450481 0.490000
v 11.314786 -1.821044 0.490000
v 11.396714 -2.825558 0.490000
v 11.592905 -2.651896 0.492032
v 11.770932 -2.829788 0.491798
v 11.370444 -2.807203 0.490000
v 11.756989 -2.451097 0.490000
v 11.202048 -1.966143 0.520000
v 11.080994 -2.087198 0.520000
v 11.049176 -2.086775 0.519198
v 11.314786 -1.821044 0.520000
v 11.209562 -1.935489 0.519484
v 11.595612 -3.030666 0.520000
v 10.768857 -2.356989 0.520265
v 11.642154 -3.230287 0.520484
v 11.932657 -2.906320 0.520000
v 11.975327 -2.657375 0.520000
v 11.903653 -2.936294 0.519457
v 11.620765 -3.051063 0.520000
v 11.772696 -2.450208 0.520000
v 11.756934 -2.451276 0.520000
v 11.176038 -1.969367 0.520000
v 11.153162 -1.947642 0.518127
v 11.084336 -2.050359 0.521772
v 12.024933 -2.813683 0.520000
v 12.046558 -2.788141 0.520000
v 12.177457 -2.683715 0.520000
v 12.068296 -2.792750 0.519198
v 11.771140 -2.829557 0.521051
v 11.593253 -2.651583 0.520902
v 11.397977 -2.825255 0.520000
v 11.964313 -2.931883 0.518127
v 12.048142 -2.842621 0.519106
v 11.370057 -2.807503 0.520000
v 11.120331 -1.987214 0.200000
v 11.134736 -1.972810 0.200000
v 11.161866 -1.945680 0.273342
v 11.069959 -2.037585 0.465010
v 11.047928 -2.059617 0.455084
v 11.045154 -2.062392 0.400227
v 11.064484 -2.043062 0.272650
v 11.110904 -1.996642 0.320000
v 11.156568 -1.950978 0.464936
v 11.069953 -2.037592 0.388298
v 11.167600 -1.939945 0.389844
v 11.183747 -1.923798 0.411604
v 11.156534 -1.951013 0.388420
v 11.177091 -1.930455 0.457206
v 11.048740 -2.016379 0.464936
v 11.050928 -2.018498 0.499014
v 11.136173 -1.930654 0.494429
v 11.141147 -1.923973 0.272487
v 11.113523 -1.951596 0.200000
v 11.099119 -1.966001 0.200000
v 11.135337 -1.929782 0.388297
v 11.094404 -1.970715 0.320000
v 11.135932 -1.929186 0.465805
v 11.043107 -2.022014 0.273095
v 11.048774 -2.016345 0.388420
v 11.037708 -2.027413 0.389844
v 11.021561 -2.043559 0.411604
v 11.028217 -2.036903 0.457206
v 11.159018 -1.906100 0.450870
v 11.160154 -1.904965 0.400227
v 11.311124 -1.817384 0.520682
v 11.307715 -1.813973 0.522679
v 11.304786 -1.811044 0.525858
v 11.302540 -1.808797 0.530000
v 11.301127 -1.807384 0.534824
v 11.188187 -1.913650 0.494946
v 11.305634 -1.811893 0.491704
v 11.297107 -1.803366 0.496699
v 11.289786 -1.796044 0.504645
v 11.284168 -1.790426 0.515000
v 11.280634 -1.786893 0.527059
v 11.484491 -3.404963 0.480000
v 11.505704 -3.426177 0.630000
v 11.505704 -3.426177 0.480000
v 11.301127 -1.807384 1.015176
v 11.302540 -1.808797 1.020000
v 11.304786 -1.811044 1.024142
v 11.307715 -1.813973 1.027320
v 11.311124 -1.817384 1.029318
v 11.033121 -2.069710 0.494889
v 11.280634 -1.786893 1.022941
v 11.284168 -1.790426 1.035000
v 11.289786 -1.796044 1.045355
v 11.297107 -1.803366 1.053301
v 11.305634 -1.811893 1.058296
v 11.649912 -3.240527 0.541447
v 11.669724 -3.262906 0.545720
v 11.642682 -2.607076 0.576642
v 11.814374 -2.781542 0.576506
v 11.891410 -2.687480 0.512845
v 11.735306 -2.531833 0.513031
v 11.643491 -2.606348 0.553346
v 11.817075 -2.778543 0.553414
v 11.727390 -2.538461 0.494474
v 11.883823 -2.695350 0.494660
v 11.644220 -2.605691 0.996586
v 11.816416 -2.779273 0.996654
v 11.884302 -2.695373 1.055526
v 11.727414 -2.538940 1.055340
v 11.735285 -2.531355 1.037155
v 11.890931 -2.687457 1.036969
v 11.641221 -2.608391 0.973494
v 11.815687 -2.780082 0.973358
v 12.212812 -2.719070 1.010000
v 11.645844 -3.286037 0.543572
v 12.097574 -2.823036 0.506069
v 12.212812 -2.719070 0.540000
v 12.100165 -2.831717 0.825693
v 11.643592 -3.288291 0.480000
v 11.678928 -3.252954 0.936765
v 11.950510 -2.981370 0.825949
v 11.676264 -3.257172 0.910990
v 11.679136 -3.252745 0.683415
v 11.851862 -3.080019 0.772736
v 11.675879 -3.257406 0.708710
v 11.854841 -3.077041 0.842676
v 11.945820 -2.982409 0.516803
v 11.733729 -3.148636 0.868201
v 11.733249 -3.149066 0.751567
v 11.815433 -3.109963 0.834026
v 11.815671 -3.109852 0.785785
v 11.803757 -3.084303 0.830723
v 11.803519 -3.084413 0.789466
v 11.714820 -3.126517 0.752621
v 11.712262 -3.129472 0.868791
v 11.654642 -3.236090 0.911260
v 11.655256 -3.236166 0.709010
v 12.191599 -2.697857 1.010000
v 11.625550 -3.263903 0.546534
v 11.622376 -3.267078 0.480000
v 12.191599 -2.697857 0.540000
v 12.081284 -2.806747 0.531817
v 12.079133 -2.810323 0.825949
v 11.925528 -2.962116 0.529382
v 11.829963 -3.059492 0.772694
v 11.929477 -2.959976 0.825693
v 11.657923 -3.231532 0.936585
v 11.837708 -3.051748 0.821867
v 11.822773 -3.066683 0.854756
v 11.657712 -3.231741 0.683235
v 12.018357 -2.913524 0.200000
v 12.003953 -2.927929 0.200000
v 11.997144 -2.892311 0.200000
v 11.982740 -2.906716 0.200000
v 11.960907 -2.928547 0.464936
v 12.025690 -2.863764 0.200000
v 12.011286 -2.878169 0.200000
v 12.053315 -2.836141 0.272487
v 12.047504 -2.841950 0.388297
v 12.006571 -2.882883 0.320000
v 11.955274 -2.934181 0.273095
v 12.047516 -2.841940 0.465010
v 11.960941 -2.928513 0.388420
v 11.949875 -2.939580 0.389844
v 12.069547 -2.819909 0.455084
v 11.933729 -2.955727 0.411604
v 11.940384 -2.949071 0.457206
v 12.072321 -2.817133 0.400227
v 12.079767 -2.852113 0.389844
v 12.068735 -2.863146 0.464936
v 12.068702 -2.863180 0.388420
v 12.023072 -2.908810 0.320000
v 12.074033 -2.857848 0.273342
v 12.032499 -2.899382 0.200000
v 12.046903 -2.884977 0.200000
v 11.976651 -2.955230 0.272650
v 11.982120 -2.949760 0.388298
v 12.067212 -2.861692 0.497761
v 11.982126 -2.949753 0.465010
v 11.980637 -2.948208 0.495962
v 11.960096 -2.971784 0.455084
v 11.957322 -2.974560 0.400227
v 12.095914 -2.835966 0.411604
v 12.089258 -2.842622 0.457206
v 12.191117 -2.697375 0.534824
v 12.189704 -2.695962 0.530000
v 12.187455 -2.693715 0.525858
v 12.184528 -2.690785 0.522679
v 12.181116 -2.687375 0.520682
v 12.211606 -2.717865 0.527059
v 12.208075 -2.714333 0.515000
v 12.202457 -2.708715 0.504645
v 12.195133 -2.701392 0.496699
v 12.186606 -2.692865 0.491704
v 12.181116 -2.687375 1.029318
v 12.184528 -2.690785 1.027320
v 12.187455 -2.693715 1.024142
v 12.189704 -2.695962 1.020000
v 12.191117 -2.697375 1.015176
v 12.186606 -2.692865 1.058296
v 12.195133 -2.701392 1.053301
v 12.202457 -2.708715 1.045355
v 12.208075 -2.714333 1.035000
v 12.211606 -2.717865 1.022941
v 10.509827 -7.246169 0.409791
v 10.632450 -7.199573 0.414256
v 10.664594 -7.381232 0.409791
v 10.094254 -6.987778 0.409791
v 10.027054 -7.067325 0.409791
v 9.829926 -7.098287 0.410460
v 9.979798 -7.087081 0.409791
v 9.883515 -7.274231 0.412002
v 10.151371 -7.124399 0.409791
v 10.141077 -7.125068 0.409791
v 10.135901 -7.112691 0.409791
v 10.109797 -7.050246 0.409791
v 10.127372 -7.121486 0.409791
v 10.107758 -7.050021 0.409791
v 10.116767 -7.127631 0.409791
v 10.107254 -7.130409 0.409791
v 10.099308 -7.130804 0.409791
v 10.091135 -7.129202 0.409791
v 10.082993 -7.125380 0.409791
v 10.066181 -7.104004 0.409791
v 10.062940 -7.093626 0.409791
v 10.062128 -7.084623 0.409791
v 10.075406 -7.058830 0.409791
v 10.083646 -7.054240 0.409791
v 10.069724 -7.064124 0.409791
v 10.065665 -7.070316 0.409791
v 10.063273 -7.076633 0.409791
v 10.096460 -7.050478 0.409791
v 10.053708 -7.065465 0.409791
v 10.031287 -7.077451 0.409791
v 10.059140 -7.057613 0.409791
v 10.066831 -7.050758 0.409791
v 10.076209 -7.119847 0.409791
v 10.069623 -7.110999 0.409791
v 10.067975 -7.129745 0.409791
v 10.076954 -7.136175 0.409791
v 10.030747 -7.174169 0.409791
v 10.088566 -7.140766 0.409791
v 10.099451 -7.142227 0.409791
v 10.105561 -7.040120 0.409791
v 10.094040 -7.040193 0.409791
v 10.080246 -7.043815 0.409791
v 10.049842 -7.075660 0.409791
v 10.048606 -7.086488 0.409791
v 9.996409 -7.092033 0.409791
v 10.111011 -7.140988 0.409791
v 10.113993 -7.140025 0.409791
v 10.018369 -7.179343 0.409791
v 10.077707 -7.044826 0.409791
v 10.049924 -7.097415 0.409791
v 10.053489 -7.108422 0.409791
v 10.060004 -7.120558 0.409791
v 10.083347 -7.424748 0.409791
v 10.319132 -7.525662 0.409791
v 10.070429 -7.629638 0.409791
v 9.982917 -7.471128 0.411080
v 10.120893 -7.137801 0.409791
v 10.001474 -7.229584 0.409791
v 10.128812 -7.133830 0.409791
v 10.131620 -7.132422 0.409791
v 10.524128 -7.006406 0.410329
v 10.427955 -7.051005 0.409791
v 10.276685 -7.004081 0.409791
v 10.269358 -6.995809 0.409791
v 10.270084 -6.965720 0.409791
v 10.171070 -7.007115 0.409791
v 10.121564 -7.027812 0.409791
v 10.341327 -6.966336 0.409791
v 10.303211 -6.982270 0.409791
v 10.339841 -6.936555 0.409791
v 10.283585 -6.960075 0.409791
v 10.470969 -6.830281 0.411171
v 10.260630 -6.989754 0.409791
v 10.250004 -6.985640 0.409791
v 10.238050 -6.984048 0.409791
v 10.203159 -7.090190 0.409791
v 10.168280 -7.104772 0.409791
v 10.155579 -7.074394 0.409791
v 10.266013 -7.074253 0.409791
v 10.275278 -7.066062 0.409791
v 10.343537 -7.043398 0.409791
v 10.227646 -7.091850 0.409791
v 10.188208 -7.060752 0.409791
v 10.189072 -6.999588 0.409791
v 10.183976 -7.050626 0.409791
v 10.253681 -7.080964 0.409791
v 10.226090 -6.985302 0.409791
v 10.214161 -6.989099 0.409791
v 10.175306 -7.017240 0.409791
v 10.138175 -7.032764 0.409791
v 10.151346 -7.064267 0.409791
v 10.207395 -7.100317 0.409791
v 10.160138 -7.120073 0.409791
v 10.282679 -7.055093 0.409791
v 10.283426 -7.053527 0.409791
v 10.286625 -7.043652 0.409791
v 10.287354 -7.033893 0.409791
v 10.285813 -7.023782 0.409791
v 10.283103 -7.015833 0.409791
v 10.355912 -7.038224 0.409791
v 10.353345 -6.930910 0.409791
v 10.216712 -6.854151 0.725792
v 10.234217 -6.891723 0.725792
v 10.216700 -6.856487 0.695792
v 10.235383 -6.892201 0.695792
v 10.399366 -6.697334 0.694793
v 10.414878 -6.691150 0.723414
v 10.469855 -6.670521 0.682902
v 10.350589 -6.722697 0.695792
v 10.350254 -6.722559 0.725792
v 10.497184 -6.656740 0.570791
v 10.498511 -6.659912 0.328460
v 10.469507 -6.668311 0.570791
v 10.470643 -6.671028 0.331183
v 10.708951 -7.168033 0.506310
v 10.779920 -7.333016 0.534791
v 10.777704 -7.333943 0.510405
v 10.771140 -7.336686 0.486956
v 10.760483 -7.341142 0.465345
v 10.683396 -7.178273 0.453459
v 10.746143 -7.347138 0.446403
v 10.728666 -7.354444 0.430858
v 10.708728 -7.362780 0.419307
v 10.687092 -7.371825 0.412193
v 10.627521 -7.201634 0.444240
v 10.664594 -7.381232 0.439792
v 10.684098 -7.373078 0.442173
v 10.712980 -7.361002 0.454940
v 10.674241 -7.182100 0.490458
v 10.733118 -7.352582 0.475560
v 10.743561 -7.348216 0.493572
v 10.750043 -7.345506 0.513652
v 10.682697 -7.177770 0.541307
v 10.752240 -7.344588 0.534791
v 10.625629 -6.963970 0.534791
v 10.554313 -6.795216 0.519639
v 10.552057 -6.788095 0.530886
v 10.548923 -6.780497 0.534399
v 10.545331 -6.771901 0.534491
v 10.614948 -6.968437 0.476137
v 10.535129 -6.803458 0.461907
v 10.566687 -6.988613 0.425129
v 9.995133 -6.937880 0.725792
v 9.958936 -6.881772 0.725247
v 10.385660 -6.821076 0.725792
v 10.664594 -7.381232 0.725792
v 10.378434 -6.835789 0.725792
v 10.210044 -6.776788 0.725227
v 10.225126 -6.841726 0.725792
v 10.070429 -7.629638 0.725792
v 9.878315 -7.043269 0.725792
v 9.865796 -7.034707 0.725792
v 9.752619 -6.968025 0.722370
v 10.023996 -6.972279 0.725792
v 10.016770 -6.986993 0.725792
v 9.863172 -7.030194 0.725792
v 9.825544 -6.946378 0.725792
v 9.809885 -6.944457 0.725792
v 10.013050 -6.944364 0.725792
v 10.510859 -6.727143 0.660276
v 10.496094 -6.724276 0.678692
v 10.778425 -7.333641 0.636156
v 10.746143 -7.347138 0.689180
v 10.523981 -6.721407 0.614174
v 10.728666 -7.354444 0.704725
v 10.708728 -7.362780 0.716276
v 10.687092 -7.371825 0.723390
v 10.708185 -7.161434 0.551577
v 10.664978 -7.058089 0.333426
v 10.662360 -7.051821 0.406251
v 10.696247 -7.132875 0.548799
v 10.693924 -7.127324 0.331183
v 10.683197 -7.101666 0.310000
v 10.673346 -7.078099 0.312931
v 10.518863 -6.708596 0.571506
v 10.540067 -6.759309 0.523691
v 10.641147 -7.001087 0.426311
v 10.639289 -6.996638 0.550842
v 10.627775 -6.969100 0.550444
v 10.528647 -6.731995 0.310845
v 10.509391 -6.685939 0.310526
v 10.523618 -6.719965 0.581488
v 10.538477 -6.755511 0.331183
v 10.645630 -7.011809 0.411361
v 10.642496 -7.004314 0.417905
v 9.996756 -7.660439 0.482347
v 9.988883 -7.663731 0.446403
v 10.015781 -7.652485 0.460518
v 10.006357 -7.656425 0.430858
v 10.032401 -7.645537 0.449199
v 10.026297 -7.648089 0.419307
v 10.058643 -7.634566 0.440273
v 10.047931 -7.639044 0.412193
v 9.999860 -7.659140 0.658916
v 9.988883 -7.663731 0.689180
v 9.956821 -7.677135 0.637573
v 9.984980 -7.665363 0.621931
v 9.982782 -7.666281 0.600792
v 9.982782 -7.666281 0.534791
v 9.955103 -7.677854 0.534791
v 9.984980 -7.665363 0.513652
v 9.957319 -7.676927 0.510405
v 9.963883 -7.674183 0.486956
v 9.974540 -7.669727 0.465345
v 10.752240 -7.344588 0.600792
v 10.750043 -7.345506 0.621931
v 10.743561 -7.348216 0.642011
v 10.733118 -7.352582 0.660023
v 10.700840 -7.366077 0.688552
v 10.664594 -7.381232 0.695792
v 10.070429 -7.629638 0.695792
v 10.050925 -7.637792 0.693410
v 10.047931 -7.639044 0.723390
v 10.032401 -7.645537 0.686384
v 10.026297 -7.648089 0.716276
v 10.006357 -7.656425 0.704725
v 10.599335 -6.977790 0.547785
v 10.518299 -6.785018 0.535331
v 10.526026 -6.803838 0.527670
v 10.591083 -6.978415 0.494405
v 10.439716 -6.843347 0.439792
v 10.545279 -6.997563 0.444888
v 10.459220 -6.835194 0.442173
v 10.477744 -6.827448 0.449199
v 10.494364 -6.820500 0.460518
v 10.508243 -6.814698 0.475560
v 10.518683 -6.810333 0.493572
v 10.525168 -6.807623 0.513652
v 10.083011 -7.424611 0.439792
v 9.966022 -7.478190 0.444888
v 9.883783 -7.274120 0.444240
v 10.001615 -7.229248 0.439792
v 9.845554 -7.091753 0.439792
v 10.509690 -7.246504 0.439792
v 10.428290 -7.051142 0.439792
v 10.385999 -6.828266 0.695792
v 9.965610 -6.878980 0.695573
v 10.226804 -6.840247 0.695934
v 10.204529 -6.779093 0.695355
v 10.009333 -6.940027 0.695792
v 9.990873 -6.938754 0.695569
v 9.822425 -6.943233 0.695792
v 9.873716 -7.043404 0.695792
v 9.772895 -6.959441 0.695014
v 10.024332 -6.979470 0.695792
v 10.496360 -6.732339 0.583364
v 10.492621 -6.734519 0.630524
v 10.469898 -6.742951 0.669412
v 10.451270 -6.736057 0.680302
v 10.429187 -6.689571 0.681933
v 10.677884 -7.166733 0.554306
v 10.512430 -6.770982 0.523392
v 10.491251 -6.720324 0.571403
v 10.668613 -7.144553 0.548364
v 10.635080 -7.064349 0.405157
v 10.613144 -7.011882 0.541167
v 10.615168 -7.016722 0.413535
v 10.480472 -6.694543 0.310845
v 10.503684 -6.750063 0.312736
v 10.608454 -7.000662 0.554306
v 10.511530 -6.768827 0.338223
v 10.666605 -7.139755 0.333426
v 10.637659 -7.070520 0.331183
v 10.658240 -7.119745 0.312931
v 10.648386 -7.096179 0.310000
v 9.730054 -7.138893 0.523843
v 9.760102 -7.127479 0.513652
v 9.742463 -7.134853 0.477563
v 9.766584 -7.124769 0.493572
v 9.777027 -7.120403 0.475560
v 9.778309 -7.119867 0.431377
v 9.790906 -7.114600 0.460518
v 9.826050 -7.099908 0.442173
v 9.807523 -7.107653 0.449199
v 9.857380 -6.928896 0.627509
v 9.843238 -6.934531 0.653361
v 10.315601 -6.737047 0.627380
v 10.329334 -6.731583 0.653489
v 10.337244 -6.789391 0.627509
v 10.351386 -6.783756 0.653361
v 10.227448 -6.840148 0.725716
v 10.225275 -6.841609 0.725791
v 10.225275 -6.841609 0.725792
v 9.701331 -6.991954 0.682738
v 9.673502 -7.004294 0.331183
v 9.672367 -7.001577 0.570791
v 9.700452 -6.990977 0.338223
v 9.700046 -6.990006 0.570791
v 9.933756 -7.491681 0.431377
v 9.889515 -7.511073 0.496552
v 9.912882 -7.499349 0.542889
v 9.919715 -7.497550 0.495421
v 9.722510 -7.121517 0.534791
v 9.723517 -7.123924 0.534621
v 9.800812 -7.308807 0.534791
v 9.725367 -7.128335 0.533493
v 9.805402 -7.306890 0.497434
v 9.827909 -7.297480 0.453459
v 9.717032 -7.058063 0.668692
v 9.699598 -7.066064 0.615926
v 9.720087 -7.041750 0.680300
v 9.883527 -7.506653 0.550444
v 9.871680 -7.478317 0.546678
v 9.875666 -7.487846 0.554333
v 9.815058 -7.342877 0.548799
v 9.817624 -7.349021 0.415421
v 9.836701 -7.394650 0.407234
v 9.714930 -7.103381 0.518699
v 9.716236 -7.106503 0.526678
v 9.697806 -7.062422 0.574843
v 9.801575 -7.310633 0.544406
v 9.806235 -7.321775 0.554333
v 9.719367 -7.113999 0.533222
v 9.702588 -7.073865 0.310526
v 9.683335 -7.027808 0.310845
v 9.869468 -7.473021 0.333426
v 9.870377 -7.475195 0.538699
v 9.713471 -7.099893 0.328460
v 9.840613 -7.404007 0.331269
v 9.849207 -7.424558 0.312202
v 9.859400 -7.448943 0.310709
v 9.836548 -7.293868 0.491190
v 9.828440 -7.297807 0.540570
v 9.755597 -7.122673 0.529910
v 9.748298 -7.105422 0.535501
v 9.760938 -7.031192 0.678770
v 9.744242 -7.047879 0.657927
v 9.727274 -7.054493 0.613945
v 9.743979 -6.974973 0.682526
v 9.725385 -7.050614 0.575099
v 9.867841 -7.391354 0.333426
v 9.865278 -7.385222 0.406048
v 9.898685 -7.465133 0.546240
v 9.896787 -7.460590 0.331183
v 9.886060 -7.434931 0.310000
v 9.906986 -7.484985 0.555305
v 9.843427 -7.332958 0.543392
v 9.835453 -7.313888 0.556579
v 9.876206 -7.411365 0.312931
v 9.845365 -7.337595 0.414426
v 9.742710 -7.092057 0.521167
v 9.741340 -7.088777 0.331183
v 9.731510 -7.065261 0.310845
v 9.708298 -7.009742 0.312736
v 9.879023 -6.981240 0.627380
v 9.865290 -6.986704 0.653489
v 9.992380 -6.938424 0.725716
v 9.994947 -6.937904 0.725791
v 9.994947 -6.937904 0.725792
v 10.310556 -6.991096 0.409791
v 10.341410 -6.978197 0.409791
v 10.340433 -7.023877 0.409791
v 10.343634 -7.022539 0.409791
v 10.342658 -7.026705 0.409791
v 10.344153 -7.026093 0.409791
v 10.344614 -7.029729 0.409791
v 10.344913 -7.029604 0.409791
v 10.235788 -7.076549 0.409791
v 10.205683 -7.004540 0.409791
v 10.249396 -7.070860 0.409791
v 10.218781 -6.999064 0.409791
v 10.228894 -6.995901 0.409791
v 10.270618 -7.020744 0.409791
v 10.273673 -7.030254 0.409791
v 10.274570 -7.038496 0.409791
v 10.259797 -7.065159 0.409791
v 10.237699 -6.995079 0.409791
v 10.245548 -6.996190 0.409791
v 10.252857 -6.999143 0.409791
v 10.259406 -7.003883 0.409791
v 10.265735 -7.011434 0.409791
v 10.273734 -7.045519 0.409791
v 10.271235 -7.052146 0.409791
v 10.266306 -7.059314 0.409791
v 10.115021 -7.140164 0.411792
v 9.728232 -7.051924 0.626737
v 9.793461 -7.211195 0.615550
v 9.805420 -7.206039 0.651490
v 9.756257 -7.036760 0.674432
v 9.832828 -7.195232 0.680621
v 9.736481 -6.972604 0.679550
v 9.866337 -7.180222 0.695095
v 9.773838 -6.956986 0.694991
v 9.793738 -7.210894 0.518027
v 9.724665 -7.048895 0.576161
v 9.757904 -7.128397 0.409791
v 9.699274 -6.988160 0.409791
v 9.699274 -6.988160 0.572791
v 10.504120 -6.924809 0.602792
v 10.625007 -7.213954 0.602792
v 10.504120 -6.924809 0.532791
v 10.625007 -7.213954 0.532791
v 10.053547 -7.540638 0.597167
v 10.612943 -7.307987 0.598292
v 9.979178 -7.483960 0.602792
v 9.858292 -7.194815 0.602792
v 9.858292 -7.194815 0.532791
v 9.979178 -7.483960 0.532791
v 10.613108 -7.306698 0.538416
v 10.054578 -7.541425 0.537291
v 10.554941 -6.903587 0.624014
v 10.532917 -6.912780 0.662430
v 10.553013 -6.904411 0.503414
v 9.829505 -7.206861 0.473153
v 9.863230 -7.192764 0.452034
v 10.508185 -6.923185 0.453490
v 9.809430 -7.215286 0.632169
v 9.807489 -7.216079 0.511569
v 10.499192 -6.926882 0.683549
v 9.854282 -7.196568 0.682093
v 9.805970 -7.205929 0.483402
v 9.833902 -7.194251 0.453537
v 9.865885 -7.181093 0.440963
v 10.488727 -6.920130 0.440683
v 10.521872 -6.906626 0.454231
v 10.558713 -6.891753 0.500439
v 9.671595 -6.999732 0.572791
v 9.671595 -6.999732 0.678792
v 9.773545 -6.957109 0.414791
v 9.773545 -6.957109 0.409791
v 10.468735 -6.666467 0.409791
v 10.394465 -6.697517 0.409791
v 10.394465 -6.697517 0.414791
v 10.353406 -6.714682 0.620792
v 10.353406 -6.714682 0.695792
v 10.468735 -6.666467 0.572791
v 10.395386 -6.697131 0.694916
v 10.496412 -6.654894 0.678792
v 10.496412 -6.654894 0.572791
v 10.430710 -6.682364 0.679638
v 10.357560 -6.712946 0.414791
v 9.964890 -6.877113 0.693472
v 10.203669 -6.777284 0.693271
v 10.320105 -6.728605 0.620792
v 10.283750 -6.743804 0.414791
v 10.283750 -6.743804 0.409791
v 10.254688 -6.755954 0.409791
v 10.254688 -6.755954 0.414791
v 10.320655 -6.728375 0.414791
v 10.320655 -6.728375 0.409791
v 10.357560 -6.712946 0.409791
v 10.236237 -6.763669 0.409791
v 10.208558 -6.775240 0.409791
v 10.236237 -6.763669 0.414791
v 10.208558 -6.775240 0.414791
v 10.190104 -6.782955 0.414791
v 10.190104 -6.782955 0.409791
v 10.162427 -6.794527 0.409791
v 10.162427 -6.794527 0.414791
v 10.143973 -6.802241 0.409791
v 10.116297 -6.813813 0.409791
v 10.143973 -6.802241 0.414791
v 10.116297 -6.813813 0.414791
v 10.097843 -6.821527 0.414791
v 10.097843 -6.821527 0.409791
v 10.070166 -6.833099 0.409791
v 10.070166 -6.833099 0.414791
v 9.847904 -6.926022 0.620792
v 10.051712 -6.840814 0.409791
v 10.024033 -6.852385 0.409791
v 10.051712 -6.840814 0.414791
v 10.024033 -6.852385 0.414791
v 10.005582 -6.860100 0.414791
v 9.814600 -6.939945 0.620792
v 9.959452 -6.879386 0.414791
v 9.959452 -6.879386 0.409791
v 9.931772 -6.890958 0.409791
v 9.931772 -6.890958 0.414791
v 9.913321 -6.898672 0.414791
v 9.977903 -6.871671 0.414791
v 9.977903 -6.871671 0.409791
v 10.005582 -6.860100 0.409791
v 9.913321 -6.898672 0.409791
v 9.884259 -6.910822 0.409791
v 9.884259 -6.910822 0.414791
v 9.847355 -6.926251 0.414791
v 9.810450 -6.941680 0.414791
v 9.847355 -6.926251 0.409791
v 9.810450 -6.941680 0.409791
v 9.814600 -6.939945 0.695792
v 10.128638 -6.843337 0.409791
v 9.944117 -6.920481 0.409791
v 9.971796 -6.908910 0.409791
v 9.869889 -7.061634 0.409791
v 10.156318 -6.831765 0.409791
v 10.174769 -6.824050 0.409791
v 10.202448 -6.812479 0.409791
v 10.220902 -6.804764 0.409791
v 10.248578 -6.793192 0.409791
v 10.267032 -6.785478 0.409791
v 10.082508 -6.862623 0.409791
v 10.110187 -6.851051 0.409791
v 10.414954 -6.799838 0.409791
v 10.387650 -6.789385 0.409791
v 10.369904 -6.742470 0.409791
v 9.785889 -6.986633 0.409791
v 10.406806 -6.727041 0.409791
v 9.859696 -6.955775 0.409791
v 9.864527 -7.010805 0.409791
v 10.332999 -6.757899 0.409791
v 9.884632 -7.036434 0.409791
v 9.896601 -6.940346 0.409791
v 9.925663 -6.928196 0.409791
v 9.990247 -6.901195 0.409791
v 10.527366 -6.806703 0.409791
v 10.409021 -6.834952 0.409791
v 10.017926 -6.889623 0.409791
v 10.036377 -6.881909 0.409791
v 10.064057 -6.870337 0.409791
v 9.831940 -7.031622 0.409791
v 9.822791 -6.971204 0.409791
v 9.843854 -7.058321 0.409791
v 10.365210 -6.808674 0.409791
v 10.296094 -6.773328 0.409791
v 10.379847 -6.837603 0.409791
v 10.560910 -6.890157 0.617556
v 10.494715 -6.728267 0.577227
v 10.455872 -6.736987 0.677711
v 10.522818 -6.906377 0.680454
v 10.473063 -6.740347 0.664802
v 10.549305 -6.895274 0.651067
v 10.491849 -6.732674 0.630524
v 10.488086 -6.920787 0.694922
v 10.381180 -6.781110 0.695792
v 9.842374 -7.006373 0.695792
v 10.381180 -6.781110 0.620792
v 10.347876 -6.795033 0.620792
v 10.230793 -6.843984 0.693460
v 9.875675 -6.992450 0.620792
v 9.842374 -7.006373 0.620792
v 9.992194 -6.943736 0.693336
v 10.519312 -6.709665 0.573697
v 10.523243 -6.719071 0.585268
v 10.519294 -6.709626 0.677818
v 10.523237 -6.719053 0.666739
v 9.695270 -7.056359 0.677249
v 9.699057 -7.065417 0.656872
v 9.696644 -7.059641 0.576019
v 9.842933 -7.057631 0.344726
v 9.861765 -7.062844 0.344726
v 9.878766 -7.053215 0.344726
v 9.883979 -7.034384 0.344726
v 9.874350 -7.017383 0.344726
v 9.855518 -7.012171 0.344726
v 9.838517 -7.021800 0.344726
v 9.833304 -7.040630 0.344726
v 9.872486 -7.046223 0.334749
v 9.844877 -7.028841 0.334664
v 9.867307 -7.023742 0.334664
v 9.849976 -7.051273 0.334664
v 10.407621 -6.794434 0.344726
v 10.388788 -6.789222 0.344726
v 10.371787 -6.798851 0.344726
v 10.366575 -6.817681 0.344726
v 10.376206 -6.834683 0.344726
v 10.395035 -6.839896 0.344726
v 10.412037 -6.830267 0.344726
v 10.417249 -6.811436 0.344726
v 10.400629 -6.800715 0.334749
v 10.383246 -6.828324 0.334664
v 10.378147 -6.805892 0.334664
v 10.405677 -6.823225 0.334664
v 10.107425 -6.792593 0.414791
v 10.088971 -6.800308 0.414791
v 10.128638 -6.843337 0.399792
v 10.107425 -6.792593 0.399792
v 10.088971 -6.800308 0.399792
v 10.153556 -6.773306 0.414791
v 10.135102 -6.781021 0.414791
v 10.174769 -6.824050 0.399792
v 10.153556 -6.773306 0.399792
v 10.135102 -6.781021 0.399792
v 10.199686 -6.754020 0.414791
v 10.181232 -6.761735 0.414791
v 10.220902 -6.804764 0.399792
v 10.199686 -6.754020 0.399792
v 10.181232 -6.761735 0.399792
v 10.245816 -6.734734 0.414791
v 10.227366 -6.742449 0.414791
v 10.267032 -6.785478 0.399792
v 10.245816 -6.734734 0.399792
v 10.227366 -6.742449 0.399792
v 10.311783 -6.707155 0.414791
v 10.274878 -6.722584 0.414791
v 10.332999 -6.757899 0.399792
v 10.311783 -6.707155 0.399792
v 10.274878 -6.722584 0.399792
v 10.385593 -6.676297 0.414791
v 10.348688 -6.691726 0.414791
v 10.406806 -6.727041 0.399792
v 10.385593 -6.676297 0.399792
v 10.348688 -6.691726 0.399792
v 10.061295 -6.811879 0.414791
v 10.042841 -6.819593 0.414791
v 10.042841 -6.819593 0.399792
v 10.061295 -6.811879 0.399792
v 10.082508 -6.862623 0.399792
v 10.015162 -6.831165 0.414791
v 9.996711 -6.838879 0.414791
v 9.996711 -6.838879 0.399792
v 10.015162 -6.831165 0.399792
v 10.036377 -6.881909 0.399792
v 9.969031 -6.850451 0.414791
v 9.950580 -6.858166 0.414791
v 9.950580 -6.858166 0.399792
v 9.969031 -6.850451 0.399792
v 9.990247 -6.901195 0.399792
v 9.922901 -6.869737 0.414791
v 9.904450 -6.877452 0.414791
v 9.904450 -6.877452 0.399792
v 9.922901 -6.869737 0.399792
v 9.944117 -6.920481 0.399792
v 9.875388 -6.889602 0.414791
v 9.838483 -6.905031 0.414791
v 9.838483 -6.905031 0.399792
v 9.875388 -6.889602 0.399792
v 9.896601 -6.940346 0.399792
v 9.801578 -6.920461 0.414791
v 9.764673 -6.935890 0.414791
v 9.764673 -6.935890 0.399792
v 9.801578 -6.920461 0.399792
v 9.822791 -6.971204 0.399792
v 5.489728 -3.305600 0.239995
v 6.507730 -2.287598 0.400000
v 6.507730 -2.287598 0.239995
v 5.489728 -3.305600 0.400000
v 7.525513 -1.269811 0.400000
v 7.525513 -1.269811 0.239995
v 7.540015 -1.256673 0.400000
v 7.540015 -1.256673 0.239995
v 7.555738 -1.245025 0.400000
v 7.555738 -1.245025 0.239995
v 7.572528 -1.234979 0.400000
v 7.572528 -1.234979 0.239995
v 7.590229 -1.226633 0.400000
v 7.590229 -1.226633 0.239995
v 7.608661 -1.220068 0.400000
v 7.608661 -1.220068 0.239995
v 7.627649 -1.215348 0.400000
v 7.627649 -1.215348 0.239995
v 7.647010 -1.212518 0.400000
v 7.647010 -1.212518 0.239995
v 7.666553 -1.211605 0.400000
v 7.666553 -1.211605 0.239995
v 10.552887 -1.219098 0.400000
v 10.552887 -1.219098 0.239995
v 10.572303 -1.220099 0.400000
v 10.572303 -1.220099 0.239995
v 10.591529 -1.222993 0.400000
v 10.591529 -1.222993 0.239995
v 10.610379 -1.227752 0.400000
v 10.610379 -1.227752 0.239995
v 10.628675 -1.234329 0.400000
v 10.628675 -1.234329 0.239995
v 10.646238 -1.242663 0.400000
v 10.646238 -1.242663 0.239995
v 10.662903 -1.252673 0.400000
v 10.662903 -1.252673 0.239995
v 10.678513 -1.264264 0.400000
v 10.678513 -1.264264 0.239995
v 10.692917 -1.277325 0.400000
v 10.692917 -1.277325 0.239995
v 12.720810 -3.305808 0.400000
v 12.720810 -3.305808 0.239995
v 12.733902 -3.320258 0.400000
v 12.733902 -3.320258 0.239995
v 12.745514 -3.335921 0.400000
v 12.745514 -3.335921 0.239995
v 12.755539 -3.352646 0.400000
v 12.755539 -3.352646 0.239995
v 12.763874 -3.370274 0.400000
v 12.763874 -3.370274 0.239995
v 12.770441 -3.388633 0.400000
v 12.770441 -3.388633 0.239995
v 12.775177 -3.407548 0.400000
v 12.775177 -3.407548 0.239995
v 12.778040 -3.426836 0.400000
v 12.778040 -3.426836 0.239995
v 12.778995 -3.446311 0.400000
v 12.778995 -3.446311 0.239995
v 12.778995 -6.274182 0.400000
v 12.778995 -6.274182 0.239995
v 12.778040 -6.293661 0.400000
v 12.778040 -6.293661 0.239995
v 12.775177 -6.312953 0.400000
v 12.775177 -6.312953 0.239995
v 12.770438 -6.331871 0.400000
v 12.770438 -6.331871 0.239995
v 12.763868 -6.350234 0.400000
v 12.763868 -6.350234 0.239995
v 12.755530 -6.367864 0.400000
v 12.755530 -6.367864 0.239995
v 12.745502 -6.384591 0.400000
v 12.745502 -6.384591 0.239995
v 12.733884 -6.400256 0.400000
v 12.733884 -6.400256 0.239995
v 12.720786 -6.414707 0.400000
v 12.720786 -6.414707 0.239995
v 12.706336 -6.427804 0.400000
v 12.706336 -6.427804 0.239995
v 12.690671 -6.439421 0.400000
v 12.690671 -6.439421 0.239995
v 12.673945 -6.449448 0.400000
v 12.673945 -6.449448 0.239995
v 12.656315 -6.457786 0.400000
v 12.656315 -6.457786 0.239995
v 7.705964 -8.508245 0.400000
v 7.705964 -8.508245 0.239995
v 7.687604 -8.514815 0.400000
v 7.687604 -8.514815 0.239995
v 7.668686 -8.519554 0.400000
v 7.668686 -8.519554 0.239995
v 7.649393 -8.522415 0.400000
v 7.649393 -8.522415 0.239995
v 7.629914 -8.523372 0.400000
v 7.629914 -8.523372 0.239995
v 7.610437 -8.522415 0.400000
v 7.610437 -8.522415 0.239995
v 7.591144 -8.519553 0.400000
v 7.591144 -8.519553 0.239995
v 7.572226 -8.514814 0.400000
v 7.572226 -8.514814 0.239995
v 7.553864 -8.508244 0.400000
v 7.553864 -8.508244 0.239995
v 7.536234 -8.499906 0.400000
v 7.536234 -8.499906 0.239995
v 7.519507 -8.489880 0.400000
v 7.519507 -8.489880 0.239995
v 7.503843 -8.478262 0.400000
v 7.503843 -8.478262 0.239995
v 7.489392 -8.465165 0.400000
v 7.489392 -8.465165 0.239995
v 5.489728 -6.465500 0.400000
v 5.489728 -6.465500 0.239995
v 5.476632 -6.451050 0.400000
v 5.476632 -6.451050 0.239995
v 5.465012 -6.435385 0.400000
v 5.465012 -6.435385 0.239995
v 5.454987 -6.418658 0.400000
v 5.454987 -6.418658 0.239995
v 5.446646 -6.401028 0.400000
v 5.446646 -6.401028 0.239995
v 5.440079 -6.382665 0.400000
v 5.440079 -6.382665 0.239995
v 5.435338 -6.363747 0.400000
v 5.435338 -6.363747 0.239995
v 5.432479 -6.344455 0.400000
v 5.432479 -6.344455 0.239995
v 5.431520 -6.324976 0.400000
v 5.431520 -6.324976 0.239995
v 5.431520 -3.446124 0.400000
v 5.431520 -3.446124 0.239995
v 5.432479 -3.426645 0.400000
v 5.432479 -3.426645 0.239995
v 5.435338 -3.407353 0.400000
v 5.435338 -3.407353 0.239995
v 5.440079 -3.388435 0.400000
v 5.440079 -3.388435 0.239995
v 5.446646 -3.370072 0.400000
v 5.446646 -3.370072 0.239995
v 5.454987 -3.352443 0.400000
v 5.454987 -3.352443 0.239995
v 5.465012 -3.335715 0.400000
v 5.465012 -3.335715 0.239995
v 5.476632 -3.320050 0.400000
v 5.476632 -3.320050 0.239995
v 5.719114 -5.495557 0.239995
v 5.539113 -5.495557 0.400000
v 5.539113 -5.495557 0.239995
v 5.719114 -5.495557 0.400000
v 5.531325 -5.496434 0.400000
v 5.531325 -5.496434 0.239995
v 5.523926 -5.499024 0.400000
v 5.523926 -5.499024 0.239995
v 5.517290 -5.503193 0.400000
v 5.517290 -5.503193 0.239995
v 5.511750 -5.508736 0.400000
v 5.511750 -5.508736 0.239995
v 5.507579 -5.515373 0.400000
v 5.507579 -5.515373 0.239995
v 5.504990 -5.522770 0.400000
v 5.504990 -5.522770 0.239995
v 5.504113 -5.530558 0.400000
v 5.504113 -5.530558 0.239995
v 5.504990 -5.538347 0.400000
v 5.504990 -5.538347 0.239995
v 5.507579 -5.545745 0.400000
v 5.507579 -5.545745 0.239995
v 5.511750 -5.552382 0.400000
v 5.511750 -5.552382 0.239995
v 5.517290 -5.557924 0.400000
v 5.517290 -5.557924 0.239995
v 5.523926 -5.562093 0.400000
v 5.523926 -5.562093 0.239995
v 5.531325 -5.564682 0.400000
v 5.531325 -5.564682 0.239995
v 5.539113 -5.565560 0.400000
v 5.539113 -5.565560 0.239995
v 5.719114 -5.565560 0.400000
v 5.719114 -5.565560 0.239995
v 5.726902 -5.564682 0.400000
v 5.726902 -5.564682 0.239995
v 5.734296 -5.562093 0.400000
v 5.734296 -5.562093 0.239995
v 5.740937 -5.557924 0.400000
v 5.740937 -5.557924 0.239995
v 5.746476 -5.552382 0.400000
v 5.746476 -5.552382 0.239995
v 5.750647 -5.545745 0.400000
v 5.750647 -5.545745 0.239995
v 5.753235 -5.538347 0.400000
v 5.753235 -5.538347 0.239995
v 5.754111 -5.530558 0.400000
v 5.754111 -5.530558 0.239995
v 5.753235 -5.522770 0.400000
v 5.753235 -5.522770 0.239995
v 5.750647 -5.515373 0.400000
v 5.750647 -5.515373 0.239995
v 5.746476 -5.508736 0.400000
v 5.746476 -5.508736 0.239995
v 5.740937 -5.503193 0.400000
v 5.740937 -5.503193 0.239995
v 5.734296 -5.499024 0.400000
v 5.734296 -5.499024 0.239995
v 5.726902 -5.496434 0.400000
v 5.726902 -5.496434 0.239995
v 5.719114 -4.205540 0.239995
v 5.539113 -4.205540 0.400000
v 5.539113 -4.205540 0.239995
v 5.719114 -4.205540 0.400000
v 5.531325 -4.206417 0.400000
v 5.531325 -4.206417 0.239995
v 5.523926 -4.209006 0.400000
v 5.523926 -4.209006 0.239995
v 5.517290 -4.213176 0.400000
v 5.517290 -4.213176 0.239995
v 5.511750 -4.218718 0.400000
v 5.511750 -4.218718 0.239995
v 5.507579 -4.225354 0.400000
v 5.507579 -4.225354 0.239995
v 5.504990 -4.232752 0.400000
v 5.504990 -4.232752 0.239995
v 5.504113 -4.240541 0.400000
v 5.504113 -4.240541 0.239995
v 5.504990 -4.248329 0.400000
v 5.504990 -4.248329 0.239995
v 5.507579 -4.255727 0.400000
v 5.507579 -4.255727 0.239995
v 5.511750 -4.262363 0.400000
v 5.511750 -4.262363 0.239995
v 5.517290 -4.267906 0.400000
v 5.517290 -4.267906 0.239995
v 5.523926 -4.272076 0.400000
v 5.523926 -4.272076 0.239995
v 5.531325 -4.274665 0.400000
v 5.531325 -4.274665 0.239995
v 5.539113 -4.275542 0.400000
v 5.539113 -4.275542 0.239995
v 5.719114 -4.275542 0.400000
v 5.719114 -4.275542 0.239995
v 5.726902 -4.274665 0.400000
v 5.726902 -4.274665 0.239995
v 5.734296 -4.272076 0.400000
v 5.734296 -4.272076 0.239995
v 5.740937 -4.267906 0.400000
v 5.740937 -4.267906 0.239995
v 5.746476 -4.262363 0.400000
v 5.746476 -4.262363 0.239995
v 5.750647 -4.255727 0.400000
v 5.750647 -4.255727 0.239995
v 5.753235 -4.248329 0.400000
v 5.753235 -4.248329 0.239995
v 5.754111 -4.240541 0.400000
v 5.754111 -4.240541 0.239995
v 5.753235 -4.232752 0.400000
v 5.753235 -4.232752 0.239995
v 5.750647 -4.225354 0.400000
v 5.750647 -4.225354 0.239995
v 5.746476 -4.218718 0.400000
v 5.746476 -4.218718 0.239995
v 5.740937 -4.213176 0.400000
v 5.740937 -4.213176 0.239995
v 5.734296 -4.209006 0.400000
v 5.734296 -4.209006 0.239995
v 5.726902 -4.206417 0.400000
v 5.726902 -4.206417 0.239995
v 5.740250 -3.446124 0.239995
v 5.739310 -3.431765 0.400000
v 5.739310 -3.431765 0.239995
v 5.740250 -3.446124 0.400000
v 5.736502 -3.417653 0.400000
v 5.736502 -3.417653 0.239995
v 5.731879 -3.404028 0.400000
v 5.731879 -3.404028 0.239995
v 5.725513 -3.391123 0.400000
v 5.725513 -3.391123 0.239995
v 5.717521 -3.379160 0.400000
v 5.717521 -3.379160 0.239995
v 5.708033 -3.368341 0.400000
v 5.708033 -3.368341 0.239995
v 5.697214 -3.358854 0.400000
v 5.697214 -3.358854 0.239995
v 5.685251 -3.350861 0.400000
v 5.685251 -3.350861 0.239995
v 5.672345 -3.344497 0.400000
v 5.672345 -3.344497 0.239995
v 5.658719 -3.339871 0.400000
v 5.658719 -3.339871 0.239995
v 5.644608 -3.337064 0.400000
v 5.644608 -3.337064 0.239995
v 5.630252 -3.336123 0.400000
v 5.630252 -3.336123 0.239995
v 5.615891 -3.337064 0.400000
v 5.615891 -3.337064 0.239995
v 5.601780 -3.339871 0.400000
v 5.601780 -3.339871 0.239995
v 5.588155 -3.344497 0.400000
v 5.588155 -3.344497 0.239995
v 5.575249 -3.350861 0.400000
v 5.575249 -3.350861 0.239995
v 5.563286 -3.358854 0.400000
v 5.563286 -3.358854 0.239995
v 5.552469 -3.368341 0.400000
v 5.552469 -3.368341 0.239995
v 5.542981 -3.379160 0.400000
v 5.542981 -3.379160 0.239995
v 5.534989 -3.391123 0.400000
v 5.534989 -3.391123 0.239995
v 5.528624 -3.404028 0.400000
v 5.528624 -3.404028 0.239995
v 5.523998 -3.417653 0.400000
v 5.523998 -3.417653 0.239995
v 5.521193 -3.431765 0.400000
v 5.521193 -3.431765 0.239995
v 5.520250 -3.446124 0.400000
v 5.520250 -3.446124 0.239995
v 5.521193 -3.460481 0.400000
v 5.521193 -3.460481 0.239995
v 5.523998 -3.474594 0.400000
v 5.523998 -3.474594 0.239995
v 5.528624 -3.488219 0.400000
v 5.528624 -3.488219 0.239995
v 5.534989 -3.501123 0.400000
v 5.534989 -3.501123 0.239995
v 5.542981 -3.513088 0.400000
v 5.542981 -3.513088 0.239995
v 5.552469 -3.523906 0.400000
v 5.552469 -3.523906 0.239995
v 5.563286 -3.533393 0.400000
v 5.563286 -3.533393 0.239995
v 5.575249 -3.541386 0.400000
v 5.575249 -3.541386 0.239995
v 5.588155 -3.547751 0.400000
v 5.588155 -3.547751 0.239995
v 5.601780 -3.552375 0.400000
v 5.601780 -3.552375 0.239995
v 5.615891 -3.555183 0.400000
v 5.615891 -3.555183 0.239995
v 5.630252 -3.556124 0.400000
v 5.630252 -3.556124 0.239995
v 5.644608 -3.555183 0.400000
v 5.644608 -3.555183 0.239995
v 5.658719 -3.552375 0.400000
v 5.658719 -3.552375 0.239995
v 5.672345 -3.547751 0.400000
v 5.672345 -3.547751 0.239995
v 5.685251 -3.541386 0.400000
v 5.685251 -3.541386 0.239995
v 5.697214 -3.533393 0.400000
v 5.697214 -3.533393 0.239995
v 5.708033 -3.523906 0.400000
v 5.708033 -3.523906 0.239995
v 5.717521 -3.513088 0.400000
v 5.717521 -3.513088 0.239995
v 5.725513 -3.501123 0.400000
v 5.725513 -3.501123 0.239995
v 5.731879 -3.488219 0.400000
v 5.731879 -3.488219 0.239995
v 5.736502 -3.474594 0.400000
v 5.736502 -3.474594 0.239995
v 5.739310 -3.460481 0.400000
v 5.739310 -3.460481 0.239995
v 6.282309 -2.924859 0.239995
v 6.155033 -2.797582 0.400000
v 6.155033 -2.797582 0.239995
v 6.282309 -2.924859 0.400000
v 6.148905 -2.792695 0.400000
v 6.148905 -2.792695 0.239995
v 6.141843 -2.789294 0.400000
v 6.141843 -2.789294 0.239995
v 6.134201 -2.787550 0.400000
v 6.134201 -2.787550 0.239995
v 6.126365 -2.787550 0.400000
v 6.126365 -2.787550 0.239995
v 6.118720 -2.789294 0.400000
v 6.118720 -2.789294 0.239995
v 6.111658 -2.792695 0.400000
v 6.111658 -2.792695 0.239995
v 6.105533 -2.797582 0.400000
v 6.105533 -2.797582 0.239995
v 6.100647 -2.803710 0.400000
v 6.100647 -2.803710 0.239995
v 6.097245 -2.810771 0.400000
v 6.097245 -2.810771 0.239995
v 6.095502 -2.818413 0.400000
v 6.095502 -2.818413 0.239995
v 6.095502 -2.826250 0.400000
v 6.095502 -2.826250 0.239995
v 6.097245 -2.833892 0.400000
v 6.097245 -2.833892 0.239995
v 6.100647 -2.840953 0.400000
v 6.100647 -2.840953 0.239995
v 6.105533 -2.847081 0.400000
v 6.105533 -2.847081 0.239995
v 6.232810 -2.974358 0.400000
v 6.232810 -2.974358 0.239995
v 6.238938 -2.979245 0.400000
v 6.238938 -2.979245 0.239995
v 6.246000 -2.982646 0.400000
v 6.246000 -2.982646 0.239995
v 6.253641 -2.984390 0.400000
v 6.253641 -2.984390 0.239995
v 6.261478 -2.984390 0.400000
v 6.261478 -2.984390 0.239995
v 6.269120 -2.982646 0.400000
v 6.269120 -2.982646 0.239995
v 6.276181 -2.979245 0.400000
v 6.276181 -2.979245 0.239995
v 6.282309 -2.974358 0.400000
v 6.282309 -2.974358 0.239995
v 6.287195 -2.968231 0.400000
v 6.287195 -2.968231 0.239995
v 6.290595 -2.961169 0.400000
v 6.290595 -2.961169 0.239995
v 6.292340 -2.953528 0.400000
v 6.292340 -2.953528 0.239995
v 6.292340 -2.945690 0.400000
v 6.292340 -2.945690 0.239995
v 6.290595 -2.938049 0.400000
v 6.290595 -2.938049 0.239995
v 6.287195 -2.930987 0.400000
v 6.287195 -2.930987 0.239995
v 7.194489 -2.012679 0.239995
v 7.067212 -1.885401 0.400000
v 7.067212 -1.885401 0.239995
v 7.194489 -2.012679 0.400000
v 7.061084 -1.880515 0.400000
v 7.061084 -1.880515 0.239995
v 7.054023 -1.877114 0.400000
v 7.054023 -1.877114 0.239995
v 7.046381 -1.875370 0.400000
v 7.046381 -1.875370 0.239995
v 7.038544 -1.875370 0.400000
v 7.038544 -1.875370 0.239995
v 7.030903 -1.877114 0.400000
v 7.030903 -1.877114 0.239995
v 7.023841 -1.880515 0.400000
v 7.023841 -1.880515 0.239995
v 7.017713 -1.885401 0.400000
v 7.017713 -1.885401 0.239995
v 7.012827 -1.891529 0.400000
v 7.012827 -1.891529 0.239995
v 7.009424 -1.898591 0.400000
v 7.009424 -1.898591 0.239995
v 7.007682 -1.906232 0.400000
v 7.007682 -1.906232 0.239995
v 7.007682 -1.914070 0.400000
v 7.007682 -1.914070 0.239995
v 7.009424 -1.921711 0.400000
v 7.009424 -1.921711 0.239995
v 7.012827 -1.928773 0.400000
v 7.012827 -1.928773 0.239995
v 7.017713 -1.934901 0.400000
v 7.017713 -1.934901 0.239995
v 7.144989 -2.062178 0.400000
v 7.144989 -2.062178 0.239995
v 7.151120 -2.067065 0.400000
v 7.151120 -2.067065 0.239995
v 7.158179 -2.070466 0.400000
v 7.158179 -2.070466 0.239995
v 7.165821 -2.072210 0.400000
v 7.165821 -2.072210 0.239995
v 7.173661 -2.072210 0.400000
v 7.173661 -2.072210 0.239995
v 7.181299 -2.070466 0.400000
v 7.181299 -2.070466 0.239995
v 7.188361 -2.067065 0.400000
v 7.188361 -2.067065 0.239995
v 7.194489 -2.062178 0.400000
v 7.194489 -2.062178 0.239995
v 7.199378 -2.056050 0.400000
v 7.199378 -2.056050 0.239995
v 7.202778 -2.048989 0.400000
v 7.202778 -2.048989 0.239995
v 7.204520 -2.041347 0.400000
v 7.204520 -2.041347 0.239995
v 7.204520 -2.033510 0.400000
v 7.204520 -2.033510 0.239995
v 7.202778 -2.025868 0.400000
v 7.202778 -2.025868 0.239995
v 7.199378 -2.018807 0.400000
v 7.199378 -2.018807 0.239995
v 7.739917 -8.324641 0.239995
v 7.738974 -8.310284 0.400000
v 7.738974 -8.310284 0.239995
v 7.739917 -8.324641 0.400000
v 7.736170 -8.296171 0.400000
v 7.736170 -8.296171 0.239995
v 7.731543 -8.282546 0.400000
v 7.731543 -8.282546 0.239995
v 7.725177 -8.269641 0.400000
v 7.725177 -8.269641 0.239995
v 7.717185 -8.257678 0.400000
v 7.717185 -8.257678 0.239995
v 7.707697 -8.246860 0.400000
v 7.707697 -8.246860 0.239995
v 7.696882 -8.237373 0.400000
v 7.696882 -8.237373 0.239995
v 7.684916 -8.229379 0.400000
v 7.684916 -8.229379 0.239995
v 7.672013 -8.223014 0.400000
v 7.672013 -8.223014 0.239995
v 7.658387 -8.218389 0.400000
v 7.658387 -8.218389 0.239995
v 7.644275 -8.215582 0.400000
v 7.644275 -8.215582 0.239995
v 7.629914 -8.214641 0.400000
v 7.629914 -8.214641 0.239995
v 7.615558 -8.215582 0.400000
v 7.615558 -8.215582 0.239995
v 7.601447 -8.218389 0.400000
v 7.601447 -8.218389 0.239995
v 7.587821 -8.223014 0.400000
v 7.587821 -8.223014 0.239995
v 7.574915 -8.229379 0.400000
v 7.574915 -8.229379 0.239995
v 7.562952 -8.237373 0.400000
v 7.562952 -8.237373 0.239995
v 7.552134 -8.246860 0.400000
v 7.552134 -8.246860 0.239995
v 7.542646 -8.257678 0.400000
v 7.542646 -8.257678 0.239995
v 7.534653 -8.269641 0.400000
v 7.534653 -8.269641 0.239995
v 7.528287 -8.282546 0.400000
v 7.528287 -8.282546 0.239995
v 7.523664 -8.296171 0.400000
v 7.523664 -8.296171 0.239995
v 7.520856 -8.310284 0.400000
v 7.520856 -8.310284 0.239995
v 7.519916 -8.324641 0.400000
v 7.519916 -8.324641 0.239995
v 7.520856 -8.338999 0.400000
v 7.520856 -8.338999 0.239995
v 7.523664 -8.353111 0.400000
v 7.523664 -8.353111 0.239995
v 7.528287 -8.366737 0.400000
v 7.528287 -8.366737 0.239995
v 7.534653 -8.379641 0.400000
v 7.534653 -8.379641 0.239995
v 7.542646 -8.391606 0.400000
v 7.542646 -8.391606 0.239995
v 7.552134 -8.402423 0.400000
v 7.552134 -8.402423 0.239995
v 7.562952 -8.411910 0.400000
v 7.562952 -8.411910 0.239995
v 7.574915 -8.419904 0.400000
v 7.574915 -8.419904 0.239995
v 7.587821 -8.426268 0.400000
v 7.587821 -8.426268 0.239995
v 7.601447 -8.430893 0.400000
v 7.601447 -8.430893 0.239995
v 7.615558 -8.433701 0.400000
v 7.615558 -8.433701 0.239995
v 7.629914 -8.434641 0.400000
v 7.629914 -8.434641 0.239995
v 7.644275 -8.433701 0.400000
v 7.644275 -8.433701 0.239995
v 7.658387 -8.430893 0.400000
v 7.658387 -8.430893 0.239995
v 7.672013 -8.426268 0.400000
v 7.672013 -8.426268 0.239995
v 7.684916 -8.419904 0.400000
v 7.684916 -8.419904 0.239995
v 7.696882 -8.411910 0.400000
v 7.696882 -8.411910 0.239995
v 7.707697 -8.402423 0.400000
v 7.707697 -8.402423 0.239995
v 7.717185 -8.391606 0.400000
v 7.717185 -8.391606 0.239995
v 7.725177 -8.379641 0.400000
v 7.725177 -8.379641 0.239995
v 7.731543 -8.366737 0.400000
v 7.731543 -8.366737 0.239995
v 7.736170 -8.353111 0.400000
v 7.736170 -8.353111 0.239995
v 7.738974 -8.338999 0.400000
v 7.738974 -8.338999 0.239995
v 8.499421 -1.512316 0.239995
v 8.499421 -1.332318 0.400000
v 8.499421 -1.332318 0.239995
v 8.499421 -1.512316 0.400000
v 8.498542 -1.324530 0.400000
v 8.498542 -1.324530 0.239995
v 8.495954 -1.317132 0.400000
v 8.495954 -1.317132 0.239995
v 8.491785 -1.310495 0.400000
v 8.491785 -1.310495 0.239995
v 8.486243 -1.304953 0.400000
v 8.486243 -1.304953 0.239995
v 8.479606 -1.300783 0.400000
v 8.479606 -1.300783 0.239995
v 8.472208 -1.298194 0.400000
v 8.472208 -1.298194 0.239995
v 8.464420 -1.297317 0.400000
v 8.464420 -1.297317 0.239995
v 8.456632 -1.298194 0.400000
v 8.456632 -1.298194 0.239995
v 8.449234 -1.300783 0.400000
v 8.449234 -1.300783 0.239995
v 8.442597 -1.304953 0.400000
v 8.442597 -1.304953 0.239995
v 8.437055 -1.310495 0.400000
v 8.437055 -1.310495 0.239995
v 8.432883 -1.317132 0.400000
v 8.432883 -1.317132 0.239995
v 8.430298 -1.324530 0.400000
v 8.430298 -1.324530 0.239995
v 8.429419 -1.332318 0.400000
v 8.429419 -1.332318 0.239995
v 8.429419 -1.512316 0.400000
v 8.429419 -1.512316 0.239995
v 8.430298 -1.520104 0.400000
v 8.430298 -1.520104 0.239995
v 8.432883 -1.527502 0.400000
v 8.432883 -1.527502 0.239995
v 8.437055 -1.534138 0.400000
v 8.437055 -1.534138 0.239995
v 8.442597 -1.539681 0.400000
v 8.442597 -1.539681 0.239995
v 8.449234 -1.543851 0.400000
v 8.449234 -1.543851 0.239995
v 8.456632 -1.546439 0.400000
v 8.456632 -1.546439 0.239995
v 8.464420 -1.547317 0.400000
v 8.464420 -1.547317 0.239995
v 8.472208 -1.546439 0.400000
v 8.472208 -1.546439 0.239995
v 8.479606 -1.543851 0.400000
v 8.479606 -1.543851 0.239995
v 8.486243 -1.539681 0.400000
v 8.486243 -1.539681 0.239995
v 8.491785 -1.534138 0.400000
v 8.491785 -1.534138 0.239995
v 8.495954 -1.527502 0.400000
v 8.495954 -1.527502 0.239995
v 8.498542 -1.520104 0.400000
v 8.498542 -1.520104 0.239995
v 9.750647 -7.073438 0.239995
v 9.715934 -6.990403 0.400000
v 9.715934 -6.990403 0.239995
v 9.750647 -7.073438 0.400000
v 9.712360 -6.984116 0.400000
v 9.712360 -6.984116 0.239995
v 9.707386 -6.978866 0.400000
v 9.707386 -6.978866 0.239995
v 9.701300 -6.974959 0.400000
v 9.701300 -6.974959 0.239995
v 9.694455 -6.972622 0.400000
v 9.694455 -6.972622 0.239995
v 9.687250 -6.971992 0.400000
v 9.687250 -6.971992 0.239995
v 9.680103 -6.973103 0.400000
v 9.680103 -6.973103 0.239995
v 9.673432 -6.975893 0.400000
v 9.673432 -6.975893 0.239995
v 9.667621 -6.980198 0.400000
v 9.667621 -6.980198 0.239995
v 9.663007 -6.985770 0.400000
v 9.663007 -6.985770 0.239995
v 9.659867 -6.992282 0.400000
v 9.659867 -6.992282 0.239995
v 9.658368 -6.999358 0.400000
v 9.658368 -6.999358 0.239995
v 9.658613 -7.006586 0.400000
v 9.658613 -7.006586 0.239995
v 9.660578 -7.013546 0.400000
v 9.660578 -7.013546 0.239995
v 9.695292 -7.096582 0.400000
v 9.695292 -7.096582 0.239995
v 9.698865 -7.102870 0.400000
v 9.698865 -7.102870 0.239995
v 9.703843 -7.108119 0.400000
v 9.703843 -7.108119 0.239995
v 9.709928 -7.112026 0.400000
v 9.709928 -7.112026 0.239995
v 9.716773 -7.114362 0.400000
v 9.716773 -7.114362 0.239995
v 9.723975 -7.114993 0.400000
v 9.723975 -7.114993 0.239995
v 9.731122 -7.113882 0.400000
v 9.731122 -7.113882 0.239995
v 9.737793 -7.111092 0.400000
v 9.737793 -7.111092 0.239995
v 9.743607 -7.106786 0.400000
v 9.743607 -7.106786 0.239995
v 9.748218 -7.101215 0.400000
v 9.748218 -7.101215 0.239995
v 9.751362 -7.094702 0.400000
v 9.751362 -7.094702 0.239995
v 9.752857 -7.087626 0.400000
v 9.752857 -7.087626 0.239995
v 9.752616 -7.080398 0.400000
v 9.752616 -7.080398 0.239995
v 9.789438 -1.512316 0.239995
v 9.789438 -1.332318 0.400000
v 9.789438 -1.332318 0.239995
v 9.789438 -1.512316 0.400000
v 9.788562 -1.324530 0.400000
v 9.788562 -1.324530 0.239995
v 9.785972 -1.317132 0.400000
v 9.785972 -1.317132 0.239995
v 9.781803 -1.310495 0.400000
v 9.781803 -1.310495 0.239995
v 9.776261 -1.304953 0.400000
v 9.776261 -1.304953 0.239995
v 9.769623 -1.300783 0.400000
v 9.769623 -1.300783 0.239995
v 9.762226 -1.298194 0.400000
v 9.762226 -1.298194 0.239995
v 9.754438 -1.297317 0.400000
v 9.754438 -1.297317 0.239995
v 9.746650 -1.298194 0.400000
v 9.746650 -1.298194 0.239995
v 9.739249 -1.300783 0.400000
v 9.739249 -1.300783 0.239995
v 9.732615 -1.304953 0.400000
v 9.732615 -1.304953 0.239995
v 9.727073 -1.310495 0.400000
v 9.727073 -1.310495 0.239995
v 9.722901 -1.317132 0.400000
v 9.722901 -1.317132 0.239995
v 9.720316 -1.324530 0.400000
v 9.720316 -1.324530 0.239995
v 9.719437 -1.332318 0.400000
v 9.719437 -1.332318 0.239995
v 9.719437 -1.512316 0.400000
v 9.719437 -1.512316 0.239995
v 9.720316 -1.520104 0.400000
v 9.720316 -1.520104 0.239995
v 9.722901 -1.527502 0.400000
v 9.722901 -1.527502 0.239995
v 9.727073 -1.534138 0.400000
v 9.727073 -1.534138 0.239995
v 9.732615 -1.539681 0.400000
v 9.732615 -1.539681 0.239995
v 9.739249 -1.543851 0.400000
v 9.739249 -1.543851 0.239995
v 9.746650 -1.546439 0.400000
v 9.746650 -1.546439 0.239995
v 9.754438 -1.547317 0.400000
v 9.754438 -1.547317 0.239995
v 9.762226 -1.546439 0.400000
v 9.762226 -1.546439 0.239995
v 9.769623 -1.543851 0.400000
v 9.769623 -1.543851 0.239995
v 9.776261 -1.539681 0.400000
v 9.776261 -1.539681 0.239995
v 9.781803 -1.534138 0.400000
v 9.781803 -1.534138 0.239995
v 9.785972 -1.527502 0.400000
v 9.785972 -1.527502 0.239995
v 9.788562 -1.520104 0.400000
v 9.788562 -1.520104 0.239995
v 9.893076 -7.036125 0.239995
v 9.892200 -7.028337 0.400000
v 9.892200 -7.028337 0.239995
v 9.893076 -7.036125 0.400000
v 9.889609 -7.020940 0.400000
v 9.889609 -7.020940 0.239995
v 9.885441 -7.014303 0.400000
v 9.885441 -7.014303 0.239995
v 9.879899 -7.008761 0.400000
v 9.879899 -7.008761 0.239995
v 9.873264 -7.004591 0.400000
v 9.873264 -7.004591 0.239995
v 9.865863 -7.002002 0.400000
v 9.865863 -7.002002 0.239995
v 9.858075 -7.001125 0.400000
v 9.858075 -7.001125 0.239995
v 9.850287 -7.002002 0.400000
v 9.850287 -7.002002 0.239995
v 9.842890 -7.004591 0.400000
v 9.842890 -7.004591 0.239995
v 9.836252 -7.008761 0.400000
v 9.836252 -7.008761 0.239995
v 9.830710 -7.014303 0.400000
v 9.830710 -7.014303 0.239995
v 9.826542 -7.020940 0.400000
v 9.826542 -7.020940 0.239995
v 9.823951 -7.028337 0.400000
v 9.823951 -7.028337 0.239995
v 9.823072 -7.036125 0.400000
v 9.823072 -7.036125 0.239995
v 9.823951 -7.043914 0.400000
v 9.823951 -7.043914 0.239995
v 9.826542 -7.051312 0.400000
v 9.826542 -7.051312 0.239995
v 9.830710 -7.057948 0.400000
v 9.830710 -7.057948 0.239995
v 9.836252 -7.063490 0.400000
v 9.836252 -7.063490 0.239995
v 9.842890 -7.067661 0.400000
v 9.842890 -7.067661 0.239995
v 9.850287 -7.070249 0.400000
v 9.850287 -7.070249 0.239995
v 9.858075 -7.071127 0.400000
v 9.858075 -7.071127 0.239995
v 9.865863 -7.070249 0.400000
v 9.865863 -7.070249 0.239995
v 9.873264 -7.067661 0.400000
v 9.873264 -7.067661 0.239995
v 9.879899 -7.063490 0.400000
v 9.879899 -7.063490 0.239995
v 9.885441 -7.057948 0.400000
v 9.885441 -7.057948 0.239995
v 9.889609 -7.051312 0.400000
v 9.889609 -7.051312 0.239995
v 9.892200 -7.043914 0.400000
v 9.892200 -7.043914 0.239995
v 9.906867 -7.447106 0.239995
v 9.883722 -7.391749 0.400000
v 9.883722 -7.391749 0.239995
v 9.906867 -7.447106 0.400000
v 9.880149 -7.385462 0.400000
v 9.880149 -7.385462 0.239995
v 9.875174 -7.380212 0.400000
v 9.875174 -7.380212 0.239995
v 9.869089 -7.376305 0.400000
v 9.869089 -7.376305 0.239995
v 9.862244 -7.373969 0.400000
v 9.862244 -7.373969 0.239995
v 9.855039 -7.373338 0.400000
v 9.855039 -7.373338 0.239995
v 9.847892 -7.374450 0.400000
v 9.847892 -7.374450 0.239995
v 9.841221 -7.377239 0.400000
v 9.841221 -7.377239 0.239995
v 9.835410 -7.381545 0.400000
v 9.835410 -7.381545 0.239995
v 9.830799 -7.387116 0.400000
v 9.830799 -7.387116 0.239995
v 9.827652 -7.393628 0.400000
v 9.827652 -7.393628 0.239995
v 9.826160 -7.400704 0.400000
v 9.826160 -7.400704 0.239995
v 9.826398 -7.407932 0.400000
v 9.826398 -7.407932 0.239995
v 9.828367 -7.414893 0.400000
v 9.828367 -7.414893 0.239995
v 9.851508 -7.470249 0.400000
v 9.851508 -7.470249 0.239995
v 9.855085 -7.476537 0.400000
v 9.855085 -7.476537 0.239995
v 9.860056 -7.481786 0.400000
v 9.860056 -7.481786 0.239995
v 9.866144 -7.485693 0.400000
v 9.866144 -7.485693 0.239995
v 9.872986 -7.488030 0.400000
v 9.872986 -7.488030 0.239995
v 9.880195 -7.488661 0.400000
v 9.880195 -7.488661 0.239995
v 9.887339 -7.487550 0.400000
v 9.887339 -7.487550 0.239995
v 9.894013 -7.484760 0.400000
v 9.894013 -7.484760 0.239995
v 9.899820 -7.480454 0.400000
v 9.899820 -7.480454 0.239995
v 9.904435 -7.474883 0.400000
v 9.904435 -7.474883 0.239995
v 9.907578 -7.468370 0.400000
v 9.907578 -7.468370 0.239995
v 9.909073 -7.461294 0.400000
v 9.909073 -7.461294 0.239995
v 9.908829 -7.454066 0.400000
v 9.908829 -7.454066 0.239995
v 10.426352 -6.813175 0.239995
v 10.425473 -6.805387 0.400000
v 10.425473 -6.805387 0.239995
v 10.426352 -6.813175 0.400000
v 10.422883 -6.797990 0.400000
v 10.422883 -6.797990 0.239995
v 10.418714 -6.791353 0.400000
v 10.418714 -6.791353 0.239995
v 10.413172 -6.785811 0.400000
v 10.413172 -6.785811 0.239995
v 10.406534 -6.781641 0.400000
v 10.406534 -6.781641 0.239995
v 10.399140 -6.779052 0.400000
v 10.399140 -6.779052 0.239995
v 10.391349 -6.778175 0.400000
v 10.391349 -6.778175 0.239995
v 10.383561 -6.779052 0.400000
v 10.383561 -6.779052 0.239995
v 10.376163 -6.781641 0.400000
v 10.376163 -6.781641 0.239995
v 10.369526 -6.785811 0.400000
v 10.369526 -6.785811 0.239995
v 10.363987 -6.791353 0.400000
v 10.363987 -6.791353 0.239995
v 10.359815 -6.797990 0.400000
v 10.359815 -6.797990 0.239995
v 10.357227 -6.805387 0.400000
v 10.357227 -6.805387 0.239995
v 10.356348 -6.813175 0.400000
v 10.356348 -6.813175 0.239995
v 10.357227 -6.820964 0.400000
v 10.357227 -6.820964 0.239995
v 10.359815 -6.828362 0.400000
v 10.359815 -6.828362 0.239995
v 10.363987 -6.834998 0.400000
v 10.363987 -6.834998 0.239995
v 10.369526 -6.840540 0.400000
v 10.369526 -6.840540 0.239995
v 10.376163 -6.844711 0.400000
v 10.376163 -6.844711 0.239995
v 10.383561 -6.847299 0.400000
v 10.383561 -6.847299 0.239995
v 10.391349 -6.848177 0.400000
v 10.391349 -6.848177 0.239995
v 10.399140 -6.847299 0.400000
v 10.399140 -6.847299 0.239995
v 10.406534 -6.844711 0.400000
v 10.406534 -6.844711 0.239995
v 10.413172 -6.840540 0.400000
v 10.413172 -6.840540 0.239995
v 10.418714 -6.834998 0.400000
v 10.418714 -6.834998 0.239995
v 10.422883 -6.828362 0.400000
v 10.422883 -6.828362 0.239995
v 10.425473 -6.820964 0.400000
v 10.425473 -6.820964 0.239995
v 10.662891 -1.417828 0.239995
v 10.661948 -1.403470 0.400000
v 10.661948 -1.403470 0.239995
v 10.662891 -1.417828 0.400000
v 10.659140 -1.389358 0.400000
v 10.659140 -1.389358 0.239995
v 10.654517 -1.375733 0.400000
v 10.654517 -1.375733 0.239995
v 10.648154 -1.362828 0.400000
v 10.648154 -1.362828 0.239995
v 10.640159 -1.350864 0.400000
v 10.640159 -1.350864 0.239995
v 10.630674 -1.340046 0.400000
v 10.630674 -1.340046 0.239995
v 10.619852 -1.330559 0.400000
v 10.619852 -1.330559 0.239995
v 10.607889 -1.322565 0.400000
v 10.607889 -1.322565 0.239995
v 10.594986 -1.316201 0.400000
v 10.594986 -1.316201 0.239995
v 10.581360 -1.311576 0.400000
v 10.581360 -1.311576 0.239995
v 10.567249 -1.308769 0.400000
v 10.567249 -1.308769 0.239995
v 10.552890 -1.307828 0.400000
v 10.552890 -1.307828 0.239995
v 10.538532 -1.308769 0.400000
v 10.538532 -1.308769 0.239995
v 10.524421 -1.311576 0.400000
v 10.524421 -1.311576 0.239995
v 10.510795 -1.316201 0.400000
v 10.510795 -1.316201 0.239995
v 10.497892 -1.322565 0.400000
v 10.497892 -1.322565 0.239995
v 10.485926 -1.330559 0.400000
v 10.485926 -1.330559 0.239995
v 10.475107 -1.340046 0.400000
v 10.475107 -1.340046 0.239995
v 10.465619 -1.350864 0.400000
v 10.465619 -1.350864 0.239995
v 10.457627 -1.362828 0.400000
v 10.457627 -1.362828 0.239995
v 10.451264 -1.375733 0.400000
v 10.451264 -1.375733 0.239995
v 10.446637 -1.389358 0.400000
v 10.446637 -1.389358 0.239995
v 10.443833 -1.403470 0.400000
v 10.443833 -1.403470 0.239995
v 10.442890 -1.417828 0.400000
v 10.442890 -1.417828 0.239995
v 10.443833 -1.432186 0.400000
v 10.443833 -1.432186 0.239995
v 10.446637 -1.446298 0.400000
v 10.446637 -1.446298 0.239995
v 10.451264 -1.459923 0.400000
v 10.451264 -1.459923 0.239995
v 10.457627 -1.472828 0.400000
v 10.457627 -1.472828 0.239995
v 10.465619 -1.484792 0.400000
v 10.465619 -1.484792 0.239995
v 10.475107 -1.495610 0.400000
v 10.475107 -1.495610 0.239995
v 10.485926 -1.505097 0.400000
v 10.485926 -1.505097 0.239995
v 10.497892 -1.513091 0.400000
v 10.497892 -1.513091 0.239995
v 10.510795 -1.519455 0.400000
v 10.510795 -1.519455 0.239995
v 10.524421 -1.524080 0.400000
v 10.524421 -1.524080 0.239995
v 10.538532 -1.526887 0.400000
v 10.538532 -1.526887 0.239995
v 10.552890 -1.527828 0.400000
v 10.552890 -1.527828 0.239995
v 10.567249 -1.526887 0.400000
v 10.567249 -1.526887 0.239995
v 10.581360 -1.524080 0.400000
v 10.581360 -1.524080 0.239995
v 10.594986 -1.519455 0.400000
v 10.594986 -1.519455 0.239995
v 10.607889 -1.513091 0.400000
v 10.607889 -1.513091 0.239995
v 10.619852 -1.505097 0.400000
v 10.619852 -1.505097 0.239995
v 10.630674 -1.495610 0.400000
v 10.630674 -1.495610 0.239995
v 10.640159 -1.484792 0.400000
v 10.640159 -1.484792 0.239995
v 10.648154 -1.472828 0.400000
v 10.648154 -1.472828 0.239995
v 10.654517 -1.459923 0.400000
v 10.654517 -1.459923 0.239995
v 10.659140 -1.446298 0.400000
v 10.659140 -1.446298 0.239995
v 10.661948 -1.432186 0.400000
v 10.661948 -1.432186 0.239995
v 10.548716 -6.739789 0.239995
v 10.513999 -6.656751 0.400000
v 10.513999 -6.656751 0.239995
v 10.548716 -6.739789 0.400000
v 10.510425 -6.650464 0.400000
v 10.510425 -6.650464 0.239995
v 10.505451 -6.645214 0.400000
v 10.505451 -6.645214 0.239995
v 10.499366 -6.641307 0.400000
v 10.499366 -6.641307 0.239995
v 10.492521 -6.638970 0.400000
v 10.492521 -6.638970 0.239995
v 10.485318 -6.638340 0.400000
v 10.485318 -6.638340 0.239995
v 10.478171 -6.639452 0.400000
v 10.478171 -6.639452 0.239995
v 10.471500 -6.642241 0.400000
v 10.471500 -6.642241 0.239995
v 10.465686 -6.646546 0.400000
v 10.465686 -6.646546 0.239995
v 10.461075 -6.652118 0.400000
v 10.461075 -6.652118 0.239995
v 10.457932 -6.658630 0.400000
v 10.457932 -6.658630 0.239995
v 10.456434 -6.665707 0.400000
v 10.456434 -6.665707 0.239995
v 10.456678 -6.672935 0.400000
v 10.456678 -6.672935 0.239995
v 10.458643 -6.679894 0.400000
v 10.458643 -6.679894 0.239995
v 10.493360 -6.762932 0.400000
v 10.493360 -6.762932 0.239995
v 10.496933 -6.769220 0.400000
v 10.496933 -6.769220 0.239995
v 10.501908 -6.774470 0.400000
v 10.501908 -6.774470 0.239995
v 10.507993 -6.778376 0.400000
v 10.507993 -6.778376 0.239995
v 10.514838 -6.780713 0.400000
v 10.514838 -6.780713 0.239995
v 10.522043 -6.781344 0.400000
v 10.522043 -6.781344 0.239995
v 10.529191 -6.780232 0.400000
v 10.529191 -6.780232 0.239995
v 10.535862 -6.777442 0.400000
v 10.535862 -6.777442 0.239995
v 10.541672 -6.773137 0.400000
v 10.541672 -6.773137 0.239995
v 10.546283 -6.767567 0.400000
v 10.546283 -6.767567 0.239995
v 10.549427 -6.761054 0.400000
v 10.549427 -6.761054 0.239995
v 10.550922 -6.753977 0.400000
v 10.550922 -6.753977 0.239995
v 10.550681 -6.746749 0.400000
v 10.550681 -6.746749 0.239995
v 10.704926 -7.113455 0.239995
v 10.681785 -7.058098 0.400000
v 10.681785 -7.058098 0.239995
v 10.704926 -7.113455 0.400000
v 10.678208 -7.051811 0.400000
v 10.678208 -7.051811 0.239995
v 10.673237 -7.046561 0.400000
v 10.673237 -7.046561 0.239995
v 10.667148 -7.042654 0.400000
v 10.667148 -7.042654 0.239995
v 10.660306 -7.040318 0.400000
v 10.660306 -7.040318 0.239995
v 10.653098 -7.039687 0.400000
v 10.653098 -7.039687 0.239995
v 10.645954 -7.040799 0.400000
v 10.645954 -7.040799 0.239995
v 10.639280 -7.043588 0.400000
v 10.639280 -7.043588 0.239995
v 10.633469 -7.047894 0.400000
v 10.633469 -7.047894 0.239995
v 10.628858 -7.053465 0.400000
v 10.628858 -7.053465 0.239995
v 10.625712 -7.059978 0.400000
v 10.625712 -7.059978 0.239995
v 10.624219 -7.067053 0.400000
v 10.624219 -7.067053 0.239995
v 10.624460 -7.074282 0.400000
v 10.624460 -7.074282 0.239995
v 10.626426 -7.081242 0.400000
v 10.626426 -7.081242 0.239995
v 10.649570 -7.136599 0.400000
v 10.649570 -7.136599 0.239995
v 10.653144 -7.142886 0.400000
v 10.653144 -7.142886 0.239995
v 10.658118 -7.148136 0.400000
v 10.658118 -7.148136 0.239995
v 10.664203 -7.152043 0.400000
v 10.664203 -7.152043 0.239995
v 10.671048 -7.154379 0.400000
v 10.671048 -7.154379 0.239995
v 10.678254 -7.155010 0.400000
v 10.678254 -7.155010 0.239995
v 10.685401 -7.153899 0.400000
v 10.685401 -7.153899 0.239995
v 10.692072 -7.151109 0.400000
v 10.692072 -7.151109 0.239995
v 10.697883 -7.146803 0.400000
v 10.697883 -7.146803 0.239995
v 10.702497 -7.141232 0.400000
v 10.702497 -7.141232 0.239995
v 10.705637 -7.134719 0.400000
v 10.705637 -7.134719 0.239995
v 10.707132 -7.127644 0.400000
v 10.707132 -7.127644 0.239995
v 10.706891 -7.120415 0.400000
v 10.706891 -7.120415 0.239995
v 11.144715 -1.892106 0.239995
v 11.017435 -2.019383 0.400000
v 11.017435 -2.019383 0.239995
v 11.144715 -1.892106 0.400000
v 11.012549 -2.025511 0.400000
v 11.012549 -2.025511 0.239995
v 11.009150 -2.032573 0.400000
v 11.009150 -2.032573 0.239995
v 11.007404 -2.040214 0.400000
v 11.007404 -2.040214 0.239995
v 11.007404 -2.048052 0.400000
v 11.007404 -2.048052 0.239995
v 11.009150 -2.055693 0.400000
v 11.009150 -2.055693 0.239995
v 11.012549 -2.062755 0.400000
v 11.012549 -2.062755 0.239995
v 11.017435 -2.068883 0.400000
v 11.017435 -2.068883 0.239995
v 11.023566 -2.073770 0.400000
v 11.023566 -2.073770 0.239995
v 11.030628 -2.077170 0.400000
v 11.030628 -2.077170 0.239995
v 11.038266 -2.078914 0.400000
v 11.038266 -2.078914 0.239995
v 11.046106 -2.078914 0.400000
v 11.046106 -2.078914 0.239995
v 11.053748 -2.077170 0.400000
v 11.053748 -2.077170 0.239995
v 11.060807 -2.073770 0.400000
v 11.060807 -2.073770 0.239995
v 11.066938 -2.068883 0.400000
v 11.066938 -2.068883 0.239995
v 11.194214 -1.941605 0.400000
v 11.194214 -1.941605 0.239995
v 11.199100 -1.935477 0.400000
v 11.199100 -1.935477 0.239995
v 11.202503 -1.928416 0.400000
v 11.202503 -1.928416 0.239995
v 11.204245 -1.920774 0.400000
v 11.204245 -1.920774 0.239995
v 11.204245 -1.912937 0.400000
v 11.204245 -1.912937 0.239995
v 11.202503 -1.905295 0.400000
v 11.202503 -1.905295 0.239995
v 11.199100 -1.898234 0.400000
v 11.199100 -1.898234 0.239995
v 11.194214 -1.892106 0.400000
v 11.194214 -1.892106 0.239995
v 11.188086 -1.887219 0.400000
v 11.188086 -1.887219 0.239995
v 11.181025 -1.883819 0.400000
v 11.181025 -1.883819 0.239995
v 11.173383 -1.882075 0.400000
v 11.173383 -1.882075 0.239995
v 11.165546 -1.882075 0.400000
v 11.165546 -1.882075 0.239995
v 11.157901 -1.883819 0.400000
v 11.157901 -1.883819 0.239995
v 11.150843 -1.887219 0.400000
v 11.150843 -1.887219 0.239995
v 12.056894 -2.804286 0.239995
v 11.929618 -2.931564 0.400000
v 11.929618 -2.931564 0.239995
v 12.056894 -2.804286 0.400000
v 11.924732 -2.937692 0.400000
v 11.924732 -2.937692 0.239995
v 11.921332 -2.944753 0.400000
v 11.921332 -2.944753 0.239995
v 11.919587 -2.952394 0.400000
v 11.919587 -2.952394 0.239995
v 11.919587 -2.960232 0.400000
v 11.919587 -2.960232 0.239995
v 11.921332 -2.967873 0.400000
v 11.921332 -2.967873 0.239995
v 11.924732 -2.974935 0.400000
v 11.924732 -2.974935 0.239995
v 11.929618 -2.981063 0.400000
v 11.929618 -2.981063 0.239995
v 11.935746 -2.985950 0.400000
v 11.935746 -2.985950 0.239995
v 11.942807 -2.989350 0.400000
v 11.942807 -2.989350 0.239995
v 11.950449 -2.991094 0.400000
v 11.950449 -2.991094 0.239995
v 11.958286 -2.991094 0.400000
v 11.958286 -2.991094 0.239995
v 11.965928 -2.989350 0.400000
v 11.965928 -2.989350 0.239995
v 11.972989 -2.985950 0.400000
v 11.972989 -2.985950 0.239995
v 11.979117 -2.981063 0.400000
v 11.979117 -2.981063 0.239995
v 12.106394 -2.853786 0.400000
v 12.106394 -2.853786 0.239995
v 12.111280 -2.847658 0.400000
v 12.111280 -2.847658 0.239995
v 12.114682 -2.840596 0.400000
v 12.114682 -2.840596 0.239995
v 12.116425 -2.832955 0.400000
v 12.116425 -2.832955 0.239995
v 12.116425 -2.825117 0.400000
v 12.116425 -2.825117 0.239995
v 12.114682 -2.817476 0.400000
v 12.114682 -2.817476 0.239995
v 12.111280 -2.810414 0.400000
v 12.111280 -2.810414 0.239995
v 12.106394 -2.804286 0.400000
v 12.106394 -2.804286 0.239995
v 12.100266 -2.799399 0.400000
v 12.100266 -2.799399 0.239995
v 12.093204 -2.795999 0.400000
v 12.093204 -2.795999 0.239995
v 12.085563 -2.794255 0.400000
v 12.085563 -2.794255 0.239995
v 12.077726 -2.794255 0.400000
v 12.077726 -2.794255 0.239995
v 12.070084 -2.795999 0.400000
v 12.070084 -2.795999 0.239995
v 12.063022 -2.799399 0.400000
v 12.063022 -2.799399 0.239995
v 12.690265 -3.446311 0.239995
v 12.689322 -3.431953 0.400000
v 12.689322 -3.431953 0.239995
v 12.690265 -3.446311 0.400000
v 12.686518 -3.417841 0.400000
v 12.686518 -3.417841 0.239995
v 12.681891 -3.404216 0.400000
v 12.681891 -3.404216 0.239995
v 12.675528 -3.391311 0.400000
v 12.675528 -3.391311 0.239995
v 12.667533 -3.379348 0.400000
v 12.667533 -3.379348 0.239995
v 12.658045 -3.368530 0.400000
v 12.658045 -3.368530 0.239995
v 12.647229 -3.359042 0.400000
v 12.647229 -3.359042 0.239995
v 12.635267 -3.351048 0.400000
v 12.635267 -3.351048 0.239995
v 12.622361 -3.344684 0.400000
v 12.622361 -3.344684 0.239995
v 12.608735 -3.340059 0.400000
v 12.608735 -3.340059 0.239995
v 12.594623 -3.337252 0.400000
v 12.594623 -3.337252 0.239995
v 12.580265 -3.336311 0.400000
v 12.580265 -3.336311 0.239995
v 12.565906 -3.337252 0.400000
v 12.565906 -3.337252 0.239995
v 12.551795 -3.340059 0.400000
v 12.551795 -3.340059 0.239995
v 12.538169 -3.344684 0.400000
v 12.538169 -3.344684 0.239995
v 12.525263 -3.351048 0.400000
v 12.525263 -3.351048 0.239995
v 12.513300 -3.359042 0.400000
v 12.513300 -3.359042 0.239995
v 12.502485 -3.368530 0.400000
v 12.502485 -3.368530 0.239995
v 12.492997 -3.379348 0.400000
v 12.492997 -3.379348 0.239995
v 12.485001 -3.391311 0.400000
v 12.485001 -3.391311 0.239995
v 12.478638 -3.404216 0.400000
v 12.478638 -3.404216 0.239995
v 12.474012 -3.417841 0.400000
v 12.474012 -3.417841 0.239995
v 12.471204 -3.431953 0.400000
v 12.471204 -3.431953 0.239995
v 12.470264 -3.446311 0.400000
v 12.470264 -3.446311 0.239995
v 12.471204 -3.460669 0.400000
v 12.471204 -3.460669 0.239995
v 12.474012 -3.474781 0.400000
v 12.474012 -3.474781 0.239995
v 12.478638 -3.488407 0.400000
v 12.478638 -3.488407 0.239995
v 12.485001 -3.501312 0.400000
v 12.485001 -3.501312 0.239995
v 12.492997 -3.513276 0.400000
v 12.492997 -3.513276 0.239995
v 12.502485 -3.524093 0.400000
v 12.502485 -3.524093 0.239995
v 12.513300 -3.533580 0.400000
v 12.513300 -3.533580 0.239995
v 12.525263 -3.541575 0.400000
v 12.525263 -3.541575 0.239995
v 12.538169 -3.547939 0.400000
v 12.538169 -3.547939 0.239995
v 12.551795 -3.552564 0.400000
v 12.551795 -3.552564 0.239995
v 12.565906 -3.555371 0.400000
v 12.565906 -3.555371 0.239995
v 12.580265 -3.556311 0.400000
v 12.580265 -3.556311 0.239995
v 12.594623 -3.555371 0.400000
v 12.594623 -3.555371 0.239995
v 12.608735 -3.552564 0.400000
v 12.608735 -3.552564 0.239995
v 12.622361 -3.547939 0.400000
v 12.622361 -3.547939 0.239995
v 12.635267 -3.541575 0.400000
v 12.635267 -3.541575 0.239995
v 12.647229 -3.533580 0.400000
v 12.647229 -3.533580 0.239995
v 12.658045 -3.524093 0.400000
v 12.658045 -3.524093 0.239995
v 12.667533 -3.513276 0.400000
v 12.667533 -3.513276 0.239995
v 12.675528 -3.501312 0.400000
v 12.675528 -3.501312 0.239995
v 12.681891 -3.488407 0.400000
v 12.681891 -3.488407 0.239995
v 12.686518 -3.474781 0.400000
v 12.686518 -3.474781 0.239995
v 12.689322 -3.460669 0.400000
v 12.689322 -3.460669 0.239995
usemtl 150,117,0
f 791 792 793
f 794 795 796
f 797 798 799
f 800 801 802
f 803 804 795
f 805 806 807
f 807 806 808
f 807 808 809
f 799 800 797
f 797 800 802
f 797 802 810
f 810 802 811
f 810 811 793
f 793 811 812
f 796 813 814
f 813 796 812
f 812 796 815
f 812 815 816
f 817 818 816
f 816 818 819
f 816 819 820
f 821 792 805
f 805 792 791
f 805 791 806
f 795 804 822
f 822 804 823
f 822 823 824
f 820 825 816
f 816 825 826
f 816 826 812
f 812 826 827
f 812 827 793
f 793 827 828
f 793 828 791
f 794 829 795
f 795 829 830
f 795 830 803
f 809 831 807
f 807 831 832
f 807 832 833
f 834 835 807
f 807 835 836
f 837 838 839
f 839 838 840
f 836 841 807
f 807 841 840
f 807 840 842
f 842 840 838
f 833 843 807
f 807 843 844
f 807 844 834
f 845 846 801
f 801 846 847
f 801 847 802
f 802 847 848
f 802 848 792
f 823 849 824
f 824 849 850
f 824 850 816
f 816 850 851
f 816 851 817
f 852 853 854
f 854 853 855
f 854 855 856
f 814 857 796
f 796 857 858
f 796 858 794
f 794 858 852
f 794 852 859
f 859 852 854
f 859 854 860
f 860 854 861
f 862 863 864
f 864 863 865
f 811 866 867
f 867 866 864
f 867 864 868
f 868 864 865
f 869 870 802
f 871 872 802
f 802 872 873
f 802 873 811
f 811 873 874
f 875 876 866
f 866 876 877
f 878 879 880
f 874 881 811
f 811 881 882
f 811 882 866
f 866 882 883
f 866 883 875
f 880 884 878
f 878 884 885
f 878 885 886
f 886 871 878
f 878 871 802
f 878 802 887
f 887 802 870
f 887 870 888
f 888 870 889
f 877 890 866
f 866 890 891
f 866 891 878
f 878 891 892
f 878 892 879
f 864 869 862
f 862 869 802
f 862 802 893
f 893 802 894
f 854 895 896
f 896 894 854
f 854 894 802
f 854 802 861
f 861 802 792
f 861 792 897
f 897 792 821
f 898 899 900
f 901 902 903
f 904 905 906
f 901 903 907
f 904 906 908
f 906 909 908
f 908 909 910
f 908 910 911
f 911 910 912
f 911 912 913
f 913 912 914
f 913 914 915
f 915 914 907
f 915 907 916
f 916 907 903
f 917 918 919
f 920 921 922
f 922 921 923
f 923 921 924
f 923 924 925
f 926 927 928
f 928 927 929
f 928 929 930
f 920 922 931
f 931 922 932
f 931 932 933
f 933 932 934
f 933 934 926
f 926 934 935
f 926 935 927
f 936 937 938
f 939 940 941
f 941 940 942
f 942 940 943
f 942 943 944
f 945 946 947
f 947 946 948
f 947 948 949
f 939 941 950
f 950 941 951
f 950 951 952
f 952 951 953
f 952 953 945
f 945 953 954
f 945 954 946
f 955 956 957
f 958 959 960
f 961 962 963
f 964 965 966
f 967 968 969
f 970 971 972
f 973 974 975
f 949 948 976
f 977 812 811
f 949 976 978
f 978 976 979
f 978 979 980
f 980 979 981
f 980 981 982
f 982 981 983
f 982 983 984
f 984 983 985
f 984 985 986
f 986 985 987
f 986 987 988
f 988 987 977
f 988 977 989
f 989 977 811
f 989 811 867
f 906 905 990
f 906 990 991
f 991 990 992
f 991 992 993
f 993 992 994
f 993 994 995
f 995 994 996
f 995 996 997
f 997 996 998
f 997 998 999
f 999 998 1000
f 999 1000 1001
f 1001 1000 1002
f 1001 1002 1003
f 1003 1002 925
f 1003 925 924
f 854 856 1004
f 1005 895 854
f 854 1004 1005
f 1005 1004 1006
f 1005 1006 1007
f 1007 1006 1008
f 1007 1008 1009
f 1009 1008 1010
f 1009 1010 1011
f 1011 1010 1012
f 1011 1012 1013
f 1013 1012 1014
f 1013 1014 1015
f 1015 1014 1016
f 1015 1016 1017
f 1017 1016 903
f 1017 903 902
f 930 929 1018
f 930 1018 1019
f 1019 1018 1020
f 1019 1020 1021
f 1021 1020 1022
f 1021 1022 1023
f 1023 1022 1024
f 1023 1024 1025
f 1025 1024 1026
f 1025 1026 1027
f 1027 1026 1028
f 1027 1028 1029
f 1029 1028 1030
f 1029 1030 1031
f 1031 1030 944
f 1031 944 943
f 1032 1033 1034
f 1034 1033 1035
f 1034 1035 1036
f 1036 1035 1037
f 1036 1037 1038
f 1038 1037 1039
f 1040 1041 1042
f 1042 1041 1043
f 1042 1043 1044
f 1045 1046 1042
f 1042 1046 1047
f 1042 1047 1048
f 1044 1049 1042
f 1042 1049 1050
f 1042 1050 1051
f 1051 1052 1042
f 1042 1052 1053
f 1042 1053 1045
f 1054 1055 1047
f 1047 1055 1056
f 1047 1056 1048
usemtl 217,217,217
f 1057 1058 1059
f 1059 1058 1060
f 960 959 1057
f 960 1057 1059
f 972 971 1061
f 1062 963 1063
f 1062 1063 1061
f 1061 1063 972
f 961 963 1062
f 1064 961 1062
f 1065 968 1066
f 1065 1066 1062
f 1062 1066 952
f 1062 952 1064
f 1067 1068 1069
f 1070 965 1071
f 1070 1071 1069
f 1069 1071 933
f 1069 933 1067
f 1072 1073 1074
f 1057 959 1075
f 1057 1075 1074
f 1074 1075 912
f 1074 912 1072
f 966 965 1070
f 1074 1073 1076
f 1074 1076 1070
f 1070 1076 966
f 968 1065 969
f 969 1065 1077
f 1077 1065 1069
f 1077 1069 1068
f 1078 958 960
f 1078 960 1059
f 1005 1060 895
f 895 1060 896
f 1078 1060 958
f 958 1060 1007
f 1007 1060 1005
f 1079 894 1080
f 1080 894 896
f 1080 896 1060
f 863 862 1079
f 1079 862 893
f 1079 893 894
f 1081 865 1082
f 1082 865 863
f 1082 863 1079
f 984 971 982
f 982 971 970
f 982 970 980
f 984 986 971
f 971 986 988
f 971 988 989
f 971 989 867
f 971 867 1081
f 1081 867 868
f 1081 868 865
f 1083 1084 1063
f 1080 1060 1058
f 1061 971 1081
f 1081 1082 1061
f 1061 1082 1058
f 1058 1082 1079
f 1058 1079 1080
f 1085 957 1086
f 1087 1088 1089
f 1087 1089 1090
f 1087 1090 1086
f 1086 1090 1085
f 1091 900 1092
f 1093 1094 1095
f 1093 1095 1096
f 1093 1096 1092
f 1092 1096 1091
f 1097 919 1098
f 1099 973 1100
f 1099 1100 1101
f 1099 1101 1098
f 1098 1101 1097
f 1102 1103 1004
f 1102 1004 856
f 1102 856 1104
f 1103 1105 956
f 1006 1004 955
f 955 1004 1103
f 955 1103 956
f 987 938 977
f 977 938 812
f 812 938 813
f 987 985 938
f 938 985 983
f 938 983 936
f 936 983 981
f 936 981 979
f 857 814 1106
f 1106 814 813
f 1106 813 938
f 856 855 1104
f 1104 855 853
f 1104 853 1107
f 1107 853 852
f 1107 852 858
f 1107 858 857
f 1106 938 1108
f 1109 1102 1104
f 1104 1107 1109
f 1109 1107 1108
f 1108 1107 857
f 1108 857 1106
f 1110 1111 1112
f 1112 1111 1113
f 1093 1098 918
f 918 1098 919
f 1093 918 1114
f 1093 1114 1094
f 1099 1098 1111
f 1111 1098 1113
f 937 1108 938
f 1108 937 1115
f 1108 1115 974
f 1108 974 1099
f 1099 974 973
f 1098 1093 1113
f 1099 1111 1108
f 899 1092 900
f 1092 899 1116
f 1092 1116 1088
f 1092 1088 1087
f 1093 1092 1117
f 1093 1117 1113
f 1113 1117 1112
f 1109 1108 1110
f 1110 1108 1111
f 1102 1109 1086
f 1102 1086 1105
f 1105 1086 956
f 956 1086 957
f 1087 1117 1092
f 1112 1117 1087
f 1110 1086 1109
f 1087 1086 1110
f 1087 1110 1112
f 1118 1119 1115
f 1120 1121 1114
f 1122 1123 1116
f 1012 957 1014
f 1014 957 1016
f 1016 957 903
f 903 957 916
f 1006 955 1008
f 1008 955 957
f 1008 957 1010
f 1010 957 1012
f 1089 908 911
f 1089 911 1090
f 1090 911 913
f 1090 913 915
f 1090 915 1085
f 1085 915 916
f 1085 916 957
f 1088 1124 990
f 1088 990 905
f 1088 905 1089
f 1089 905 904
f 1089 904 908
f 899 1124 1116
f 992 990 898
f 898 990 1124
f 898 1124 899
f 923 925 900
f 900 925 1002
f 900 1002 1000
f 900 1000 998
f 992 898 994
f 994 898 900
f 994 900 996
f 996 900 998
f 1095 935 934
f 1095 934 1096
f 1096 934 932
f 1096 932 922
f 1096 922 1091
f 1091 922 923
f 1091 923 900
f 1094 1125 1018
f 1094 1018 929
f 1094 929 1095
f 1095 929 927
f 1095 927 935
f 918 1125 1114
f 1020 1018 917
f 917 1018 1125
f 917 1125 918
f 942 944 919
f 919 944 1030
f 919 1030 1028
f 919 1028 1026
f 1020 917 1022
f 1022 917 919
f 1022 919 1024
f 1024 919 1026
f 919 1097 942
f 942 1097 941
f 941 1097 1101
f 941 1101 951
f 951 1101 953
f 953 1101 1100
f 953 1100 954
f 954 1100 946
f 973 975 976
f 946 1100 948
f 948 1100 973
f 948 973 976
f 937 975 1115
f 979 976 936
f 936 976 975
f 936 975 937
f 1126 1127 1105
f 1128 1129 1130
f 1130 1129 1131
f 1057 1074 1131
f 1057 1131 1129
f 1057 1129 1058
f 1074 1070 1131
f 1061 1058 1128
f 1128 1058 1129
f 1070 1069 1131
f 1131 1069 1130
f 1128 1062 1061
f 1130 1069 1065
f 1065 1062 1128
f 1065 1128 1130
f 1132 1133 1059
f 958 1007 959
f 959 1007 1009
f 959 1009 1011
f 1011 1013 959
f 959 1013 1015
f 959 1015 1017
f 959 1017 902
f 959 902 1075
f 1134 964 966
f 1134 966 1076
f 909 906 1073
f 1073 906 991
f 1134 1073 964
f 964 1073 993
f 993 1073 991
f 902 901 1075
f 1075 901 907
f 1075 907 914
f 1075 914 912
f 912 910 1072
f 1072 910 909
f 1072 909 1073
f 964 993 965
f 965 993 995
f 965 995 997
f 997 999 965
f 965 999 1001
f 965 1001 1003
f 965 1003 924
f 965 924 1071
f 1135 969 1077
f 1019 1068 930
f 930 1068 928
f 1019 1021 1068
f 1068 1021 967
f 969 1135 967
f 967 1135 1068
f 924 921 1071
f 1071 921 920
f 1071 920 931
f 1071 931 933
f 933 926 1067
f 1067 926 928
f 1067 928 1068
f 967 1021 968
f 968 1021 1023
f 968 1023 1025
f 1025 1027 968
f 968 1027 1029
f 968 1029 1031
f 968 1031 943
f 968 943 1066
f 962 970 972
f 962 972 1063
f 947 949 961
f 961 949 978
f 962 961 970
f 970 961 980
f 980 961 978
f 943 940 1066
f 1066 940 939
f 1066 939 950
f 1066 950 952
f 952 945 1064
f 1064 945 947
f 1064 947 961
f 1136 1137 1077
f 1138 1139 1076
usemtl 255,255,255
f 1140 869 864
f 870 1141 889
f 1141 1142 889
f 889 1142 888
f 1142 887 888
f 878 1140 866
f 866 1140 864
f 1143 1140 1142
f 1142 1140 878
f 1142 878 887
f 1140 1143 1141
f 1140 1141 869
f 869 1141 870
f 1142 1141 1032
f 1032 1141 1033
f 1143 1142 1034
f 1034 1142 1032
f 1143 1034 1036
f 1143 1036 1038
f 1039 1143 1038
f 1143 1039 1037
f 1143 1037 1035
f 1141 1143 1033
f 1033 1143 1035
f 1144 1145 871
f 871 1145 872
f 1145 1146 872
f 872 1146 873
f 1146 1147 873
f 873 1147 874
f 1148 891 890
f 1148 890 877
f 1148 877 876
f 1148 876 875
f 1148 875 1147
f 1147 875 883
f 1147 883 882
f 1147 882 881
f 1147 881 874
f 1144 871 886
f 1144 886 885
f 1144 885 884
f 1144 884 880
f 1144 880 879
f 1144 879 892
f 1144 892 1148
f 1148 892 891
f 1149 1148 1147
f 1149 1147 1150
f 1150 1147 1146
f 1151 1145 1144
f 1151 1144 1148
f 1151 1148 1149
f 1150 1146 1042
f 1042 1146 1040
f 1150 1042 1048
f 1150 1048 1056
f 1150 1056 1055
f 1150 1055 1054
f 1150 1054 1149
f 1149 1054 1047
f 1149 1047 1046
f 1149 1046 1045
f 1149 1045 1053
f 1149 1053 1151
f 1151 1053 1052
f 1151 1052 1051
f 1151 1051 1050
f 1151 1050 1049
f 1151 1049 1044
f 1151 1044 1043
f 1145 1151 1041
f 1041 1151 1043
f 1146 1145 1040
f 1040 1145 1041
f 847 1152 848
f 1152 1153 848
f 848 1153 792
f 1153 1154 792
f 792 1154 793
f 1154 1155 793
f 793 1155 810
f 810 1155 797
f 1155 1154 797
f 797 1154 798
f 1154 1156 798
f 798 1156 799
f 1156 1157 799
f 799 1157 800
f 800 1157 801
f 1157 1156 801
f 801 1156 845
f 1156 846 845
f 846 1152 847
f 1152 846 1153
f 1153 846 1156
f 1153 1156 1154
f 1158 1159 805
f 805 1159 821
f 1159 859 860
f 1159 860 861
f 1159 861 897
f 1159 897 821
f 1160 850 849
f 1160 849 823
f 1160 823 804
f 1160 804 803
f 1160 803 1161
f 1161 803 830
f 1161 830 829
f 1161 829 1159
f 1159 829 794
f 1159 794 859
f 1162 826 825
f 1162 825 820
f 1162 820 819
f 1162 819 818
f 1162 818 1163
f 1163 818 817
f 1163 817 851
f 1163 851 850
f 1163 850 1160
f 1164 828 827
f 1164 827 826
f 1164 826 1162
f 1164 1165 828
f 828 1165 791
f 1165 808 806
f 1165 806 791
f 1166 834 844
f 1166 844 843
f 1166 843 833
f 1166 833 832
f 1166 832 831
f 1166 831 809
f 1166 809 808
f 1166 808 1165
f 1158 838 837
f 1158 837 1167
f 1167 837 839
f 1167 839 840
f 1167 840 841
f 1167 841 836
f 1167 836 835
f 1167 835 834
f 1167 834 1166
f 1158 805 807
f 1158 807 842
f 1158 842 838
f 1167 1159 1158
f 1165 1164 1162
f 1165 1162 1166
f 1166 1162 1163
f 1166 1163 1160
f 1166 1160 1167
f 1167 1160 1161
f 1167 1161 1159
f 822 1168 795
f 1168 1169 795
f 795 1169 796
f 1169 815 796
f 816 1169 824
f 1169 1168 824
f 824 1168 822
f 816 815 1169
usemtl 150,117,0
f 1170 1171 1172
f 1173 1174 1175
f 1176 1177 1178
f 1179 1180 1181
f 1182 1183 1174
f 1184 1185 1186
f 1186 1185 1187
f 1186 1187 1188
f 1178 1179 1176
f 1176 1179 1181
f 1176 1181 1189
f 1189 1181 1190
f 1189 1190 1172
f 1172 1190 1191
f 1175 1192 1193
f 1192 1175 1191
f 1191 1175 1194
f 1191 1194 1195
f 1196 1197 1195
f 1195 1197 1198
f 1195 1198 1199
f 1200 1171 1184
f 1184 1171 1170
f 1184 1170 1185
f 1174 1183 1201
f 1201 1183 1202
f 1201 1202 1203
f 1199 1204 1195
f 1195 1204 1205
f 1195 1205 1191
f 1191 1205 1206
f 1191 1206 1172
f 1172 1206 1207
f 1172 1207 1170
f 1173 1208 1174
f 1174 1208 1209
f 1174 1209 1182
f 1188 1210 1186
f 1186 1210 1211
f 1186 1211 1212
f 1213 1214 1186
f 1186 1214 1215
f 1216 1217 1218
f 1218 1217 1219
f 1215 1220 1186
f 1186 1220 1219
f 1186 1219 1221
f 1221 1219 1217
f 1212 1222 1186
f 1186 1222 1223
f 1186 1223 1213
f 1224 1225 1180
f 1180 1225 1226
f 1180 1226 1181
f 1181 1226 1227
f 1181 1227 1171
f 1202 1228 1203
f 1203 1228 1229
f 1203 1229 1195
f 1195 1229 1230
f 1195 1230 1196
f 1231 1232 1233
f 1233 1232 1234
f 1233 1234 1235
f 1193 1236 1175
f 1175 1236 1237
f 1175 1237 1173
f 1173 1237 1231
f 1173 1231 1238
f 1238 1231 1233
f 1238 1233 1239
f 1239 1233 1240
f 1241 1242 1243
f 1243 1242 1244
f 1190 1245 1246
f 1246 1245 1243
f 1246 1243 1247
f 1247 1243 1244
f 1248 1249 1181
f 1250 1251 1181
f 1181 1251 1252
f 1181 1252 1190
f 1190 1252 1253
f 1254 1255 1245
f 1245 1255 1256
f 1257 1258 1259
f 1253 1260 1190
f 1190 1260 1261
f 1190 1261 1245
f 1245 1261 1262
f 1245 1262 1254
f 1259 1263 1257
f 1257 1263 1264
f 1257 1264 1265
f 1265 1250 1257
f 1257 1250 1181
f 1257 1181 1266
f 1266 1181 1249
f 1266 1249 1267
f 1267 1249 1268
f 1256 1269 1245
f 1245 1269 1270
f 1245 1270 1257
f 1257 1270 1271
f 1257 1271 1258
f 1243 1248 1241
f 1241 1248 1181
f 1241 1181 1272
f 1272 1181 1273
f 1233 1274 1275
f 1275 1273 1233
f 1233 1273 1181
f 1233 1181 1240
f 1240 1181 1171
f 1240 1171 1276
f 1276 1171 1200
f 1277 1278 1279
f 1280 1281 1282
f 1283 1284 1285
f 1280 1282 1286
f 1283 1285 1287
f 1285 1288 1287
f 1287 1288 1289
f 1287 1289 1290
f 1290 1289 1291
f 1290 1291 1292
f 1292 1291 1293
f 1292 1293 1294
f 1294 1293 1286
f 1294 1286 1295
f 1295 1286 1282
f 1296 1297 1298
f 1299 1300 1301
f 1301 1300 1302
f 1302 1300 1303
f 1302 1303 1304
f 1305 1306 1307
f 1307 1306 1308
f 1307 1308 1309
f 1299 1301 1310
f 1310 1301 1311
f 1310 1311 1312
f 1312 1311 1313
f 1312 1313 1305
f 1305 1313 1314
f 1305 1314 1306
f 1315 1316 1317
f 1318 1319 1320
f 1320 1319 1321
f 1321 1319 1322
f 1321 1322 1323
f 1324 1325 1326
f 1326 1325 1327
f 1326 1327 1328
f 1318 1320 1329
f 1329 1320 1330
f 1329 1330 1331
f 1331 1330 1332
f 1331 1332 1324
f 1324 1332 1333
f 1324 1333 1325
f 1334 1335 1336
f 1337 1338 1339
f 1340 1341 1342
f 1343 1344 1345
f 1346 1347 1348
f 1349 1350 1351
f 1352 1353 1354
f 1328 1327 1355
f 1356 1191 1190
f 1328 1355 1357
f 1357 1355 1358
f 1357 1358 1359
f 1359 1358 1360
f 1359 1360 1361
f 1361 1360 1362
f 1361 1362 1363
f 1363 1362 1364
f 1363 1364 1365
f 1365 1364 1366
f 1365 1366 1367
f 1367 1366 1356
f 1367 1356 1368
f 1368 1356 1190
f 1368 1190 1246
f 1285 1284 1369
f 1285 1369 1370
f 1370 1369 1371
f 1370 1371 1372
f 1372 1371 1373
f 1372 1373 1374
f 1374 1373 1375
f 1374 1375 1376
f 1376 1375 1377
f 1376 1377 1378
f 1378 1377 1379
f 1378 1379 1380
f 1380 1379 1381
f 1380 1381 1382
f 1382 1381 1304
f 1382 1304 1303
f 1233 1235 1383
f 1384 1274 1233
f 1233 1383 1384
f 1384 1383 1385
f 1384 1385 1386
f 1386 1385 1387
f 1386 1387 1388
f 1388 1387 1389
f 1388 1389 1390
f 1390 1389 1391
f 1390 1391 1392
f 1392 1391 1393
f 1392 1393 1394
f 1394 1393 1395
f 1394 1395 1396
f 1396 1395 1282
f 1396 1282 1281
f 1309 1308 1397
f 1309 1397 1398
f 1398 1397 1399
f 1398 1399 1400
f 1400 1399 1401
f 1400 1401 1402
f 1402 1401 1403
f 1402 1403 1404
f 1404 1403 1405
f 1404 1405 1406
f 1406 1405 1407
f 1406 1407 1408
f 1408 1407 1409
f 1408 1409 1410
f 1410 1409 1323
f 1410 1323 1322
f 1411 1412 1413
f 1413 1412 1414
f 1413 1414 1415
f 1415 1414 1416
f 1415 1416 1417
f 1417 1416 1418
f 1419 1420 1421
f 1421 1420 1422
f 1421 1422 1423
f 1424 1425 1421
f 1421 1425 1426
f 1421 1426 1427
f 1423 1428 1421
f 1421 1428 1429
f 1421 1429 1430
f 1430 1431 1421
f 1421 1431 1432
f 1421 1432 1424
f 1433 1434 1426
f 1426 1434 1435
f 1426 1435 1427
usemtl 217,217,217
f 1436 1437 1438
f 1438 1437 1439
f 1339 1338 1436
f 1339 1436 1438
f 1351 1350 1440
f 1441 1342 1442
f 1441 1442 1440
f 1440 1442 1351
f 1340 1342 1441
f 1443 1340 1441
f 1444 1347 1445
f 1444 1445 1441
f 1441 1445 1331
f 1441 1331 1443
f 1446 1447 1448
f 1449 1344 1450
f 1449 1450 1448
f 1448 1450 1312
f 1448 1312 1446
f 1451 1452 1453
f 1436 1338 1454
f 1436 1454 1453
f 1453 1454 1291
f 1453 1291 1451
f 1345 1344 1449
f 1453 1452 1455
f 1453 1455 1449
f 1449 1455 1345
f 1347 1444 1348
f 1348 1444 1456
f 1456 1444 1448
f 1456 1448 1447
f 1457 1337 1339
f 1457 1339 1438
f 1384 1439 1274
f 1274 1439 1275
f 1457 1439 1337
f 1337 1439 1386
f 1386 1439 1384
f 1458 1273 1459
f 1459 1273 1275
f 1459 1275 1439
f 1242 1241 1458
f 1458 1241 1272
f 1458 1272 1273
f 1460 1244 1461
f 1461 1244 1242
f 1461 1242 1458
f 1363 1350 1361
f 1361 1350 1349
f 1361 1349 1359
f 1363 1365 1350
f 1350 1365 1367
f 1350 1367 1368
f 1350 1368 1246
f 1350 1246 1460
f 1460 1246 1247
f 1460 1247 1244
f 1462 1463 1442
f 1459 1439 1437
f 1440 1350 1460
f 1460 1461 1440
f 1440 1461 1437
f 1437 1461 1458
f 1437 1458 1459
f 1464 1336 1465
f 1466 1467 1468
f 1466 1468 1469
f 1466 1469 1465
f 1465 1469 1464
f 1470 1279 1471
f 1472 1473 1474
f 1472 1474 1475
f 1472 1475 1471
f 1471 1475 1470
f 1476 1298 1477
f 1478 1352 1479
f 1478 1479 1480
f 1478 1480 1477
f 1477 1480 1476
f 1481 1482 1383
f 1481 1383 1235
f 1481 1235 1483
f 1482 1484 1335
f 1385 1383 1334
f 1334 1383 1482
f 1334 1482 1335
f 1366 1317 1356
f 1356 1317 1191
f 1191 1317 1192
f 1366 1364 1317
f 1317 1364 1362
f 1317 1362 1315
f 1315 1362 1360
f 1315 1360 1358
f 1236 1193 1485
f 1485 1193 1192
f 1485 1192 1317
f 1235 1234 1483
f 1483 1234 1232
f 1483 1232 1486
f 1486 1232 1231
f 1486 1231 1237
f 1486 1237 1236
f 1485 1317 1487
f 1488 1481 1483
f 1483 1486 1488
f 1488 1486 1487
f 1487 1486 1236
f 1487 1236 1485
f 1489 1490 1491
f 1491 1490 1492
f 1472 1477 1297
f 1297 1477 1298
f 1472 1297 1493
f 1472 1493 1473
f 1478 1477 1490
f 1490 1477 1492
f 1316 1487 1317
f 1487 1316 1494
f 1487 1494 1353
f 1487 1353 1478
f 1478 1353 1352
f 1477 1472 1492
f 1478 1490 1487
f 1278 1471 1279
f 1471 1278 1495
f 1471 1495 1467
f 1471 1467 1466
f 1472 1471 1496
f 1472 1496 1492
f 1492 1496 1491
f 1488 1487 1489
f 1489 1487 1490
f 1481 1488 1465
f 1481 1465 1484
f 1484 1465 1335
f 1335 1465 1336
f 1466 1496 1471
f 1491 1496 1466
f 1489 1465 1488
f 1466 1465 1489
f 1466 1489 1491
f 1497 1498 1494
f 1499 1500 1493
f 1501 1502 1495
f 1391 1336 1393
f 1393 1336 1395
f 1395 1336 1282
f 1282 1336 1295
f 1385 1334 1387
f 1387 1334 1336
f 1387 1336 1389
f 1389 1336 1391
f 1468 1287 1290
f 1468 1290 1469
f 1469 1290 1292
f 1469 1292 1294
f 1469 1294 1464
f 1464 1294 1295
f 1464 1295 1336
f 1467 1503 1369
f 1467 1369 1284
f 1467 1284 1468
f 1468 1284 1283
f 1468 1283 1287
f 1278 1503 1495
f 1371 1369 1277
f 1277 1369 1503
f 1277 1503 1278
f 1302 1304 1279
f 1279 1304 1381
f 1279 1381 1379
f 1279 1379 1377
f 1371 1277 1373
f 1373 1277 1279
f 1373 1279 1375
f 1375 1279 1377
f 1474 1314 1313
f 1474 1313 1475
f 1475 1313 1311
f 1475 1311 1301
f 1475 1301 1470
f 1470 1301 1302
f 1470 1302 1279
f 1473 1504 1397
f 1473 1397 1308
f 1473 1308 1474
f 1474 1308 1306
f 1474 1306 1314
f 1297 1504 1493
f 1399 1397 1296
f 1296 1397 1504
f 1296 1504 1297
f 1321 1323 1298
f 1298 1323 1409
f 1298 1409 1407
f 1298 1407 1405
f 1399 1296 1401
f 1401 1296 1298
f 1401 1298 1403
f 1403 1298 1405
f 1298 1476 1321
f 1321 1476 1320
f 1320 1476 1480
f 1320 1480 1330
f 1330 1480 1332
f 1332 1480 1479
f 1332 1479 1333
f 1333 1479 1325
f 1352 1354 1355
f 1325 1479 1327
f 1327 1479 1352
f 1327 1352 1355
f 1316 1354 1494
f 1358 1355 1315
f 1315 1355 1354
f 1315 1354 1316
f 1505 1506 1484
f 1507 1508 1509
f 1509 1508 1510
f 1436 1453 1510
f 1436 1510 1508
f 1436 1508 1437
f 1453 1449 1510
f 1440 1437 1507
f 1507 1437 1508
f 1449 1448 1510
f 1510 1448 1509
f 1507 1441 1440
f 1509 1448 1444
f 1444 1441 1507
f 1444 1507 1509
f 1511 1512 1438
f 1337 1386 1338
f 1338 1386 1388
f 1338 1388 1390
f 1390 1392 1338
f 1338 1392 1394
f 1338 1394 1396
f 1338 1396 1281
f 1338 1281 1454
f 1513 1343 1345
f 1513 1345 1455
f 1288 1285 1452
f 1452 1285 1370
f 1513 1452 1343
f 1343 1452 1372
f 1372 1452 1370
f 1281 1280 1454
f 1454 1280 1286
f 1454 1286 1293
f 1454 1293 1291
f 1291 1289 1451
f 1451 1289 1288
f 1451 1288 1452
f 1343 1372 1344
f 1344 1372 1374
f 1344 1374 1376
f 1376 1378 1344
f 1344 1378 1380
f 1344 1380 1382
f 1344 1382 1303
f 1344 1303 1450
f 1514 1348 1456
f 1398 1447 1309
f 1309 1447 1307
f 1398 1400 1447
f 1447 1400 1346
f 1348 1514 1346
f 1346 1514 1447
f 1303 1300 1450
f 1450 1300 1299
f 1450 1299 1310
f 1450 1310 1312
f 1312 1305 1446
f 1446 1305 1307
f 1446 1307 1447
f 1346 1400 1347
f 1347 1400 1402
f 1347 1402 1404
f 1404 1406 1347
f 1347 1406 1408
f 1347 1408 1410
f 1347 1410 1322
f 1347 1322 1445
f 1341 1349 1351
f 1341 1351 1442
f 1326 1328 1340
f 1340 1328 1357
f 1341 1340 1349
f 1349 1340 1359
f 1359 1340 1357
f 1322 1319 1445
f 1445 1319 1318
f 1445 1318 1329
f 1445 1329 1331
f 1331 1324 1443
f 1443 1324 1326
f 1443 1326 1340
f 1515 1516 1456
f 1517 1518 1455
usemtl 255,255,255
f 1519 1248 1243
f 1249 1520 1268
f 1520 1521 1268
f 1268 1521 1267
f 1521 1266 1267
f 1257 1519 1245
f 1245 1519 1243
f 1522 1519 1521
f 1521 1519 1257
f 1521 1257 1266
f 1519 1522 1520
f 1519 1520 1248
f 1248 1520 1249
f 1521 1520 1411
f 1411 1520 1412
f 1522 1521 1413
f 1413 1521 1411
f 1522 1413 1415
f 1522 1415 1417
f 1418 1522 1417
f 1522 1418 1416
f 1522 1416 1414
f 1520 1522 1412
f 1412 1522 1414
f 1523 1524 1250
f 1250 1524 1251
f 1524 1525 1251
f 1251 1525 1252
f 1525 1526 1252
f 1252 1526 1253
f 1527 1270 1269
f 1527 1269 1256
f 1527 1256 1255
f 1527 1255 1254
f 1527 1254 1526
f 1526 1254 1262
f 1526 1262 1261
f 1526 1261 1260
f 1526 1260 1253
f 1523 1250 1265
f 1523 1265 1264
f 1523 1264 1263
f 1523 1263 1259
f 1523 1259 1258
f 1523 1258 1271
f 1523 1271 1527
f 1527 1271 1270
f 1528 1527 1526
f 1528 1526 1529
f 1529 1526 1525
f 1530 1524 1523
f 1530 1523 1527
f 1530 1527 1528
f 1529 1525 1421
f 1421 1525 1419
f 1529 1421 1427
f 1529 1427 1435
f 1529 1435 1434
f 1529 1434 1433
f 1529 1433 1528
f 1528 1433 1426
f 1528 1426 1425
f 1528 1425 1424
f 1528 1424 1432
f 1528 1432 1530
f 1530 1432 1431
f 1530 1431 1430
f 1530 1430 1429
f 1530 1429 1428
f 1530 1428 1423
f 1530 1423 1422
f 1524 1530 1420
f 1420 1530 1422
f 1525 1524 1419
f 1419 1524 1420
f 1226 1531 1227
f 1531 1532 1227
f 1227 1532 1171
f 1532 1533 1171
f 1171 1533 1172
f 1533 1534 1172
f 1172 1534 1189
f 1189 1534 1176
f 1534 1533 1176
f 1176 1533 1177
f 1533 1535 1177
f 1177 1535 1178
f 1535 1536 1178
f 1178 1536 1179
f 1179 1536 1180
f 1536 1535 1180
f 1180 1535 1224
f 1535 1225 1224
f 1225 1531 1226
f 1531 1225 1532
f 1532 1225 1535
f 1532 1535 1533
f 1537 1538 1184
f 1184 1538 1200
f 1538 1238 1239
f 1538 1239 1240
f 1538 1240 1276
f 1538 1276 1200
f 1539 1229 1228
f 1539 1228 1202
f 1539 1202 1183
f 1539 1183 1182
f 1539 1182 1540
f 1540 1182 1209
f 1540 1209 1208
f 1540 1208 1538
f 1538 1208 1173
f 1538 1173 1238
f 1541 1205 1204
f 1541 1204 1199
f 1541 1199 1198
f 1541 1198 1197
f 1541 1197 1542
f 1542 1197 1196
f 1542 1196 1230
f 1542 1230 1229
f 1542 1229 1539
f 1543 1207 1206
f 1543 1206 1205
f 1543 1205 1541
f 1543 1544 1207
f 1207 1544 1170
f 1544 1187 1185
f 1544 1185 1170
f 1545 1213 1223
f 1545 1223 1222
f 1545 1222 1212
f 1545 1212 1211
f 1545 1211 1210
f 1545 1210 1188
f 1545 1188 1187
f 1545 1187 1544
f 1537 1217 1216
f 1537 1216 1546
f 1546 1216 1218
f 1546 1218 1219
f 1546 1219 1220
f 1546 1220 1215
f 1546 1215 1214
f 1546 1214 1213
f 1546 1213 1545
f 1537 1184 1186
f 1537 1186 1221
f 1537 1221 1217
f 1546 1538 1537
f 1544 1543 1541
f 1544 1541 1545
f 1545 1541 1542
f 1545 1542 1539
f 1545 1539 1546
f 1546 1539 1540
f 1546 1540 1538
f 1201 1547 1174
f 1547 1548 1174
f 1174 1548 1175
f 1548 1194 1175
f 1195 1548 1203
f 1548 1547 1203
f 1203 1547 1201
f 1195 1194 1548
usemtl 150,117,0
f 1549 1550 1551
f 1552 1553 1554
f 1555 1556 1557
f 1558 1559 1560
f 1561 1562 1553
f 1563 1564 1565
f 1565 1564 1566
f 1565 1566 1567
f 1557 1558 1555
f 1555 1558 1560
f 1555 1560 1568
f 1568 1560 1569
f 1568 1569 1551
f 1551 1569 1570
f 1554 1571 1572
f 1571 1554 1570
f 1570 1554 1573
f 1570 1573 1574
f 1575 1576 1574
f 1574 1576 1577
f 1574 1577 1578
f 1579 1550 1563
f 1563 1550 1549
f 1563 1549 1564
f 1553 1562 1580
f 1580 1562 1581
f 1580 1581 1582
f 1578 1583 1574
f 1574 1583 1584
f 1574 1584 1570
f 1570 1584 1585
f 1570 1585 1551
f 1551 1585 1586
f 1551 1586 1549
f 1552 1587 1553
f 1553 1587 1588
f 1553 1588 1561
f 1567 1589 1565
f 1565 1589 1590
f 1565 1590 1591
f 1592 1593 1565
f 1565 1593 1594
f 1595 1596 1597
f 1597 1596 1598
f 1594 1599 1565
f 1565 1599 1598
f 1565 1598 1600
f 1600 1598 1596
f 1591 1601 1565
f 1565 1601 1602
f 1565 1602 1592
f 1603 1604 1559
f 1559 1604 1605
f 1559 1605 1560
f 1560 1605 1606
f 1560 1606 1550
f 1581 1607 1582
f 1582 1607 1608
f 1582 1608 1574
f 1574 1608 1609
f 1574 1609 1575
f 1610 1611 1612
f 1612 1611 1613
f 1612 1613 1614
f 1572 1615 1554
f 1554 1615 1616
f 1554 1616 1552
f 1552 1616 1610
f 1552 1610 1617
f 1617 1610 1612
f 1617 1612 1618
f 1618 1612 1619
f 1620 1621 1622
f 1622 1621 1623
f 1569 1624 1625
f 1625 1624 1622
f 1625 1622 1626
f 1626 1622 1623
f 1627 1628 1560
f 1629 1630 1560
f 1560 1630 1631
f 1560 1631 1569
f 1569 1631 1632
f 1633 1634 1624
f 1624 1634 1635
f 1636 1637 1638
f 1632 1639 1569
f 1569 1639 1640
f 1569 1640 1624
f 1624 1640 1641
f 1624 1641 1633
f 1638 1642 1636
f 1636 1642 1643
f 1636 1643 1644
f 1644 1629 1636
f 1636 1629 1560
f 1636 1560 1645
f 1645 1560 1628
f 1645 1628 1646
f 1646 1628 1647
f 1635 1648 1624
f 1624 1648 1649
f 1624 1649 1636
f 1636 1649 1650
f 1636 1650 1637
f 1622 1627 1620
f 1620 1627 1560
f 1620 1560 1651
f 1651 1560 1652
f 1612 1653 1654
f 1654 1652 1612
f 1612 1652 1560
f 1612 1560 1619
f 1619 1560 1550
f 1619 1550 1655
f 1655 1550 1579
f 1656 1657 1658
f 1659 1660 1661
f 1662 1663 1664
f 1659 1661 1665
f 1662 1664 1666
f 1664 1667 1666
f 1666 1667 1668
f 1666 1668 1669
f 1669 1668 1670
f 1669 1670 1671
f 1671 1670 1672
f 1671 1672 1673
f 1673 1672 1665
f 1673 1665 1674
f 1674 1665 1661
f 1675 1676 1677
f 1678 1679 1680
f 1680 1679 1681
f 1681 1679 1682
f 1681 1682 1683
f 1684 1685 1686
f 1686 1685 1687
f 1686 1687 1688
f 1678 1680 1689
f 1689 1680 1690
f 1689 1690 1691
f 1691 1690 1692
f 1691 1692 1684
f 1684 1692 1693
f 1684 1693 1685
f 1694 1695 1696
f 1697 1698 1699
f 1699 1698 1700
f 1700 1698 1701
f 1700 1701 1702
f 1703 1704 1705
f 1705 1704 1706
f 1705 1706 1707
f 1697 1699 1708
f 1708 1699 1709
f 1708 1709 1710
f 1710 1709 1711
f 1710 1711 1703
f 1703 1711 1712
f 1703 1712 1704
f 1713 1714 1715
f 1716 1717 1718
f 1719 1720 1721
f 1722 1723 1724
f 1725 1726 1727
f 1728 1729 1730
f 1731 1732 1733
f 1707 1706 1734
f 1735 1570 1569
f 1707 1734 1736
f 1736 1734 1737
f 1736 1737 1738
f 1738 1737 1739
f 1738 1739 1740
f 1740 1739 1741
f 1740 1741 1742
f 1742 1741 1743
f 1742 1743 1744
f 1744 1743 1745
f 1744 1745 1746
f 1746 1745 1735
f 1746 1735 1747
f 1747 1735 1569
f 1747 1569 1625
f 1664 1663 1748
f 1664 1748 1749
f 1749 1748 1750
f 1749 1750 1751
f 1751 1750 1752
f 1751 1752 1753
f 1753 1752 1754
f 1753 1754 1755
f 1755 1754 1756
f 1755 1756 1757
f 1757 1756 1758
f 1757 1758 1759
f 1759 1758 1760
f 1759 1760 1761
f 1761 1760 1683
f 1761 1683 1682
f 1612 1614 1762
f 1763 1653 1612
f 1612 1762 1763
f 1763 1762 1764
f 1763 1764 1765
f 1765 1764 1766
f 1765 1766 1767
f 1767 1766 1768
f 1767 1768 1769
f 1769 1768 1770
f 1769 1770 1771
f 1771 1770 1772
f 1771 1772 1773
f 1773 1772 1774
f 1773 1774 1775
f 1775 1774 1661
f 1775 1661 1660
f 1688 1687 1776
f 1688 1776 1777
f 1777 1776 1778
f 1777 1778 1779
f 1779 1778 1780
f 1779 1780 1781
f 1781 1780 1782
f 1781 1782 1783
f 1783 1782 1784
f 1783 1784 1785
f 1785 1784 1786
f 1785 1786 1787
f 1787 1786 1788
f 1787 1788 1789
f 1789 1788 1702
f 1789 1702 1701
f 1790 1791 1792
f 1792 1791 1793
f 1792 1793 1794
f 1794 1793 1795
f 1794 1795 1796
f 1796 1795 1797
f 1798 1799 1800
f 1800 1799 1801
f 1800 1801 1802
f 1803 1804 1800
f 1800 1804 1805
f 1800 1805 1806
f 1802 1807 1800
f 1800 1807 1808
f 1800 1808 1809
f 1809 1810 1800
f 1800 1810 1811
f 1800 1811 1803
f 1812 1813 1805
f 1805 1813 1814
f 1805 1814 1806
usemtl 217,217,217
f 1815 1816 1817
f 1817 1816 1818
f 1718 1717 1815
f 1718 1815 1817
f 1730 1729 1819
f 1820 1721 1821
f 1820 1821 1819
f 1819 1821 1730
f 1719 1721 1820
f 1822 1719 1820
f 1823 1726 1824
f 1823 1824 1820
f 1820 1824 1710
f 1820 1710 1822
f 1825 1826 1827
f 1828 1723 1829
f 1828 1829 1827
f 1827 1829 1691
f 1827 1691 1825
f 1830 1831 1832
f 1815 1717 1833
f 1815 1833 1832
f 1832 1833 1670
f 1832 1670 1830
f 1724 1723 1828
f 1832 1831 1834
f 1832 1834 1828
f 1828 1834 1724
f 1726 1823 1727
f 1727 1823 1835
f 1835 1823 1827
f 1835 1827 1826
f 1836 1716 1718
f 1836 1718 1817
f 1763 1818 1653
f 1653 1818 1654
f 1836 1818 1716
f 1716 1818 1765
f 1765 1818 1763
f 1837 1652 1838
f 1838 1652 1654
f 1838 1654 1818
f 1621 1620 1837
f 1837 1620 1651
f 1837 1651 1652
f 1839 1623 1840
f 1840 1623 1621
f 1840 1621 1837
f 1742 1729 1740
f 1740 1729 1728
f 1740 1728 1738
f 1742 1744 1729
f 1729 1744 1746
f 1729 1746 1747
f 1729 1747 1625
f 1729 1625 1839
f 1839 1625 1626
f 1839 1626 1623
f 1841 1842 1821
f 1838 1818 1816
f 1819 1729 1839
f 1839 1840 1819
f 1819 1840 1816
f 1816 1840 1837
f 1816 1837 1838
f 1843 1715 1844
f 1845 1846 1847
f 1845 1847 1848
f 1845 1848 1844
f 1844 1848 1843
f 1849 1658 1850
f 1851 1852 1853
f 1851 1853 1854
f 1851 1854 1850
f 1850 1854 1849
f 1855 1677 1856
f 1857 1731 1858
f 1857 1858 1859
f 1857 1859 1856
f 1856 1859 1855
f 1860 1861 1762
f 1860 1762 1614
f 1860 1614 1862
f 1861 1863 1714
f 1764 1762 1713
f 1713 1762 1861
f 1713 1861 1714
f 1745 1696 1735
f 1735 1696 1570
f 1570 1696 1571
f 1745 1743 1696
f 1696 1743 1741
f 1696 1741 1694
f 1694 1741 1739
f 1694 1739 1737
f 1615 1572 1864
f 1864 1572 1571
f 1864 1571 1696
f 1614 1613 1862
f 1862 1613 1611
f 1862 1611 1865
f 1865 1611 1610
f 1865 1610 1616
f 1865 1616 1615
f 1864 1696 1866
f 1867 1860 1862
f 1862 1865 1867
f 1867 1865 1866
f 1866 1865 1615
f 1866 1615 1864
f 1868 1869 1870
f 1870 1869 1871
f 1851 1856 1676
f 1676 1856 1677
f 1851 1676 1872
f 1851 1872 1852
f 1857 1856 1869
f 1869 1856 1871
f 1695 1866 1696
f 1866 1695 1873
f 1866 1873 1732
f 1866 1732 1857
f 1857 1732 1731
f 1856 1851 1871
f 1857 1869 1866
f 1657 1850 1658
f 1850 1657 1874
f 1850 1874 1846
f 1850 1846 1845
f 1851 1850 1875
f 1851 1875 1871
f 1871 1875 1870
f 1867 1866 1868
f 1868 1866 1869
f 1860 1867 1844
f 1860 1844 1863
f 1863 1844 1714
f 1714 1844 1715
f 1845 1875 1850
f 1870 1875 1845
f 1868 1844 1867
f 1845 1844 1868
f 1845 1868 1870
f 1876 1877 1873
f 1878 1879 1872
f 1880 1881 1874
f 1770 1715 1772
f 1772 1715 1774
f 1774 1715 1661
f 1661 1715 1674
f 1764 1713 1766
f 1766 1713 1715
f 1766 1715 1768
f 1768 1715 1770
f 1847 1666 1669
f 1847 1669 1848
f 1848 1669 1671
f 1848 1671 1673
f 1848 1673 1843
f 1843 1673 1674
f 1843 1674 1715
f 1846 1882 1748
f 1846 1748 1663
f 1846 1663 1847
f 1847 1663 1662
f 1847 1662 1666
f 1657 1882 1874
f 1750 1748 1656
f 1656 1748 1882
f 1656 1882 1657
f 1681 1683 1658
f 1658 1683 1760
f 1658 1760 1758
f 1658 1758 1756
f 1750 1656 1752
f 1752 1656 1658
f 1752 1658 1754
f 1754 1658 1756
f 1853 1693 1692
f 1853 1692 1854
f 1854 1692 1690
f 1854 1690 1680
f 1854 1680 1849
f 1849 1680 1681
f 1849 1681 1658
f 1852 1883 1776
f 1852 1776 1687
f 1852 1687 1853
f 1853 1687 1685
f 1853 1685 1693
f 1676 1883 1872
f 1778 1776 1675
f 1675 1776 1883
f 1675 1883 1676
f 1700 1702 1677
f 1677 1702 1788
f 1677 1788 1786
f 1677 1786 1784
f 1778 1675 1780
f 1780 1675 1677
f 1780 1677 1782
f 1782 1677 1784
f 1677 1855 1700
f 1700 1855 1699
f 1699 1855 1859
f 1699 1859 1709
f 1709 1859 1711
f 1711 1859 1858
f 1711 1858 1712
f 1712 1858 1704
f 1731 1733 1734
f 1704 1858 1706
f 1706 1858 1731
f 1706 1731 1734
f 1695 1733 1873
f 1737 1734 1694
f 1694 1734 1733
f 1694 1733 1695
f 1884 1885 1863
f 1886 1887 1888
f 1888 1887 1889
f 1815 1832 1889
f 1815 1889 1887
f 1815 1887 1816
f 1832 1828 1889
f 1819 1816 1886
f 1886 1816 1887
f 1828 1827 1889
f 1889 1827 1888
f 1886 1820 1819
f 1888 1827 1823
f 1823 1820 1886
f 1823 1886 1888
f 1890 1891 1817
f 1716 1765 1717
f 1717 1765 1767
f 1717 1767 1769
f 1769 1771 1717
f 1717 1771 1773
f 1717 1773 1775
f 1717 1775 1660
f 1717 1660 1833
f 1892 1722 1724
f 1892 1724 1834
f 1667 1664 1831
f 1831 1664 1749
f 1892 1831 1722
f 1722 1831 1751
f 1751 1831 1749
f 1660 1659 1833
f 1833 1659 1665
f 1833 1665 1672
f 1833 1672 1670
f 1670 1668 1830
f 1830 1668 1667
f 1830 1667 1831
f 1722 1751 1723
f 1723 1751 1753
f 1723 1753 1755
f 1755 1757 1723
f 1723 1757 1759
f 1723 1759 1761
f 1723 1761 1682
f 1723 1682 1829
f 1893 1727 1835
f 1777 1826 1688
f 1688 1826 1686
f 1777 1779 1826
f 1826 1779 1725
f 1727 1893 1725
f 1725 1893 1826
f 1682 1679 1829
f 1829 1679 1678
f 1829 1678 1689
f 1829 1689 1691
f 1691 1684 1825
f 1825 1684 1686
f 1825 1686 1826
f 1725 1779 1726
f 1726 1779 1781
f 1726 1781 1783
f 1783 1785 1726
f 1726 1785 1787
f 1726 1787 1789
f 1726 1789 1701
f 1726 1701 1824
f 1720 1728 1730
f 1720 1730 1821
f 1705 1707 1719
f 1719 1707 1736
f 1720 1719 1728
f 1728 1719 1738
f 1738 1719 1736
f 1701 1698 1824
f 1824 1698 1697
f 1824 1697 1708
f 1824 1708 1710
f 1710 1703 1822
f 1822 1703 1705
f 1822 1705 1719
f 1894 1895 1835
f 1896 1897 1834
usemtl 255,255,255
f 1898 1627 1622
f 1628 1899 1647
f 1899 1900 1647
f 1647 1900 1646
f 1900 1645 1646
f 1636 1898 1624
f 1624 1898 1622
f 1901 1898 1900
f 1900 1898 1636
f 1900 1636 1645
f 1898 1901 1899
f 1898 1899 1627
f 1627 1899 1628
f 1900 1899 1790
f 1790 1899 1791
f 1901 1900 1792
f 1792 1900 1790
f 1901 1792 1794
f 1901 1794 1796
f 1797 1901 1796
f 1901 1797 1795
f 1901 1795 1793
f 1899 1901 1791
f 1791 1901 1793
f 1902 1903 1629
f 1629 1903 1630
f 1903 1904 1630
f 1630 1904 1631
f 1904 1905 1631
f 1631 1905 1632
f 1906 1649 1648
f 1906 1648 1635
f 1906 1635 1634
f 1906 1634 1633
f 1906 1633 1905
f 1905 1633 1641
f 1905 1641 1640
f 1905 1640 1639
f 1905 1639 1632
f 1902 1629 1644
f 1902 1644 1643
f 1902 1643 1642
f 1902 1642 1638
f 1902 1638 1637
f 1902 1637 1650
f 1902 1650 1906
f 1906 1650 1649
f 1907 1906 1905
f 1907 1905 1908
f 1908 1905 1904
f 1909 1903 1902
f 1909 1902 1906
f 1909 1906 1907
f 1908 1904 1800
f 1800 1904 1798
f 1908 1800 1806
f 1908 1806 1814
f 1908 1814 1813
f 1908 1813 1812
f 1908 1812 1907
f 1907 1812 1805
f 1907 1805 1804
f 1907 1804 1803
f 1907 1803 1811
f 1907 1811 1909
f 1909 1811 1810
f 1909 1810 1809
f 1909 1809 1808
f 1909 1808 1807
f 1909 1807 1802
f 1909 1802 1801
f 1903 1909 1799
f 1799 1909 1801
f 1904 1903 1798
f 1798 1903 1799
f 1605 1910 1606
f 1910 1911 1606
f 1606 1911 1550
f 1911 1912 1550
f 1550 1912 1551
f 1912 1913 1551
f 1551 1913 1568
f 1568 1913 1555
f 1913 1912 1555
f 1555 1912 1556
f 1912 1914 1556
f 1556 1914 1557
f 1914 1915 1557
f 1557 1915 1558
f 1558 1915 1559
f 1915 1914 1559
f 1559 1914 1603
f 1914 1604 1603
f 1604 1910 1605
f 1910 1604 1911
f 1911 1604 1914
f 1911 1914 1912
f 1916 1917 1563
f 1563 1917 1579
f 1917 1617 1618
f 1917 1618 1619
f 1917 1619 1655
f 1917 1655 1579
f 1918 1608 1607
f 1918 1607 1581
f 1918 1581 1562
f 1918 1562 1561
f 1918 1561 1919
f 1919 1561 1588
f 1919 1588 1587
f 1919 1587 1917
f 1917 1587 1552
f 1917 1552 1617
f 1920 1584 1583
f 1920 1583 1578
f 1920 1578 1577
f 1920 1577 1576
f 1920 1576 1921
f 1921 1576 1575
f 1921 1575 1609
f 1921 1609 1608
f 1921 1608 1918
f 1922 1586 1585
f 1922 1585 1584
f 1922 1584 1920
f 1922 1923 1586
f 1586 1923 1549
f 1923 1566 1564
f 1923 1564 1549
f 1924 1592 1602
f 1924 1602 1601
f 1924 1601 1591
f 1924 1591 1590
f 1924 1590 1589
f 1924 1589 1567
f 1924 1567 1566
f 1924 1566 1923
f 1916 1596 1595
f 1916 1595 1925
f 1925 1595 1597
f 1925 1597 1598
f 1925 1598 1599
f 1925 1599 1594
f 1925 1594 1593
f 1925 1593 1592
f 1925 1592 1924
f 1916 1563 1565
f 1916 1565 1600
f 1916 1600 1596
f 1925 1917 1916
f 1923 1922 1920
f 1923 1920 1924
f 1924 1920 1921
f 1924 1921 1918
f 1924 1918 1925
f 1925 1918 1919
f 1925 1919 1917
f 1580 1926 1553
f 1926 1927 1553
f 1553 1927 1554
f 1927 1573 1554
f 1574 1927 1582
f 1927 1926 1582
f 1582 1926 1580
f 1574 1573 1927
usemtl 150,117,0
f 1928 1929 1930
f 1931 1932 1933
f 1934 1935 1936
f 1937 1938 1939
f 1940 1941 1932
f 1942 1943 1944
f 1944 1943 1945
f 1944 1945 1946
f 1936 1937 1934
f 1934 1937 1939
f 1934 1939 1947
f 1947 1939 1948
f 1947 1948 1930
f 1930 1948 1949
f 1933 1950 1951
f 1950 1933 1949
f 1949 1933 1952
f 1949 1952 1953
f 1954 1955 1953
f 1953 1955 1956
f 1953 1956 1957
f 1958 1929 1942
f 1942 1929 1928
f 1942 1928 1943
f 1932 1941 1959
f 1959 1941 1960
f 1959 1960 1961
f 1957 1962 1953
f 1953 1962 1963
f 1953 1963 1949
f 1949 1963 1964
f 1949 1964 1930
f 1930 1964 1965
f 1930 1965 1928
f 1931 1966 1932
f 1932 1966 1967
f 1932 1967 1940
f 1946 1968 1944
f 1944 1968 1969
f 1944 1969 1970
f 1971 1972 1944
f 1944 1972 1973
f 1974 1975 1976
f 1976 1975 1977
f 1973 1978 1944
f 1944 1978 1977
f 1944 1977 1979
f 1979 1977 1975
f 1970 1980 1944
f 1944 1980 1981
f 1944 1981 1971
f 1982 1983 1938
f 1938 1983 1984
f 1938 1984 1939
f 1939 1984 1985
f 1939 1985 1929
f 1960 1986 1961
f 1961 1986 1987
f 1961 1987 1953
f 1953 1987 1988
f 1953 1988 1954
f 1989 1990 1991
f 1991 1990 1992
f 1991 1992 1993
f 1951 1994 1933
f 1933 1994 1995
f 1933 1995 1931
f 1931 1995 1989
f 1931 1989 1996
f 1996 1989 1991
f 1996 1991 1997
f 1997 1991 1998
f 1999 2000 2001
f 2001 2000 2002
f 1948 2003 2004
f 2004 2003 2001
f 2004 2001 2005
f 2005 2001 2002
f 2006 2007 1939
f 2008 2009 1939
f 1939 2009 2010
f 1939 2010 1948
f 1948 2010 2011
f 2012 2013 2003
f 2003 2013 2014
f 2015 2016 2017
f 2011 2018 1948
f 1948 2018 2019
f 1948 2019 2003
f 2003 2019 2020
f 2003 2020 2012
f 2017 2021 2015
f 2015 2021 2022
f 2015 2022 2023
f 2023 2008 2015
f 2015 2008 1939
f 2015 1939 2024
f 2024 1939 2007
f 2024 2007 2025
f 2025 2007 2026
f 2014 2027 2003
f 2003 2027 2028
f 2003 2028 2015
f 2015 2028 2029
f 2015 2029 2016
f 2001 2006 1999
f 1999 2006 1939
f 1999 1939 2030
f 2030 1939 2031
f 1991 2032 2033
f 2033 2031 1991
f 1991 2031 1939
f 1991 1939 1998
f 1998 1939 1929
f 1998 1929 2034
f 2034 1929 1958
f 2035 2036 2037
f 2038 2039 2040
f 2041 2042 2043
f 2038 2040 2044
f 2041 2043 2045
f 2043 2046 2045
f 2045 2046 2047
f 2045 2047 2048
f 2048 2047 2049
f 2048 2049 2050
f 2050 2049 2051
f 2050 2051 2052
f 2052 2051 2044
f 2052 2044 2053
f 2053 2044 2040
f 2054 2055 2056
f 2057 2058 2059
f 2059 2058 2060
f 2060 2058 2061
f 2060 2061 2062
f 2063 2064 2065
f 2065 2064 2066
f 2065 2066 2067
f 2057 2059 2068
f 2068 2059 2069
f 2068 2069 2070
f 2070 2069 2071
f 2070 2071 2063
f 2063 2071 2072
f 2063 2072 2064
f 2073 2074 2075
f 2076 2077 2078
f 2078 2077 2079
f 2079 2077 2080
f 2079 2080 2081
f 2082 2083 2084
f 2084 2083 2085
f 2084 2085 2086
f 2076 2078 2087
f 2087 2078 2088
f 2087 2088 2089
f 2089 2088 2090
f 2089 2090 2082
f 2082 2090 2091
f 2082 2091 2083
f 2092 2093 2094
f 2095 2096 2097
f 2098 2099 2100
f 2101 2102 2103
f 2104 2105 2106
f 2107 2108 2109
f 2110 2111 2112
f 2086 2085 2113
f 2114 1949 1948
f 2086 2113 2115
f 2115 2113 2116
f 2115 2116 2117
f 2117 2116 2118
f 2117 2118 2119
f 2119 2118 2120
f 2119 2120 2121
f 2121 2120 2122
f 2121 2122 2123
f 2123 2122 2124
f 2123 2124 2125
f 2125 2124 2114
f 2125 2114 2126
f 2126 2114 1948
f 2126 1948 2004
f 2043 2042 2127
f 2043 2127 2128
f 2128 2127 2129
f 2128 2129 2130
f 2130 2129 2131
f 2130 2131 2132
f 2132 2131 2133
f 2132 2133 2134
f 2134 2133 2135
f 2134 2135 2136
f 2136 2135 2137
f 2136 2137 2138
f 2138 2137 2139
f 2138 2139 2140
f 2140 2139 2062
f 2140 2062 2061
f 1991 1993 2141
f 2142 2032 1991
f 1991 2141 2142
f 2142 2141 2143
f 2142 2143 2144
f 2144 2143 2145
f 2144 2145 2146
f 2146 2145 2147
f 2146 2147 2148
f 2148 2147 2149
f 2148 2149 2150
f 2150 2149 2151
f 2150 2151 2152
f 2152 2151 2153
f 2152 2153 2154
f 2154 2153 2040
f 2154 2040 2039
f 2067 2066 2155
f 2067 2155 2156
f 2156 2155 2157
f 2156 2157 2158
f 2158 2157 2159
f 2158 2159 2160
f 2160 2159 2161
f 2160 2161 2162
f 2162 2161 2163
f 2162 2163 2164
f 2164 2163 2165
f 2164 2165 2166
f 2166 2165 2167
f 2166 2167 2168
f 2168 2167 2081
f 2168 2081 2080
f 2169 2170 2171
f 2171 2170 2172
f 2171 2172 2173
f 2173 2172 2174
f 2173 2174 2175
f 2175 2174 2176
f 2177 2178 2179
f 2179 2178 2180
f 2179 2180 2181
f 2182 2183 2179
f 2179 2183 2184
f 2179 2184 2185
f 2181 2186 2179
f 2179 2186 2187
f 2179 2187 2188
f 2188 2189 2179
f 2179 2189 2190
f 2179 2190 2182
f 2191 2192 2184
f 2184 2192 2193
f 2184 2193 2185
usemtl 217,217,217
f 2194 2195 2196
f 2196 2195 2197
f 2097 2096 2194
f 2097 2194 2196
f 2109 2108 2198
f 2199 2100 2200
f 2199 2200 2198
f 2198 2200 2109
f 2098 2100 2199
f 2201 2098 2199
f 2202 2105 2203
f 2202 2203 2199
f 2199 2203 2089
f 2199 2089 2201
f 2204 2205 2206
f 2207 2102 2208
f 2207 2208 2206
f 2206 2208 2070
f 2206 2070 2204
f 2209 2210 2211
f 2194 2096 2212
f 2194 2212 2211
f 2211 2212 2049
f 2211 2049 2209
f 2103 2102 2207
f 2211 2210 2213
f 2211 2213 2207
f 2207 2213 2103
f 2105 2202 2106
f 2106 2202 2214
f 2214 2202 2206
f 2214 2206 2205
f 2215 2095 2097
f 2215 2097 2196
f 2142 2197 2032
f 2032 2197 2033
f 2215 2197 2095
f 2095 2197 2144
f 2144 2197 2142
f 2216 2031 2217
f 2217 2031 2033
f 2217 2033 2197
f 2000 1999 2216
f 2216 1999 2030
f 2216 2030 2031
f 2218 2002 2219
f 2219 2002 2000
f 2219 2000 2216
f 2121 2108 2119
f 2119 2108 2107
f 2119 2107 2117
f 2121 2123 2108
f 2108 2123 2125
f 2108 2125 2126
f 2108 2126 2004
f 2108 2004 2218
f 2218 2004 2005
f 2218 2005 2002
f 2220 2221 2200
f 2217 2197 2195
f 2198 2108 2218
f 2218 2219 2198
f 2198 2219 2195
f 2195 2219 2216
f 2195 2216 2217
f 2222 2094 2223
f 2224 2225 2226
f 2224 2226 2227
f 2224 2227 2223
f 2223 2227 2222
f 2228 2037 2229
f 2230 2231 2232
f 2230 2232 2233
f 2230 2233 2229
f 2229 2233 2228
f 2234 2056 2235
f 2236 2110 2237
f 2236 2237 2238
f 2236 2238 2235
f 2235 2238 2234
f 2239 2240 2141
f 2239 2141 1993
f 2239 1993 2241
f 2240 2242 2093
f 2143 2141 2092
f 2092 2141 2240
f 2092 2240 2093
f 2124 2075 2114
f 2114 2075 1949
f 1949 2075 1950
f 2124 2122 2075
f 2075 2122 2120
f 2075 2120 2073
f 2073 2120 2118
f 2073 2118 2116
f 1994 1951 2243
f 2243 1951 1950
f 2243 1950 2075
f 1993 1992 2241
f 2241 1992 1990
f 2241 1990 2244
f 2244 1990 1989
f 2244 1989 1995
f 2244 1995 1994
f 2243 2075 2245
f 2246 2239 2241
f 2241 2244 2246
f 2246 2244 2245
f 2245 2244 1994
f 2245 1994 2243
f 2247 2248 2249
f 2249 2248 2250
f 2230 2235 2055
f 2055 2235 2056
f 2230 2055 2251
f 2230 2251 2231
f 2236 2235 2248
f 2248 2235 2250
f 2074 2245 2075
f 2245 2074 2252
f 2245 2252 2111
f 2245 2111 2236
f 2236 2111 2110
f 2235 2230 2250
f 2236 2248 2245
f 2036 2229 2037
f 2229 2036 2253
f 2229 2253 2225
f 2229 2225 2224
f 2230 2229 2254
f 2230 2254 2250
f 2250 2254 2249
f 2246 2245 2247
f 2247 2245 2248
f 2239 2246 2223
f 2239 2223 2242
f 2242 2223 2093
f 2093 2223 2094
f 2224 2254 2229
f 2249 2254 2224
f 2247 2223 2246
f 2224 2223 2247
f 2224 2247 2249
f 2255 2256 2252
f 2257 2258 2251
f 2259 2260 2253
f 2149 2094 2151
f 2151 2094 2153
f 2153 2094 2040
f 2040 2094 2053
f 2143 2092 2145
f 2145 2092 2094
f 2145 2094 2147
f 2147 2094 2149
f 2226 2045 2048
f 2226 2048 2227
f 2227 2048 2050
f 2227 2050 2052
f 2227 2052 2222
f 2222 2052 2053
f 2222 2053 2094
f 2225 2261 2127
f 2225 2127 2042
f 2225 2042 2226
f 2226 2042 2041
f 2226 2041 2045
f 2036 2261 2253
f 2129 2127 2035
f 2035 2127 2261
f 2035 2261 2036
f 2060 2062 2037
f 2037 2062 2139
f 2037 2139 2137
f 2037 2137 2135
f 2129 2035 2131
f 2131 2035 2037
f 2131 2037 2133
f 2133 2037 2135
f 2232 2072 2071
f 2232 2071 2233
f 2233 2071 2069
f 2233 2069 2059
f 2233 2059 2228
f 2228 2059 2060
f 2228 2060 2037
f 2231 2262 2155
f 2231 2155 2066
f 2231 2066 2232
f 2232 2066 2064
f 2232 2064 2072
f 2055 2262 2251
f 2157 2155 2054
f 2054 2155 2262
f 2054 2262 2055
f 2079 2081 2056
f 2056 2081 2167
f 2056 2167 2165
f 2056 2165 2163
f 2157 2054 2159
f 2159 2054 2056
f 2159 2056 2161
f 2161 2056 2163
f 2056 2234 2079
f 2079 2234 2078
f 2078 2234 2238
f 2078 2238 2088
f 2088 2238 2090
f 2090 2238 2237
f 2090 2237 2091
f 2091 2237 2083
f 2110 2112 2113
f 2083 2237 2085
f 2085 2237 2110
f 2085 2110 2113
f 2074 2112 2252
f 2116 2113 2073
f 2073 2113 2112
f 2073 2112 2074
f 2263 2264 2242
f 2265 2266 2267
f 2267 2266 2268
f 2194 2211 2268
f 2194 2268 2266
f 2194 2266 2195
f 2211 2207 2268
f 2198 2195 2265
f 2265 2195 2266
f 2207 2206 2268
f 2268 2206 2267
f 2265 2199 2198
f 2267 2206 2202
f 2202 2199 2265
f 2202 2265 2267
f 2269 2270 2196
f 2095 2144 2096
f 2096 2144 2146
f 2096 2146 2148
f 2148 2150 2096
f 2096 2150 2152
f 2096 2152 2154
f 2096 2154 2039
f 2096 2039 2212
f 2271 2101 2103
f 2271 2103 2213
f 2046 2043 2210
f 2210 2043 2128
f 2271 2210 2101
f 2101 2210 2130
f 2130 2210 2128
f 2039 2038 2212
f 2212 2038 2044
f 2212 2044 2051
f 2212 2051 2049
f 2049 2047 2209
f 2209 2047 2046
f 2209 2046 2210
f 2101 2130 2102
f 2102 2130 2132
f 2102 2132 2134
f 2134 2136 2102
f 2102 2136 2138
f 2102 2138 2140
f 2102 2140 2061
f 2102 2061 2208
f 2272 2106 2214
f 2156 2205 2067
f 2067 2205 2065
f 2156 2158 2205
f 2205 2158 2104
f 2106 2272 2104
f 2104 2272 2205
f 2061 2058 2208
f 2208 2058 2057
f 2208 2057 2068
f 2208 2068 2070
f 2070 2063 2204
f 2204 2063 2065
f 2204 2065 2205
f 2104 2158 2105
f 2105 2158 2160
f 2105 2160 2162
f 2162 2164 2105
f 2105 2164 2166
f 2105 2166 2168
f 2105 2168 2080
f 2105 2080 2203
f 2099 2107 2109
f 2099 2109 2200
f 2084 2086 2098
f 2098 2086 2115
f 2099 2098 2107
f 2107 2098 2117
f 2117 2098 2115
f 2080 2077 2203
f 2203 2077 2076
f 2203 2076 2087
f 2203 2087 2089
f 2089 2082 2201
f 2201 2082 2084
f 2201 2084 2098
f 2273 2274 2214
f 2275 2276 2213
usemtl 255,255,255
f 2277 2006 2001
f 2007 2278 2026
f 2278 2279 2026
f 2026 2279 2025
f 2279 2024 2025
f 2015 2277 2003
f 2003 2277 2001
f 2280 2277 2279
f 2279 2277 2015
f 2279 2015 2024
f 2277 2280 2278
f 2277 2278 2006
f 2006 2278 2007
f 2279 2278 2169
f 2169 2278 2170
f 2280 2279 2171
f 2171 2279 2169
f 2280 2171 2173
f 2280 2173 2175
f 2176 2280 2175
f 2280 2176 2174
f 2280 2174 2172
f 2278 2280 2170
f 2170 2280 2172
f 2281 2282 2008
f 2008 2282 2009
f 2282 2283 2009
f 2009 2283 2010
f 2283 2284 2010
f 2010 2284 2011
f 2285 2028 2027
f 2285 2027 2014
f 2285 2014 2013
f 2285 2013 2012
f 2285 2012 2284
f 2284 2012 2020
f 2284 2020 2019
f 2284 2019 2018
f 2284 2018 2011
f 2281 2008 2023
f 2281 2023 2022
f 2281 2022 2021
f 2281 2021 2017
f 2281 2017 2016
f 2281 2016 2029
f 2281 2029 2285
f 2285 2029 2028
f 2286 2285 2284
f 2286 2284 2287
f 2287 2284 2283
f 2288 2282 2281
f 2288 2281 2285
f 2288 2285 2286
f 2287 2283 2179
f 2179 2283 2177
f 2287 2179 2185
f 2287 2185 2193
f 2287 2193 2192
f 2287 2192 2191
f 2287 2191 2286
f 2286 2191 2184
f 2286 2184 2183
f 2286 2183 2182
f 2286 2182 2190
f 2286 2190 2288
f 2288 2190 2189
f 2288 2189 2188
f 2288 2188 2187
f 2288 2187 2186
f 2288 2186 2181
f 2288 2181 2180
f 2282 2288 2178
f 2178 2288 2180
f 2283 2282 2177
f 2177 2282 2178
f 1984 2289 1985
f 2289 2290 1985
f 1985 2290 1929
f 2290 2291 1929
f 1929 2291 1930
f 2291 2292 1930
f 1930 2292 1947
f 1947 2292 1934
f 2292 2291 1934
f 1934 2291 1935
f 2291 2293 1935
f 1935 2293 1936
f 2293 2294 1936
f 1936 2294 1937
f 1937 2294 1938
f 2294 2293 1938
f 1938 2293 1982
f 2293 1983 1982
f 1983 2289 1984
f 2289 1983 2290
f 2290 1983 2293
f 2290 2293 2291
f 2295 2296 1942
f 1942 2296 1958
f 2296 1996 1997
f 2296 1997 1998
f 2296 1998 2034
f 2296 2034 1958
f 2297 1987 1986
f 2297 1986 1960
f 2297 1960 1941
f 2297 1941 1940
f 2297 1940 2298
f 2298 1940 1967
f 2298 1967 1966
f 2298 1966 2296
f 2296 1966 1931
f 2296 1931 1996
f 2299 1963 1962
f 2299 1962 1957
f 2299 1957 1956
f 2299 1956 1955
f 2299 1955 2300
f 2300 1955 1954
f 2300 1954 1988
f 2300 1988 1987
f 2300 1987 2297
f 2301 1965 1964
f 2301 1964 1963
f 2301 1963 2299
f 2301 2302 1965
f 1965 2302 1928
f 2302 1945 1943
f 2302 1943 1928
f 2303 1971 1981
f 2303 1981 1980
f 2303 1980 1970
f 2303 1970 1969
f 2303 1969 1968
f 2303 1968 1946
f 2303 1946 1945
f 2303 1945 2302
f 2295 1975 1974
f 2295 1974 2304
f 2304 1974 1976
f 2304 1976 1977
f 2304 1977 1978
f 2304 1978 1973
f 2304 1973 1972
f 2304 1972 1971
f 2304 1971 2303
f 2295 1942 1944
f 2295 1944 1979
f 2295 1979 1975
f 2304 2296 2295
f 2302 2301 2299
f 2302 2299 2303
f 2303 2299 2300
f 2303 2300 2297
f 2303 2297 2304
f 2304 2297 2298
f 2304 2298 2296
f 1959 2305 1932
f 2305 2306 1932
f 1932 2306 1933
f 2306 1952 1933
f 1953 2306 1961
f 2306 2305 1961
f 1961 2305 1959
f 1953 1952 2306
usemtl 150,117,0
f 2307 2308 2309
f 2310 2311 2312
f 2313 2314 2315
f 2316 2317 2318
f 2319 2320 2311
f 2321 2322 2323
f 2323 2322 2324
f 2323 2324 2325
f 2315 2316 2313
f 2313 2316 2318
f 2313 2318 2326
f 2326 2318 2327
f 2326 2327 2309
f 2309 2327 2328
f 2312 2329 2330
f 2329 2312 2328
f 2328 2312 2331
f 2328 2331 2332
f 2333 2334 2332
f 2332 2334 2335
f 2332 2335 2336
f 2337 2308 2321
f 2321 2308 2307
f 2321 2307 2322
f 2311 2320 2338
f 2338 2320 2339
f 2338 2339 2340
f 2336 2341 2332
f 2332 2341 2342
f 2332 2342 2328
f 2328 2342 2343
f 2328 2343 2309
f 2309 2343 2344
f 2309 2344 2307
f 2310 2345 2311
f 2311 2345 2346
f 2311 2346 2319
f 2325 2347 2323
f 2323 2347 2348
f 2323 2348 2349
f 2350 2351 2323
f 2323 2351 2352
f 2353 2354 2355
f 2355 2354 2356
f 2352 2357 2323
f 2323 2357 2356
f 2323 2356 2358
f 2358 2356 2354
f 2349 2359 2323
f 2323 2359 2360
f 2323 2360 2350
f 2361 2362 2317
f 2317 2362 2363
f 2317 2363 2318
f 2318 2363 2364
f 2318 2364 2308
f 2339 2365 2340
f 2340 2365 2366
f 2340 2366 2332
f 2332 2366 2367
f 2332 2367 2333
f 2368 2369 2370
f 2370 2369 2371
f 2370 2371 2372
f 2330 2373 2312
f 2312 2373 2374
f 2312 2374 2310
f 2310 2374 2368
f 2310 2368 2375
f 2375 2368 2370
f 2375 2370 2376
f 2376 2370 2377
f 2378 2379 2380
f 2380 2379 2381
f 2327 2382 2383
f 2383 2382 2380
f 2383 2380 2384
f 2384 2380 2381
f 2385 2386 2318
f 2387 2388 2318
f 2318 2388 2389
f 2318 2389 2327
f 2327 2389 2390
f 2391 2392 2382
f 2382 2392 2393
f 2394 2395 2396
f 2390 2397 2327
f 2327 2397 2398
f 2327 2398 2382
f 2382 2398 2399
f 2382 2399 2391
f 2396 2400 2394
f 2394 2400 2401
f 2394 2401 2402
f 2402 2387 2394
f 2394 2387 2318
f 2394 2318 2403
f 2403 2318 2386
f 2403 2386 2404
f 2404 2386 2405
f 2393 2406 2382
f 2382 2406 2407
f 2382 2407 2394
f 2394 2407 2408
f 2394 2408 2395
f 2380 2385 2378
f 2378 2385 2318
f 2378 2318 2409
f 2409 2318 2410
f 2370 2411 2412
f 2412 2410 2370
f 2370 2410 2318
f 2370 2318 2377
f 2377 2318 2308
f 2377 2308 2413
f 2413 2308 2337
f 2414 2415 2416
f 2417 2418 2419
f 2420 2421 2422
f 2417 2419 2423
f 2420 2422 2424
f 2422 2425 2424
f 2424 2425 2426
f 2424 2426 2427
f 2427 2426 2428
f 2427 2428 2429
f 2429 2428 2430
f 2429 2430 2431
f 2431 2430 2423
f 2431 2423 2432
f 2432 2423 2419
f 2433 2434 2435
f 2436 2437 2438
f 2438 2437 2439
f 2439 2437 2440
f 2439 2440 2441
f 2442 2443 2444
f 2444 2443 2445
f 2444 2445 2446
f 2436 2438 2447
f 2447 2438 2448
f 2447 2448 2449
f 2449 2448 2450
f 2449 2450 2442
f 2442 2450 2451
f 2442 2451 2443
f 2452 2453 2454
f 2455 2456 2457
f 2457 2456 2458
f 2458 2456 2459
f 2458 2459 2460
f 2461 2462 2463
f 2463 2462 2464
f 2463 2464 2465
f 2455 2457 2466
f 2466 2457 2467
f 2466 2467 2468
f 2468 2467 2469
f 2468 2469 2461
f 2461 2469 2470
f 2461 2470 2462
f 2471 2472 2473
f 2474 2475 2476
f 2477 2478 2479
f 2480 2481 2482
f 2483 2484 2485
f 2486 2487 2488
f 2489 2490 2491
f 2465 2464 2492
f 2493 2328 2327
f 2465 2492 2494
f 2494 2492 2495
f 2494 2495 2496
f 2496 2495 2497
f 2496 2497 2498
f 2498 2497 2499
f 2498 2499 2500
f 2500 2499 2501
f 2500 2501 2502
f 2502 2501 2503
f 2502 2503 2504
f 2504 2503 2493
f 2504 2493 2505
f 2505 2493 2327
f 2505 2327 2383
f 2422 2421 2506
f 2422 2506 2507
f 2507 2506 2508
f 2507 2508 2509
f 2509 2508 2510
f 2509 2510 2511
f 2511 2510 2512
f 2511 2512 2513
f 2513 2512 2514
f 2513 2514 2515
f 2515 2514 2516
f 2515 2516 2517
f 2517 2516 2518
f 2517 2518 2519
f 2519 2518 2441
f 2519 2441 2440
f 2370 2372 2520
f 2521 2411 2370
f 2370 2520 2521
f 2521 2520 2522
f 2521 2522 2523
f 2523 2522 2524
f 2523 2524 2525
f 2525 2524 2526
f 2525 2526 2527
f 2527 2526 2528
f 2527 2528 2529
f 2529 2528 2530
f 2529 2530 2531
f 2531 2530 2532
f 2531 2532 2533
f 2533 2532 2419
f 2533 2419 2418
f 2446 2445 2534
f 2446 2534 2535
f 2535 2534 2536
f 2535 2536 2537
f 2537 2536 2538
f 2537 2538 2539
f 2539 2538 2540
f 2539 2540 2541
f 2541 2540 2542
f 2541 2542 2543
f 2543 2542 2544
f 2543 2544 2545
f 2545 2544 2546
f 2545 2546 2547
f 2547 2546 2460
f 2547 2460 2459
f 2548 2549 2550
f 2550 2549 2551
f 2550 2551 2552
f 2552 2551 2553
f 2552 2553 2554
f 2554 2553 2555
f 2556 2557 2558
f 2558 2557 2559
f 2558 2559 2560
f 2561 2562 2558
f 2558 2562 2563
f 2558 2563 2564
f 2560 2565 2558
f 2558 2565 2566
f 2558 2566 2567
f 2567 2568 2558
f 2558 2568 2569
f 2558 2569 2561
f 2570 2571 2563
f 2563 2571 2572
f 2563 2572 2564
usemtl 217,217,217
f 2573 2574 2575
f 2575 2574 2576
f 2476 2475 2573
f 2476 2573 2575
f 2488 2487 2577
f 2578 2479 2579
f 2578 2579 2577
f 2577 2579 2488
f 2477 2479 2578
f 2580 2477 2578
f 2581 2484 2582
f 2581 2582 2578
f 2578 2582 2468
f 2578 2468 2580
f 2583 2584 2585
f 2586 2481 2587
f 2586 2587 2585
f 2585 2587 2449
f 2585 2449 2583
f 2588 2589 2590
f 2573 2475 2591
f 2573 2591 2590
f 2590 2591 2428
f 2590 2428 2588
f 2482 2481 2586
f 2590 2589 2592
f 2590 2592 2586
f 2586 2592 2482
f 2484 2581 2485
f 2485 2581 2593
f 2593 2581 2585
f 2593 2585 2584
f 2594 2474 2476
f 2594 2476 2575
f 2521 2576 2411
f 2411 2576 2412
f 2594 2576 2474
f 2474 2576 2523
f 2523 2576 2521
f 2595 2410 2596
f 2596 2410 2412
f 2596 2412 2576
f 2379 2378 2595
f 2595 2378 2409
f 2595 2409 2410
f 2597 2381 2598
f 2598 2381 2379
f 2598 2379 2595
f 2500 2487 2498
f 2498 2487 2486
f 2498 2486 2496
f 2500 2502 2487
f 2487 2502 2504
f 2487 2504 2505
f 2487 2505 2383
f 2487 2383 2597
f 2597 2383 2384
f 2597 2384 2381
f 2599 2600 2579
f 2596 2576 2574
f 2577 2487 2597
f 2597 2598 2577
f 2577 2598 2574
f 2574 2598 2595
f 2574 2595 2596
f 2601 2473 2602
f 2603 2604 2605
f 2603 2605 2606
f 2603 2606 2602
f 2602 2606 2601
f 2607 2416 2608
f 2609 2610 2611
f 2609 2611 2612
f 2609 2612 2608
f 2608 2612 2607
f 2613 2435 2614
f 2615 2489 2616
f 2615 2616 2617
f 2615 2617 2614
f 2614 2617 2613
f 2618 2619 2520
f 2618 2520 2372
f 2618 2372 2620
f 2619 2621 2472
f 2522 2520 2471
f 2471 2520 2619
f 2471 2619 2472
f 2503 2454 2493
f 2493 2454 2328
f 2328 2454 2329
f 2503 2501 2454
f 2454 2501 2499
f 2454 2499 2452
f 2452 2499 2497
f 2452 2497 2495
f 2373 2330 2622
f 2622 2330 2329
f 2622 2329 2454
f 2372 2371 2620
f 2620 2371 2369
f 2620 2369 2623
f 2623 2369 2368
f 2623 2368 2374
f 2623 2374 2373
f 2622 2454 2624
f 2625 2618 2620
f 2620 2623 2625
f 2625 2623 2624
f 2624 2623 2373
f 2624 2373 2622
f 2626 2627 2628
f 2628 2627 2629
f 2609 2614 2434
f 2434 2614 2435
f 2609 2434 2630
f 2609 2630 2610
f 2615 2614 2627
f 2627 2614 2629
f 2453 2624 2454
f 2624 2453 2631
f 2624 2631 2490
f 2624 2490 2615
f 2615 2490 2489
f 2614 2609 2629
f 2615 2627 2624
f 2415 2608 2416
f 2608 2415 2632
f 2608 2632 2604
f 2608 2604 2603
f 2609 2608 2633
f 2609 2633 2629
f 2629 2633 2628
f 2625 2624 2626
f 2626 2624 2627
f 2618 2625 2602
f 2618 2602 2621
f 2621 2602 2472
f 2472 2602 2473
f 2603 2633 2608
f 2628 2633 2603
f 2626 2602 2625
f 2603 2602 2626
f 2603 2626 2628
f 2634 2635 2631
f 2636 2637 2630
f 2638 2639 2632
f 2528 2473 2530
f 2530 2473 2532
f 2532 2473 2419
f 2419 2473 2432
f 2522 2471 2524
f 2524 2471 2473
f 2524 2473 2526
f 2526 2473 2528
f 2605 2424 2427
f 2605 2427 2606
f 2606 2427 2429
f 2606 2429 2431
f 2606 2431 2601
f 2601 2431 2432
f 2601 2432 2473
f 2604 2640 2506
f 2604 2506 2421
f 2604 2421 2605
f 2605 2421 2420
f 2605 2420 2424
f 2415 2640 2632
f 2508 2506 2414
f 2414 2506 2640
f 2414 2640 2415
f 2439 2441 2416
f 2416 2441 2518
f 2416 2518 2516
f 2416 2516 2514
f 2508 2414 2510
f 2510 2414 2416
f 2510 2416 2512
f 2512 2416 2514
f 2611 2451 2450
f 2611 2450 2612
f 2612 2450 2448
f 2612 2448 2438
f 2612 2438 2607
f 2607 2438 2439
f 2607 2439 2416
f 2610 2641 2534
f 2610 2534 2445
f 2610 2445 2611
f 2611 2445 2443
f 2611 2443 2451
f 2434 2641 2630
f 2536 2534 2433
f 2433 2534 2641
f 2433 2641 2434
f 2458 2460 2435
f 2435 2460 2546
f 2435 2546 2544
f 2435 2544 2542
f 2536 2433 2538
f 2538 2433 2435
f 2538 2435 2540
f 2540 2435 2542
f 2435 2613 2458
f 2458 2613 2457
f 2457 2613 2617
f 2457 2617 2467
f 2467 2617 2469
f 2469 2617 2616
f 2469 2616 2470
f 2470 2616 2462
f 2489 2491 2492
f 2462 2616 2464
f 2464 2616 2489
f 2464 2489 2492
f 2453 2491 2631
f 2495 2492 2452
f 2452 2492 2491
f 2452 2491 2453
f 2642 2643 2621
f 2644 2645 2646
f 2646 2645 2647
f 2573 2590 2647
f 2573 2647 2645
f 2573 2645 2574
f 2590 2586 2647
f 2577 2574 2644
f 2644 2574 2645
f 2586 2585 2647
f 2647 2585 2646
f 2644 2578 2577
f 2646 2585 2581
f 2581 2578 2644
f 2581 2644 2646
f 2648 2649 2575
f 2474 2523 2475
f 2475 2523 2525
f 2475 2525 2527
f 2527 2529 2475
f 2475 2529 2531
f 2475 2531 2533
f 2475 2533 2418
f 2475 2418 2591
f 2650 2480 2482
f 2650 2482 2592
f 2425 2422 2589
f 2589 2422 2507
f 2650 2589 2480
f 2480 2589 2509
f 2509 2589 2507
f 2418 2417 2591
f 2591 2417 2423
f 2591 2423 2430
f 2591 2430 2428
f 2428 2426 2588
f 2588 2426 2425
f 2588 2425 2589
f 2480 2509 2481
f 2481 2509 2511
f 2481 2511 2513
f 2513 2515 2481
f 2481 2515 2517
f 2481 2517 2519
f 2481 2519 2440
f 2481 2440 2587
f 2651 2485 2593
f 2535 2584 2446
f 2446 2584 2444
f 2535 2537 2584
f 2584 2537 2483
f 2485 2651 2483
f 2483 2651 2584
f 2440 2437 2587
f 2587 2437 2436
f 2587 2436 2447
f 2587 2447 2449
f 2449 2442 2583
f 2583 2442 2444
f 2583 2444 2584
f 2483 2537 2484
f 2484 2537 2539
f 2484 2539 2541
f 2541 2543 2484
f 2484 2543 2545
f 2484 2545 2547
f 2484 2547 2459
f 2484 2459 2582
f 2478 2486 2488
f 2478 2488 2579
f 2463 2465 2477
f 2477 2465 2494
f 2478 2477 2486
f 2486 2477 2496
f 2496 2477 2494
f 2459 2456 2582
f 2582 2456 2455
f 2582 2455 2466
f 2582 2466 2468
f 2468 2461 2580
f 2580 2461 2463
f 2580 2463 2477
f 2652 2653 2593
f 2654 2655 2592
usemtl 255,255,255
f 2656 2385 2380
f 2386 2657 2405
f 2657 2658 2405
f 2405 2658 2404
f 2658 2403 2404
f 2394 2656 2382
f 2382 2656 2380
f 2659 2656 2658
f 2658 2656 2394
f 2658 2394 2403
f 2656 2659 2657
f 2656 2657 2385
f 2385 2657 2386
f 2658 2657 2548
f 2548 2657 2549
f 2659 2658 2550
f 2550 2658 2548
f 2659 2550 2552
f 2659 2552 2554
f 2555 2659 2554
f 2659 2555 2553
f 2659 2553 2551
f 2657 2659 2549
f 2549 2659 2551
f 2660 2661 2387
f 2387 2661 2388
f 2661 2662 2388
f 2388 2662 2389
f 2662 2663 2389
f 2389 2663 2390
f 2664 2407 2406
f 2664 2406 2393
f 2664 2393 2392
f 2664 2392 2391
f 2664 2391 2663
f 2663 2391 2399
f 2663 2399 2398
f 2663 2398 2397
f 2663 2397 2390
f 2660 2387 2402
f 2660 2402 2401
f 2660 2401 2400
f 2660 2400 2396
f 2660 2396 2395
f 2660 2395 2408
f 2660 2408 2664
f 2664 2408 2407
f 2665 2664 2663
f 2665 2663 2666
f 2666 2663 2662
f 2667 2661 2660
f 2667 2660 2664
f 2667 2664 2665
f 2666 2662 2558
f 2558 2662 2556
f 2666 2558 2564
f 2666 2564 2572
f 2666 2572 2571
f 2666 2571 2570
f 2666 2570 2665
f 2665 2570 2563
f 2665 2563 2562
f 2665 2562 2561
f 2665 2561 2569
f 2665 2569 2667
f 2667 2569 2568
f 2667 2568 2567
f 2667 2567 2566
f 2667 2566 2565
f 2667 2565 2560
f 2667 2560 2559
f 2661 2667 2557
f 2557 2667 2559
f 2662 2661 2556
f 2556 2661 2557
f 2363 2668 2364
f 2668 2669 2364
f 2364 2669 2308
f 2669 2670 2308
f 2308 2670 2309
f 2670 2671 2309
f 2309 2671 2326
f 2326 2671 2313
f 2671 2670 2313
f 2313 2670 2314
f 2670 2672 2314
f 2314 2672 2315
f 2672 2673 2315
f 2315 2673 2316
f 2316 2673 2317
f 2673 2672 2317
f 2317 2672 2361
f 2672 2362 2361
f 2362 2668 2363
f 2668 2362 2669
f 2669 2362 2672
f 2669 2672 2670
f 2674 2675 2321
f 2321 2675 2337
f 2675 2375 2376
f 2675 2376 2377
f 2675 2377 2413
f 2675 2413 2337
f 2676 2366 2365
f 2676 2365 2339
f 2676 2339 2320
f 2676 2320 2319
f 2676 2319 2677
f 2677 2319 2346
f 2677 2346 2345
f 2677 2345 2675
f 2675 2345 2310
f 2675 2310 2375
f 2678 2342 2341
f 2678 2341 2336
f 2678 2336 2335
f 2678 2335 2334
f 2678 2334 2679
f 2679 2334 2333
f 2679 2333 2367
f 2679 2367 2366
f 2679 2366 2676
f 2680 2344 2343
f 2680 2343 2342
f 2680 2342 2678
f 2680 2681 2344
f 2344 2681 2307
f 2681 2324 2322
f 2681 2322 2307
f 2682 2350 2360
f 2682 2360 2359
f 2682 2359 2349
f 2682 2349 2348
f 2682 2348 2347
f 2682 2347 2325
f 2682 2325 2324
f 2682 2324 2681
f 2674 2354 2353
f 2674 2353 2683
f 2683 2353 2355
f 2683 2355 2356
f 2683 2356 2357
f 2683 2357 2352
f 2683 2352 2351
f 2683 2351 2350
f 2683 2350 2682
f 2674 2321 2323
f 2674 2323 2358
f 2674 2358 2354
f 2683 2675 2674
f 2681 2680 2678
f 2681 2678 2682
f 2682 2678 2679
f 2682 2679 2676
f 2682 2676 2683
f 2683 2676 2677
f 2683 2677 2675
f 2338 2684 2311
f 2684 2685 2311
f 2311 2685 2312
f 2685 2331 2312
f 2332 2685 2340
f 2685 2684 2340
f 2340 2684 2338
f 2332 2331 2685
usemtl 150,117,0
f 2686 2687 2688
f 2689 2690 2691
f 2692 2693 2694
f 2695 2696 2697
f 2698 2699 2690
f 2700 2701 2702
f 2702 2701 2703
f 2702 2703 2704
f 2694 2695 2692
f 2692 2695 2697
f 2692 2697 2705
f 2705 2697 2706
f 2705 2706 2688
f 2688 2706 2707
f 2691 2708 2709
f 2708 2691 2707
f 2707 2691 2710
f 2707 2710 2711
f 2712 2713 2711
f 2711 2713 2714
f 2711 2714 2715
f 2716 2687 2700
f 2700 2687 2686
f 2700 2686 2701
f 2690 2699 2717
f 2717 2699 2718
f 2717 2718 2719
f 2715 2720 2711
f 2711 2720 2721
f 2711 2721 2707
f 2707 2721 2722
f 2707 2722 2688
f 2688 2722 2723
f 2688 2723 2686
f 2689 2724 2690
f 2690 2724 2725
f 2690 2725 2698
f 2704 2726 2702
f 2702 2726 2727
f 2702 2727 2728
f 2729 2730 2702
f 2702 2730 2731
f 2732 2733 2734
f 2734 2733 2735
f 2731 2736 2702
f 2702 2736 2735
f 2702 2735 2737
f 2737 2735 2733
f 2728 2738 2702
f 2702 2738 2739
f 2702 2739 2729
f 2740 2741 2696
f 2696 2741 2742
f 2696 2742 2697
f 2697 2742 2743
f 2697 2743 2687
f 2718 2744 2719
f 2719 2744 2745
f 2719 2745 2711
f 2711 2745 2746
f 2711 2746 2712
f 2747 2748 2749
f 2749 2748 2750
f 2749 2750 2751
f 2709 2752 2691
f 2691 2752 2753
f 2691 2753 2689
f 2689 2753 2747
f 2689 2747 2754
f 2754 2747 2749
f 2754 2749 2755
f 2755 2749 2756
f 2757 2758 2759
f 2759 2758 2760
f 2706 2761 2762
f 2762 2761 2759
f 2762 2759 2763
f 2763 2759 2760
f 2764 2765 2697
f 2766 2767 2697
f 2697 2767 2768
f 2697 2768 2706
f 2706 2768 2769
f 2770 2771 2761
f 2761 2771 2772
f 2773 2774 2775
f 2769 2776 2706
f 2706 2776 2777
f 2706 2777 2761
f 2761 2777 2778
f 2761 2778 2770
f 2775 2779 2773
f 2773 2779 2780
f 2773 2780 2781
f 2781 2766 2773
f 2773 2766 2697
f 2773 2697 2782
f 2782 2697 2765
f 2782 2765 2783
f 2783 2765 2784
f 2772 2785 2761
f 2761 2785 2786
f 2761 2786 2773
f 2773 2786 2787
f 2773 2787 2774
f 2759 2764 2757
f 2757 2764 2697
f 2757 2697 2788
f 2788 2697 2789
f 2749 2790 2791
f 2791 2789 2749
f 2749 2789 2697
f 2749 2697 2756
f 2756 2697 2687
f 2756 2687 2792
f 2792 2687 2716
f 2793 2794 2795
f 2796 2797 2798
f 2799 2800 2801
f 2796 2798 2802
f 2799 2801 2803
f 2801 2804 2803
f 2803 2804 2805
f 2803 2805 2806
f 2806 2805 2807
f 2806 2807 2808
f 2808 2807 2809
f 2808 2809 2810
f 2810 2809 2802
f 2810 2802 2811
f 2811 2802 2798
f 2812 2813 2814
f 2815 2816 2817
f 2817 2816 2818
f 2818 2816 2819
f 2818 2819 2820
f 2821 2822 2823
f 2823 2822 2824
f 2823 2824 2825
f 2815 2817 2826
f 2826 2817 2827
f 2826 2827 2828
f 2828 2827 2829
f 2828 2829 2821
f 2821 2829 2830
f 2821 2830 2822
f 2831 2832 2833
f 2834 2835 2836
f 2836 2835 2837
f 2837 2835 2838
f 2837 2838 2839
f 2840 2841 2842
f 2842 2841 2843
f 2842 2843 2844
f 2834 2836 2845
f 2845 2836 2846
f 2845 2846 2847
f 2847 2846 2848
f 2847 2848 2840
f 2840 2848 2849
f 2840 2849 2841
f 2850 2851 2852
f 2853 2854 2855
f 2856 2857 2858
f 2859 2860 2861
f 2862 2863 2864
f 2865 2866 2867
f 2868 2869 2870
f 2844 2843 2871
f 2872 2707 2706
f 2844 2871 2873
f 2873 2871 2874
f 2873 2874 2875
f 2875 2874 2876
f 2875 2876 2877
f 2877 2876 2878
f 2877 2878 2879
f 2879 2878 2880
f 2879 2880 2881
f 2881 2880 2882
f 2881 2882 2883
f 2883 2882 2872
f 2883 2872 2884
f 2884 2872 2706
f 2884 2706 2762
f 2801 2800 2885
f 2801 2885 2886
f 2886 2885 2887
f 2886 2887 2888
f 2888 2887 2889
f 2888 2889 2890
f 2890 2889 2891
f 2890 2891 2892
f 2892 2891 2893
f 2892 2893 2894
f 2894 2893 2895
f 2894 2895 2896
f 2896 2895 2897
f 2896 2897 2898
f 2898 2897 2820
f 2898 2820 2819
f 2749 2751 2899
f 2900 2790 2749
f 2749 2899 2900
f 2900 2899 2901
f 2900 2901 2902
f 2902 2901 2903
f 2902 2903 2904
f 2904 2903 2905
f 2904 2905 2906
f 2906 2905 2907
f 2906 2907 2908
f 2908 2907 2909
f 2908 2909 2910
f 2910 2909 2911
f 2910 2911 2912
f 2912 2911 2798
f 2912 2798 2797
f 2825 2824 2913
f 2825 2913 2914
f 2914 2913 2915
f 2914 2915 2916
f 2916 2915 2917
f 2916 2917 2918
f 2918 2917 2919
f 2918 2919 2920
f 2920 2919 2921
f 2920 2921 2922
f 2922 2921 2923
f 2922 2923 2924
f 2924 2923 2925
f 2924 2925 2926
f 2926 2925 2839
f 2926 2839 2838
f 2927 2928 2929
f 2929 2928 2930
f 2929 2930 2931
f 2931 2930 2932
f 2931 2932 2933
f 2933 2932 2934
f 2935 2936 2937
f 2937 2936 2938
f 2937 2938 2939
f 2940 2941 2937
f 2937 2941 2942
f 2937 2942 2943
f 2939 2944 2937
f 2937 2944 2945
f 2937 2945 2946
f 2946 2947 2937
f 2937 2947 2948
f 2937 2948 2940
f 2949 2950 2942
f 2942 2950 2951
f 2942 2951 2943
usemtl 217,217,217
f 2952 2953 2954
f 2954 2953 2955
f 2855 2854 2952
f 2855 2952 2954
f 2867 2866 2956
f 2957 2858 2958
f 2957 2958 2956
f 2956 2958 2867
f 2856 2858 2957
f 2959 2856 2957
f 2960 2863 2961
f 2960 2961 2957
f 2957 2961 2847
f 2957 2847 2959
f 2962 2963 2964
f 2965 2860 2966
f 2965 2966 2964
f 2964 2966 2828
f 2964 2828 2962
f 2967 2968 2969
f 2952 2854 2970
f 2952 2970 2969
f 2969 2970 2807
f 2969 2807 2967
f 2861 2860 2965
f 2969 2968 2971
f 2969 2971 2965
f 2965 2971 2861
f 2863 2960 2864
f 2864 2960 2972
f 2972 2960 2964
f 2972 2964 2963
f 2973 2853 2855
f 2973 2855 2954
f 2900 2955 2790
f 2790 2955 2791
f 2973 2955 2853
f 2853 2955 2902
f 2902 2955 2900
f 2974 2789 2975
f 2975 2789 2791
f 2975 2791 2955
f 2758 2757 2974
f 2974 2757 2788
f 2974 2788 2789
f 2976 2760 2977
f 2977 2760 2758
f 2977 2758 2974
f 2879 2866 2877
f 2877 2866 2865
f 2877 2865 2875
f 2879 2881 2866
f 2866 2881 2883
f 2866 2883 2884
f 2866 2884 2762
f 2866 2762 2976
f 2976 2762 2763
f 2976 2763 2760
f 2978 2979 2958
f 2975 2955 2953
f 2956 2866 2976
f 2976 2977 2956
f 2956 2977 2953
f 2953 2977 2974
f 2953 2974 2975
f 2980 2852 2981
f 2982 2983 2984
f 2982 2984 2985
f 2982 2985 2981
f 2981 2985 2980
f 2986 2795 2987
f 2988 2989 2990
f 2988 2990 2991
f 2988 2991 2987
f 2987 2991 2986
f 2992 2814 2993
f 2994 2868 2995
f 2994 2995 2996
f 2994 2996 2993
f 2993 2996 2992
f 2997 2998 2899
f 2997 2899 2751
f 2997 2751 2999
f 2998 3000 2851
f 2901 2899 2850
f 2850 2899 2998
f 2850 2998 2851
f 2882 2833 2872
f 2872 2833 2707
f 2707 2833 2708
f 2882 2880 2833
f 2833 2880 2878
f 2833 2878 2831
f 2831 2878 2876
f 2831 2876 2874
f 2752 2709 3001
f 3001 2709 2708
f 3001 2708 2833
f 2751 2750 2999
f 2999 2750 2748
f 2999 2748 3002
f 3002 2748 2747
f 3002 2747 2753
f 3002 2753 2752
f 3001 2833 3003
f 3004 2997 2999
f 2999 3002 3004
f 3004 3002 3003
f 3003 3002 2752
f 3003 2752 3001
f 3005 3006 3007
f 3007 3006 3008
f 2988 2993 2813
f 2813 2993 2814
f 2988 2813 3009
f 2988 3009 2989
f 2994 2993 3006
f 3006 2993 3008
f 2832 3003 2833
f 3003 2832 3010
f 3003 3010 2869
f 3003 2869 2994
f 2994 2869 2868
f 2993 2988 3008
f 2994 3006 3003
f 2794 2987 2795
f 2987 2794 3011
f 2987 3011 2983
f 2987 2983 2982
f 2988 2987 3012
f 2988 3012 3008
f 3008 3012 3007
f 3004 3003 3005
f 3005 3003 3006
f 2997 3004 2981
f 2997 2981 3000
f 3000 2981 2851
f 2851 2981 2852
f 2982 3012 2987
f 3007 3012 2982
f 3005 2981 3004
f 2982 2981 3005
f 2982 3005 3007
f 3013 3014 3010
f 3015 3016 3009
f 3017 3018 3011
f 2907 2852 2909
f 2909 2852 2911
f 2911 2852 2798
f 2798 2852 2811
f 2901 2850 2903
f 2903 2850 2852
f 2903 2852 2905
f 2905 2852 2907
f 2984 2803 2806
f 2984 2806 2985
f 2985 2806 2808
f 2985 2808 2810
f 2985 2810 2980
f 2980 2810 2811
f 2980 2811 2852
f 2983 3019 2885
f 2983 2885 2800
f 2983 2800 2984
f 2984 2800 2799
f 2984 2799 2803
f 2794 3019 3011
f 2887 2885 2793
f 2793 2885 3019
f 2793 3019 2794
f 2818 2820 2795
f 2795 2820 2897
f 2795 2897 2895
f 2795 2895 2893
f 2887 2793 2889
f 2889 2793 2795
f 2889 2795 2891
f 2891 2795 2893
f 2990 2830 2829
f 2990 2829 2991
f 2991 2829 2827
f 2991 2827 2817
f 2991 2817 2986
f 2986 2817 2818
f 2986 2818 2795
f 2989 3020 2913
f 2989 2913 2824
f 2989 2824 2990
f 2990 2824 2822
f 2990 2822 2830
f 2813 3020 3009
f 2915 2913 2812
f 2812 2913 3020
f 2812 3020 2813
f 2837 2839 2814
f 2814 2839 2925
f 2814 2925 2923
f 2814 2923 2921
f 2915 2812 2917
f 2917 2812 2814
f 2917 2814 2919
f 2919 2814 2921
f 2814 2992 2837
f 2837 2992 2836
f 2836 2992 2996
f 2836 2996 2846
f 2846 2996 2848
f 2848 2996 2995
f 2848 2995 2849
f 2849 2995 2841
f 2868 2870 2871
f 2841 2995 2843
f 2843 2995 2868
f 2843 2868 2871
f 2832 2870 3010
f 2874 2871 2831
f 2831 2871 2870
f 2831 2870 2832
f 3021 3022 3000
f 3023 3024 3025
f 3025 3024 3026
f 2952 2969 3026
f 2952 3026 3024
f 2952 3024 2953
f 2969 2965 3026
f 2956 2953 3023
f 3023 2953 3024
f 2965 2964 3026
f 3026 2964 3025
f 3023 2957 2956
f 3025 2964 2960
f 2960 2957 3023
f 2960 3023 3025
f 3027 3028 2954
f 2853 2902 2854
f 2854 2902 2904
f 2854 2904 2906
f 2906 2908 2854
f 2854 2908 2910
f 2854 2910 2912
f 2854 2912 2797
f 2854 2797 2970
f 3029 2859 2861
f 3029 2861 2971
f 2804 2801 2968
f 2968 2801 2886
f 3029 2968 2859
f 2859 2968 2888
f 2888 2968 2886
f 2797 2796 2970
f 2970 2796 2802
f 2970 2802 2809
f 2970 2809 2807
f 2807 2805 2967
f 2967 2805 2804
f 2967 2804 2968
f 2859 2888 2860
f 2860 2888 2890
f 2860 2890 2892
f 2892 2894 2860
f 2860 2894 2896
f 2860 2896 2898
f 2860 2898 2819
f 2860 2819 2966
f 3030 2864 2972
f 2914 2963 2825
f 2825 2963 2823
f 2914 2916 2963
f 2963 2916 2862
f 2864 3030 2862
f 2862 3030 2963
f 2819 2816 2966
f 2966 2816 2815
f 2966 2815 2826
f 2966 2826 2828
f 2828 2821 2962
f 2962 2821 2823
f 2962 2823 2963
f 2862 2916 2863
f 2863 2916 2918
f 2863 2918 2920
f 2920 2922 2863
f 2863 2922 2924
f 2863 2924 2926
f 2863 2926 2838
f 2863 2838 2961
f 2857 2865 2867
f 2857 2867 2958
f 2842 2844 2856
f 2856 2844 2873
f 2857 2856 2865
f 2865 2856 2875
f 2875 2856 2873
f 2838 2835 2961
f 2961 2835 2834
f 2961 2834 2845
f 2961 2845 2847
f 2847 2840 2959
f 2959 2840 2842
f 2959 2842 2856
f 3031 3032 2972
f 3033 3034 2971
usemtl 255,255,255
f 3035 2764 2759
f 2765 3036 2784
f 3036 3037 2784
f 2784 3037 2783
f 3037 2782 2783
f 2773 3035 2761
f 2761 3035 2759
f 3038 3035 3037
f 3037 3035 2773
f 3037 2773 2782
f 3035 3038 3036
f 3035 3036 2764
f 2764 3036 2765
f 3037 3036 2927
f 2927 3036 2928
f 3038 3037 2929
f 2929 3037 2927
f 3038 2929 2931
f 3038 2931 2933
f 2934 3038 2933
f 3038 2934 2932
f 3038 2932 2930
f 3036 3038 2928
f 2928 3038 2930
f 3039 3040 2766
f 2766 3040 2767
f 3040 3041 2767
f 2767 3041 2768
f 3041 3042 2768
f 2768 3042 2769
f 3043 2786 2785
f 3043 2785 2772
f 3043 2772 2771
f 3043 2771 2770
f 3043 2770 3042
f 3042 2770 2778
f 3042 2778 2777
f 3042 2777 2776
f 3042 2776 2769
f 3039 2766 2781
f 3039 2781 2780
f 3039 2780 2779
f 3039 2779 2775
f 3039 2775 2774
f 3039 2774 2787
f 3039 2787 3043
f 3043 2787 2786
f 3044 3043 3042
f 3044 3042 3045
f 3045 3042 3041
f 3046 3040 3039
f 3046 3039 3043
f 3046 3043 3044
f 3045 3041 2937
f 2937 3041 2935
f 3045 2937 2943
f 3045 2943 2951
f 3045 2951 2950
f 3045 2950 2949
f 3045 2949 3044
f 3044 2949 2942
f 3044 2942 2941
f 3044 2941 2940
f 3044 2940 2948
f 3044 2948 3046
f 3046 2948 2947
f 3046 2947 2946
f 3046 2946 2945
f 3046 2945 2944
f 3046 2944 2939
f 3046 2939 2938
f 3040 3046 2936
f 2936 3046 2938
f 3041 3040 2935
f 2935 3040 2936
f 2742 3047 2743
f 3047 3048 2743
f 2743 3048 2687
f 3048 3049 2687
f 2687 3049 2688
f 3049 3050 2688
f 2688 3050 2705
f 2705 3050 2692
f 3050 3049 2692
f 2692 3049 2693
f 3049 3051 2693
f 2693 3051 2694
f 3051 3052 2694
f 2694 3052 2695
f 2695 3052 2696
f 3052 3051 2696
f 2696 3051 2740
f 3051 2741 2740
f 2741 3047 2742
f 3047 2741 3048
f 3048 2741 3051
f 3048 3051 3049
f 3053 3054 2700
f 2700 3054 2716
f 3054 2754 2755
f 3054 2755 2756
f 3054 2756 2792
f 3054 2792 2716
f 3055 2745 2744
f 3055 2744 2718
f 3055 2718 2699
f 3055 2699 2698
f 3055 2698 3056
f 3056 2698 2725
f 3056 2725 2724
f 3056 2724 3054
f 3054 2724 2689
f 3054 2689 2754
f 3057 2721 2720
f 3057 2720 2715
f 3057 2715 2714
f 3057 2714 2713
f 3057 2713 3058
f 3058 2713 2712
f 3058 2712 2746
f 3058 2746 2745
f 3058 2745 3055
f 3059 2723 2722
f 3059 2722 2721
f 3059 2721 3057
f 3059 3060 2723
f 2723 3060 2686
f 3060 2703 2701
f 3060 2701 2686
f 3061 2729 2739
f 3061 2739 2738
f 3061 2738 2728
f 3061 2728 2727
f 3061 2727 2726
f 3061 2726 2704
f 3061 2704 2703
f 3061 2703 3060
f 3053 2733 2732
f 3053 2732 3062
f 3062 2732 2734
f 3062 2734 2735
f 3062 2735 2736
f 3062 2736 2731
f 3062 2731 2730
f 3062 2730 2729
f 3062 2729 3061
f 3053 2700 2702
f 3053 2702 2737
f 3053 2737 2733
f 3062 3054 3053
f 3060 3059 3057
f 3060 3057 3061
f 3061 3057 3058
f 3061 3058 3055
f 3061 3055 3062
f 3062 3055 3056
f 3062 3056 3054
f 2717 3063 2690
f 3063 3064 2690
f 2690 3064 2691
f 3064 2710 2691
f 2711 3064 2719
f 3064 3063 2719
f 2719 3063 2717
f 2711 2710 3064
usemtl 150,117,0
f 3065 3066 3067
f 3068 3069 3070
f 3071 3072 3073
f 3074 3075 3076
f 3077 3078 3069
f 3079 3080 3081
f 3081 3080 3082
f 3081 3082 3083
f 3073 3074 3071
f 3071 3074 3076
f 3071 3076 3084
f 3084 3076 3085
f 3084 3085 3067
f 3067 3085 3086
f 3070 3087 3088
f 3087 3070 3086
f 3086 3070 3089
f 3086 3089 3090
f 3091 3092 3090
f 3090 3092 3093
f 3090 3093 3094
f 3095 3066 3079
f 3079 3066 3065
f 3079 3065 3080
f 3069 3078 3096
f 3096 3078 3097
f 3096 3097 3098
f 3094 3099 3090
f 3090 3099 3100
f 3090 3100 3086
f 3086 3100 3101
f 3086 3101 3067
f 3067 3101 3102
f 3067 3102 3065
f 3068 3103 3069
f 3069 3103 3104
f 3069 3104 3077
f 3083 3105 3081
f 3081 3105 3106
f 3081 3106 3107
f 3108 3109 3081
f 3081 3109 3110
f 3111 3112 3113
f 3113 3112 3114
f 3110 3115 3081
f 3081 3115 3114
f 3081 3114 3116
f 3116 3114 3112
f 3107 3117 3081
f 3081 3117 3118
f 3081 3118 3108
f 3119 3120 3075
f 3075 3120 3121
f 3075 3121 3076
f 3076 3121 3122
f 3076 3122 3066
f 3097 3123 3098
f 3098 3123 3124
f 3098 3124 3090
f 3090 3124 3125
f 3090 3125 3091
f 3126 3127 3128
f 3128 3127 3129
f 3128 3129 3130
f 3088 3131 3070
f 3070 3131 3132
f 3070 3132 3068
f 3068 3132 3126
f 3068 3126 3133
f 3133 3126 3128
f 3133 3128 3134
f 3134 3128 3135
f 3136 3137 3138
f 3138 3137 3139
f 3085 3140 3141
f 3141 3140 3138
f 3141 3138 3142
f 3142 3138 3139
f 3143 3144 3076
f 3145 3146 3076
f 3076 3146 3147
f 3076 3147 3085
f 3085 3147 3148
f 3149 3150 3140
f 3140 3150 3151
f 3152 3153 3154
f 3148 3155 3085
f 3085 3155 3156
f 3085 3156 3140
f 3140 3156 3157
f 3140 3157 3149
f 3154 3158 3152
f 3152 3158 3159
f 3152 3159 3160
f 3160 3145 3152
f 3152 3145 3076
f 3152 3076 3161
f 3161 3076 3144
f 3161 3144 3162
f 3162 3144 3163
f 3151 3164 3140
f 3140 3164 3165
f 3140 3165 3152
f 3152 3165 3166
f 3152 3166 3153
f 3138 3143 3136
f 3136 3143 3076
f 3136 3076 3167
f 3167 3076 3168
f 3128 3169 3170
f 3170 3168 3128
f 3128 3168 3076
f 3128 3076 3135
f 3135 3076 3066
f 3135 3066 3171
f 3171 3066 3095
f 3172 3173 3174
f 3175 3176 3177
f 3178 3179 3180
f 3175 3177 3181
f 3178 3180 3182
f 3180 3183 3182
f 3182 3183 3184
f 3182 3184 3185
f 3185 3184 3186
f 3185 3186 3187
f 3187 3186 3188
f 3187 3188 3189
f 3189 3188 3181
f 3189 3181 3190
f 3190 3181 3177
f 3191 3192 3193
f 3194 3195 3196
f 3196 3195 3197
f 3197 3195 3198
f 3197 3198 3199
f 3200 3201 3202
f 3202 3201 3203
f 3202 3203 3204
f 3194 3196 3205
f 3205 3196 3206
f 3205 3206 3207
f 3207 3206 3208
f 3207 3208 3200
f 3200 3208 3209
f 3200 3209 3201
f 3210 3211 3212
f 3213 3214 3215
f 3215 3214 3216
f 3216 3214 3217
f 3216 3217 3218
f 3219 3220 3221
f 3221 3220 3222
f 3221 3222 3223
f 3213 3215 3224
f 3224 3215 3225
f 3224 3225 3226
f 3226 3225 3227
f 3226 3227 3219
f 3219 3227 3228
f 3219 3228 3220
f 3229 3230 3231
f 3232 3233 3234
f 3235 3236 3237
f 3238 3239 3240
f 3241 3242 3243
f 3244 3245 3246
f 3247 3248 3249
f 3223 3222 3250
f 3251 3086 3085
f 3223 3250 3252
f 3252 3250 3253
f 3252 3253 3254
f 3254 3253 3255
f 3254 3255 3256
f 3256 3255 3257
f 3256 3257 3258
f 3258 3257 3259
f 3258 3259 3260
f 3260 3259 3261
f 3260 3261 3262
f 3262 3261 3251
f 3262 3251 3263
f 3263 3251 3085
f 3263 3085 3141
f 3180 3179 3264
f 3180 3264 3265
f 3265 3264 3266
f 3265 3266 3267
f 3267 3266 3268
f 3267 3268 3269
f 3269 3268 3270
f 3269 3270 3271
f 3271 3270 3272
f 3271 3272 3273
f 3273 3272 3274
f 3273 3274 3275
f 3275 3274 3276
f 3275 3276 3277
f 3277 3276 3199
f 3277 3199 3198
f 3128 3130 3278
f 3279 3169 3128
f 3128 3278 3279
f 3279 3278 3280
f 3279 3280 3281
f 3281 3280 3282
f 3281 3282 3283
f 3283 3282 3284
f 3283 3284 3285
f 3285 3284 3286
f 3285 3286 3287
f 3287 3286 3288
f 3287 3288 3289
f 3289 3288 3290
f 3289 3290 3291
f 3291 3290 3177
f 3291 3177 3176
f 3204 3203 3292
f 3204 3292 3293
f 3293 3292 3294
f 3293 3294 3295
f 3295 3294 3296
f 3295 3296 3297
f 3297 3296 3298
f 3297 3298 3299
f 3299 3298 3300
f 3299 3300 3301
f 3301 3300 3302
f 3301 3302 3303
f 3303 3302 3304
f 3303 3304 3305
f 3305 3304 3218
f 3305 3218 3217
f 3306 3307 3308
f 3308 3307 3309
f 3308 3309 3310
f 3310 3309 3311
f 3310 3311 3312
f 3312 3311 3313
f 3314 3315 3316
f 3316 3315 3317
f 3316 3317 3318
f 3319 3320 3316
f 3316 3320 3321
f 3316 3321 3322
f 3318 3323 3316
f 3316 3323 3324
f 3316 3324 3325
f 3325 3326 3316
f 3316 3326 3327
f 3316 3327 3319
f 3328 3329 3321
f 3321 3329 3330
f 3321 3330 3322
usemtl 217,217,217
f 3331 3332 3333
f 3333 3332 3334
f 3234 3233 3331
f 3234 3331 3333
f 3246 3245 3335
f 3336 3237 3337
f 3336 3337 3335
f 3335 3337 3246
f 3235 3237 3336
f 3338 3235 3336
f 3339 3242 3340
f 3339 3340 3336
f 3336 3340 3226
f 3336 3226 3338
f 3341 3342 3343
f 3344 3239 3345
f 3344 3345 3343
f 3343 3345 3207
f 3343 3207 3341
f 3346 3347 3348
f 3331 3233 3349
f 3331 3349 3348
f 3348 3349 3186
f 3348 3186 3346
f 3240 3239 3344
f 3348 3347 3350
f 3348 3350 3344
f 3344 3350 3240
f 3242 3339 3243
f 3243 3339 3351
f 3351 3339 3343
f 3351 3343 3342
f 3352 3232 3234
f 3352 3234 3333
f 3279 3334 3169
f 3169 3334 3170
f 3352 3334 3232
f 3232 3334 3281
f 3281 3334 3279
f 3353 3168 3354
f 3354 3168 3170
f 3354 3170 3334
f 3137 3136 3353
f 3353 3136 3167
f 3353 3167 3168
f 3355 3139 3356
f 3356 3139 3137
f 3356 3137 3353
f 3258 3245 3256
f 3256 3245 3244
f 3256 3244 3254
f 3258 3260 3245
f 3245 3260 3262
f 3245 3262 3263
f 3245 3263 3141
f 3245 3141 3355
f 3355 3141 3142
f 3355 3142 3139
f 3357 3358 3337
f 3354 3334 3332
f 3335 3245 3355
f 3355 3356 3335
f 3335 3356 3332
f 3332 3356 3353
f 3332 3353 3354
f 3359 3231 3360
f 3361 3362 3363
f 3361 3363 3364
f 3361 3364 3360
f 3360 3364 3359
f 3365 3174 3366
f 3367 3368 3369
f 3367 3369 3370
f 3367 3370 3366
f 3366 3370 3365
f 3371 3193 3372
f 3373 3247 3374
f 3373 3374 3375
f 3373 3375 3372
f 3372 3375 3371
f 3376 3377 3278
f 3376 3278 3130
f 3376 3130 3378
f 3377 3379 3230
f 3280 3278 3229
f 3229 3278 3377
f 3229 3377 3230
f 3261 3212 3251
f 3251 3212 3086
f 3086 3212 3087
f 3261 3259 3212
f 3212 3259 3257
f 3212 3257 3210
f 3210 3257 3255
f 3210 3255 3253
f 3131 3088 3380
f 3380 3088 3087
f 3380 3087 3212
f 3130 3129 3378
f 3378 3129 3127
f 3378 3127 3381
f 3381 3127 3126
f 3381 3126 3132
f 3381 3132 3131
f 3380 3212 3382
f 3383 3376 3378
f 3378 3381 3383
f 3383 3381 3382
f 3382 3381 3131
f 3382 3131 3380
f 3384 3385 3386
f 3386 3385 3387
f 3367 3372 3192
f 3192 3372 3193
f 3367 3192 3388
f 3367 3388 3368
f 3373 3372 3385
f 3385 3372 3387
f 3211 3382 3212
f 3382 3211 3389
f 3382 3389 3248
f 3382 3248 3373
f 3373 3248 3247
f 3372 3367 3387
f 3373 3385 3382
f 3173 3366 3174
f 3366 3173 3390
f 3366 3390 3362
f 3366 3362 3361
f 3367 3366 3391
f 3367 3391 3387
f 3387 3391 3386
f 3383 3382 3384
f 3384 3382 3385
f 3376 3383 3360
f 3376 3360 3379
f 3379 3360 3230
f 3230 3360 3231
f 3361 3391 3366
f 3386 3391 3361
f 3384 3360 3383
f 3361 3360 3384
f 3361 3384 3386
f 3392 3393 3389
f 3394 3395 3388
f 3396 3397 3390
f 3286 3231 3288
f 3288 3231 3290
f 3290 3231 3177
f 3177 3231 3190
f 3280 3229 3282
f 3282 3229 3231
f 3282 3231 3284
f 3284 3231 3286
f 3363 3182 3185
f 3363 3185 3364
f 3364 3185 3187
f 3364 3187 3189
f 3364 3189 3359
f 3359 3189 3190
f 3359 3190 3231
f 3362 3398 3264
f 3362 3264 3179
f 3362 3179 3363
f 3363 3179 3178
f 3363 3178 3182
f 3173 3398 3390
f 3266 3264 3172
f 3172 3264 3398
f 3172 3398 3173
f 3197 3199 3174
f 3174 3199 3276
f 3174 3276 3274
f 3174 3274 3272
f 3266 3172 3268
f 3268 3172 3174
f 3268 3174 3270
f 3270 3174 3272
f 3369 3209 3208
f 3369 3208 3370
f 3370 3208 3206
f 3370 3206 3196
f 3370 3196 3365
f 3365 3196 3197
f 3365 3197 3174
f 3368 3399 3292
f 3368 3292 3203
f 3368 3203 3369
f 3369 3203 3201
f 3369 3201 3209
f 3192 3399 3388
f 3294 3292 3191
f 3191 3292 3399
f 3191 3399 3192
f 3216 3218 3193
f 3193 3218 3304
f 3193 3304 3302
f 3193 3302 3300
f 3294 3191 3296
f 3296 3191 3193
f 3296 3193 3298
f 3298 3193 3300
f 3193 3371 3216
f 3216 3371 3215
f 3215 3371 3375
f 3215 3375 3225
f 3225 3375 3227
f 3227 3375 3374
f 3227 3374 3228
f 3228 3374 3220
f 3247 3249 3250
f 3220 3374 3222
f 3222 3374 3247
f 3222 3247 3250
f 3211 3249 3389
f 3253 3250 3210
f 3210 3250 3249
f 3210 3249 3211
f 3400 3401 3379
f 3402 3403 3404
f 3404 3403 3405
f 3331 3348 3405
f 3331 3405 3403
f 3331 3403 3332
f 3348 3344 3405
f 3335 3332 3402
f 3402 3332 3403
f 3344 3343 3405
f 3405 3343 3404
f 3402 3336 3335
f 3404 3343 3339
f 3339 3336 3402
f 3339 3402 3404
f 3406 3407 3333
f 3232 3281 3233
f 3233 3281 3283
f 3233 3283 3285
f 3285 3287 3233
f 3233 3287 3289
f 3233 3289 3291
f 3233 3291 3176
f 3233 3176 3349
f 3408 3238 3240
f 3408 3240 3350
f 3183 3180 3347
f 3347 3180 3265
f 3408 3347 3238
f 3238 3347 3267
f 3267 3347 3265
f 3176 3175 3349
f 3349 3175 3181
f 3349 3181 3188
f 3349 3188 3186
f 3186 3184 3346
f 3346 3184 3183
f 3346 3183 3347
f 3238 3267 3239
f 3239 3267 3269
f 3239 3269 3271
f 3271 3273 3239
f 3239 3273 3275
f 3239 3275 3277
f 3239 3277 3198
f 3239 3198 3345
f 3409 3243 3351
f 3293 3342 3204
f 3204 3342 3202
f 3293 3295 3342
f 3342 3295 3241
f 3243 3409 3241
f 3241 3409 3342
f 3198 3195 3345
f 3345 3195 3194
f 3345 3194 3205
f 3345 3205 3207
f 3207 3200 3341
f 3341 3200 3202
f 3341 3202 3342
f 3241 3295 3242
f 3242 3295 3297
f 3242 3297 3299
f 3299 3301 3242
f 3242 3301 3303
f 3242 3303 3305
f 3242 3305 3217
f 3242 3217 3340
f 3236 3244 3246
f 3236 3246 3337
f 3221 3223 3235
f 3235 3223 3252
f 3236 3235 3244
f 3244 3235 3254
f 3254 3235 3252
f 3217 3214 3340
f 3340 3214 3213
f 3340 3213 3224
f 3340 3224 3226
f 3226 3219 3338
f 3338 3219 3221
f 3338 3221 3235
f 3410 3411 3351
f 3412 3413 3350
usemtl 255,255,255
f 3414 3143 3138
f 3144 3415 3163
f 3415 3416 3163
f 3163 3416 3162
f 3416 3161 3162
f 3152 3414 3140
f 3140 3414 3138
f 3417 3414 3416
f 3416 3414 3152
f 3416 3152 3161
f 3414 3417 3415
f 3414 3415 3143
f 3143 3415 3144
f 3416 3415 3306
f 3306 3415 3307
f 3417 3416 3308
f 3308 3416 3306
f 3417 3308 3310
f 3417 3310 3312
f 3313 3417 3312
f 3417 3313 3311
f 3417 3311 3309
f 3415 3417 3307
f 3307 3417 3309
f 3418 3419 3145
f 3145 3419 3146
f 3419 3420 3146
f 3146 3420 3147
f 3420 3421 3147
f 3147 3421 3148
f 3422 3165 3164
f 3422 3164 3151
f 3422 3151 3150
f 3422 3150 3149
f 3422 3149 3421
f 3421 3149 3157
f 3421 3157 3156
f 3421 3156 3155
f 3421 3155 3148
f 3418 3145 3160
f 3418 3160 3159
f 3418 3159 3158
f 3418 3158 3154
f 3418 3154 3153
f 3418 3153 3166
f 3418 3166 3422
f 3422 3166 3165
f 3423 3422 3421
f 3423 3421 3424
f 3424 3421 3420
f 3425 3419 3418
f 3425 3418 3422
f 3425 3422 3423
f 3424 3420 3316
f 3316 3420 3314
f 3424 3316 3322
f 3424 3322 3330
f 3424 3330 3329
f 3424 3329 3328
f 3424 3328 3423
f 3423 3328 3321
f 3423 3321 3320
f 3423 3320 3319
f 3423 3319 3327
f 3423 3327 3425
f 3425 3327 3326
f 3425 3326 3325
f 3425 3325 3324
f 3425 3324 3323
f 3425 3323 3318
f 3425 3318 3317
f 3419 3425 3315
f 3315 3425 3317
f 3420 3419 3314
f 3314 3419 3315
f 3121 3426 3122
f 3426 3427 3122
f 3122 3427 3066
f 3427 3428 3066
f 3066 3428 3067
f 3428 3429 3067
f 3067 3429 3084
f 3084 3429 3071
f 3429 3428 3071
f 3071 3428 3072
f 3428 3430 3072
f 3072 3430 3073
f 3430 3431 3073
f 3073 3431 3074
f 3074 3431 3075
f 3431 3430 3075
f 3075 3430 3119
f 3430 3120 3119
f 3120 3426 3121
f 3426 3120 3427
f 3427 3120 3430
f 3427 3430 3428
f 3432 3433 3079
f 3079 3433 3095
f 3433 3133 3134
f 3433 3134 3135
f 3433 3135 3171
f 3433 3171 3095
f 3434 3124 3123
f 3434 3123 3097
f 3434 3097 3078
f 3434 3078 3077
f 3434 3077 3435
f 3435 3077 3104
f 3435 3104 3103
f 3435 3103 3433
f 3433 3103 3068
f 3433 3068 3133
f 3436 3100 3099
f 3436 3099 3094
f 3436 3094 3093
f 3436 3093 3092
f 3436 3092 3437
f 3437 3092 3091
f 3437 3091 3125
f 3437 3125 3124
f 3437 3124 3434
f 3438 3102 3101
f 3438 3101 3100
f 3438 3100 3436
f 3438 3439 3102
f 3102 3439 3065
f 3439 3082 3080
f 3439 3080 3065
f 3440 3108 3118
f 3440 3118 3117
f 3440 3117 3107
f 3440 3107 3106
f 3440 3106 3105
f 3440 3105 3083
f 3440 3083 3082
f 3440 3082 3439
f 3432 3112 3111
f 3432 3111 3441
f 3441 3111 3113
f 3441 3113 3114
f 3441 3114 3115
f 3441 3115 3110
f 3441 3110 3109
f 3441 3109 3108
f 3441 3108 3440
f 3432 3079 3081
f 3432 3081 3116
f 3432 3116 3112
f 3441 3433 3432
f 3439 3438 3436
f 3439 3436 3440
f 3440 3436 3437
f 3440 3437 3434
f 3440 3434 3441
f 3441 3434 3435
f 3441 3435 3433
f 3096 3442 3069
f 3442 3443 3069
f 3069 3443 3070
f 3443 3089 3070
f 3090 3443 3098
f 3443 3442 3098
f 3098 3442 3096
f 3090 3089 3443
usemtl 150,117,0
f 3444 3445 3446
f 3447 3448 3449
f 3450 3451 3452
f 3453 3454 3455
f 3456 3457 3448
f 3458 3459 3460
f 3460 3459 3461
f 3460 3461 3462
f 3452 3453 3450
f 3450 3453 3455
f 3450 3455 3463
f 3463 3455 3464
f 3463 3464 3446
f 3446 3464 3465
f 3449 3466 3467
f 3466 3449 3465
f 3465 3449 3468
f 3465 3468 3469
f 3470 3471 3469
f 3469 3471 3472
f 3469 3472 3473
f 3474 3445 3458
f 3458 3445 3444
f 3458 3444 3459
f 3448 3457 3475
f 3475 3457 3476
f 3475 3476 3477
f 3473 3478 3469
f 3469 3478 3479
f 3469 3479 3465
f 3465 3479 3480
f 3465 3480 3446
f 3446 3480 3481
f 3446 3481 3444
f 3447 3482 3448
f 3448 3482 3483
f 3448 3483 3456
f 3462 3484 3460
f 3460 3484 3485
f 3460 3485 3486
f 3487 3488 3460
f 3460 3488 3489
f 3490 3491 3492
f 3492 3491 3493
f 3489 3494 3460
f 3460 3494 3493
f 3460 3493 3495
f 3495 3493 3491
f 3486 3496 3460
f 3460 3496 3497
f 3460 3497 3487
f 3498 3499 3454
f 3454 3499 3500
f 3454 3500 3455
f 3455 3500 3501
f 3455 3501 3445
f 3476 3502 3477
f 3477 3502 3503
f 3477 3503 3469
f 3469 3503 3504
f 3469 3504 3470
f 3505 3506 3507
f 3507 3506 3508
f 3507 3508 3509
f 3467 3510 3449
f 3449 3510 3511
f 3449 3511 3447
f 3447 3511 3505
f 3447 3505 3512
f 3512 3505 3507
f 3512 3507 3513
f 3513 3507 3514
f 3515 3516 3517
f 3517 3516 3518
f 3464 3519 3520
f 3520 3519 3517
f 3520 3517 3521
f 3521 3517 3518
f 3522 3523 3455
f 3524 3525 3455
f 3455 3525 3526
f 3455 3526 3464
f 3464 3526 3527
f 3528 3529 3519
f 3519 3529 3530
f 3531 3532 3533
f 3527 3534 3464
f 3464 3534 3535
f 3464 3535 3519
f 3519 3535 3536
f 3519 3536 3528
f 3533 3537 3531
f 3531 3537 3538
f 3531 3538 3539
f 3539 3524 3531
f 3531 3524 3455
f 3531 3455 3540
f 3540 3455 3523
f 3540 3523 3541
f 3541 3523 3542
f 3530 3543 3519
f 3519 3543 3544
f 3519 3544 3531
f 3531 3544 3545
f 3531 3545 3532
f 3517 3522 3515
f 3515 3522 3455
f 3515 3455 3546
f 3546 3455 3547
f 3507 3548 3549
f 3549 3547 3507
f 3507 3547 3455
f 3507 3455 3514
f 3514 3455 3445
f 3514 3445 3550
f 3550 3445 3474
f 3551 3552 3553
f 3554 3555 3556
f 3557 3558 3559
f 3554 3556 3560
f 3557 3559 3561
f 3559 3562 3561
f 3561 3562 3563
f 3561 3563 3564
f 3564 3563 3565
f 3564 3565 3566
f 3566 3565 3567
f 3566 3567 3568
f 3568 3567 3560
f 3568 3560 3569
f 3569 3560 3556
f 3570 3571 3572
f 3573 3574 3575
f 3575 3574 3576
f 3576 3574 3577
f 3576 3577 3578
f 3579 3580 3581
f 3581 3580 3582
f 3581 3582 3583
f 3573 3575 3584
f 3584 3575 3585
f 3584 3585 3586
f 3586 3585 3587
f 3586 3587 3579
f 3579 3587 3588
f 3579 3588 3580
f 3589 3590 3591
f 3592 3593 3594
f 3594 3593 3595
f 3595 3593 3596
f 3595 3596 3597
f 3598 3599 3600
f 3600 3599 3601
f 3600 3601 3602
f 3592 3594 3603
f 3603 3594 3604
f 3603 3604 3605
f 3605 3604 3606
f 3605 3606 3598
f 3598 3606 3607
f 3598 3607 3599
f 3608 3609 3610
f 3611 3612 3613
f 3614 3615 3616
f 3617 3618 3619
f 3620 3621 3622
f 3623 3624 3625
f 3626 3627 3628
f 3602 3601 3629
f 3630 3465 3464
f 3602 3629 3631
f 3631 3629 3632
f 3631 3632 3633
f 3633 3632 3634
f 3633 3634 3635
f 3635 3634 3636
f 3635 3636 3637
f 3637 3636 3638
f 3637 3638 3639
f 3639 3638 3640
f 3639 3640 3641
f 3641 3640 3630
f 3641 3630 3642
f 3642 3630 3464
f 3642 3464 3520
f 3559 3558 3643
f 3559 3643 3644
f 3644 3643 3645
f 3644 3645 3646
f 3646 3645 3647
f 3646 3647 3648
f 3648 3647 3649
f 3648 3649 3650
f 3650 3649 3651
f 3650 3651 3652
f 3652 3651 3653
f 3652 3653 3654
f 3654 3653 3655
f 3654 3655 3656
f 3656 3655 3578
f 3656 3578 3577
f 3507 3509 3657
f 3658 3548 3507
f 3507 3657 3658
f 3658 3657 3659
f 3658 3659 3660
f 3660 3659 3661
f 3660 3661 3662
f 3662 3661 3663
f 3662 3663 3664
f 3664 3663 3665
f 3664 3665 3666
f 3666 3665 3667
f 3666 3667 3668
f 3668 3667 3669
f 3668 3669 3670
f 3670 3669 3556
f 3670 3556 3555
f 3583 3582 3671
f 3583 3671 3672
f 3672 3671 3673
f 3672 3673 3674
f 3674 3673 3675
f 3674 3675 3676
f 3676 3675 3677
f 3676 3677 3678
f 3678 3677 3679
f 3678 3679 3680
f 3680 3679 3681
f 3680 3681 3682
f 3682 3681 3683
f 3682 3683 3684
f 3684 3683 3597
f 3684 3597 3596
f 3685 3686 3687
f 3687 3686 3688
f 3687 3688 3689
f 3689 3688 3690
f 3689 3690 3691
f 3691 3690 3692
f 3693 3694 3695
f 3695 3694 3696
f 3695 3696 3697
f 3698 3699 3695
f 3695 3699 3700
f 3695 3700 3701
f 3697 3702 3695
f 3695 3702 3703
f 3695 3703 3704
f 3704 3705 3695
f 3695 3705 3706
f 3695 3706 3698
f 3707 3708 3700
f 3700 3708 3709
f 3700 3709 3701
usemtl 217,217,217
f 3710 3711 3712
f 3712 3711 3713
f 3613 3612 3710
f 3613 3710 3712
f 3625 3624 3714
f 3715 3616 3716
f 3715 3716 3714
f 3714 3716 3625
f 3614 3616 3715
f 3717 3614 3715
f 3718 3621 3719
f 3718 3719 3715
f 3715 3719 3605
f 3715 3605 3717
f 3720 3721 3722
f 3723 3618 3724
f 3723 3724 3722
f 3722 3724 3586
f 3722 3586 3720
f 3725 3726 3727
f 3710 3612 3728
f 3710 3728 3727
f 3727 3728 3565
f 3727 3565 3725
f 3619 3618 3723
f 3727 3726 3729
f 3727 3729 3723
f 3723 3729 3619
f 3621 3718 3622
f 3622 3718 3730
f 3730 3718 3722
f 3730 3722 3721
f 3731 3611 3613
f 3731 3613 3712
f 3658 3713 3548
f 3548 3713 3549
f 3731 3713 3611
f 3611 3713 3660
f 3660 3713 3658
f 3732 3547 3733
f 3733 3547 3549
f 3733 3549 3713
f 3516 3515 3732
f 3732 3515 3546
f 3732 3546 3547
f 3734 3518 3735
f 3735 3518 3516
f 3735 3516 3732
f 3637 3624 3635
f 3635 3624 3623
f 3635 3623 3633
f 3637 3639 3624
f 3624 3639 3641
f 3624 3641 3642
f 3624 3642 3520
f 3624 3520 3734
f 3734 3520 3521
f 3734 3521 3518
f 3736 3737 3716
f 3733 3713 3711
f 3714 3624 3734
f 3734 3735 3714
f 3714 3735 3711
f 3711 3735 3732
f 3711 3732 3733
f 3738 3610 3739
f 3740 3741 3742
f 3740 3742 3743
f 3740 3743 3739
f 3739 3743 3738
f 3744 3553 3745
f 3746 3747 3748
f 3746 3748 3749
f 3746 3749 3745
f 3745 3749 3744
f 3750 3572 3751
f 3752 3626 3753
f 3752 3753 3754
f 3752 3754 3751
f 3751 3754 3750
f 3755 3756 3657
f 3755 3657 3509
f 3755 3509 3757
f 3756 3758 3609
f 3659 3657 3608
f 3608 3657 3756
f 3608 3756 3609
f 3640 3591 3630
f 3630 3591 3465
f 3465 3591 3466
f 3640 3638 3591
f 3591 3638 3636
f 3591 3636 3589
f 3589 3636 3634
f 3589 3634 3632
f 3510 3467 3759
f 3759 3467 3466
f 3759 3466 3591
f 3509 3508 3757
f 3757 3508 3506
f 3757 3506 3760
f 3760 3506 3505
f 3760 3505 3511
f 3760 3511 3510
f 3759 3591 3761
f 3762 3755 3757
f 3757 3760 3762
f 3762 3760 3761
f 3761 3760 3510
f 3761 3510 3759
f 3763 3764 3765
f 3765 3764 3766
f 3746 3751 3571
f 3571 3751 3572
f 3746 3571 3767
f 3746 3767 3747
f 3752 3751 3764
f 3764 3751 3766
f 3590 3761 3591
f 3761 3590 3768
f 3761 3768 3627
f 3761 3627 3752
f 3752 3627 3626
f 3751 3746 3766
f 3752 3764 3761
f 3552 3745 3553
f 3745 3552 3769
f 3745 3769 3741
f 3745 3741 3740
f 3746 3745 3770
f 3746 3770 3766
f 3766 3770 3765
f 3762 3761 3763
f 3763 3761 3764
f 3755 3762 3739
f 3755 3739 3758
f 3758 3739 3609
f 3609 3739 3610
f 3740 3770 3745
f 3765 3770 3740
f 3763 3739 3762
f 3740 3739 3763
f 3740 3763 3765
f 3771 3772 3768
f 3773 3774 3767
f 3775 3776 3769
f 3665 3610 3667
f 3667 3610 3669
f 3669 3610 3556
f 3556 3610 3569
f 3659 3608 3661
f 3661 3608 3610
f 3661 3610 3663
f 3663 3610 3665
f 3742 3561 3564
f 3742 3564 3743
f 3743 3564 3566
f 3743 3566 3568
f 3743 3568 3738
f 3738 3568 3569
f 3738 3569 3610
f 3741 3777 3643
f 3741 3643 3558
f 3741 3558 3742
f 3742 3558 3557
f 3742 3557 3561
f 3552 3777 3769
f 3645 3643 3551
f 3551 3643 3777
f 3551 3777 3552
f 3576 3578 3553
f 3553 3578 3655
f 3553 3655 3653
f 3553 3653 3651
f 3645 3551 3647
f 3647 3551 3553
f 3647 3553 3649
f 3649 3553 3651
f 3748 3588 3587
f 3748 3587 3749
f 3749 3587 3585
f 3749 3585 3575
f 3749 3575 3744
f 3744 3575 3576
f 3744 3576 3553
f 3747 3778 3671
f 3747 3671 3582
f 3747 3582 3748
f 3748 3582 3580
f 3748 3580 3588
f 3571 3778 3767
f 3673 3671 3570
f 3570 3671 3778
f 3570 3778 3571
f 3595 3597 3572
f 3572 3597 3683
f 3572 3683 3681
f 3572 3681 3679
f 3673 3570 3675
f 3675 3570 3572
f 3675 3572 3677
f 3677 3572 3679
f 3572 3750 3595
f 3595 3750 3594
f 3594 3750 3754
f 3594 3754 3604
f 3604 3754 3606
f 3606 3754 3753
f 3606 3753 3607
f 3607 3753 3599
f 3626 3628 3629
f 3599 3753 3601
f 3601 3753 3626
f 3601 3626 3629
f 3590 3628 3768
f 3632 3629 3589
f 3589 3629 3628
f 3589 3628 3590
f 3779 3780 3758
f 3781 3782 3783
f 3783 3782 3784
f 3710 3727 3784
f 3710 3784 3782
f 3710 3782 3711
f 3727 3723 3784
f 3714 3711 3781
f 3781 3711 3782
f 3723 3722 3784
f 3784 3722 3783
f 3781 3715 3714
f 3783 3722 3718
f 3718 3715 3781
f 3718 3781 3783
f 3785 3786 3712
f 3611 3660 3612
f 3612 3660 3662
f 3612 3662 3664
f 3664 3666 3612
f 3612 3666 3668
f 3612 3668 3670
f 3612 3670 3555
f 3612 3555 3728
f 3787 3617 3619
f 3787 3619 3729
f 3562 3559 3726
f 3726 3559 3644
f 3787 3726 3617
f 3617 3726 3646
f 3646 3726 3644
f 3555 3554 3728
f 3728 3554 3560
f 3728 3560 3567
f 3728 3567 3565
f 3565 3563 3725
f 3725 3563 3562
f 3725 3562 3726
f 3617 3646 3618
f 3618 3646 3648
f 3618 3648 3650
f 3650 3652 3618
f 3618 3652 3654
f 3618 3654 3656
f 3618 3656 3577
f 3618 3577 3724
f 3788 3622 3730
f 3672 3721 3583
f 3583 3721 3581
f 3672 3674 3721
f 3721 3674 3620
f 3622 3788 3620
f 3620 3788 3721
f 3577 3574 3724
f 3724 3574 3573
f 3724 3573 3584
f 3724 3584 3586
f 3586 3579 3720
f 3720 3579 3581
f 3720 3581 3721
f 3620 3674 3621
f 3621 3674 3676
f 3621 3676 3678
f 3678 3680 3621
f 3621 3680 3682
f 3621 3682 3684
f 3621 3684 3596
f 3621 3596 3719
f 3615 3623 3625
f 3615 3625 3716
f 3600 3602 3614
f 3614 3602 3631
f 3615 3614 3623
f 3623 3614 3633
f 3633 3614 3631
f 3596 3593 3719
f 3719 3593 3592
f 3719 3592 3603
f 3719 3603 3605
f 3605 3598 3717
f 3717 3598 3600
f 3717 3600 3614
f 3789 3790 3730
f 3791 3792 3729
usemtl 255,255,255
f 3793 3522 3517
f 3523 3794 3542
f 3794 3795 3542
f 3542 3795 3541
f 3795 3540 3541
f 3531 3793 3519
f 3519 3793 3517
f 3796 3793 3795
f 3795 3793 3531
f 3795 3531 3540
f 3793 3796 3794
f 3793 3794 3522
f 3522 3794 3523
f 3795 3794 3685
f 3685 3794 3686
f 3796 3795 3687
f 3687 3795 3685
f 3796 3687 3689
f 3796 3689 3691
f 3692 3796 3691
f 3796 3692 3690
f 3796 3690 3688
f 3794 3796 3686
f 3686 3796 3688
f 3797 3798 3524
f 3524 3798 3525
f 3798 3799 3525
f 3525 3799 3526
f 3799 3800 3526
f 3526 3800 3527
f 3801 3544 3543
f 3801 3543 3530
f 3801 3530 3529
f 3801 3529 3528
f 3801 3528 3800
f 3800 3528 3536
f 3800 3536 3535
f 3800 3535 3534
f 3800 3534 3527
f 3797 3524 3539
f 3797 3539 3538
f 3797 3538 3537
f 3797 3537 3533
f 3797 3533 3532
f 3797 3532 3545
f 3797 3545 3801
f 3801 3545 3544
f 3802 3801 3800
f 3802 3800 3803
f 3803 3800 3799
f 3804 3798 3797
f 3804 3797 3801
f 3804 3801 3802
f 3803 3799 3695
f 3695 3799 3693
f 3803 3695 3701
f 3803 3701 3709
f 3803 3709 3708
f 3803 3708 3707
f 3803 3707 3802
f 3802 3707 3700
f 3802 3700 3699
f 3802 3699 3698
f 3802 3698 3706
f 3802 3706 3804
f 3804 3706 3705
f 3804 3705 3704
f 3804 3704 3703
f 3804 3703 3702
f 3804 3702 3697
f 3804 3697 3696
f 3798 3804 3694
f 3694 3804 3696
f 3799 3798 3693
f 3693 3798 3694
f 3500 3805 3501
f 3805 3806 3501
f 3501 3806 3445
f 3806 3807 3445
f 3445 3807 3446
f 3807 3808 3446
f 3446 3808 3463
f 3463 3808 3450
f 3808 3807 3450
f 3450 3807 3451
f 3807 3809 3451
f 3451 3809 3452
f 3809 3810 3452
f 3452 3810 3453
f 3453 3810 3454
f 3810 3809 3454
f 3454 3809 3498
f 3809 3499 3498
f 3499 3805 3500
f 3805 3499 3806
f 3806 3499 3809
f 3806 3809 3807
f 3811 3812 3458
f 3458 3812 3474
f 3812 3512 3513
f 3812 3513 3514
f 3812 3514 3550
f 3812 3550 3474
f 3813 3503 3502
f 3813 3502 3476
f 3813 3476 3457
f 3813 3457 3456
f 3813 3456 3814
f 3814 3456 3483
f 3814 3483 3482
f 3814 3482 3812
f 3812 3482 3447
f 3812 3447 3512
f 3815 3479 3478
f 3815 3478 3473
f 3815 3473 3472
f 3815 3472 3471
f 3815 3471 3816
f 3816 3471 3470
f 3816 3470 3504
f 3816 3504 3503
f 3816 3503 3813
f 3817 3481 3480
f 3817 3480 3479
f 3817 3479 3815
f 3817 3818 3481
f 3481 3818 3444
f 3818 3461 3459
f 3818 3459 3444
f 3819 3487 3497
f 3819 3497 3496
f 3819 3496 3486
f 3819 3486 3485
f 3819 3485 3484
f 3819 3484 3462
f 3819 3462 3461
f 3819 3461 3818
f 3811 3491 3490
f 3811 3490 3820
f 3820 3490 3492
f 3820 3492 3493
f 3820 3493 3494
f 3820 3494 3489
f 3820 3489 3488
f 3820 3488 3487
f 3820 3487 3819
f 3811 3458 3460
f 3811 3460 3495
f 3811 3495 3491
f 3820 3812 3811
f 3818 3817 3815
f 3818 3815 3819
f 3819 3815 3816
f 3819 3816 3813
f 3819 3813 3820
f 3820 3813 3814
f 3820 3814 3812
f 3475 3821 3448
f 3821 3822 3448
f 3448 3822 3449
f 3822 3468 3449
f 3469 3822 3477
f 3822 3821 3477
f 3477 3821 3475
f 3469 3468 3822
usemtl 150,117,0
f 3823 3824 3825
f 3826 3827 3828
f 3829 3830 3831
f 3832 3833 3834
f 3835 3836 3827
f 3837 3838 3839
f 3839 3838 3840
f 3839 3840 3841
f 3831 3832 3829
f 3829 3832 3834
f 3829 3834 3842
f 3842 3834 3843
f 3842 3843 3825
f 3825 3843 3844
f 3828 3845 3846
f 3845 3828 3844
f 3844 3828 3847
f 3844 3847 3848
f 3849 3850 3848
f 3848 3850 3851
f 3848 3851 3852
f 3853 3824 3837
f 3837 3824 3823
f 3837 3823 3838
f 3827 3836 3854
f 3854 3836 3855
f 3854 3855 3856
f 3852 3857 3848
f 3848 3857 3858
f 3848 3858 3844
f 3844 3858 3859
f 3844 3859 3825
f 3825 3859 3860
f 3825 3860 3823
f 3826 3861 3827
f 3827 3861 3862
f 3827 3862 3835
f 3841 3863 3839
f 3839 3863 3864
f 3839 3864 3865
f 3866 3867 3839
f 3839 3867 3868
f 3869 3870 3871
f 3871 3870 3872
f 3868 3873 3839
f 3839 3873 3872
f 3839 3872 3874
f 3874 3872 3870
f 3865 3875 3839
f 3839 3875 3876
f 3839 3876 3866
f 3877 3878 3833
f 3833 3878 3879
f 3833 3879 3834
f 3834 3879 3880
f 3834 3880 3824
f 3855 3881 3856
f 3856 3881 3882
f 3856 3882 3848
f 3848 3882 3883
f 3848 3883 3849
f 3884 3885 3886
f 3886 3885 3887
f 3886 3887 3888
f 3846 3889 3828
f 3828 3889 3890
f 3828 3890 3826
f 3826 3890 3884
f 3826 3884 3891
f 3891 3884 3886
f 3891 3886 3892
f 3892 3886 3893
f 3894 3895 3896
f 3896 3895 3897
f 3843 3898 3899
f 3899 3898 3896
f 3899 3896 3900
f 3900 3896 3897
f 3901 3902 3834
f 3903 3904 3834
f 3834 3904 3905
f 3834 3905 3843
f 3843 3905 3906
f 3907 3908 3898
f 3898 3908 3909
f 3910 3911 3912
f 3906 3913 3843
f 3843 3913 3914
f 3843 3914 3898
f 3898 3914 3915
f 3898 3915 3907
f 3912 3916 3910
f 3910 3916 3917
f 3910 3917 3918
f 3918 3903 3910
f 3910 3903 3834
f 3910 3834 3919
f 3919 3834 3902
f 3919 3902 3920
f 3920 3902 3921
f 3909 3922 3898
f 3898 3922 3923
f 3898 3923 3910
f 3910 3923 3924
f 3910 3924 3911
f 3896 3901 3894
f 3894 3901 3834
f 3894 3834 3925
f 3925 3834 3926
f 3886 3927 3928
f 3928 3926 3886
f 3886 3926 3834
f 3886 3834 3893
f 3893 3834 3824
f 3893 3824 3929
f 3929 3824 3853
f 3930 3931 3932
f 3933 3934 3935
f 3936 3937 3938
f 3933 3935 3939
f 3936 3938 3940
f 3938 3941 3940
f 3940 3941 3942
f 3940 3942 3943
f 3943 3942 3944
f 3943 3944 3945
f 3945 3944 3946
f 3945 3946 3947
f 3947 3946 3939
f 3947 3939 3948
f 3948 3939 3935
f 3949 3950 3951
f 3952 3953 3954
f 3954 3953 3955
f 3955 3953 3956
f 3955 3956 3957
f 3958 3959 3960
f 3960 3959 3961
f 3960 3961 3962
f 3952 3954 3963
f 3963 3954 3964
f 3963 3964 3965
f 3965 3964 3966
f 3965 3966 3958
f 3958 3966 3967
f 3958 3967 3959
f 3968 3969 3970
f 3971 3972 3973
f 3973 3972 3974
f 3974 3972 3975
f 3974 3975 3976
f 3977 3978 3979
f 3979 3978 3980
f 3979 3980 3981
f 3971 3973 3982
f 3982 3973 3983
f 3982 3983 3984
f 3984 3983 3985
f 3984 3985 3977
f 3977 3985 3986
f 3977 3986 3978
f 3987 3988 3989
f 3990 3991 3992
f 3993 3994 3995
f 3996 3997 3998
f 3999 4000 4001
f 4002 4003 4004
f 4005 4006 4007
f 3981 3980 4008
f 4009 3844 3843
f 3981 4008 4010
f 4010 4008 4011
f 4010 4011 4012
f 4012 4011 4013
f 4012 4013 4014
f 4014 4013 4015
f 4014 4015 4016
f 4016 4015 4017
f 4016 4017 4018
f 4018 4017 4019
f 4018 4019 4020
f 4020 4019 4009
f 4020 4009 4021
f 4021 4009 3843
f 4021 3843 3899
f 3938 3937 4022
f 3938 4022 4023
f 4023 4022 4024
f 4023 4024 4025
f 4025 4024 4026
f 4025 4026 4027
f 4027 4026 4028
f 4027 4028 4029
f 4029 4028 4030
f 4029 4030 4031
f 4031 4030 4032
f 4031 4032 4033
f 4033 4032 4034
f 4033 4034 4035
f 4035 4034 3957
f 4035 3957 3956
f 3886 3888 4036
f 4037 3927 3886
f 3886 4036 4037
f 4037 4036 4038
f 4037 4038 4039
f 4039 4038 4040
f 4039 4040 4041
f 4041 4040 4042
f 4041 4042 4043
f 4043 4042 4044
f 4043 4044 4045
f 4045 4044 4046
f 4045 4046 4047
f 4047 4046 4048
f 4047 4048 4049
f 4049 4048 3935
f 4049 3935 3934
f 3962 3961 4050
f 3962 4050 4051
f 4051 4050 4052
f 4051 4052 4053
f 4053 4052 4054
f 4053 4054 4055
f 4055 4054 4056
f 4055 4056 4057
f 4057 4056 4058
f 4057 4058 4059
f 4059 4058 4060
f 4059 4060 4061
f 4061 4060 4062
f 4061 4062 4063
f 4063 4062 3976
f 4063 3976 3975
f 4064 4065 4066
f 4066 4065 4067
f 4066 4067 4068
f 4068 4067 4069
f 4068 4069 4070
f 4070 4069 4071
f 4072 4073 4074
f 4074 4073 4075
f 4074 4075 4076
f 4077 4078 4074
f 4074 4078 4079
f 4074 4079 4080
f 4076 4081 4074
f 4074 4081 4082
f 4074 4082 4083
f 4083 4084 4074
f 4074 4084 4085
f 4074 4085 4077
f 4086 4087 4079
f 4079 4087 4088
f 4079 4088 4080
usemtl 217,217,217
f 4089 4090 4091
f 4091 4090 4092
f 3992 3991 4089
f 3992 4089 4091
f 4004 4003 4093
f 4094 3995 4095
f 4094 4095 4093
f 4093 4095 4004
f 3993 3995 4094
f 4096 3993 4094
f 4097 4000 4098
f 4097 4098 4094
f 4094 4098 3984
f 4094 3984 4096
f 4099 4100 4101
f 4102 3997 4103
f 4102 4103 4101
f 4101 4103 3965
f 4101 3965 4099
f 4104 4105 4106
f 4089 3991 4107
f 4089 4107 4106
f 4106 4107 3944
f 4106 3944 4104
f 3998 3997 4102
f 4106 4105 4108
f 4106 4108 4102
f 4102 4108 3998
f 4000 4097 4001
f 4001 4097 4109
f 4109 4097 4101
f 4109 4101 4100
f 4110 3990 3992
f 4110 3992 4091
f 4037 4092 3927
f 3927 4092 3928
f 4110 4092 3990
f 3990 4092 4039
f 4039 4092 4037
f 4111 3926 4112
f 4112 3926 3928
f 4112 3928 4092
f 3895 3894 4111
f 4111 3894 3925
f 4111 3925 3926
f 4113 3897 4114
f 4114 3897 3895
f 4114 3895 4111
f 4016 4003 4014
f 4014 4003 4002
f 4014 4002 4012
f 4016 4018 4003
f 4003 4018 4020
f 4003 4020 4021
f 4003 4021 3899
f 4003 3899 4113
f 4113 3899 3900
f 4113 3900 3897
f 4115 4116 4095
f 4112 4092 4090
f 4093 4003 4113
f 4113 4114 4093
f 4093 4114 4090
f 4090 4114 4111
f 4090 4111 4112
f 4117 3989 4118
f 4119 4120 4121
f 4119 4121 4122
f 4119 4122 4118
f 4118 4122 4117
f 4123 3932 4124
f 4125 4126 4127
f 4125 4127 4128
f 4125 4128 4124
f 4124 4128 4123
f 4129 3951 4130
f 4131 4005 4132
f 4131 4132 4133
f 4131 4133 4130
f 4130 4133 4129
f 4134 4135 4036
f 4134 4036 3888
f 4134 3888 4136
f 4135 4137 3988
f 4038 4036 3987
f 3987 4036 4135
f 3987 4135 3988
f 4019 3970 4009
f 4009 3970 3844
f 3844 3970 3845
f 4019 4017 3970
f 3970 4017 4015
f 3970 4015 3968
f 3968 4015 4013
f 3968 4013 4011
f 3889 3846 4138
f 4138 3846 3845
f 4138 3845 3970
f 3888 3887 4136
f 4136 3887 3885
f 4136 3885 4139
f 4139 3885 3884
f 4139 3884 3890
f 4139 3890 3889
f 4138 3970 4140
f 4141 4134 4136
f 4136 4139 4141
f 4141 4139 4140
f 4140 4139 3889
f 4140 3889 4138
f 4142 4143 4144
f 4144 4143 4145
f 4125 4130 3950
f 3950 4130 3951
f 4125 3950 4146
f 4125 4146 4126
f 4131 4130 4143
f 4143 4130 4145
f 3969 4140 3970
f 4140 3969 4147
f 4140 4147 4006
f 4140 4006 4131
f 4131 4006 4005
f 4130 4125 4145
f 4131 4143 4140
f 3931 4124 3932
f 4124 3931 4148
f 4124 4148 4120
f 4124 4120 4119
f 4125 4124 4149
f 4125 4149 4145
f 4145 4149 4144
f 4141 4140 4142
f 4142 4140 4143
f 4134 4141 4118
f 4134 4118 4137
f 4137 4118 3988
f 3988 4118 3989
f 4119 4149 4124
f 4144 4149 4119
f 4142 4118 4141
f 4119 4118 4142
f 4119 4142 4144
f 4150 4151 4147
f 4152 4153 4146
f 4154 4155 4148
f 4044 3989 4046
f 4046 3989 4048
f 4048 3989 3935
f 3935 3989 3948
f 4038 3987 4040
f 4040 3987 3989
f 4040 3989 4042
f 4042 3989 4044
f 4121 3940 3943
f 4121 3943 4122
f 4122 3943 3945
f 4122 3945 3947
f 4122 3947 4117
f 4117 3947 3948
f 4117 3948 3989
f 4120 4156 4022
f 4120 4022 3937
f 4120 3937 4121
f 4121 3937 3936
f 4121 3936 3940
f 3931 4156 4148
f 4024 4022 3930
f 3930 4022 4156
f 3930 4156 3931
f 3955 3957 3932
f 3932 3957 4034
f 3932 4034 4032
f 3932 4032 4030
f 4024 3930 4026
f 4026 3930 3932
f 4026 3932 4028
f 4028 3932 4030
f 4127 3967 3966
f 4127 3966 4128
f 4128 3966 3964
f 4128 3964 3954
f 4128 3954 4123
f 4123 3954 3955
f 4123 3955 3932
f 4126 4157 4050
f 4126 4050 3961
f 4126 3961 4127
f 4127 3961 3959
f 4127 3959 3967
f 3950 4157 4146
f 4052 4050 3949
f 3949 4050 4157
f 3949 4157 3950
f 3974 3976 3951
f 3951 3976 4062
f 3951 4062 4060
f 3951 4060 4058
f 4052 3949 4054
f 4054 3949 3951
f 4054 3951 4056
f 4056 3951 4058
f 3951 4129 3974
f 3974 4129 3973
f 3973 4129 4133
f 3973 4133 3983
f 3983 4133 3985
f 3985 4133 4132
f 3985 4132 3986
f 3986 4132 3978
f 4005 4007 4008
f 3978 4132 3980
f 3980 4132 4005
f 3980 4005 4008
f 3969 4007 4147
f 4011 4008 3968
f 3968 4008 4007
f 3968 4007 3969
f 4158 4159 4137
f 4160 4161 4162
f 4162 4161 4163
f 4089 4106 4163
f 4089 4163 4161
f 4089 4161 4090
f 4106 4102 4163
f 4093 4090 4160
f 4160 4090 4161
f 4102 4101 4163
f 4163 4101 4162
f 4160 4094 4093
f 4162 4101 4097
f 4097 4094 4160
f 4097 4160 4162
f 4164 4165 4091
f 3990 4039 3991
f 3991 4039 4041
f 3991 4041 4043
f 4043 4045 3991
f 3991 4045 4047
f 3991 4047 4049
f 3991 4049 3934
f 3991 3934 4107
f 4166 3996 3998
f 4166 3998 4108
f 3941 3938 4105
f 4105 3938 4023
f 4166 4105 3996
f 3996 4105 4025
f 4025 4105 4023
f 3934 3933 4107
f 4107 3933 3939
f 4107 3939 3946
f 4107 3946 3944
f 3944 3942 4104
f 4104 3942 3941
f 4104 3941 4105
f 3996 4025 3997
f 3997 4025 4027
f 3997 4027 4029
f 4029 4031 3997
f 3997 4031 4033
f 3997 4033 4035
f 3997 4035 3956
f 3997 3956 4103
f 4167 4001 4109
f 4051 4100 3962
f 3962 4100 3960
f 4051 4053 4100
f 4100 4053 3999
f 4001 4167 3999
f 3999 4167 4100
f 3956 3953 4103
f 4103 3953 3952
f 4103 3952 3963
f 4103 3963 3965
f 3965 3958 4099
f 4099 3958 3960
f 4099 3960 4100
f 3999 4053 4000
f 4000 4053 4055
f 4000 4055 4057
f 4057 4059 4000
f 4000 4059 4061
f 4000 4061 4063
f 4000 4063 3975
f 4000 3975 4098
f 3994 4002 4004
f 3994 4004 4095
f 3979 3981 3993
f 3993 3981 4010
f 3994 3993 4002
f 4002 3993 4012
f 4012 3993 4010
f 3975 3972 4098
f 4098 3972 3971
f 4098 3971 3982
f 4098 3982 3984
f 3984 3977 4096
f 4096 3977 3979
f 4096 3979 3993
f 4168 4169 4109
f 4170 4171 4108
usemtl 255,255,255
f 4172 3901 3896
f 3902 4173 3921
f 4173 4174 3921
f 3921 4174 3920
f 4174 3919 3920
f 3910 4172 3898
f 3898 4172 3896
f 4175 4172 4174
f 4174 4172 3910
f 4174 3910 3919
f 4172 4175 4173
f 4172 4173 3901
f 3901 4173 3902
f 4174 4173 4064
f 4064 4173 4065
f 4175 4174 4066
f 4066 4174 4064
f 4175 4066 4068
f 4175 4068 4070
f 4071 4175 4070
f 4175 4071 4069
f 4175 4069 4067
f 4173 4175 4065
f 4065 4175 4067
f 4176 4177 3903
f 3903 4177 3904
f 4177 4178 3904
f 3904 4178 3905
f 4178 4179 3905
f 3905 4179 3906
f 4180 3923 3922
f 4180 3922 3909
f 4180 3909 3908
f 4180 3908 3907
f 4180 3907 4179
f 4179 3907 3915
f 4179 3915 3914
f 4179 3914 3913
f 4179 3913 3906
f 4176 3903 3918
f 4176 3918 3917
f 4176 3917 3916
f 4176 3916 3912
f 4176 3912 3911
f 4176 3911 3924
f 4176 3924 4180
f 4180 3924 3923
f 4181 4180 4179
f 4181 4179 4182
f 4182 4179 4178
f 4183 4177 4176
f 4183 4176 4180
f 4183 4180 4181
f 4182 4178 4074
f 4074 4178 4072
f 4182 4074 4080
f 4182 4080 4088
f 4182 4088 4087
f 4182 4087 4086
f 4182 4086 4181
f 4181 4086 4079
f 4181 4079 4078
f 4181 4078 4077
f 4181 4077 4085
f 4181 4085 4183
f 4183 4085 4084
f 4183 4084 4083
f 4183 4083 4082
f 4183 4082 4081
f 4183 4081 4076
f 4183 4076 4075
f 4177 4183 4073
f 4073 4183 4075
f 4178 4177 4072
f 4072 4177 4073
f 3879 4184 3880
f 4184 4185 3880
f 3880 4185 3824
f 4185 4186 3824
f 3824 4186 3825
f 4186 4187 3825
f 3825 4187 3842
f 3842 4187 3829
f 4187 4186 3829
f 3829 4186 3830
f 4186 4188 3830
f 3830 4188 3831
f 4188 4189 3831
f 3831 4189 3832
f 3832 4189 3833
f 4189 4188 3833
f 3833 4188 3877
f 4188 3878 3877
f 3878 4184 3879
f 4184 3878 4185
f 4185 3878 4188
f 4185 4188 4186
f 4190 4191 3837
f 3837 4191 3853
f 4191 3891 3892
f 4191 3892 3893
f 4191 3893 3929
f 4191 3929 3853
f 4192 3882 3881
f 4192 3881 3855
f 4192 3855 3836
f 4192 3836 3835
f 4192 3835 4193
f 4193 3835 3862
f 4193 3862 3861
f 4193 3861 4191
f 4191 3861 3826
f 4191 3826 3891
f 4194 3858 3857
f 4194 3857 3852
f 4194 3852 3851
f 4194 3851 3850
f 4194 3850 4195
f 4195 3850 3849
f 4195 3849 3883
f 4195 3883 3882
f 4195 3882 4192
f 4196 3860 3859
f 4196 3859 3858
f 4196 3858 4194
f 4196 4197 3860
f 3860 4197 3823
f 4197 3840 3838
f 4197 3838 3823
f 4198 3866 3876
f 4198 3876 3875
f 4198 3875 3865
f 4198 3865 3864
f 4198 3864 3863
f 4198 3863 3841
f 4198 3841 3840
f 4198 3840 4197
f 4190 3870 3869
f 4190 3869 4199
f 4199 3869 3871
f 4199 3871 3872
f 4199 3872 3873
f 4199 3873 3868
f 4199 3868 3867
f 4199 3867 3866
f 4199 3866 4198
f 4190 3837 3839
f 4190 3839 3874
f 4190 3874 3870
f 4199 4191 4190
f 4197 4196 4194
f 4197 4194 4198
f 4198 4194 4195
f 4198 4195 4192
f 4198 4192 4199
f 4199 4192 4193
f 4199 4193 4191
f 3854 4200 3827
f 4200 4201 3827
f 3827 4201 3828
f 4201 3847 3828
f 3848 4201 3856
f 4201 4200 3856
f 3856 4200 3854
f 3848 3847 4201
usemtl 150,117,0
f 4202 4203 4204
f 4205 4206 4207
f 4208 4209 4210
f 4211 4212 4213
f 4214 4215 4206
f 4216 4217 4218
f 4218 4217 4219
f 4218 4219 4220
f 4210 4211 4208
f 4208 4211 4213
f 4208 4213 4221
f 4221 4213 4222
f 4221 4222 4204
f 4204 4222 4223
f 4207 4224 4225
f 4224 4207 4223
f 4223 4207 4226
f 4223 4226 4227
f 4228 4229 4227
f 4227 4229 4230
f 4227 4230 4231
f 4232 4203 4216
f 4216 4203 4202
f 4216 4202 4217
f 4206 4215 4233
f 4233 4215 4234
f 4233 4234 4235
f 4231 4236 4227
f 4227 4236 4237
f 4227 4237 4223
f 4223 4237 4238
f 4223 4238 4204
f 4204 4238 4239
f 4204 4239 4202
f 4205 4240 4206
f 4206 4240 4241
f 4206 4241 4214
f 4220 4242 4218
f 4218 4242 4243
f 4218 4243 4244
f 4245 4246 4218
f 4218 4246 4247
f 4248 4249 4250
f 4250 4249 4251
f 4247 4252 4218
f 4218 4252 4251
f 4218 4251 4253
f 4253 4251 4249
f 4244 4254 4218
f 4218 4254 4255
f 4218 4255 4245
f 4256 4257 4212
f 4212 4257 4258
f 4212 4258 4213
f 4213 4258 4259
f 4213 4259 4203
f 4234 4260 4235
f 4235 4260 4261
f 4235 4261 4227
f 4227 4261 4262
f 4227 4262 4228
f 4263 4264 4265
f 4265 4264 4266
f 4265 4266 4267
f 4225 4268 4207
f 4207 4268 4269
f 4207 4269 4205
f 4205 4269 4263
f 4205 4263 4270
f 4270 4263 4265
f 4270 4265 4271
f 4271 4265 4272
f 4273 4274 4275
f 4275 4274 4276
f 4222 4277 4278
f 4278 4277 4275
f 4278 4275 4279
f 4279 4275 4276
f 4280 4281 4213
f 4282 4283 4213
f 4213 4283 4284
f 4213 4284 4222
f 4222 4284 4285
f 4286 4287 4277
f 4277 4287 4288
f 4289 4290 4291
f 4285 4292 4222
f 4222 4292 4293
f 4222 4293 4277
f 4277 4293 4294
f 4277 4294 4286
f 4291 4295 4289
f 4289 4295 4296
f 4289 4296 4297
f 4297 4282 4289
f 4289 4282 4213
f 4289 4213 4298
f 4298 4213 4281
f 4298 4281 4299
f 4299 4281 4300
f 4288 4301 4277
f 4277 4301 4302
f 4277 4302 4289
f 4289 4302 4303
f 4289 4303 4290
f 4275 4280 4273
f 4273 4280 4213
f 4273 4213 4304
f 4304 4213 4305
f 4265 4306 4307
f 4307 4305 4265
f 4265 4305 4213
f 4265 4213 4272
f 4272 4213 4203
f 4272 4203 4308
f 4308 4203 4232
f 4309 4310 4311
f 4312 4313 4314
f 4315 4316 4317
f 4312 4314 4318
f 4315 4317 4319
f 4317 4320 4319
f 4319 4320 4321
f 4319 4321 4322
f 4322 4321 4323
f 4322 4323 4324
f 4324 4323 4325
f 4324 4325 4326
f 4326 4325 4318
f 4326 4318 4327
f 4327 4318 4314
f 4328 4329 4330
f 4331 4332 4333
f 4333 4332 4334
f 4334 4332 4335
f 4334 4335 4336
f 4337 4338 4339
f 4339 4338 4340
f 4339 4340 4341
f 4331 4333 4342
f 4342 4333 4343
f 4342 4343 4344
f 4344 4343 4345
f 4344 4345 4337
f 4337 4345 4346
f 4337 4346 4338
f 4347 4348 4349
f 4350 4351 4352
f 4352 4351 4353
f 4353 4351 4354
f 4353 4354 4355
f 4356 4357 4358
f 4358 4357 4359
f 4358 4359 4360
f 4350 4352 4361
f 4361 4352 4362
f 4361 4362 4363
f 4363 4362 4364
f 4363 4364 4356
f 4356 4364 4365
f 4356 4365 4357
f 4366 4367 4368
f 4369 4370 4371
f 4372 4373 4374
f 4375 4376 4377
f 4378 4379 4380
f 4381 4382 4383
f 4384 4385 4386
f 4360 4359 4387
f 4388 4223 4222
f 4360 4387 4389
f 4389 4387 4390
f 4389 4390 4391
f 4391 4390 4392
f 4391 4392 4393
f 4393 4392 4394
f 4393 4394 4395
f 4395 4394 4396
f 4395 4396 4397
f 4397 4396 4398
f 4397 4398 4399
f 4399 4398 4388
f 4399 4388 4400
f 4400 4388 4222
f 4400 4222 4278
f 4317 4316 4401
f 4317 4401 4402
f 4402 4401 4403
f 4402 4403 4404
f 4404 4403 4405
f 4404 4405 4406
f 4406 4405 4407
f 4406 4407 4408
f 4408 4407 4409
f 4408 4409 4410
f 4410 4409 4411
f 4410 4411 4412
f 4412 4411 4413
f 4412 4413 4414
f 4414 4413 4336
f 4414 4336 4335
f 4265 4267 4415
f 4416 4306 4265
f 4265 4415 4416
f 4416 4415 4417
f 4416 4417 4418
f 4418 4417 4419
f 4418 4419 4420
f 4420 4419 4421
f 4420 4421 4422
f 4422 4421 4423
f 4422 4423 4424
f 4424 4423 4425
f 4424 4425 4426
f 4426 4425 4427
f 4426 4427 4428
f 4428 4427 4314
f 4428 4314 4313
f 4341 4340 4429
f 4341 4429 4430
f 4430 4429 4431
f 4430 4431 4432
f 4432 4431 4433
f 4432 4433 4434
f 4434 4433 4435
f 4434 4435 4436
f 4436 4435 4437
f 4436 4437 4438
f 4438 4437 4439
f 4438 4439 4440
f 4440 4439 4441
f 4440 4441 4442
f 4442 4441 4355
f 4442 4355 4354
f 4443 4444 4445
f 4445 4444 4446
f 4445 4446 4447
f 4447 4446 4448
f 4447 4448 4449
f 4449 4448 4450
f 4451 4452 4453
f 4453 4452 4454
f 4453 4454 4455
f 4456 4457 4453
f 4453 4457 4458
f 4453 4458 4459
f 4455 4460 4453
f 4453 4460 4461
f 4453 4461 4462
f 4462 4463 4453
f 4453 4463 4464
f 4453 4464 4456
f 4465 4466 4458
f 4458 4466 4467
f 4458 4467 4459
usemtl 217,217,217
f 4468 4469 4470
f 4470 4469 4471
f 4371 4370 4468
f 4371 4468 4470
f 4383 4382 4472
f 4473 4374 4474
f 4473 4474 4472
f 4472 4474 4383
f 4372 4374 4473
f 4475 4372 4473
f 4476 4379 4477
f 4476 4477 4473
f 4473 4477 4363
f 4473 4363 4475
f 4478 4479 4480
f 4481 4376 4482
f 4481 4482 4480
f 4480 4482 4344
f 4480 4344 4478
f 4483 4484 4485
f 4468 4370 4486
f 4468 4486 4485
f 4485 4486 4323
f 4485 4323 4483
f 4377 4376 4481
f 4485 4484 4487
f 4485 4487 4481
f 4481 4487 4377
f 4379 4476 4380
f 4380 4476 4488
f 4488 4476 4480
f 4488 4480 4479
f 4489 4369 4371
f 4489 4371 4470
f 4416 4471 4306
f 4306 4471 4307
f 4489 4471 4369
f 4369 4471 4418
f 4418 4471 4416
f 4490 4305 4491
f 4491 4305 4307
f 4491 4307 4471
f 4274 4273 4490
f 4490 4273 4304
f 4490 4304 4305
f 4492 4276 4493
f 4493 4276 4274
f 4493 4274 4490
f 4395 4382 4393
f 4393 4382 4381
f 4393 4381 4391
f 4395 4397 4382
f 4382 4397 4399
f 4382 4399 4400
f 4382 4400 4278
f 4382 4278 4492
f 4492 4278 4279
f 4492 4279 4276
f 4494 4495 4474
f 4491 4471 4469
f 4472 4382 4492
f 4492 4493 4472
f 4472 4493 4469
f 4469 4493 4490
f 4469 4490 4491
f 4496 4368 4497
f 4498 4499 4500
f 4498 4500 4501
f 4498 4501 4497
f 4497 4501 4496
f 4502 4311 4503
f 4504 4505 4506
f 4504 4506 4507
f 4504 4507 4503
f 4503 4507 4502
f 4508 4330 4509
f 4510 4384 4511
f 4510 4511 4512
f 4510 4512 4509
f 4509 4512 4508
f 4513 4514 4415
f 4513 4415 4267
f 4513 4267 4515
f 4514 4516 4367
f 4417 4415 4366
f 4366 4415 4514
f 4366 4514 4367
f 4398 4349 4388
f 4388 4349 4223
f 4223 4349 4224
f 4398 4396 4349
f 4349 4396 4394
f 4349 4394 4347
f 4347 4394 4392
f 4347 4392 4390
f 4268 4225 4517
f 4517 4225 4224
f 4517 4224 4349
f 4267 4266 4515
f 4515 4266 4264
f 4515 4264 4518
f 4518 4264 4263
f 4518 4263 4269
f 4518 4269 4268
f 4517 4349 4519
f 4520 4513 4515
f 4515 4518 4520
f 4520 4518 4519
f 4519 4518 4268
f 4519 4268 4517
f 4521 4522 4523
f 4523 4522 4524
f 4504 4509 4329
f 4329 4509 4330
f 4504 4329 4525
f 4504 4525 4505
f 4510 4509 4522
f 4522 4509 4524
f 4348 4519 4349
f 4519 4348 4526
f 4519 4526 4385
f 4519 4385 4510
f 4510 4385 4384
f 4509 4504 4524
f 4510 4522 4519
f 4310 4503 4311
f 4503 4310 4527
f 4503 4527 4499
f 4503 4499 4498
f 4504 4503 4528
f 4504 4528 4524
f 4524 4528 4523
f 4520 4519 4521
f 4521 4519 4522
f 4513 4520 4497
f 4513 4497 4516
f 4516 4497 4367
f 4367 4497 4368
f 4498 4528 4503
f 4523 4528 4498
f 4521 4497 4520
f 4498 4497 4521
f 4498 4521 4523
f 4529 4530 4526
f 4531 4532 4525
f 4533 4534 4527
f 4423 4368 4425
f 4425 4368 4427
f 4427 4368 4314
f 4314 4368 4327
f 4417 4366 4419
f 4419 4366 4368
f 4419 4368 4421
f 4421 4368 4423
f 4500 4319 4322
f 4500 4322 4501
f 4501 4322 4324
f 4501 4324 4326
f 4501 4326 4496
f 4496 4326 4327
f 4496 4327 4368
f 4499 4535 4401
f 4499 4401 4316
f 4499 4316 4500
f 4500 4316 4315
f 4500 4315 4319
f 4310 4535 4527
f 4403 4401 4309
f 4309 4401 4535
f 4309 4535 4310
f 4334 4336 4311
f 4311 4336 4413
f 4311 4413 4411
f 4311 4411 4409
f 4403 4309 4405
f 4405 4309 4311
f 4405 4311 4407
f 4407 4311 4409
f 4506 4346 4345
f 4506 4345 4507
f 4507 4345 4343
f 4507 4343 4333
f 4507 4333 4502
f 4502 4333 4334
f 4502 4334 4311
f 4505 4536 4429
f 4505 4429 4340
f 4505 4340 4506
f 4506 4340 4338
f 4506 4338 4346
f 4329 4536 4525
f 4431 4429 4328
f 4328 4429 4536
f 4328 4536 4329
f 4353 4355 4330
f 4330 4355 4441
f 4330 4441 4439
f 4330 4439 4437
f 4431 4328 4433
f 4433 4328 4330
f 4433 4330 4435
f 4435 4330 4437
f 4330 4508 4353
f 4353 4508 4352
f 4352 4508 4512
f 4352 4512 4362
f 4362 4512 4364
f 4364 4512 4511
f 4364 4511 4365
f 4365 4511 4357
f 4384 4386 4387
f 4357 4511 4359
f 4359 4511 4384
f 4359 4384 4387
f 4348 4386 4526
f 4390 4387 4347
f 4347 4387 4386
f 4347 4386 4348
f 4537 4538 4516
f 4539 4540 4541
f 4541 4540 4542
f 4468 4485 4542
f 4468 4542 4540
f 4468 4540 4469
f 4485 4481 4542
f 4472 4469 4539
f 4539 4469 4540
f 4481 4480 4542
f 4542 4480 4541
f 4539 4473 4472
f 4541 4480 4476
f 4476 4473 4539
f 4476 4539 4541
f 4543 4544 4470
f 4369 4418 4370
f 4370 4418 4420
f 4370 4420 4422
f 4422 4424 4370
f 4370 4424 4426
f 4370 4426 4428
f 4370 4428 4313
f 4370 4313 4486
f 4545 4375 4377
f 4545 4377 4487
f 4320 4317 4484
f 4484 4317 4402
f 4545 4484 4375
f 4375 4484 4404
f 4404 4484 4402
f 4313 4312 4486
f 4486 4312 4318
f 4486 4318 4325
f 4486 4325 4323
f 4323 4321 4483
f 4483 4321 4320
f 4483 4320 4484
f 4375 4404 4376
f 4376 4404 4406
f 4376 4406 4408
f 4408 4410 4376
f 4376 4410 4412
f 4376 4412 4414
f 4376 4414 4335
f 4376 4335 4482
f 4546 4380 4488
f 4430 4479 4341
f 4341 4479 4339
f 4430 4432 4479
f 4479 4432 4378
f 4380 4546 4378
f 4378 4546 4479
f 4335 4332 4482
f 4482 4332 4331
f 4482 4331 4342
f 4482 4342 4344
f 4344 4337 4478
f 4478 4337 4339
f 4478 4339 4479
f 4378 4432 4379
f 4379 4432 4434
f 4379 4434 4436
f 4436 4438 4379
f 4379 4438 4440
f 4379 4440 4442
f 4379 4442 4354
f 4379 4354 4477
f 4373 4381 4383
f 4373 4383 4474
f 4358 4360 4372
f 4372 4360 4389
f 4373 4372 4381
f 4381 4372 4391
f 4391 4372 4389
f 4354 4351 4477
f 4477 4351 4350
f 4477 4350 4361
f 4477 4361 4363
f 4363 4356 4475
f 4475 4356 4358
f 4475 4358 4372
f 4547 4548 4488
f 4549 4550 4487
usemtl 255,255,255
f 4551 4280 4275
f 4281 4552 4300
f 4552 4553 4300
f 4300 4553 4299
f 4553 4298 4299
f 4289 4551 4277
f 4277 4551 4275
f 4554 4551 4553
f 4553 4551 4289
f 4553 4289 4298
f 4551 4554 4552
f 4551 4552 4280
f 4280 4552 4281
f 4553 4552 4443
f 4443 4552 4444
f 4554 4553 4445
f 4445 4553 4443
f 4554 4445 4447
f 4554 4447 4449
f 4450 4554 4449
f 4554 4450 4448
f 4554 4448 4446
f 4552 4554 4444
f 4444 4554 4446
f 4555 4556 4282
f 4282 4556 4283
f 4556 4557 4283
f 4283 4557 4284
f 4557 4558 4284
f 4284 4558 4285
f 4559 4302 4301
f 4559 4301 4288
f 4559 4288 4287
f 4559 4287 4286
f 4559 4286 4558
f 4558 4286 4294
f 4558 4294 4293
f 4558 4293 4292
f 4558 4292 4285
f 4555 4282 4297
f 4555 4297 4296
f 4555 4296 4295
f 4555 4295 4291
f 4555 4291 4290
f 4555 4290 4303
f 4555 4303 4559
f 4559 4303 4302
f 4560 4559 4558
f 4560 4558 4561
f 4561 4558 4557
f 4562 4556 4555
f 4562 4555 4559
f 4562 4559 4560
f 4561 4557 4453
f 4453 4557 4451
f 4561 4453 4459
f 4561 4459 4467
f 4561 4467 4466
f 4561 4466 4465
f 4561 4465 4560
f 4560 4465 4458
f 4560 4458 4457
f 4560 4457 4456
f 4560 4456 4464
f 4560 4464 4562
f 4562 4464 4463
f 4562 4463 4462
f 4562 4462 4461
f 4562 4461 4460
f 4562 4460 4455
f 4562 4455 4454
f 4556 4562 4452
f 4452 4562 4454
f 4557 4556 4451
f 4451 4556 4452
f 4258 4563 4259
f 4563 4564 4259
f 4259 4564 4203
f 4564 4565 4203
f 4203 4565 4204
f 4565 4566 4204
f 4204 4566 4221
f 4221 4566 4208
f 4566 4565 4208
f 4208 4565 4209
f 4565 4567 4209
f 4209 4567 4210
f 4567 4568 4210
f 4210 4568 4211
f 4211 4568 4212
f 4568 4567 4212
f 4212 4567 4256
f 4567 4257 4256
f 4257 4563 4258
f 4563 4257 4564
f 4564 4257 4567
f 4564 4567 4565
f 4569 4570 4216
f 4216 4570 4232
f 4570 4270 4271
f 4570 4271 4272
f 4570 4272 4308
f 4570 4308 4232
f 4571 4261 4260
f 4571 4260 4234
f 4571 4234 4215
f 4571 4215 4214
f 4571 4214 4572
f 4572 4214 4241
f 4572 4241 4240
f 4572 4240 4570
f 4570 4240 4205
f 4570 4205 4270
f 4573 4237 4236
f 4573 4236 4231
f 4573 4231 4230
f 4573 4230 4229
f 4573 4229 4574
f 4574 4229 4228
f 4574 4228 4262
f 4574 4262 4261
f 4574 4261 4571
f 4575 4239 4238
f 4575 4238 4237
f 4575 4237 4573
f 4575 4576 4239
f 4239 4576 4202
f 4576 4219 4217
f 4576 4217 4202
f 4577 4245 4255
f 4577 4255 4254
f 4577 4254 4244
f 4577 4244 4243
f 4577 4243 4242
f 4577 4242 4220
f 4577 4220 4219
f 4577 4219 4576
f 4569 4249 4248
f 4569 4248 4578
f 4578 4248 4250
f 4578 4250 4251
f 4578 4251 4252
f 4578 4252 4247
f 4578 4247 4246
f 4578 4246 4245
f 4578 4245 4577
f 4569 4216 4218
f 4569 4218 4253
f 4569 4253 4249
f 4578 4570 4569
f 4576 4575 4573
f 4576 4573 4577
f 4577 4573 4574
f 4577 4574 4571
f 4577 4571 4578
f 4578 4571 4572
f 4578 4572 4570
f 4233 4579 4206
f 4579 4580 4206
f 4206 4580 4207
f 4580 4226 4207
f 4227 4580 4235
f 4580 4579 4235
f 4235 4579 4233
f 4227 4226 4580
usemtl 150,117,0
f 4581 4582 4583
f 4584 4585 4586
f 4587 4588 4589
f 4590 4591 4592
f 4593 4594 4585
f 4595 4596 4597
f 4597 4596 4598
f 4597 4598 4599
f 4589 4590 4587
f 4587 4590 4592
f 4587 4592 4600
f 4600 4592 4601
f 4600 4601 4583
f 4583 4601 4602
f 4586 4603 4604
f 4603 4586 4602
f 4602 4586 4605
f 4602 4605 4606
f 4607 4608 4606
f 4606 4608 4609
f 4606 4609 4610
f 4611 4582 4595
f 4595 4582 4581
f 4595 4581 4596
f 4585 4594 4612
f 4612 4594 4613
f 4612 4613 4614
f 4610 4615 4606
f 4606 4615 4616
f 4606 4616 4602
f 4602 4616 4617
f 4602 4617 4583
f 4583 4617 4618
f 4583 4618 4581
f 4584 4619 4585
f 4585 4619 4620
f 4585 4620 4593
f 4599 4621 4597
f 4597 4621 4622
f 4597 4622 4623
f 4624 4625 4597
f 4597 4625 4626
f 4627 4628 4629
f 4629 4628 4630
f 4626 4631 4597
f 4597 4631 4630
f 4597 4630 4632
f 4632 4630 4628
f 4623 4633 4597
f 4597 4633 4634
f 4597 4634 4624
f 4635 4636 4591
f 4591 4636 4637
f 4591 4637 4592
f 4592 4637 4638
f 4592 4638 4582
f 4613 4639 4614
f 4614 4639 4640
f 4614 4640 4606
f 4606 4640 4641
f 4606 4641 4607
f 4642 4643 4644
f 4644 4643 4645
f 4644 4645 4646
f 4604 4647 4586
f 4586 4647 4648
f 4586 4648 4584
f 4584 4648 4642
f 4584 4642 4649
f 4649 4642 4644
f 4649 4644 4650
f 4650 4644 4651
f 4652 4653 4654
f 4654 4653 4655
f 4601 4656 4657
f 4657 4656 4654
f 4657 4654 4658
f 4658 4654 4655
f 4659 4660 4592
f 4661 4662 4592
f 4592 4662 4663
f 4592 4663 4601
f 4601 4663 4664
f 4665 4666 4656
f 4656 4666 4667
f 4668 4669 4670
f 4664 4671 4601
f 4601 4671 4672
f 4601 4672 4656
f 4656 4672 4673
f 4656 4673 4665
f 4670 4674 4668
f 4668 4674 4675
f 4668 4675 4676
f 4676 4661 4668
f 4668 4661 4592
f 4668 4592 4677
f 4677 4592 4660
f 4677 4660 4678
f 4678 4660 4679
f 4667 4680 4656
f 4656 4680 4681
f 4656 4681 4668
f 4668 4681 4682
f 4668 4682 4669
f 4654 4659 4652
f 4652 4659 4592
f 4652 4592 4683
f 4683 4592 4684
f 4644 4685 4686
f 4686 4684 4644
f 4644 4684 4592
f 4644 4592 4651
f 4651 4592 4582
f 4651 4582 4687
f 4687 4582 4611
f 4688 4689 4690
f 4691 4692 4693
f 4694 4695 4696
f 4691 4693 4697
f 4694 4696 4698
f 4696 4699 4698
f 4698 4699 4700
f 4698 4700 4701
f 4701 4700 4702
f 4701 4702 4703
f 4703 4702 4704
f 4703 4704 4705
f 4705 4704 4697
f 4705 4697 4706
f 4706 4697 4693
f 4707 4708 4709
f 4710 4711 4712
f 4712 4711 4713
f 4713 4711 4714
f 4713 4714 4715
f 4716 4717 4718
f 4718 4717 4719
f 4718 4719 4720
f 4710 4712 4721
f 4721 4712 4722
f 4721 4722 4723
f 4723 4722 4724
f 4723 4724 4716
f 4716 4724 4725
f 4716 4725 4717
f 4726 4727 4728
f 4729 4730 4731
f 4731 4730 4732
f 4732 4730 4733
f 4732 4733 4734
f 4735 4736 4737
f 4737 4736 4738
f 4737 4738 4739
f 4729 4731 4740
f 4740 4731 4741
f 4740 4741 4742
f 4742 4741 4743
f 4742 4743 4735
f 4735 4743 4744
f 4735 4744 4736
f 4745 4746 4747
f 4748 4749 4750
f 4751 4752 4753
f 4754 4755 4756
f 4757 4758 4759
f 4760 4761 4762
f 4763 4764 4765
f 4739 4738 4766
f 4767 4602 4601
f 4739 4766 4768
f 4768 4766 4769
f 4768 4769 4770
f 4770 4769 4771
f 4770 4771 4772
f 4772 4771 4773
f 4772 4773 4774
f 4774 4773 4775
f 4774 4775 4776
f 4776 4775 4777
f 4776 4777 4778
f 4778 4777 4767
f 4778 4767 4779
f 4779 4767 4601
f 4779 4601 4657
f 4696 4695 4780
f 4696 4780 4781
f 4781 4780 4782
f 4781 4782 4783
f 4783 4782 4784
f 4783 4784 4785
f 4785 4784 4786
f 4785 4786 4787
f 4787 4786 4788
f 4787 4788 4789
f 4789 4788 4790
f 4789 4790 4791
f 4791 4790 4792
f 4791 4792 4793
f 4793 4792 4715
f 4793 4715 4714
f 4644 4646 4794
f 4795 4685 4644
f 4644 4794 4795
f 4795 4794 4796
f 4795 4796 4797
f 4797 4796 4798
f 4797 4798 4799
f 4799 4798 4800
f 4799 4800 4801
f 4801 4800 4802
f 4801 4802 4803
f 4803 4802 4804
f 4803 4804 4805
f 4805 4804 4806
f 4805 4806 4807
f 4807 4806 4693
f 4807 4693 4692
f 4720 4719 4808
f 4720 4808 4809
f 4809 4808 4810
f 4809 4810 4811
f 4811 4810 4812
f 4811 4812 4813
f 4813 4812 4814
f 4813 4814 4815
f 4815 4814 4816
f 4815 4816 4817
f 4817 4816 4818
f 4817 4818 4819
f 4819 4818 4820
f 4819 4820 4821
f 4821 4820 4734
f 4821 4734 4733
f 4822 4823 4824
f 4824 4823 4825
f 4824 4825 4826
f 4826 4825 4827
f 4826 4827 4828
f 4828 4827 4829
f 4830 4831 4832
f 4832 4831 4833
f 4832 4833 4834
f 4835 4836 4832
f 4832 4836 4837
f 4832 4837 4838
f 4834 4839 4832
f 4832 4839 4840
f 4832 4840 4841
f 4841 4842 4832
f 4832 4842 4843
f 4832 4843 4835
f 4844 4845 4837
f 4837 4845 4846
f 4837 4846 4838
usemtl 217,217,217
f 4847 4848 4849
f 4849 4848 4850
f 4750 4749 4847
f 4750 4847 4849
f 4762 4761 4851
f 4852 4753 4853
f 4852 4853 4851
f 4851 4853 4762
f 4751 4753 4852
f 4854 4751 4852
f 4855 4758 4856
f 4855 4856 4852
f 4852 4856 4742
f 4852 4742 4854
f 4857 4858 4859
f 4860 4755 4861
f 4860 4861 4859
f 4859 4861 4723
f 4859 4723 4857
f 4862 4863 4864
f 4847 4749 4865
f 4847 4865 4864
f 4864 4865 4702
f 4864 4702 4862
f 4756 4755 4860
f 4864 4863 4866
f 4864 4866 4860
f 4860 4866 4756
f 4758 4855 4759
f 4759 4855 4867
f 4867 4855 4859
f 4867 4859 4858
f 4868 4748 4750
f 4868 4750 4849
f 4795 4850 4685
f 4685 4850 4686
f 4868 4850 4748
f 4748 4850 4797
f 4797 4850 4795
f 4869 4684 4870
f 4870 4684 4686
f 4870 4686 4850
f 4653 4652 4869
f 4869 4652 4683
f 4869 4683 4684
f 4871 4655 4872
f 4872 4655 4653
f 4872 4653 4869
f 4774 4761 4772
f 4772 4761 4760
f 4772 4760 4770
f 4774 4776 4761
f 4761 4776 4778
f 4761 4778 4779
f 4761 4779 4657
f 4761 4657 4871
f 4871 4657 4658
f 4871 4658 4655
f 4873 4874 4853
f 4870 4850 4848
f 4851 4761 4871
f 4871 4872 4851
f 4851 4872 4848
f 4848 4872 4869
f 4848 4869 4870
f 4875 4747 4876
f 4877 4878 4879
f 4877 4879 4880
f 4877 4880 4876
f 4876 4880 4875
f 4881 4690 4882
f 4883 4884 4885
f 4883 4885 4886
f 4883 4886 4882
f 4882 4886 4881
f 4887 4709 4888
f 4889 4763 4890
f 4889 4890 4891
f 4889 4891 4888
f 4888 4891 4887
f 4892 4893 4794
f 4892 4794 4646
f 4892 4646 4894
f 4893 4895 4746
f 4796 4794 4745
f 4745 4794 4893
f 4745 4893 4746
f 4777 4728 4767
f 4767 4728 4602
f 4602 4728 4603
f 4777 4775 4728
f 4728 4775 4773
f 4728 4773 4726
f 4726 4773 4771
f 4726 4771 4769
f 4647 4604 4896
f 4896 4604 4603
f 4896 4603 4728
f 4646 4645 4894
f 4894 4645 4643
f 4894 4643 4897
f 4897 4643 4642
f 4897 4642 4648
f 4897 4648 4647
f 4896 4728 4898
f 4899 4892 4894
f 4894 4897 4899
f 4899 4897 4898
f 4898 4897 4647
f 4898 4647 4896
f 4900 4901 4902
f 4902 4901 4903
f 4883 4888 4708
f 4708 4888 4709
f 4883 4708 4904
f 4883 4904 4884
f 4889 4888 4901
f 4901 4888 4903
f 4727 4898 4728
f 4898 4727 4905
f 4898 4905 4764
f 4898 4764 4889
f 4889 4764 4763
f 4888 4883 4903
f 4889 4901 4898
f 4689 4882 4690
f 4882 4689 4906
f 4882 4906 4878
f 4882 4878 4877
f 4883 4882 4907
f 4883 4907 4903
f 4903 4907 4902
f 4899 4898 4900
f 4900 4898 4901
f 4892 4899 4876
f 4892 4876 4895
f 4895 4876 4746
f 4746 4876 4747
f 4877 4907 4882
f 4902 4907 4877
f 4900 4876 4899
f 4877 4876 4900
f 4877 4900 4902
f 4908 4909 4905
f 4910 4911 4904
f 4912 4913 4906
f 4802 4747 4804
f 4804 4747 4806
f 4806 4747 4693
f 4693 4747 4706
f 4796 4745 4798
f 4798 4745 4747
f 4798 4747 4800
f 4800 4747 4802
f 4879 4698 4701
f 4879 4701 4880
f 4880 4701 4703
f 4880 4703 4705
f 4880 4705 4875
f 4875 4705 4706
f 4875 4706 4747
f 4878 4914 4780
f 4878 4780 4695
f 4878 4695 4879
f 4879 4695 4694
f 4879 4694 4698
f 4689 4914 4906
f 4782 4780 4688
f 4688 4780 4914
f 4688 4914 4689
f 4713 4715 4690
f 4690 4715 4792
f 4690 4792 4790
f 4690 4790 4788
f 4782 4688 4784
f 4784 4688 4690
f 4784 4690 4786
f 4786 4690 4788
f 4885 4725 4724
f 4885 4724 4886
f 4886 4724 4722
f 4886 4722 4712
f 4886 4712 4881
f 4881 4712 4713
f 4881 4713 4690
f 4884 4915 4808
f 4884 4808 4719
f 4884 4719 4885
f 4885 4719 4717
f 4885 4717 4725
f 4708 4915 4904
f 4810 4808 4707
f 4707 4808 4915
f 4707 4915 4708
f 4732 4734 4709
f 4709 4734 4820
f 4709 4820 4818
f 4709 4818 4816
f 4810 4707 4812
f 4812 4707 4709
f 4812 4709 4814
f 4814 4709 4816
f 4709 4887 4732
f 4732 4887 4731
f 4731 4887 4891
f 4731 4891 4741
f 4741 4891 4743
f 4743 4891 4890
f 4743 4890 4744
f 4744 4890 4736
f 4763 4765 4766
f 4736 4890 4738
f 4738 4890 4763
f 4738 4763 4766
f 4727 4765 4905
f 4769 4766 4726
f 4726 4766 4765
f 4726 4765 4727
f 4916 4917 4895
f 4918 4919 4920
f 4920 4919 4921
f 4847 4864 4921
f 4847 4921 4919
f 4847 4919 4848
f 4864 4860 4921
f 4851 4848 4918
f 4918 4848 4919
f 4860 4859 4921
f 4921 4859 4920
f 4918 4852 4851
f 4920 4859 4855
f 4855 4852 4918
f 4855 4918 4920
f 4922 4923 4849
f 4748 4797 4749
f 4749 4797 4799
f 4749 4799 4801
f 4801 4803 4749
f 4749 4803 4805
f 4749 4805 4807
f 4749 4807 4692
f 4749 4692 4865
f 4924 4754 4756
f 4924 4756 4866
f 4699 4696 4863
f 4863 4696 4781
f 4924 4863 4754
f 4754 4863 4783
f 4783 4863 4781
f 4692 4691 4865
f 4865 4691 4697
f 4865 4697 4704
f 4865 4704 4702
f 4702 4700 4862
f 4862 4700 4699
f 4862 4699 4863
f 4754 4783 4755
f 4755 4783 4785
f 4755 4785 4787
f 4787 4789 4755
f 4755 4789 4791
f 4755 4791 4793
f 4755 4793 4714
f 4755 4714 4861
f 4925 4759 4867
f 4809 4858 4720
f 4720 4858 4718
f 4809 4811 4858
f 4858 4811 4757
f 4759 4925 4757
f 4757 4925 4858
f 4714 4711 4861
f 4861 4711 4710
f 4861 4710 4721
f 4861 4721 4723
f 4723 4716 4857
f 4857 4716 4718
f 4857 4718 4858
f 4757 4811 4758
f 4758 4811 4813
f 4758 4813 4815
f 4815 4817 4758
f 4758 4817 4819
f 4758 4819 4821
f 4758 4821 4733
f 4758 4733 4856
f 4752 4760 4762
f 4752 4762 4853
f 4737 4739 4751
f 4751 4739 4768
f 4752 4751 4760
f 4760 4751 4770
f 4770 4751 4768
f 4733 4730 4856
f 4856 4730 4729
f 4856 4729 4740
f 4856 4740 4742
f 4742 4735 4854
f 4854 4735 4737
f 4854 4737 4751
f 4926 4927 4867
f 4928 4929 4866
usemtl 255,255,255
f 4930 4659 4654
f 4660 4931 4679
f 4931 4932 4679
f 4679 4932 4678
f 4932 4677 4678
f 4668 4930 4656
f 4656 4930 4654
f 4933 4930 4932
f 4932 4930 4668
f 4932 4668 4677
f 4930 4933 4931
f 4930 4931 4659
f 4659 4931 4660
f 4932 4931 4822
f 4822 4931 4823
f 4933 4932 4824
f 4824 4932 4822
f 4933 4824 4826
f 4933 4826 4828
f 4829 4933 4828
f 4933 4829 4827
f 4933 4827 4825
f 4931 4933 4823
f 4823 4933 4825
f 4934 4935 4661
f 4661 4935 4662
f 4935 4936 4662
f 4662 4936 4663
f 4936 4937 4663
f 4663 4937 4664
f 4938 4681 4680
f 4938 4680 4667
f 4938 4667 4666
f 4938 4666 4665
f 4938 4665 4937
f 4937 4665 4673
f 4937 4673 4672
f 4937 4672 4671
f 4937 4671 4664
f 4934 4661 4676
f 4934 4676 4675
f 4934 4675 4674
f 4934 4674 4670
f 4934 4670 4669
f 4934 4669 4682
f 4934 4682 4938
f 4938 4682 4681
f 4939 4938 4937
f 4939 4937 4940
f 4940 4937 4936
f 4941 4935 4934
f 4941 4934 4938
f 4941 4938 4939
f 4940 4936 4832
f 4832 4936 4830
f 4940 4832 4838
f 4940 4838 4846
f 4940 4846 4845
f 4940 4845 4844
f 4940 4844 4939
f 4939 4844 4837
f 4939 4837 4836
f 4939 4836 4835
f 4939 4835 4843
f 4939 4843 4941
f 4941 4843 4842
f 4941 4842 4841
f 4941 4841 4840
f 4941 4840 4839
f 4941 4839 4834
f 4941 4834 4833
f 4935 4941 4831
f 4831 4941 4833
f 4936 4935 4830
f 4830 4935 4831
f 4637 4942 4638
f 4942 4943 4638
f 4638 4943 4582
f 4943 4944 4582
f 4582 4944 4583
f 4944 4945 4583
f 4583 4945 4600
f 4600 4945 4587
f 4945 4944 4587
f 4587 4944 4588
f 4944 4946 4588
f 4588 4946 4589
f 4946 4947 4589
f 4589 4947 4590
f 4590 4947 4591
f 4947 4946 4591
f 4591 4946 4635
f 4946 4636 4635
f 4636 4942 4637
f 4942 4636 4943
f 4943 4636 4946
f 4943 4946 4944
f 4948 4949 4595
f 4595 4949 4611
f 4949 4649 4650
f 4949 4650 4651
f 4949 4651 4687
f 4949 4687 4611
f 4950 4640 4639
f 4950 4639 4613
f 4950 4613 4594
f 4950 4594 4593
f 4950 4593 4951
f 4951 4593 4620
f 4951 4620 4619
f 4951 4619 4949
f 4949 4619 4584
f 4949 4584 4649
f 4952 4616 4615
f 4952 4615 4610
f 4952 4610 4609
f 4952 4609 4608
f 4952 4608 4953
f 4953 4608 4607
f 4953 4607 4641
f 4953 4641 4640
f 4953 4640 4950
f 4954 4618 4617
f 4954 4617 4616
f 4954 4616 4952
f 4954 4955 4618
f 4618 4955 4581
f 4955 4598 4596
f 4955 4596 4581
f 4956 4624 4634
f 4956 4634 4633
f 4956 4633 4623
f 4956 4623 4622
f 4956 4622 4621
f 4956 4621 4599
f 4956 4599 4598
f 4956 4598 4955
f 4948 4628 4627
f 4948 4627 4957
f 4957 4627 4629
f 4957 4629 4630
f 4957 4630 4631
f 4957 4631 4626
f 4957 4626 4625
f 4957 4625 4624
f 4957 4624 4956
f 4948 4595 4597
f 4948 4597 4632
f 4948 4632 4628
f 4957 4949 4948
f 4955 4954 4952
f 4955 4952 4956
f 4956 4952 4953
f 4956 4953 4950
f 4956 4950 4957
f 4957 4950 4951
f 4957 4951 4949
f 4612 4958 4585
f 4958 4959 4585
f 4585 4959 4586
f 4959 4605 4586
f 4606 4959 4614
f 4959 4958 4614
f 4614 4958 4612
f 4606 4605 4959
usemtl 128,64,0
f 4960 4961 4962
f 4962 4961 4963
f 4961 4964 4963
f 4963 4964 4965
f 4966 4967 4965
f 4964 4968 4969
f 4970 4971 4969
f 4969 4971 4966
f 4969 4966 4964
f 4964 4966 4965
usemtl 255,255,255
f 4972 4973 4974
f 4974 4973 4967
f 4968 4972 4975
f 4975 4972 4974
f 4975 4974 4970
f 4970 4974 4971
f 4972 4961 4973
f 4973 4961 4963
f 4961 4960 4963
f 4963 4960 4962
f 4964 4961 4972
f 4964 4972 4968
f 4965 4967 4973
f 4965 4973 4963
f 4966 4971 4974
f 4967 4966 4974
f 4969 4968 4975
f 4970 4969 4975
f 4976 4977 4978
f 4978 4977 4979
f 4980 4976 4981
f 4981 4976 4978
f 4980 4981 4982
f 4982 4981 4983
f 4984 4980 4985
f 4985 4980 4982
f 4985 4982 4986
f 4986 4982 4987
f 4988 4983 4981
f 4989 4990 4991
f 4986 4987 4991
f 4991 4987 4988
f 4991 4988 4989
f 4989 4988 4981
f 4976 4989 4978
f 4978 4989 4981
f 4992 4976 4979
f 4979 4976 4978
f 4977 4992 4979
f 4984 4990 4980
f 4980 4990 4989
f 4980 4989 4976
f 4977 4976 4992
f 4987 4982 4988
f 4982 4983 4988
f 4984 4985 4990
f 4990 4985 4991
f 4985 4986 4991
usemtl 64,64,64
f 4993 4994 4995
f 4996 4993 4997
f 4997 4993 4995
f 4998 4996 4997
f 4993 4996 4994
f 4994 4996 4998
f 4997 4995 4998
f 4998 4995 4994
usemtl 191,191,191
f 4999 5000 5001
f 5002 4978 5003
f 5004 5002 5005
f 5006 5004 5007
f 5008 5009 5010
f 5011 5012 5013
f 5014 5015 5016
f 5016 5015 5017
f 5018 5019 5016
f 5016 5019 5020
f 5016 5020 5021
f 5021 5022 5016
f 5016 5022 5023
f 5016 5023 5014
f 5024 5025 4965
f 4965 5025 5026
f 4965 5026 5027
f 5027 5026 5028
f 5024 4965 5029
f 5029 4965 5030
f 5029 5030 5031
f 5032 5033 5030
f 5030 5033 5034
f 5030 5034 5035
f 5030 5036 5031
f 5031 5036 5037
f 5031 5037 5038
f 5038 5037 5039
f 5038 5039 5040
f 5035 5041 5030
f 5030 5041 5042
f 5030 5042 5036
f 5043 5044 5045
f 5043 5045 5046
f 5044 5047 5045
f 5045 5047 5048
f 5045 5048 5049
f 5049 5048 5050
f 5050 5051 5049
f 5049 5051 5052
f 5049 5052 5032
f 5032 5052 5053
f 5032 5053 5033
f 5054 5046 5055
f 5055 5046 5045
f 5055 5045 5056
f 5056 5045 5057
f 5056 5057 5058
f 5058 5057 5059
f 4963 5060 5057
f 5057 5060 5061
f 5057 5061 5059
f 5062 5063 5064
f 5064 5063 5065
f 5064 5065 4963
f 4963 5065 5066
f 4963 5066 5060
f 5064 5067 5068
f 5064 5068 5069
f 5069 5070 5064
f 5064 5070 5071
f 5064 5071 5062
f 5072 5073 5074
f 5074 5073 5075
f 5076 5077 5067
f 5067 5077 5078
f 5067 5078 5079
f 5080 5081 5073
f 5073 5081 5082
f 5073 5082 5083
f 5084 5085 5086
f 5086 5085 5087
f 5088 5089 5064
f 5064 5089 5090
f 5064 5090 5091
f 5092 5093 5094
f 5094 5093 5095
f 5094 5095 5096
f 5097 5083 5098
f 5098 5083 5099
f 5098 5099 5094
f 5094 5099 5100
f 5094 5100 5092
f 5101 5102 5103
f 5103 5102 5104
f 5103 5104 5064
f 5064 5104 5105
f 5064 5105 5088
f 5091 5106 5064
f 5064 5106 5107
f 5064 5107 5067
f 5067 5107 5108
f 5067 5108 5076
f 5109 5110 5111
f 5111 5110 5112
f 5111 5112 5086
f 5086 5112 5113
f 5086 5113 5084
f 5097 5114 5083
f 5083 5114 5115
f 5083 5115 5073
f 5073 5115 5116
f 5073 5116 5075
f 5079 5117 5067
f 5067 5117 5118
f 5067 5118 5119
f 5119 5118 5109
f 5119 5109 5120
f 5120 5109 5111
f 5087 5121 5086
f 5086 5121 5122
f 5086 5122 5123
f 5124 5125 5086
f 5086 5125 5126
f 5086 5126 5073
f 5073 5126 5127
f 5073 5127 5080
f 5123 5128 5086
f 5086 5128 5129
f 5086 5129 5130
f 5130 5131 5086
f 5086 5131 5132
f 5086 5132 5124
f 5133 5134 5135
f 5135 5134 5136
f 5135 5136 5137
f 5137 5083 5135
f 5135 5083 5082
f 5135 5082 5138
f 5138 5082 5139
f 5139 5140 5138
f 5138 5140 5141
f 5138 5141 5142
f 5143 5134 5144
f 5144 5134 5133
f 5144 5133 5145
f 5146 5147 5148
f 5148 5147 5149
f 5147 5150 5133
f 5133 5150 5151
f 5133 5151 5152
f 5143 5153 5134
f 5134 5153 5154
f 5134 5154 5155
f 5146 5156 5147
f 5147 5156 5157
f 5147 5157 5150
f 5152 5158 5133
f 5133 5158 5159
f 5133 5159 5145
f 5160 5161 5155
f 5155 5161 5162
f 5155 5162 5134
f 5015 5163 5017
f 5017 5163 5164
f 5017 5164 5103
f 5103 5164 5165
f 5103 5165 5101
f 5013 5012 5166
f 5166 5012 5167
f 5166 5167 5168
f 5169 5170 5171
f 5172 5173 5174
f 5174 5173 5175
f 5174 5175 5168
f 5176 5177 5178
f 5178 5177 5179
f 5178 5179 5170
f 5170 5179 5180
f 5170 5180 5171
f 5171 5180 5181
f 5171 5181 5182
f 5182 5181 5183
f 5182 5183 5184
f 5185 5186 5187
f 5188 5189 5190
f 5190 5189 5191
f 5190 5191 5192
f 5192 5191 5185
f 5192 5185 5193
f 5193 5185 5187
f 5194 5195 5196
f 5195 5197 5198
f 5195 5198 5199
f 5200 5201 5202
f 5203 5204 5194
f 5204 5205 5194
f 5194 5205 5206
f 5194 5206 5195
f 5195 5206 5207
f 5195 5207 5197
f 5200 5202 5194
f 5194 5202 5208
f 5194 5208 5203
f 5209 5210 5196
f 5196 5210 5211
f 5196 5211 5194
f 5212 5213 5010
f 5214 5215 5010
f 5010 5215 5216
f 5198 5217 5199
f 5199 5217 5218
f 5199 5218 5219
f 5220 5221 5213
f 5213 5221 5222
f 5213 5222 5010
f 5010 5222 5223
f 5010 5223 5214
f 5219 5224 5199
f 5199 5224 5225
f 5199 5225 5226
f 5226 5225 5227
f 5226 5227 5212
f 5216 5228 5010
f 5010 5228 5229
f 5010 5229 5008
f 5230 5231 5232
f 5232 5231 5233
f 5232 5233 5234
f 5232 5235 5230
f 5230 5235 5236
f 5230 5236 5237
f 5237 5238 5230
f 5230 5238 5239
f 5230 5239 5240
f 5240 5239 5241
f 5240 5241 5242
f 5242 5241 5243
f 5242 5243 5213
f 5213 5243 5244
f 5213 5244 5220
f 5245 5246 5234
f 5234 5246 5247
f 5234 5247 5232
f 5248 5249 5201
f 5201 5249 5250
f 5201 5250 5202
f 5248 5251 5249
f 5249 5251 5252
f 5249 5252 5253
f 5253 5252 5254
f 5253 5255 5256
f 5254 5257 5253
f 5253 5257 5258
f 5253 5258 5259
f 5259 5260 5253
f 5253 5260 5261
f 5253 5261 5255
f 5256 5262 5253
f 5253 5262 5263
f 5253 5263 5264
f 5265 5266 5267
f 5268 5269 5267
f 5267 5269 5270
f 5267 5270 5265
f 5266 5265 5271
f 5269 5272 5270
f 5270 5272 5273
f 5270 5273 5274
f 5274 5273 5275
f 5274 5275 5276
f 5276 5275 5277
f 5276 5277 5278
f 5278 5277 5279
f 5278 5279 5271
f 5280 5281 5282
f 5282 5281 5283
f 5282 5283 5284
f 5285 5284 5286
f 5286 5284 5283
f 5286 5283 5287
f 5287 5283 5288
f 5287 5288 5289
f 5289 5288 5290
f 5291 5292 5293
f 5293 5292 5294
f 5293 5294 5285
f 5285 5294 5295
f 5285 5295 5284
f 5284 5295 5296
f 5284 5296 5297
f 5297 5296 5298
f 5297 5298 5299
f 5300 5301 5280
f 5280 5301 5302
f 5280 5302 5281
f 5303 5304 5300
f 5300 5304 5305
f 5300 5305 5306
f 5307 5308 5309
f 5309 5308 5310
f 5309 5310 5311
f 5311 5310 5312
f 5311 5312 5306
f 5306 5312 5299
f 5306 5299 5300
f 5300 5299 5301
f 5309 5313 5314
f 5315 5316 5309
f 5309 5316 5317
f 5309 5317 5318
f 5315 5319 5316
f 5316 5319 5320
f 5316 5320 5321
f 5321 5320 5322
f 5321 5322 5323
f 5318 5324 5309
f 5309 5324 5325
f 5309 5325 5326
f 5314 5327 5309
f 5309 5327 5328
f 5309 5328 5307
f 5326 5329 5309
f 5309 5329 5330
f 5309 5330 5313
f 5331 5332 5303
f 5303 5332 5333
f 5303 5333 5304
f 5334 5335 5336
f 5336 5335 5337
f 5337 5338 5339
f 5339 5340 5337
f 5337 5340 5341
f 5337 5341 5342
f 5343 5344 5337
f 5337 5344 5345
f 5337 5345 5338
f 5346 5347 5348
f 5348 5347 5349
f 5348 5349 5343
f 5343 5349 5350
f 5343 5350 5344
f 5351 5352 5353
f 5353 5352 5354
f 5354 5355 5353
f 5353 5355 5356
f 5353 5356 5346
f 5351 5353 5357
f 5357 5353 5358
f 5357 5358 5359
f 5359 5358 5360
f 5360 5358 5195
f 5360 5195 5361
f 5312 5362 5299
f 5299 5362 5363
f 5299 5363 5364
f 5364 5363 5365
f 5364 5365 5366
f 5367 5368 5369
f 5369 5368 5370
f 5371 5372 5373
f 5374 5375 5195
f 5376 5377 5378
f 5378 5377 5379
f 5378 5379 5380
f 5367 5381 5368
f 5368 5381 5382
f 5368 5382 5383
f 5383 5382 5384
f 5383 5384 5385
f 5373 5386 5371
f 5371 5386 5387
f 5371 5387 5388
f 5375 5389 5195
f 5195 5389 5390
f 5195 5390 5391
f 5392 5393 5358
f 5358 5393 5394
f 5358 5394 5195
f 5195 5394 5395
f 5195 5395 5374
f 5396 5397 5384
f 5384 5397 5398
f 5398 5399 5384
f 5384 5399 5400
f 5384 5400 5401
f 5401 5402 5384
f 5384 5402 5403
f 5384 5403 5385
f 5388 5404 5371
f 5371 5404 5405
f 5371 5405 5358
f 5358 5405 5370
f 5358 5370 5392
f 5392 5370 5368
f 5391 5406 5195
f 5195 5406 5407
f 5195 5407 5196
f 5196 5407 5408
f 5196 5408 5378
f 5409 5410 5411
f 5409 5412 5410
f 5410 5412 5413
f 5410 5413 5371
f 5371 5413 5414
f 5371 5414 5372
f 5010 5415 5416
f 5212 5010 5226
f 5226 5010 5416
f 5226 5416 5189
f 5189 5416 5417
f 5189 5417 5191
f 5418 5415 5419
f 5419 5415 5420
f 5421 5422 5423
f 5424 5425 5010
f 5426 5411 5009
f 5009 5411 5421
f 5009 5421 5010
f 5010 5421 5423
f 5010 5423 5424
f 5425 5427 5010
f 5010 5427 5428
f 5010 5428 5429
f 5429 5430 5010
f 5010 5430 5431
f 5010 5431 5415
f 5415 5431 5432
f 5415 5432 5420
f 5433 5434 5435
f 5435 5434 5436
f 5435 5436 5421
f 5421 5436 5437
f 5421 5437 5422
f 5438 5439 5440
f 5438 5440 5441
f 5439 5442 5440
f 5440 5442 5443
f 5440 5443 5435
f 5435 5443 5444
f 5435 5444 5433
f 5006 5445 5446
f 5446 5445 5440
f 5446 5440 5447
f 5447 5440 5435
f 5447 5435 5448
f 5448 5435 5421
f 5448 5421 5449
f 5449 5421 5411
f 5449 5411 5450
f 5450 5411 5451
f 5451 5411 5410
f 5426 5452 5411
f 5411 5452 5209
f 5411 5209 5196
f 5411 5196 5378
f 5411 5378 5453
f 5453 5378 5380
f 5445 5171 5440
f 5440 5171 5182
f 5440 5182 5441
f 5441 5182 5184
f 5441 5184 5188
f 5188 5184 5011
f 5188 5011 5189
f 5189 5011 5013
f 5004 5005 5007
f 5007 5005 5454
f 5007 5454 5455
f 5456 5103 5457
f 5457 5103 5064
f 5457 5064 5458
f 5458 5064 5459
f 5459 5064 5460
f 5456 5461 5462
f 5461 5463 5462
f 5462 5463 5464
f 5462 5464 5458
f 5458 5464 5465
f 5458 5465 5457
f 5466 5467 5468
f 5468 5467 5464
f 5468 5464 5469
f 5469 5464 5463
f 5469 5463 5470
f 5470 5463 5471
f 5175 5169 5168
f 5168 5169 5171
f 5168 5171 5166
f 5166 5171 5472
f 5473 5474 5455
f 5455 5474 5475
f 5476 5477 5478
f 5478 5477 5479
f 5478 5479 5455
f 5455 5479 5480
f 5455 5480 5473
f 5475 5481 5455
f 5455 5481 5482
f 5455 5482 5483
f 5006 5007 5445
f 5445 5007 5455
f 5445 5455 5171
f 5171 5455 5483
f 5171 5483 5472
f 5472 5484 5166
f 5166 5484 5485
f 5166 5485 5478
f 5478 5485 5486
f 5478 5486 5487
f 5487 5488 5478
f 5478 5488 5489
f 5478 5489 5476
f 5490 5491 5455
f 5492 5493 5490
f 5455 5491 5478
f 5478 5491 5494
f 5478 5494 5495
f 5346 5348 5353
f 5353 5348 5462
f 5353 5462 5358
f 5358 5462 5458
f 5358 5458 5371
f 5371 5458 5459
f 5371 5459 5410
f 5410 5459 5460
f 5410 5460 5451
f 5478 5265 5166
f 5166 5265 5270
f 5166 5270 5013
f 5013 5270 5274
f 5013 5274 5189
f 5189 5274 5284
f 5189 5284 5226
f 5226 5284 5297
f 5226 5297 5199
f 5199 5297 5299
f 5199 5299 5195
f 5195 5299 5364
f 5195 5364 5361
f 5361 5364 5366
f 5456 5462 5103
f 5103 5462 5348
f 5103 5348 5017
f 5017 5496 5016
f 5016 5496 4999
f 5016 4999 5343
f 5343 4999 5001
f 5343 5001 5348
f 5348 5001 5497
f 5348 5497 5017
f 5498 5499 5276
f 5276 5499 5500
f 5276 5500 5274
f 5274 5500 5501
f 5274 5501 5502
f 5502 5503 5274
f 5274 5503 5504
f 5274 5504 5505
f 5282 5506 5276
f 5276 5506 5507
f 5276 5507 5508
f 5505 5509 5274
f 5274 5509 5510
f 5274 5510 5284
f 5284 5510 5511
f 5284 5511 5282
f 5282 5511 5512
f 5282 5512 5506
f 5508 5513 5276
f 5276 5513 5514
f 5276 5514 5498
f 5492 5490 5515
f 5515 5490 5455
f 5515 5455 5516
f 5516 5455 5454
f 5516 5454 5495
f 5495 5454 5517
f 5495 5517 5478
f 5478 5517 5518
f 5478 5518 5265
f 5265 5518 5519
f 5265 5519 5271
f 5002 5003 5005
f 5005 5003 5520
f 5005 5520 5454
f 5454 5520 5521
f 5454 5521 5517
f 5517 5521 5522
f 5517 5522 5518
f 5518 5522 5523
f 5518 5523 5519
f 5342 5336 5337
f 5343 5337 5524
f 5343 5524 5016
f 5016 5524 5027
f 5016 5027 5018
f 5018 5027 5028
f 5523 4981 5519
f 5519 4981 5525
f 5519 5525 5271
f 5271 5525 5526
f 5271 5526 5278
f 5278 5526 5527
f 5278 5527 5276
f 5276 5527 5528
f 5276 5528 5282
f 5282 5528 5529
f 5282 5529 5280
f 5280 5529 5530
f 5280 5530 5300
f 5300 5530 5531
f 5300 5531 5303
f 5303 5531 5335
f 5303 5335 5331
f 5331 5335 5334
f 4964 4980 4961
f 4961 4980 4976
f 4965 4964 4963
f 4963 4964 4961
f 4980 4981 4976
f 4976 4981 4978
f 4965 4981 4964
f 4964 4981 4980
f 4978 4963 4976
f 4976 4963 4961
f 5532 5533 5534
f 5534 5533 5535
f 5534 5535 5536
f 5536 5537 5534
f 5534 5537 5538
f 5534 5538 5539
f 5539 5540 5534
f 5534 5540 5541
f 5534 5541 5542
f 5542 5543 5534
f 5534 5543 5544
f 5534 5544 5545
f 5545 5546 5534
f 5534 5546 5547
f 5534 5547 5548
f 5548 5547 5549
f 5550 5551 5552
f 5552 5551 5553
f 5552 5553 5554
f 5554 5553 5555
f 5554 5555 5556
f 5556 5555 5557
f 5558 5559 5560
f 5560 5559 5561
f 5562 5563 5564
f 5563 5562 5560
f 5560 5562 5565
f 5560 5565 5558
f 5561 5566 5560
f 5560 5566 5567
f 5560 5567 5568
f 5569 5570 5562
f 5562 5570 5571
f 5562 5571 5572
f 5573 5574 5575
f 5575 5574 5576
f 5575 5576 5562
f 5564 5577 5562
f 5562 5577 5578
f 5562 5578 5569
f 5572 5579 5562
f 5562 5579 5580
f 5562 5580 5575
f 5581 5582 5583
f 5583 5582 5584
f 5583 5584 5585
f 5585 5586 5583
f 5583 5586 5587
f 5583 5587 5588
f 5588 5589 5583
f 5583 5589 5590
f 5583 5590 5591
f 5591 5592 5583
f 5583 5592 5593
f 5583 5593 5594
f 5594 5595 5583
f 5583 5595 5596
f 5583 5596 5597
f 5597 5596 5598
f 5599 5600 5601
f 5601 5600 5602
f 5601 5602 5603
f 5603 5602 5604
f 5603 5604 5605
f 5605 5604 5606
f 5607 5608 5609
f 5610 5607 5611
f 5611 5607 5612
f 5610 5613 5607
f 5607 5613 5614
f 5607 5614 5608
f 5615 5616 5617
f 5618 5619 5609
f 5609 5619 5620
f 5612 5621 5611
f 5611 5621 5615
f 5611 5615 5622
f 5622 5615 5617
f 5623 5624 5609
f 5609 5624 5625
f 5609 5625 5618
f 5620 5626 5609
f 5609 5626 5627
f 5609 5627 5607
f 5628 5629 5630
f 5630 5629 5631
f 5630 5631 5615
f 5615 5631 5632
f 5615 5632 5616
usemtl 0,0,0
f 5633 5001 5000
f 5496 5633 4999
f 4999 5633 5000
f 5633 5496 5017
f 5001 5633 5497
f 5497 5633 5017
f 5360 5361 5634
f 5634 5361 5635
f 5361 5366 5635
f 5635 5366 5365
f 5635 5365 5363
f 5635 5363 5362
f 5312 5635 5362
f 5635 5312 5310
f 5310 5308 5635
f 5635 5308 5307
f 5635 5307 5636
f 5636 5307 5328
f 5636 5328 5327
f 5636 5327 5314
f 5636 5314 5313
f 5636 5313 5330
f 5636 5330 5329
f 5636 5329 5326
f 5636 5326 5325
f 5636 5325 5324
f 5636 5324 5318
f 5636 5318 5637
f 5637 5318 5317
f 5637 5317 5316
f 5637 5316 5321
f 5637 5321 5323
f 5637 5323 5322
f 5637 5322 5638
f 5638 5322 5320
f 5638 5320 5319
f 5638 5319 5315
f 5638 5315 5309
f 5638 5309 5306
f 5306 5309 5311
f 5639 5306 5305
f 5334 5640 5639
f 5639 5305 5304
f 5304 5333 5639
f 5639 5333 5332
f 5639 5332 5331
f 5639 5331 5334
f 5640 5334 5336
f 5336 5342 5640
f 5640 5342 5341
f 5640 5341 5637
f 5637 5341 5340
f 5637 5340 5339
f 5637 5339 5338
f 5637 5338 5345
f 5637 5345 5641
f 5345 5344 5641
f 5641 5344 5350
f 5641 5350 5349
f 5641 5349 5347
f 5641 5347 5346
f 5346 5356 5641
f 5641 5356 5355
f 5641 5355 5634
f 5634 5355 5354
f 5634 5354 5352
f 5634 5352 5351
f 5634 5351 5357
f 5634 5357 5359
f 5634 5359 5360
f 5306 5639 5638
f 5638 5639 5640
f 5638 5640 5637
f 5635 5636 5634
f 5634 5636 5641
f 5641 5636 5637
f 5295 5642 5296
f 5292 5643 5294
f 5294 5643 5642
f 5294 5642 5295
f 5644 5643 5291
f 5291 5643 5292
f 5285 5645 5293
f 5293 5645 5644
f 5293 5644 5291
f 5286 5645 5285
f 5289 5644 5287
f 5287 5644 5645
f 5287 5645 5286
f 5646 5644 5290
f 5290 5644 5289
f 5283 5646 5288
f 5288 5646 5290
f 5281 5646 5283
f 5301 5647 5302
f 5302 5647 5646
f 5302 5646 5281
f 5643 5647 5299
f 5299 5647 5301
f 5643 5299 5642
f 5642 5299 5298
f 5642 5298 5296
f 5643 5644 5647
f 5646 5647 5644
f 5648 5649 5650
f 5651 5652 5653
f 5651 5653 5654
f 5651 5654 5649
f 5651 5649 5648
f 5648 5650 5510
f 5510 5650 5511
f 5648 5510 5509
f 5648 5509 5505
f 5648 5505 5504
f 5648 5504 5503
f 5648 5503 5502
f 5648 5502 5501
f 5648 5501 5651
f 5651 5501 5500
f 5651 5500 5499
f 5651 5499 5498
f 5651 5498 5514
f 5651 5514 5513
f 5651 5513 5508
f 5651 5508 5507
f 5651 5507 5652
f 5652 5507 5506
f 5512 5652 5506
f 5650 5652 5511
f 5511 5652 5512
f 5534 5652 5532
f 5652 5650 5532
f 5532 5650 5533
f 5533 5650 5535
f 5649 5539 5538
f 5649 5538 5537
f 5649 5537 5536
f 5649 5536 5650
f 5650 5536 5535
f 5649 5543 5542
f 5649 5542 5541
f 5649 5541 5540
f 5649 5540 5539
f 5653 5547 5546
f 5653 5546 5545
f 5653 5545 5654
f 5654 5545 5544
f 5654 5544 5543
f 5654 5543 5649
f 5652 5534 5548
f 5652 5548 5549
f 5652 5549 5653
f 5653 5549 5547
f 5655 5656 5657
f 5658 5659 5655
f 5655 5657 5271
f 5271 5657 5266
f 5279 5655 5271
f 5275 5658 5277
f 5277 5658 5655
f 5277 5655 5279
f 5273 5658 5275
f 5659 5658 5272
f 5272 5658 5273
f 5268 5656 5269
f 5269 5656 5659
f 5269 5659 5272
f 5657 5656 5267
f 5267 5656 5268
f 5266 5657 5267
f 5659 5656 5557
f 5557 5656 5556
f 5656 5655 5556
f 5556 5655 5554
f 5655 5550 5552
f 5655 5552 5554
f 5550 5655 5551
f 5655 5555 5553
f 5655 5553 5551
f 5655 5659 5555
f 5555 5659 5557
f 5660 5464 5467
f 5661 5660 5466
f 5466 5660 5467
f 5469 5661 5468
f 5468 5661 5466
f 5661 5469 5470
f 5662 5661 5471
f 5471 5661 5470
f 5461 5662 5463
f 5463 5662 5471
f 5662 5461 5456
f 5660 5662 5457
f 5457 5662 5456
f 5464 5660 5465
f 5465 5660 5457
f 5660 5661 5662
f 5663 5664 5665
f 5664 5408 5665
f 5666 5663 5665
f 5666 5665 5667
f 5668 5669 5664
f 5670 5395 5394
f 5670 5394 5393
f 5670 5393 5392
f 5368 5670 5392
f 5670 5368 5383
f 5670 5383 5667
f 5667 5383 5385
f 5667 5385 5403
f 5667 5403 5402
f 5667 5402 5401
f 5667 5401 5400
f 5667 5400 5399
f 5667 5399 5398
f 5667 5398 5397
f 5667 5397 5666
f 5666 5397 5396
f 5663 5666 5384
f 5384 5666 5396
f 5663 5384 5382
f 5663 5382 5381
f 5663 5381 5367
f 5663 5367 5369
f 5663 5369 5370
f 5663 5370 5405
f 5663 5405 5404
f 5663 5404 5388
f 5663 5388 5668
f 5668 5388 5387
f 5668 5387 5386
f 5668 5386 5373
f 5668 5373 5372
f 5668 5372 5414
f 5668 5414 5413
f 5668 5413 5669
f 5669 5413 5412
f 5669 5412 5409
f 5669 5409 5411
f 5669 5411 5453
f 5669 5453 5380
f 5669 5380 5379
f 5669 5379 5664
f 5664 5379 5377
f 5376 5664 5377
f 5408 5664 5378
f 5378 5664 5376
f 5665 5408 5407
f 5665 5407 5406
f 5665 5406 5667
f 5667 5406 5391
f 5667 5391 5390
f 5667 5390 5389
f 5667 5389 5375
f 5667 5375 5374
f 5667 5374 5395
f 5667 5395 5670
f 5663 5577 5564
f 5663 5564 5563
f 5663 5563 5560
f 5668 5571 5570
f 5668 5570 5569
f 5668 5569 5663
f 5663 5569 5578
f 5663 5578 5577
f 5668 5575 5580
f 5668 5580 5579
f 5668 5579 5572
f 5668 5572 5571
f 5668 5576 5574
f 5668 5574 5573
f 5668 5573 5575
f 5664 5559 5558
f 5664 5558 5565
f 5664 5565 5562
f 5664 5562 5576
f 5664 5576 5668
f 5664 5567 5566
f 5664 5566 5561
f 5664 5561 5559
f 5567 5664 5568
f 5664 5663 5568
f 5568 5663 5560
f 5671 5251 5248
f 5671 5248 5672
f 5672 5248 5201
f 5672 5201 5200
f 5672 5200 5194
f 5211 5672 5194
f 5211 5210 5672
f 5426 5672 5452
f 5452 5672 5209
f 5209 5672 5210
f 5426 5009 5672
f 5672 5009 5673
f 5009 5008 5673
f 5673 5008 5229
f 5673 5229 5228
f 5673 5228 5216
f 5673 5216 5215
f 5673 5215 5214
f 5673 5214 5223
f 5673 5223 5222
f 5673 5222 5221
f 5673 5221 5220
f 5673 5220 5244
f 5673 5244 5243
f 5673 5243 5674
f 5674 5243 5241
f 5674 5241 5239
f 5674 5239 5238
f 5674 5238 5237
f 5674 5237 5236
f 5674 5236 5235
f 5674 5235 5232
f 5674 5232 5247
f 5674 5247 5246
f 5674 5246 5245
f 5674 5245 5234
f 5674 5234 5233
f 5674 5233 5231
f 5674 5231 5230
f 5674 5230 5240
f 5674 5240 5675
f 5675 5240 5242
f 5675 5242 5213
f 5212 5675 5213
f 5675 5212 5227
f 5675 5227 5676
f 5676 5227 5225
f 5676 5225 5224
f 5676 5224 5219
f 5676 5219 5218
f 5218 5217 5676
f 5217 5198 5676
f 5676 5198 5197
f 5676 5197 5207
f 5676 5207 5206
f 5676 5206 5205
f 5676 5205 5677
f 5677 5205 5204
f 5677 5204 5203
f 5677 5203 5208
f 5677 5208 5202
f 5677 5202 5250
f 5677 5250 5249
f 5677 5249 5253
f 5677 5253 5671
f 5671 5253 5264
f 5671 5264 5263
f 5671 5263 5262
f 5671 5262 5256
f 5671 5256 5255
f 5671 5255 5261
f 5671 5261 5260
f 5671 5260 5259
f 5671 5259 5258
f 5671 5258 5257
f 5671 5257 5254
f 5671 5254 5252
f 5671 5252 5251
f 5671 5674 5677
f 5671 5673 5674
f 5676 5674 5675
f 5673 5671 5672
f 5674 5676 5677
f 5190 5678 5188
f 5679 5678 5192
f 5192 5678 5190
f 5679 5192 5193
f 5679 5193 5187
f 5186 5679 5187
f 5185 5679 5186
f 5679 5185 5680
f 5680 5185 5191
f 5680 5191 5417
f 5416 5680 5417
f 5680 5416 5681
f 5681 5416 5415
f 5681 5415 5418
f 5420 5681 5419
f 5419 5681 5418
f 5420 5432 5681
f 5432 5431 5681
f 5681 5431 5430
f 5681 5430 5429
f 5681 5429 5428
f 5681 5428 5427
f 5681 5427 5425
f 5681 5425 5424
f 5681 5424 5423
f 5682 5681 5422
f 5422 5681 5423
f 5682 5422 5437
f 5682 5437 5436
f 5682 5436 5434
f 5682 5434 5433
f 5433 5444 5682
f 5682 5444 5443
f 5682 5443 5442
f 5682 5442 5439
f 5682 5439 5438
f 5188 5678 5441
f 5441 5678 5682
f 5441 5682 5438
f 5682 5678 5679
f 5679 5680 5681
f 5682 5679 5681
f 5181 5180 5683
f 5683 5180 5179
f 5683 5179 5177
f 5684 5683 5176
f 5176 5683 5177
f 5684 5176 5685
f 5685 5176 5178
f 5685 5178 5170
f 5169 5685 5170
f 5173 5684 5175
f 5175 5684 5685
f 5175 5685 5169
f 5686 5684 5172
f 5172 5684 5173
f 5168 5687 5174
f 5174 5687 5686
f 5174 5686 5172
f 5167 5687 5168
f 5011 5686 5012
f 5012 5686 5687
f 5012 5687 5167
f 5683 5686 5184
f 5184 5686 5011
f 5683 5184 5181
f 5684 5686 5683
f 5688 5689 5690
f 5691 5692 5693
f 5691 5693 5694
f 5691 5694 5689
f 5691 5689 5688
f 5688 5690 5483
f 5483 5690 5472
f 5688 5483 5482
f 5688 5482 5481
f 5688 5481 5475
f 5688 5475 5474
f 5688 5474 5473
f 5688 5473 5480
f 5688 5480 5691
f 5691 5480 5479
f 5691 5479 5477
f 5691 5477 5476
f 5691 5476 5489
f 5691 5489 5488
f 5691 5488 5487
f 5691 5487 5486
f 5691 5486 5692
f 5692 5486 5485
f 5484 5692 5485
f 5690 5692 5472
f 5472 5692 5484
f 5583 5692 5581
f 5692 5690 5581
f 5581 5690 5582
f 5582 5690 5584
f 5689 5588 5587
f 5689 5587 5586
f 5689 5586 5585
f 5689 5585 5690
f 5690 5585 5584
f 5689 5592 5591
f 5689 5591 5590
f 5689 5590 5589
f 5689 5589 5588
f 5693 5596 5595
f 5693 5595 5594
f 5693 5594 5694
f 5694 5594 5593
f 5694 5593 5592
f 5694 5592 5689
f 5692 5583 5597
f 5692 5597 5598
f 5692 5598 5693
f 5693 5598 5596
f 5695 5696 5697
f 5698 5699 5695
f 5695 5697 5495
f 5495 5697 5516
f 5494 5695 5495
f 5698 5695 5491
f 5491 5695 5494
f 5490 5698 5491
f 5699 5698 5493
f 5493 5698 5490
f 5696 5699 5492
f 5492 5699 5493
f 5697 5696 5515
f 5515 5696 5492
f 5516 5697 5515
f 5699 5696 5606
f 5606 5696 5605
f 5696 5695 5605
f 5605 5695 5603
f 5695 5599 5601
f 5695 5601 5603
f 5599 5695 5600
f 5695 5604 5602
f 5695 5602 5600
f 5695 5699 5604
f 5604 5699 5606
f 5700 5073 5701
f 5702 5703 5700
f 5704 5705 5706
f 5706 5705 5707
f 5700 5703 5708
f 5707 5705 5709
f 5710 5711 5712
f 5712 5711 5713
f 5708 5703 5714
f 5702 5715 5712
f 5702 5712 5716
f 5701 5715 5702
f 5707 5709 5717
f 5716 5713 5718
f 5719 5720 5721
f 5719 5721 5722
f 5719 5722 5723
f 5717 5709 5724
f 5724 5725 5719
f 5719 5725 5720
f 5726 5727 5710
f 5710 5727 5711
f 5702 5700 5701
f 5728 5729 5730
f 5730 5729 5731
f 5730 5731 5732
f 5730 5732 5723
f 5730 5723 5722
f 5704 5706 5733
f 5704 5733 5726
f 5726 5733 5727
f 5713 5716 5712
f 5724 5709 5734
f 5724 5734 5725
f 5713 5735 5718
f 5718 5735 5703
f 5703 5735 5714
f 5736 5737 5729
f 5729 5728 5736
f 5723 5102 5101
f 5723 5101 5165
f 5723 5165 5719
f 5165 5164 5719
f 5719 5164 5163
f 5163 5015 5719
f 5719 5015 5014
f 5719 5014 5023
f 5719 5023 5022
f 5719 5022 5021
f 5719 5021 5724
f 5724 5021 5020
f 5724 5020 5019
f 5019 5018 5724
f 5724 5018 5028
f 5724 5028 5026
f 5031 5717 5029
f 5029 5717 5024
f 5024 5717 5025
f 5025 5717 5724
f 5025 5724 5026
f 5717 5031 5038
f 5717 5038 5707
f 5707 5038 5040
f 5707 5040 5039
f 5707 5039 5037
f 5707 5037 5036
f 5707 5036 5706
f 5706 5036 5042
f 5706 5042 5041
f 5706 5041 5733
f 5733 5041 5035
f 5733 5035 5034
f 5033 5727 5034
f 5034 5727 5733
f 5033 5053 5727
f 5727 5053 5052
f 5727 5052 5051
f 5727 5051 5050
f 5727 5050 5048
f 5727 5048 5047
f 5727 5047 5711
f 5711 5047 5044
f 5711 5044 5043
f 5711 5043 5046
f 5711 5046 5054
f 5711 5054 5713
f 5713 5054 5055
f 5055 5056 5713
f 5713 5056 5058
f 5713 5058 5059
f 5713 5059 5061
f 5713 5061 5735
f 5061 5060 5735
f 5735 5060 5066
f 5735 5066 5065
f 5735 5065 5063
f 5735 5063 5062
f 5062 5071 5735
f 5735 5071 5070
f 5735 5070 5069
f 5735 5069 5068
f 5735 5068 5714
f 5714 5068 5067
f 5714 5067 5119
f 5714 5119 5120
f 5708 5714 5111
f 5111 5714 5120
f 5700 5708 5086
f 5086 5708 5111
f 5073 5700 5086
f 5701 5073 5072
f 5701 5072 5074
f 5701 5074 5075
f 5701 5075 5116
f 5701 5116 5715
f 5715 5116 5115
f 5715 5115 5114
f 5715 5114 5097
f 5715 5097 5098
f 5715 5098 5094
f 5715 5094 5096
f 5715 5096 5712
f 5712 5096 5095
f 5712 5095 5710
f 5710 5095 5093
f 5710 5093 5092
f 5710 5092 5100
f 5710 5100 5726
f 5726 5100 5099
f 5099 5083 5726
f 5083 5137 5726
f 5726 5137 5136
f 5726 5136 5704
f 5704 5136 5134
f 5134 5162 5704
f 5704 5162 5161
f 5704 5161 5160
f 5704 5160 5705
f 5705 5160 5155
f 5705 5155 5154
f 5705 5154 5153
f 5705 5153 5143
f 5705 5143 5144
f 5705 5144 5145
f 5705 5145 5709
f 5709 5145 5159
f 5709 5159 5158
f 5709 5158 5152
f 5709 5152 5151
f 5709 5151 5150
f 5135 5720 5133
f 5133 5720 5147
f 5147 5720 5725
f 5147 5725 5149
f 5149 5725 5148
f 5148 5725 5146
f 5146 5725 5734
f 5146 5734 5156
f 5156 5734 5157
f 5157 5734 5709
f 5157 5709 5150
f 5138 5720 5135
f 5720 5138 5142
f 5720 5142 5721
f 5721 5142 5141
f 5721 5141 5140
f 5721 5140 5139
f 5721 5139 5082
f 5721 5082 5722
f 5082 5081 5722
f 5722 5081 5080
f 5722 5080 5127
f 5722 5127 5126
f 5722 5126 5125
f 5722 5125 5730
f 5730 5125 5124
f 5730 5124 5132
f 5730 5132 5131
f 5730 5131 5130
f 5730 5130 5129
f 5728 5730 5128
f 5128 5730 5129
f 5728 5128 5123
f 5728 5123 5122
f 5728 5122 5736
f 5736 5122 5121
f 5736 5121 5737
f 5737 5121 5087
f 5737 5087 5085
f 5737 5085 5084
f 5737 5084 5113
f 5737 5113 5112
f 5737 5112 5110
f 5737 5110 5109
f 5737 5109 5118
f 5737 5118 5729
f 5729 5118 5117
f 5729 5117 5079
f 5729 5079 5078
f 5729 5078 5077
f 5729 5077 5076
f 5729 5076 5108
f 5731 5729 5107
f 5107 5729 5108
f 5731 5107 5106
f 5731 5106 5091
f 5731 5091 5732
f 5732 5091 5090
f 5732 5090 5089
f 5732 5089 5088
f 5732 5088 5723
f 5723 5088 5105
f 5723 5105 5104
f 5723 5104 5102
f 5702 5610 5611
f 5702 5611 5622
f 5702 5622 5703
f 5703 5622 5617
f 5703 5617 5616
f 5703 5616 5632
f 5703 5632 5631
f 5703 5631 5629
f 5703 5629 5628
f 5703 5628 5630
f 5703 5630 5615
f 5703 5615 5718
f 5718 5615 5621
f 5718 5621 5612
f 5718 5612 5607
f 5718 5607 5627
f 5718 5627 5626
f 5718 5626 5716
f 5716 5626 5620
f 5716 5620 5619
f 5716 5619 5618
f 5716 5618 5625
f 5716 5625 5624
f 5716 5624 5623
f 5716 5623 5702
f 5702 5623 5609
f 5702 5609 5608
f 5702 5608 5614
f 5702 5614 5613
f 5702 5613 5610
usemtl 128,64,0
f 5738 5739 5740
f 5740 5739 5741
f 5739 5742 5741
f 5741 5742 5743
f 5744 5745 5743
f 5742 5746 5747
f 5748 5749 5747
f 5747 5749 5744
f 5747 5744 5742
f 5742 5744 5743
usemtl 255,255,255
f 5750 5751 5752
f 5752 5751 5745
f 5746 5750 5753
f 5753 5750 5752
f 5753 5752 5748
f 5748 5752 5749
f 5750 5739 5751
f 5751 5739 5741
f 5739 5738 5741
f 5741 5738 5740
f 5742 5739 5750
f 5742 5750 5746
f 5743 5745 5751
f 5743 5751 5741
f 5744 5749 5752
f 5745 5744 5752
f 5747 5746 5753
f 5748 5747 5753
f 5754 5755 5756
f 5756 5755 5757
f 5758 5754 5759
f 5759 5754 5756
f 5758 5759 5760
f 5760 5759 5761
f 5762 5758 5763
f 5763 5758 5760
f 5763 5760 5764
f 5764 5760 5765
f 5766 5761 5759
f 5767 5768 5769
f 5764 5765 5769
f 5769 5765 5766
f 5769 5766 5767
f 5767 5766 5759
f 5754 5767 5756
f 5756 5767 5759
f 5770 5754 5757
f 5757 5754 5756
f 5755 5770 5757
f 5762 5768 5758
f 5758 5768 5767
f 5758 5767 5754
f 5755 5754 5770
f 5765 5760 5766
f 5760 5761 5766
f 5762 5763 5768
f 5768 5763 5769
f 5763 5764 5769
usemtl 64,64,64
f 5771 5772 5773
f 5774 5771 5775
f 5775 5771 5773
f 5776 5774 5775
f 5771 5774 5772
f 5772 5774 5776
f 5775 5773 5776
f 5776 5773 5772
usemtl 191,191,191
f 5777 5778 5779
f 5780 5756 5781
f 5782 5780 5783
f 5784 5782 5785
f 5786 5787 5788
f 5789 5790 5791
f 5792 5793 5794
f 5794 5793 5795
f 5796 5797 5794
f 5794 5797 5798
f 5794 5798 5799
f 5799 5800 5794
f 5794 5800 5801
f 5794 5801 5792
f 5802 5803 5743
f 5743 5803 5804
f 5743 5804 5805
f 5805 5804 5806
f 5802 5743 5807
f 5807 5743 5808
f 5807 5808 5809
f 5810 5811 5808
f 5808 5811 5812
f 5808 5812 5813
f 5808 5814 5809
f 5809 5814 5815
f 5809 5815 5816
f 5816 5815 5817
f 5816 5817 5818
f 5813 5819 5808
f 5808 5819 5820
f 5808 5820 5814
f 5821 5822 5823
f 5821 5823 5824
f 5822 5825 5823
f 5823 5825 5826
f 5823 5826 5827
f 5827 5826 5828
f 5828 5829 5827
f 5827 5829 5830
f 5827 5830 5810
f 5810 5830 5831
f 5810 5831 5811
f 5832 5824 5833
f 5833 5824 5823
f 5833 5823 5834
f 5834 5823 5835
f 5834 5835 5836
f 5836 5835 5837
f 5741 5838 5835
f 5835 5838 5839
f 5835 5839 5837
f 5840 5841 5842
f 5842 5841 5843
f 5842 5843 5741
f 5741 5843 5844
f 5741 5844 5838
f 5842 5845 5846
f 5842 5846 5847
f 5847 5848 5842
f 5842 5848 5849
f 5842 5849 5840
f 5850 5851 5852
f 5852 5851 5853
f 5854 5855 5845
f 5845 5855 5856
f 5845 5856 5857
f 5858 5859 5851
f 5851 5859 5860
f 5851 5860 5861
f 5862 5863 5864
f 5864 5863 5865
f 5866 5867 5842
f 5842 5867 5868
f 5842 5868 5869
f 5870 5871 5872
f 5872 5871 5873
f 5872 5873 5874
f 5875 5861 5876
f 5876 5861 5877
f 5876 5877 5872
f 5872 5877 5878
f 5872 5878 5870
f 5879 5880 5881
f 5881 5880 5882
f 5881 5882 5842
f 5842 5882 5883
f 5842 5883 5866
f 5869 5884 5842
f 5842 5884 5885
f 5842 5885 5845
f 5845 5885 5886
f 5845 5886 5854
f 5887 5888 5889
f 5889 5888 5890
f 5889 5890 5864
f 5864 5890 5891
f 5864 5891 5862
f 5875 5892 5861
f 5861 5892 5893
f 5861 5893 5851
f 5851 5893 5894
f 5851 5894 5853
f 5857 5895 5845
f 5845 5895 5896
f 5845 5896 5897
f 5897 5896 5887
f 5897 5887 5898
f 5898 5887 5889
f 5865 5899 5864
f 5864 5899 5900
f 5864 5900 5901
f 5902 5903 5864
f 5864 5903 5904
f 5864 5904 5851
f 5851 5904 5905
f 5851 5905 5858
f 5901 5906 5864
f 5864 5906 5907
f 5864 5907 5908
f 5908 5909 5864
f 5864 5909 5910
f 5864 5910 5902
f 5911 5912 5913
f 5913 5912 5914
f 5913 5914 5915
f 5915 5861 5913
f 5913 5861 5860
f 5913 5860 5916
f 5916 5860 5917
f 5917 5918 5916
f 5916 5918 5919
f 5916 5919 5920
f 5921 5912 5922
f 5922 5912 5911
f 5922 5911 5923
f 5924 5925 5926
f 5926 5925 5927
f 5925 5928 5911
f 5911 5928 5929
f 5911 5929 5930
f 5921 5931 5912
f 5912 5931 5932
f 5912 5932 5933
f 5924 5934 5925
f 5925 5934 5935
f 5925 5935 5928
f 5930 5936 5911
f 5911 5936 5937
f 5911 5937 5923
f 5938 5939 5933
f 5933 5939 5940
f 5933 5940 5912
f 5793 5941 5795
f 5795 5941 5942
f 5795 5942 5881
f 5881 5942 5943
f 5881 5943 5879
f 5791 5790 5944
f 5944 5790 5945
f 5944 5945 5946
f 5947 5948 5949
f 5950 5951 5952
f 5952 5951 5953
f 5952 5953 5946
f 5954 5955 5956
f 5956 5955 5957
f 5956 5957 5948
f 5948 5957 5958
f 5948 5958 5949
f 5949 5958 5959
f 5949 5959 5960
f 5960 5959 5961
f 5960 5961 5962
f 5963 5964 5965
f 5966 5967 5968
f 5968 5967 5969
f 5968 5969 5970
f 5970 5969 5963
f 5970 5963 5971
f 5971 5963 5965
f 5972 5973 5974
f 5973 5975 5976
f 5973 5976 5977
f 5978 5979 5980
f 5981 5982 5972
f 5982 5983 5972
f 5972 5983 5984
f 5972 5984 5973
f 5973 5984 5985
f 5973 5985 5975
f 5978 5980 5972
f 5972 5980 5986
f 5972 5986 5981
f 5987 5988 5974
f 5974 5988 5989
f 5974 5989 5972
f 5990 5991 5788
f 5992 5993 5788
f 5788 5993 5994
f 5976 5995 5977
f 5977 5995 5996
f 5977 5996 5997
f 5998 5999 5991
f 5991 5999 6000
f 5991 6000 5788
f 5788 6000 6001
f 5788 6001 5992
f 5997 6002 5977
f 5977 6002 6003
f 5977 6003 6004
f 6004 6003 6005
f 6004 6005 5990
f 5994 6006 5788
f 5788 6006 6007
f 5788 6007 5786
f 6008 6009 6010
f 6010 6009 6011
f 6010 6011 6012
f 6010 6013 6008
f 6008 6013 6014
f 6008 6014 6015
f 6015 6016 6008
f 6008 6016 6017
f 6008 6017 6018
f 6018 6017 6019
f 6018 6019 6020
f 6020 6019 6021
f 6020 6021 5991
f 5991 6021 6022
f 5991 6022 5998
f 6023 6024 6012
f 6012 6024 6025
f 6012 6025 6010
f 6026 6027 5979
f 5979 6027 6028
f 5979 6028 5980
f 6026 6029 6027
f 6027 6029 6030
f 6027 6030 6031
f 6031 6030 6032
f 6031 6033 6034
f 6032 6035 6031
f 6031 6035 6036
f 6031 6036 6037
f 6037 6038 6031
f 6031 6038 6039
f 6031 6039 6033
f 6034 6040 6031
f 6031 6040 6041
f 6031 6041 6042
f 6043 6044 6045
f 6046 6047 6045
f 6045 6047 6048
f 6045 6048 6043
f 6044 6043 6049
f 6047 6050 6048
f 6048 6050 6051
f 6048 6051 6052
f 6052 6051 6053
f 6052 6053 6054
f 6054 6053 6055
f 6054 6055 6056
f 6056 6055 6057
f 6056 6057 6049
f 6058 6059 6060
f 6060 6059 6061
f 6060 6061 6062
f 6063 6062 6064
f 6064 6062 6061
f 6064 6061 6065
f 6065 6061 6066
f 6065 6066 6067
f 6067 6066 6068
f 6069 6070 6071
f 6071 6070 6072
f 6071 6072 6063
f 6063 6072 6073
f 6063 6073 6062
f 6062 6073 6074
f 6062 6074 6075
f 6075 6074 6076
f 6075 6076 6077
f 6078 6079 6058
f 6058 6079 6080
f 6058 6080 6059
f 6081 6082 6078
f 6078 6082 6083
f 6078 6083 6084
f 6085 6086 6087
f 6087 6086 6088
f 6087 6088 6089
f 6089 6088 6090
f 6089 6090 6084
f 6084 6090 6077
f 6084 6077 6078
f 6078 6077 6079
f 6087 6091 6092
f 6093 6094 6087
f 6087 6094 6095
f 6087 6095 6096
f 6093 6097 6094
f 6094 6097 6098
f 6094 6098 6099
f 6099 6098 6100
f 6099 6100 6101
f 6096 6102 6087
f 6087 6102 6103
f 6087 6103 6104
f 6092 6105 6087
f 6087 6105 6106
f 6087 6106 6085
f 6104 6107 6087
f 6087 6107 6108
f 6087 6108 6091
f 6109 6110 6081
f 6081 6110 6111
f 6081 6111 6082
f 6112 6113 6114
f 6114 6113 6115
f 6115 6116 6117
f 6117 6118 6115
f 6115 6118 6119
f 6115 6119 6120
f 6121 6122 6115
f 6115 6122 6123
f 6115 6123 6116
f 6124 6125 6126
f 6126 6125 6127
f 6126 6127 6121
f 6121 6127 6128
f 6121 6128 6122
f 6129 6130 6131
f 6131 6130 6132
f 6132 6133 6131
f 6131 6133 6134
f 6131 6134 6124
f 6129 6131 6135
f 6135 6131 6136
f 6135 6136 6137
f 6137 6136 6138
f 6138 6136 5973
f 6138 5973 6139
f 6090 6140 6077
f 6077 6140 6141
f 6077 6141 6142
f 6142 6141 6143
f 6142 6143 6144
f 6145 6146 6147
f 6147 6146 6148
f 6149 6150 6151
f 6152 6153 5973
f 6154 6155 6156
f 6156 6155 6157
f 6156 6157 6158
f 6145 6159 6146
f 6146 6159 6160
f 6146 6160 6161
f 6161 6160 6162
f 6161 6162 6163
f 6151 6164 6149
f 6149 6164 6165
f 6149 6165 6166
f 6153 6167 5973
f 5973 6167 6168
f 5973 6168 6169
f 6170 6171 6136
f 6136 6171 6172
f 6136 6172 5973
f 5973 6172 6173
f 5973 6173 6152
f 6174 6175 6162
f 6162 6175 6176
f 6176 6177 6162
f 6162 6177 6178
f 6162 6178 6179
f 6179 6180 6162
f 6162 6180 6181
f 6162 6181 6163
f 6166 6182 6149
f 6149 6182 6183
f 6149 6183 6136
f 6136 6183 6148
f 6136 6148 6170
f 6170 6148 6146
f 6169 6184 5973
f 5973 6184 6185
f 5973 6185 5974
f 5974 6185 6186
f 5974 6186 6156
f 6187 6188 6189
f 6187 6190 6188
f 6188 6190 6191
f 6188 6191 6149
f 6149 6191 6192
f 6149 6192 6150
f 5788 6193 6194
f 5990 5788 6004
f 6004 5788 6194
f 6004 6194 5967
f 5967 6194 6195
f 5967 6195 5969
f 6196 6193 6197
f 6197 6193 6198
f 6199 6200 6201
f 6202 6203 5788
f 6204 6189 5787
f 5787 6189 6199
f 5787 6199 5788
f 5788 6199 6201
f 5788 6201 6202
f 6203 6205 5788
f 5788 6205 6206
f 5788 6206 6207
f 6207 6208 5788
f 5788 6208 6209
f 5788 6209 6193
f 6193 6209 6210
f 6193 6210 6198
f 6211 6212 6213
f 6213 6212 6214
f 6213 6214 6199
f 6199 6214 6215
f 6199 6215 6200
f 6216 6217 6218
f 6216 6218 6219
f 6217 6220 6218
f 6218 6220 6221
f 6218 6221 6213
f 6213 6221 6222
f 6213 6222 6211
f 5784 6223 6224
f 6224 6223 6218
f 6224 6218 6225
f 6225 6218 6213
f 6225 6213 6226
f 6226 6213 6199
f 6226 6199 6227
f 6227 6199 6189
f 6227 6189 6228
f 6228 6189 6229
f 6229 6189 6188
f 6204 6230 6189
f 6189 6230 5987
f 6189 5987 5974
f 6189 5974 6156
f 6189 6156 6231
f 6231 6156 6158
f 6223 5949 6218
f 6218 5949 5960
f 6218 5960 6219
f 6219 5960 5962
f 6219 5962 5966
f 5966 5962 5789
f 5966 5789 5967
f 5967 5789 5791
f 5782 5783 5785
f 5785 5783 6232
f 5785 6232 6233
f 6234 5881 6235
f 6235 5881 5842
f 6235 5842 6236
f 6236 5842 6237
f 6237 5842 6238
f 6234 6239 6240
f 6239 6241 6240
f 6240 6241 6242
f 6240 6242 6236
f 6236 6242 6243
f 6236 6243 6235
f 6244 6245 6246
f 6246 6245 6242
f 6246 6242 6247
f 6247 6242 6241
f 6247 6241 6248
f 6248 6241 6249
f 5953 5947 5946
f 5946 5947 5949
f 5946 5949 5944
f 5944 5949 6250
f 6251 6252 6233
f 6233 6252 6253
f 6254 6255 6256
f 6256 6255 6257
f 6256 6257 6233
f 6233 6257 6258
f 6233 6258 6251
f 6253 6259 6233
f 6233 6259 6260
f 6233 6260 6261
f 5784 5785 6223
f 6223 5785 6233
f 6223 6233 5949
f 5949 6233 6261
f 5949 6261 6250
f 6250 6262 5944
f 5944 6262 6263
f 5944 6263 6256
f 6256 6263 6264
f 6256 6264 6265
f 6265 6266 6256
f 6256 6266 6267
f 6256 6267 6254
f 6268 6269 6233
f 6270 6271 6268
f 6233 6269 6256
f 6256 6269 6272
f 6256 6272 6273
f 6124 6126 6131
f 6131 6126 6240
f 6131 6240 6136
f 6136 6240 6236
f 6136 6236 6149
f 6149 6236 6237
f 6149 6237 6188
f 6188 6237 6238
f 6188 6238 6229
f 6256 6043 5944
f 5944 6043 6048
f 5944 6048 5791
f 5791 6048 6052
f 5791 6052 5967
f 5967 6052 6062
f 5967 6062 6004
f 6004 6062 6075
f 6004 6075 5977
f 5977 6075 6077
f 5977 6077 5973
f 5973 6077 6142
f 5973 6142 6139
f 6139 6142 6144
f 6234 6240 5881
f 5881 6240 6126
f 5881 6126 5795
f 5795 6274 5794
f 5794 6274 5777
f 5794 5777 6121
f 6121 5777 5779
f 6121 5779 6126
f 6126 5779 6275
f 6126 6275 5795
f 6276 6277 6054
f 6054 6277 6278
f 6054 6278 6052
f 6052 6278 6279
f 6052 6279 6280
f 6280 6281 6052
f 6052 6281 6282
f 6052 6282 6283
f 6060 6284 6054
f 6054 6284 6285
f 6054 6285 6286
f 6283 6287 6052
f 6052 6287 6288
f 6052 6288 6062
f 6062 6288 6289
f 6062 6289 6060
f 6060 6289 6290
f 6060 6290 6284
f 6286 6291 6054
f 6054 6291 6292
f 6054 6292 6276
f 6270 6268 6293
f 6293 6268 6233
f 6293 6233 6294
f 6294 6233 6232
f 6294 6232 6273
f 6273 6232 6295
f 6273 6295 6256
f 6256 6295 6296
f 6256 6296 6043
f 6043 6296 6297
f 6043 6297 6049
f 5780 5781 5783
f 5783 5781 6298
f 5783 6298 6232
f 6232 6298 6299
f 6232 6299 6295
f 6295 6299 6300
f 6295 6300 6296
f 6296 6300 6301
f 6296 6301 6297
f 6120 6114 6115
f 6121 6115 6302
f 6121 6302 5794
f 5794 6302 5805
f 5794 5805 5796
f 5796 5805 5806
f 6301 5759 6297
f 6297 5759 6303
f 6297 6303 6049
f 6049 6303 6304
f 6049 6304 6056
f 6056 6304 6305
f 6056 6305 6054
f 6054 6305 6306
f 6054 6306 6060
f 6060 6306 6307
f 6060 6307 6058
f 6058 6307 6308
f 6058 6308 6078
f 6078 6308 6309
f 6078 6309 6081
f 6081 6309 6113
f 6081 6113 6109
f 6109 6113 6112
f 5742 5758 5739
f 5739 5758 5754
f 5743 5742 5741
f 5741 5742 5739
f 5758 5759 5754
f 5754 5759 5756
f 5743 5759 5742
f 5742 5759 5758
f 5756 5741 5754
f 5754 5741 5739
f 6310 6311 6312
f 6312 6311 6313
f 6312 6313 6314
f 6314 6315 6312
f 6312 6315 6316
f 6312 6316 6317
f 6317 6318 6312
f 6312 6318 6319
f 6312 6319 6320
f 6320 6321 6312
f 6312 6321 6322
f 6312 6322 6323
f 6323 6324 6312
f 6312 6324 6325
f 6312 6325 6326
f 6326 6325 6327
f 6328 6329 6330
f 6330 6329 6331
f 6330 6331 6332
f 6332 6331 6333
f 6332 6333 6334
f 6334 6333 6335
f 6336 6337 6338
f 6338 6337 6339
f 6340 6341 6342
f 6341 6340 6338
f 6338 6340 6343
f 6338 6343 6336
f 6339 6344 6338
f 6338 6344 6345
f 6338 6345 6346
f 6347 6348 6340
f 6340 6348 6349
f 6340 6349 6350
f 6351 6352 6353
f 6353 6352 6354
f 6353 6354 6340
f 6342 6355 6340
f 6340 6355 6356
f 6340 6356 6347
f 6350 6357 6340
f 6340 6357 6358
f 6340 6358 6353
f 6359 6360 6361
f 6361 6360 6362
f 6361 6362 6363
f 6363 6364 6361
f 6361 6364 6365
f 6361 6365 6366
f 6366 6367 6361
f 6361 6367 6368
f 6361 6368 6369
f 6369 6370 6361
f 6361 6370 6371
f 6361 6371 6372
f 6372 6373 6361
f 6361 6373 6374
f 6361 6374 6375
f 6375 6374 6376
f 6377 6378 6379
f 6379 6378 6380
f 6379 6380 6381
f 6381 6380 6382
f 6381 6382 6383
f 6383 6382 6384
f 6385 6386 6387
f 6388 6385 6389
f 6389 6385 6390
f 6388 6391 6385
f 6385 6391 6392
f 6385 6392 6386
f 6393 6394 6395
f 6396 6397 6387
f 6387 6397 6398
f 6390 6399 6389
f 6389 6399 6393
f 6389 6393 6400
f 6400 6393 6395
f 6401 6402 6387
f 6387 6402 6403
f 6387 6403 6396
f 6398 6404 6387
f 6387 6404 6405
f 6387 6405 6385
f 6406 6407 6408
f 6408 6407 6409
f 6408 6409 6393
f 6393 6409 6410
f 6393 6410 6394
usemtl 0,0,0
f 6411 5779 5778
f 6274 6411 5777
f 5777 6411 5778
f 6411 6274 5795
f 5779 6411 6275
f 6275 6411 5795
f 6138 6139 6412
f 6412 6139 6413
f 6139 6144 6413
f 6413 6144 6143
f 6413 6143 6141
f 6413 6141 6140
f 6090 6413 6140
f 6413 6090 6088
f 6088 6086 6413
f 6413 6086 6085
f 6413 6085 6414
f 6414 6085 6106
f 6414 6106 6105
f 6414 6105 6092
f 6414 6092 6091
f 6414 6091 6108
f 6414 6108 6107
f 6414 6107 6104
f 6414 6104 6103
f 6414 6103 6102
f 6414 6102 6096
f 6414 6096 6415
f 6415 6096 6095
f 6415 6095 6094
f 6415 6094 6099
f 6415 6099 6101
f 6415 6101 6100
f 6415 6100 6416
f 6416 6100 6098
f 6416 6098 6097
f 6416 6097 6093
f 6416 6093 6087
f 6416 6087 6084
f 6084 6087 6089
f 6417 6084 6083
f 6112 6418 6417
f 6417 6083 6082
f 6082 6111 6417
f 6417 6111 6110
f 6417 6110 6109
f 6417 6109 6112
f 6418 6112 6114
f 6114 6120 6418
f 6418 6120 6119
f 6418 6119 6415
f 6415 6119 6118
f 6415 6118 6117
f 6415 6117 6116
f 6415 6116 6123
f 6415 6123 6419
f 6123 6122 6419
f 6419 6122 6128
f 6419 6128 6127
f 6419 6127 6125
f 6419 6125 6124
f 6124 6134 6419
f 6419 6134 6133
f 6419 6133 6412
f 6412 6133 6132
f 6412 6132 6130
f 6412 6130 6129
f 6412 6129 6135
f 6412 6135 6137
f 6412 6137 6138
f 6084 6417 6416
f 6416 6417 6418
f 6416 6418 6415
f 6413 6414 6412
f 6412 6414 6419
f 6419 6414 6415
f 6073 6420 6074
f 6070 6421 6072
f 6072 6421 6420
f 6072 6420 6073
f 6422 6421 6069
f 6069 6421 6070
f 6063 6423 6071
f 6071 6423 6422
f 6071 6422 6069
f 6064 6423 6063
f 6067 6422 6065
f 6065 6422 6423
f 6065 6423 6064
f 6424 6422 6068
f 6068 6422 6067
f 6061 6424 6066
f 6066 6424 6068
f 6059 6424 6061
f 6079 6425 6080
f 6080 6425 6424
f 6080 6424 6059
f 6421 6425 6077
f 6077 6425 6079
f 6421 6077 6420
f 6420 6077 6076
f 6420 6076 6074
f 6421 6422 6425
f 6424 6425 6422
f 6426 6427 6428
f 6429 6430 6431
f 6429 6431 6432
f 6429 6432 6427
f 6429 6427 6426
f 6426 6428 6288
f 6288 6428 6289
f 6426 6288 6287
f 6426 6287 6283
f 6426 6283 6282
f 6426 6282 6281
f 6426 6281 6280
f 6426 6280 6279
f 6426 6279 6429
f 6429 6279 6278
f 6429 6278 6277
f 6429 6277 6276
f 6429 6276 6292
f 6429 6292 6291
f 6429 6291 6286
f 6429 6286 6285
f 6429 6285 6430
f 6430 6285 6284
f 6290 6430 6284
f 6428 6430 6289
f 6289 6430 6290
f 6312 6430 6310
f 6430 6428 6310
f 6310 6428 6311
f 6311 6428 6313
f 6427 6317 6316
f 6427 6316 6315
f 6427 6315 6314
f 6427 6314 6428
f 6428 6314 6313
f 6427 6321 6320
f 6427 6320 6319
f 6427 6319 6318
f 6427 6318 6317
f 6431 6325 6324
f 6431 6324 6323
f 6431 6323 6432
f 6432 6323 6322
f 6432 6322 6321
f 6432 6321 6427
f 6430 6312 6326
f 6430 6326 6327
f 6430 6327 6431
f 6431 6327 6325
f 6433 6434 6435
f 6436 6437 6433
f 6433 6435 6049
f 6049 6435 6044
f 6057 6433 6049
f 6053 6436 6055
f 6055 6436 6433
f 6055 6433 6057
f 6051 6436 6053
f 6437 6436 6050
f 6050 6436 6051
f 6046 6434 6047
f 6047 6434 6437
f 6047 6437 6050
f 6435 6434 6045
f 6045 6434 6046
f 6044 6435 6045
f 6437 6434 6335
f 6335 6434 6334
f 6434 6433 6334
f 6334 6433 6332
f 6433 6328 6330
f 6433 6330 6332
f 6328 6433 6329
f 6433 6333 6331
f 6433 6331 6329
f 6433 6437 6333
f 6333 6437 6335
f 6438 6242 6245
f 6439 6438 6244
f 6244 6438 6245
f 6247 6439 6246
f 6246 6439 6244
f 6439 6247 6248
f 6440 6439 6249
f 6249 6439 6248
f 6239 6440 6241
f 6241 6440 6249
f 6440 6239 6234
f 6438 6440 6235
f 6235 6440 6234
f 6242 6438 6243
f 6243 6438 6235
f 6438 6439 6440
f 6441 6442 6443
f 6442 6186 6443
f 6444 6441 6443
f 6444 6443 6445
f 6446 6447 6442
f 6448 6173 6172
f 6448 6172 6171
f 6448 6171 6170
f 6146 6448 6170
f 6448 6146 6161
f 6448 6161 6445
f 6445 6161 6163
f 6445 6163 6181
f 6445 6181 6180
f 6445 6180 6179
f 6445 6179 6178
f 6445 6178 6177
f 6445 6177 6176
f 6445 6176 6175
f 6445 6175 6444
f 6444 6175 6174
f 6441 6444 6162
f 6162 6444 6174
f 6441 6162 6160
f 6441 6160 6159
f 6441 6159 6145
f 6441 6145 6147
f 6441 6147 6148
f 6441 6148 6183
f 6441 6183 6182
f 6441 6182 6166
f 6441 6166 6446
f 6446 6166 6165
f 6446 6165 6164
f 6446 6164 6151
f 6446 6151 6150
f 6446 6150 6192
f 6446 6192 6191
f 6446 6191 6447
f 6447 6191 6190
f 6447 6190 6187
f 6447 6187 6189
f 6447 6189 6231
f 6447 6231 6158
f 6447 6158 6157
f 6447 6157 6442
f 6442 6157 6155
f 6154 6442 6155
f 6186 6442 6156
f 6156 6442 6154
f 6443 6186 6185
f 6443 6185 6184
f 6443 6184 6445
f 6445 6184 6169
f 6445 6169 6168
f 6445 6168 6167
f 6445 6167 6153
f 6445 6153 6152
f 6445 6152 6173
f 6445 6173 6448
f 6441 6355 6342
f 6441 6342 6341
f 6441 6341 6338
f 6446 6349 6348
f 6446 6348 6347
f 6446 6347 6441
f 6441 6347 6356
f 6441 6356 6355
f 6446 6353 6358
f 6446 6358 6357
f 6446 6357 6350
f 6446 6350 6349
f 6446 6354 6352
f 6446 6352 6351
f 6446 6351 6353
f 6442 6337 6336
f 6442 6336 6343
f 6442 6343 6340
f 6442 6340 6354
f 6442 6354 6446
f 6442 6345 6344
f 6442 6344 6339
f 6442 6339 6337
f 6345 6442 6346
f 6442 6441 6346
f 6346 6441 6338
f 6449 6029 6026
f 6449 6026 6450
f 6450 6026 5979
f 6450 5979 5978
f 6450 5978 5972
f 5989 6450 5972
f 5989 5988 6450
f 6204 6450 6230
f 6230 6450 5987
f 5987 6450 5988
f 6204 5787 6450
f 6450 5787 6451
f 5787 5786 6451
f 6451 5786 6007
f 6451 6007 6006
f 6451 6006 5994
f 6451 5994 5993
f 6451 5993 5992
f 6451 5992 6001
f 6451 6001 6000
f 6451 6000 5999
f 6451 5999 5998
f 6451 5998 6022
f 6451 6022 6021
f 6451 6021 6452
f 6452 6021 6019
f 6452 6019 6017
f 6452 6017 6016
f 6452 6016 6015
f 6452 6015 6014
f 6452 6014 6013
f 6452 6013 6010
f 6452 6010 6025
f 6452 6025 6024
f 6452 6024 6023
f 6452 6023 6012
f 6452 6012 6011
f 6452 6011 6009
f 6452 6009 6008
f 6452 6008 6018
f 6452 6018 6453
f 6453 6018 6020
f 6453 6020 5991
f 5990 6453 5991
f 6453 5990 6005
f 6453 6005 6454
f 6454 6005 6003
f 6454 6003 6002
f 6454 6002 5997
f 6454 5997 5996
f 5996 5995 6454
f 5995 5976 6454
f 6454 5976 5975
f 6454 5975 5985
f 6454 5985 5984
f 6454 5984 5983
f 6454 5983 6455
f 6455 5983 5982
f 6455 5982 5981
f 6455 5981 5986
f 6455 5986 5980
f 6455 5980 6028
f 6455 6028 6027
f 6455 6027 6031
f 6455 6031 6449
f 6449 6031 6042
f 6449 6042 6041
f 6449 6041 6040
f 6449 6040 6034
f 6449 6034 6033
f 6449 6033 6039
f 6449 6039 6038
f 6449 6038 6037
f 6449 6037 6036
f 6449 6036 6035
f 6449 6035 6032
f 6449 6032 6030
f 6449 6030 6029
f 6449 6452 6455
f 6449 6451 6452
f 6454 6452 6453
f 6451 6449 6450
f 6452 6454 6455
f 5968 6456 5966
f 6457 6456 5970
f 5970 6456 5968
f 6457 5970 5971
f 6457 5971 5965
f 5964 6457 5965
f 5963 6457 5964
f 6457 5963 6458
f 6458 5963 5969
f 6458 5969 6195
f 6194 6458 6195
f 6458 6194 6459
f 6459 6194 6193
f 6459 6193 6196
f 6198 6459 6197
f 6197 6459 6196
f 6198 6210 6459
f 6210 6209 6459
f 6459 6209 6208
f 6459 6208 6207
f 6459 6207 6206
f 6459 6206 6205
f 6459 6205 6203
f 6459 6203 6202
f 6459 6202 6201
f 6460 6459 6200
f 6200 6459 6201
f 6460 6200 6215
f 6460 6215 6214
f 6460 6214 6212
f 6460 6212 6211
f 6211 6222 6460
f 6460 6222 6221
f 6460 6221 6220
f 6460 6220 6217
f 6460 6217 6216
f 5966 6456 6219
f 6219 6456 6460
f 6219 6460 6216
f 6460 6456 6457
f 6457 6458 6459
f 6460 6457 6459
f 5959 5958 6461
f 6461 5958 5957
f 6461 5957 5955
f 6462 6461 5954
f 5954 6461 5955
f 6462 5954 6463
f 6463 5954 5956
f 6463 5956 5948
f 5947 6463 5948
f 5951 6462 5953
f 5953 6462 6463
f 5953 6463 5947
f 6464 6462 5950
f 5950 6462 5951
f 5946 6465 5952
f 5952 6465 6464
f 5952 6464 5950
f 5945 6465 5946
f 5789 6464 5790
f 5790 6464 6465
f 5790 6465 5945
f 6461 6464 5962
f 5962 6464 5789
f 6461 5962 5959
f 6462 6464 6461
f 6466 6467 6468
f 6469 6470 6471
f 6469 6471 6472
f 6469 6472 6467
f 6469 6467 6466
f 6466 6468 6261
f 6261 6468 6250
f 6466 6261 6260
f 6466 6260 6259
f 6466 6259 6253
f 6466 6253 6252
f 6466 6252 6251
f 6466 6251 6258
f 6466 6258 6469
f 6469 6258 6257
f 6469 6257 6255
f 6469 6255 6254
f 6469 6254 6267
f 6469 6267 6266
f 6469 6266 6265
f 6469 6265 6264
f 6469 6264 6470
f 6470 6264 6263
f 6262 6470 6263
f 6468 6470 6250
f 6250 6470 6262
f 6361 6470 6359
f 6470 6468 6359
f 6359 6468 6360
f 6360 6468 6362
f 6467 6366 6365
f 6467 6365 6364
f 6467 6364 6363
f 6467 6363 6468
f 6468 6363 6362
f 6467 6370 6369
f 6467 6369 6368
f 6467 6368 6367
f 6467 6367 6366
f 6471 6374 6373
f 6471 6373 6372
f 6471 6372 6472
f 6472 6372 6371
f 6472 6371 6370
f 6472 6370 6467
f 6470 6361 6375
f 6470 6375 6376
f 6470 6376 6471
f 6471 6376 6374
f 6473 6474 6475
f 6476 6477 6473
f 6473 6475 6273
f 6273 6475 6294
f 6272 6473 6273
f 6476 6473 6269
f 6269 6473 6272
f 6268 6476 6269
f 6477 6476 6271
f 6271 6476 6268
f 6474 6477 6270
f 6270 6477 6271
f 6475 6474 6293
f 6293 6474 6270
f 6294 6475 6293
f 6477 6474 6384
f 6384 6474 6383
f 6474 6473 6383
f 6383 6473 6381
f 6473 6377 6379
f 6473 6379 6381
f 6377 6473 6378
f 6473 6382 6380
f 6473 6380 6378
f 6473 6477 6382
f 6382 6477 6384
f 6478 5851 6479
f 6480 6481 6478
f 6482 6483 6484
f 6484 6483 6485
f 6478 6481 6486
f 6485 6483 6487
f 6488 6489 6490
f 6490 6489 6491
f 6486 6481 6492
f 6480 6493 6490
f 6480 6490 6494
f 6479 6493 6480
f 6485 6487 6495
f 6494 6491 6496
f 6497 6498 6499
f 6497 6499 6500
f 6497 6500 6501
f 6495 6487 6502
f 6502 6503 6497
f 6497 6503 6498
f 6504 6505 6488
f 6488 6505 6489
f 6480 6478 6479
f 6506 6507 6508
f 6508 6507 6509
f 6508 6509 6510
f 6508 6510 6501
f 6508 6501 6500
f 6482 6484 6511
f 6482 6511 6504
f 6504 6511 6505
f 6491 6494 6490
f 6502 6487 6512
f 6502 6512 6503
f 6491 6513 6496
f 6496 6513 6481
f 6481 6513 6492
f 6514 6515 6507
f 6507 6506 6514
f 6501 5880 5879
f 6501 5879 5943
f 6501 5943 6497
f 5943 5942 6497
f 6497 5942 5941
f 5941 5793 6497
f 6497 5793 5792
f 6497 5792 5801
f 6497 5801 5800
f 6497 5800 5799
f 6497 5799 6502
f 6502 5799 5798
f 6502 5798 5797
f 5797 5796 6502
f 6502 5796 5806
f 6502 5806 5804
f 5809 6495 5807
f 5807 6495 5802
f 5802 6495 5803
f 5803 6495 6502
f 5803 6502 5804
f 6495 5809 5816
f 6495 5816 6485
f 6485 5816 5818
f 6485 5818 5817
f 6485 5817 5815
f 6485 5815 5814
f 6485 5814 6484
f 6484 5814 5820
f 6484 5820 5819
f 6484 5819 6511
f 6511 5819 5813
f 6511 5813 5812
f 5811 6505 5812
f 5812 6505 6511
f 5811 5831 6505
f 6505 5831 5830
f 6505 5830 5829
f 6505 5829 5828
f 6505 5828 5826
f 6505 5826 5825
f 6505 5825 6489
f 6489 5825 5822
f 6489 5822 5821
f 6489 5821 5824
f 6489 5824 5832
f 6489 5832 6491
f 6491 5832 5833
f 5833 5834 6491
f 6491 5834 5836
f 6491 5836 5837
f 6491 5837 5839
f 6491 5839 6513
f 5839 5838 6513
f 6513 5838 5844
f 6513 5844 5843
f 6513 5843 5841
f 6513 5841 5840
f 5840 5849 6513
f 6513 5849 5848
f 6513 5848 5847
f 6513 5847 5846
f 6513 5846 6492
f 6492 5846 5845
f 6492 5845 5897
f 6492 5897 5898
f 6486 6492 5889
f 5889 6492 5898
f 6478 6486 5864
f 5864 6486 5889
f 5851 6478 5864
f 6479 5851 5850
f 6479 5850 5852
f 6479 5852 5853
f 6479 5853 5894
f 6479 5894 6493
f 6493 5894 5893
f 6493 5893 5892
f 6493 5892 5875
f 6493 5875 5876
f 6493 5876 5872
f 6493 5872 5874
f 6493 5874 6490
f 6490 5874 5873
f 6490 5873 6488
f 6488 5873 5871
f 6488 5871 5870
f 6488 5870 5878
f 6488 5878 6504
f 6504 5878 5877
f 5877 5861 6504
f 5861 5915 6504
f 6504 5915 5914
f 6504 5914 6482
f 6482 5914 5912
f 5912 5940 6482
f 6482 5940 5939
f 6482 5939 5938
f 6482 5938 6483
f 6483 5938 5933
f 6483 5933 5932
f 6483 5932 5931
f 6483 5931 5921
f 6483 5921 5922
f 6483 5922 5923
f 6483 5923 6487
f 6487 5923 5937
f 6487 5937 5936
f 6487 5936 5930
f 6487 5930 5929
f 6487 5929 5928
f 5913 6498 5911
f 5911 6498 5925
f 5925 6498 6503
f 5925 6503 5927
f 5927 6503 5926
f 5926 6503 5924
f 5924 6503 6512
f 5924 6512 5934
f 5934 6512 5935
f 5935 6512 6487
f 5935 6487 5928
f 5916 6498 5913
f 6498 5916 5920
f 6498 5920 6499
f 6499 5920 5919
f 6499 5919 5918
f 6499 5918 5917
f 6499 5917 5860
f 6499 5860 6500
f 5860 5859 6500
f 6500 5859 5858
f 6500 5858 5905
f 6500 5905 5904
f 6500 5904 5903
f 6500 5903 6508
f 6508 5903 5902
f 6508 5902 5910
f 6508 5910 5909
f 6508 5909 5908
f 6508 5908 5907
f 6506 6508 5906
f 5906 6508 5907
f 6506 5906 5901
f 6506 5901 5900
f 6506 5900 6514
f 6514 5900 5899
f 6514 5899 6515
f 6515 5899 5865
f 6515 5865 5863
f 6515 5863 5862
f 6515 5862 5891
f 6515 5891 5890
f 6515 5890 5888
f 6515 5888 5887
f 6515 5887 5896
f 6515 5896 6507
f 6507 5896 5895
f 6507 5895 5857
f 6507 5857 5856
f 6507 5856 5855
f 6507 5855 5854
f 6507 5854 5886
f 6509 6507 5885
f 5885 6507 5886
f 6509 5885 5884
f 6509 5884 5869
f 6509 5869 6510
f 6510 5869 5868
f 6510 5868 5867
f 6510 5867 5866
f 6510 5866 6501
f 6501 5866 5883
f 6501 5883 5882
f 6501 5882 5880
f 6480 6388 6389
f 6480 6389 6400
f 6480 6400 6481
f 6481 6400 6395
f 6481 6395 6394
f 6481 6394 6410
f 6481 6410 6409
f 6481 6409 6407
f 6481 6407 6406
f 6481 6406 6408
f 6481 6408 6393
f 6481 6393 6496
f 6496 6393 6399
f 6496 6399 6390
f 6496 6390 6385
f 6496 6385 6405
f 6496 6405 6404
f 6496 6404 6494
f 6494 6404 6398
f 6494 6398 6397
f 6494 6397 6396
f 6494 6396 6403
f 6494 6403 6402
f 6494 6402 6401
f 6494 6401 6480
f 6480 6401 6387
f 6480 6387 6386
f 6480 6386 6392
f 6480 6392 6391
f 6480 6391 6388
usemtl 64,64,64
f 6516 6517 6518
f 6518 6517 6519
f 6518 6519 6520
f 6521 6522 6523
f 6524 6520 6525
f 6525 6520 6526
f 6527 6528 6529
f 6529 6528 6517
f 6529 6517 6530
f 6531 6532 6533
f 6533 6532 6534
f 6523 6530 6521
f 6521 6530 6517
f 6521 6517 6535
f 6535 6517 6516
f 6535 6516 6526
f 6536 6537 6538
f 6539 6540 6541
f 6541 6540 6542
f 6541 6542 6543
f 6544 6545 6541
f 6541 6545 6546
f 6547 6548 6549
f 6549 6548 6550
f 6546 6551 6541
f 6541 6551 6550
f 6541 6550 6552
f 6552 6550 6548
f 6543 6553 6541
f 6541 6553 6554
f 6541 6554 6544
f 6537 6555 6538
f 6538 6555 6516
f 6538 6516 6556
f 6556 6516 6557
f 6556 6557 6558
f 6558 6557 6559
f 6531 6560 6532
f 6532 6560 6561
f 6532 6561 6562
f 6562 6561 6563
f 6562 6563 6564
f 6563 6565 6564
f 6564 6565 6566
f 6564 6566 6538
f 6538 6566 6567
f 6538 6567 6536
f 6555 6568 6516
f 6516 6568 6569
f 6516 6569 6570
f 6570 6571 6516
f 6516 6571 6572
f 6516 6572 6526
f 6526 6572 6573
f 6526 6573 6525
f 6525 6573 6574
f 6525 6574 6541
f 6541 6574 6575
f 6541 6575 6539
f 6532 6558 6534
f 6534 6558 6559
f 6534 6559 6576
f 6576 6559 6577
f 6576 6577 6578
f 6578 6577 6518
f 6578 6518 6579
f 6580 6581 6518
f 6579 6518 6520
f 6579 6520 6582
f 6582 6520 6524
f 6583 6584 6585
f 6586 6518 6587
f 6587 6518 6581
f 6587 6581 6588
f 6588 6581 6589
f 6588 6589 6590
f 6590 6589 6516
f 6585 6591 6583
f 6583 6591 6592
f 6583 6592 6593
f 6594 6595 6518
f 6518 6595 6596
f 6518 6596 6516
f 6516 6596 6597
f 6598 6599 6590
f 6590 6599 6600
f 6597 6601 6516
f 6516 6601 6602
f 6516 6602 6590
f 6590 6602 6603
f 6590 6603 6598
f 6593 6594 6583
f 6583 6594 6518
f 6583 6518 6604
f 6604 6518 6586
f 6604 6586 6605
f 6605 6586 6606
f 6600 6607 6590
f 6590 6607 6608
f 6590 6608 6583
f 6583 6608 6609
f 6583 6609 6584
f 6610 6611 6612
f 6613 6614 6615
f 6616 6617 6618
f 6619 6620 6621
f 6622 6623 6624
f 6624 6623 6625
f 6624 6625 6626
f 6627 6628 6629
f 6629 6630 6627
f 6627 6630 6631
f 6627 6631 6632
f 6633 6634 6635
f 6635 6634 6636
f 6636 6637 6635
f 6635 6637 6638
f 6635 6638 6622
f 6632 6639 6627
f 6627 6639 6640
f 6627 6640 6635
f 6635 6640 6641
f 6635 6641 6633
f 6642 6643 6644
f 6643 6642 6645
f 6645 6642 6628
f 6645 6628 6646
f 6646 6628 6627
f 6646 6627 6647
f 6647 6627 6615
f 6647 6615 6648
f 6649 6644 6650
f 6650 6644 6651
f 6649 6652 6644
f 6644 6652 6653
f 6644 6653 6642
f 6654 6655 6656
f 6644 6657 6651
f 6651 6657 6658
f 6651 6658 6656
f 6656 6658 6659
f 6656 6659 6654
f 6660 6661 6615
f 6660 6615 6620
f 6620 6615 6662
f 6620 6662 6621
f 6663 6664 6665
f 6665 6664 6666
f 6621 6667 6668
f 6666 6669 6665
f 6665 6669 6670
f 6665 6670 6621
f 6621 6670 6671
f 6621 6671 6667
f 6668 6672 6621
f 6621 6672 6673
f 6621 6673 6619
f 6674 6665 6675
f 6675 6665 6676
f 6675 6676 6677
f 6626 6625 6676
f 6676 6625 6678
f 6676 6678 6677
f 6663 6665 6679
f 6679 6665 6674
f 6679 6674 6680
f 6680 6674 6681
f 6680 6681 6682
f 6682 6681 6683
f 6682 6683 6684
f 6684 6683 6685
f 6684 6685 6686
f 6686 6687 6684
f 6684 6687 6688
f 6684 6688 6689
f 6689 6690 6684
f 6684 6690 6691
f 6684 6691 6692
f 6693 6694 6692
f 6692 6694 6695
f 6692 6695 6684
f 6696 6697 6698
f 6698 6697 6699
f 6698 6699 6635
f 6635 6699 6627
f 6627 6699 6700
f 6627 6700 6615
f 6615 6700 6701
f 6615 6701 6702
f 6703 6704 6705
f 6706 6707 6708
f 6708 6707 6709
f 6708 6709 6710
f 6711 6708 6712
f 6712 6708 6713
f 6712 6713 6698
f 6698 6713 6714
f 6698 6714 6715
f 6716 6696 6705
f 6705 6696 6698
f 6705 6698 6703
f 6703 6698 6715
f 6704 6717 6705
f 6705 6717 6718
f 6705 6718 6719
f 6710 6720 6708
f 6708 6720 6721
f 6708 6721 6722
f 6719 6723 6705
f 6705 6723 6724
f 6705 6724 6725
f 6726 6727 6711
f 6711 6727 6728
f 6711 6728 6708
f 6708 6728 6729
f 6708 6729 6706
f 6730 6731 6732
f 6732 6731 6733
f 6733 6734 6732
f 6732 6734 6735
f 6732 6735 6711
f 6711 6735 6736
f 6711 6736 6726
f 6613 6737 6614
f 6614 6737 6738
f 6614 6738 6732
f 6738 6739 6732
f 6732 6739 6740
f 6732 6740 6741
f 6732 6741 6730
f 6742 6743 6613
f 6613 6743 6744
f 6613 6744 6737
f 6742 6613 6745
f 6745 6613 6705
f 6745 6705 6746
f 6746 6705 6725
f 6746 6725 6747
f 6747 6725 6748
f 6747 6748 6749
f 6749 6750 6747
f 6747 6750 6751
f 6747 6751 6752
f 6753 6754 6747
f 6747 6754 6755
f 6747 6755 6756
f 6752 6757 6747
f 6747 6757 6758
f 6747 6758 6753
f 6759 6760 6618
f 6618 6760 6761
f 6712 6762 6763
f 6712 6764 6765
f 6766 6767 6768
f 6768 6767 6769
f 6768 6769 6770
f 6761 6771 6618
f 6618 6771 6772
f 6618 6772 6616
f 6763 6773 6712
f 6712 6773 6774
f 6712 6774 6764
f 6770 6775 6768
f 6768 6775 6776
f 6768 6776 6618
f 6618 6776 6777
f 6618 6777 6759
f 6765 6778 6712
f 6712 6778 6779
f 6712 6779 6711
f 6711 6779 6780
f 6711 6780 6781
f 6781 6782 6711
f 6711 6782 6783
f 6711 6783 6784
f 6785 6786 6787
f 6785 6787 6788
f 6788 6787 6789
f 6788 6789 6617
f 6790 6791 6792
f 6793 6794 6795
f 6795 6794 6768
f 6795 6768 6796
f 6792 6796 6790
f 6790 6796 6768
f 6790 6768 6797
f 6797 6768 6618
f 6797 6618 6798
f 6793 6799 6794
f 6794 6799 6800
f 6794 6800 6801
f 6801 6800 6802
f 6801 6802 6803
f 6803 6802 6804
f 6803 6804 6805
f 6805 6804 6806
f 6805 6806 6807
f 6807 6806 6808
f 6807 6808 6798
f 6798 6808 6809
f 6798 6809 6797
f 6611 6810 6811
f 6811 6810 6812
f 6813 6814 6812
f 6815 6816 6817
f 6817 6816 6818
f 6817 6818 6819
f 6814 6820 6812
f 6812 6820 6821
f 6812 6821 6822
f 6822 6823 6812
f 6812 6823 6824
f 6812 6824 6811
f 6811 6824 6825
f 6811 6825 6826
f 6819 6827 6817
f 6817 6827 6828
f 6817 6828 6812
f 6812 6828 6829
f 6812 6829 6813
f 6830 6831 6832
f 6833 6832 6834
f 6834 6832 6835
f 6833 6836 6832
f 6832 6836 6837
f 6832 6837 6830
f 6838 6839 6840
f 6832 6841 6835
f 6835 6841 6842
f 6835 6842 6840
f 6840 6842 6843
f 6840 6843 6838
f 6844 6845 6803
f 6803 6845 6846
f 6844 6803 6847
f 6847 6803 6805
f 6847 6805 6848
f 6831 6830 6849
f 6849 6830 6815
f 6849 6815 6850
f 6850 6815 6817
f 6850 6817 6851
f 6851 6817 6852
f 6851 6852 6846
f 6846 6852 6853
f 6846 6853 6803
f 6854 6855 6807
f 6807 6855 6856
f 6805 6857 6858
f 6856 6859 6807
f 6807 6859 6860
f 6807 6860 6805
f 6805 6860 6861
f 6805 6861 6857
f 6858 6862 6805
f 6805 6862 6863
f 6805 6863 6848
f 6864 6807 6865
f 6865 6807 6798
f 6865 6798 6866
f 6866 6798 6867
f 6854 6807 6868
f 6868 6807 6864
f 6868 6864 6869
f 6869 6864 6870
f 6869 6870 6871
f 6871 6870 6872
f 6871 6872 6873
f 6873 6872 6874
f 6873 6874 6875
f 6875 6876 6873
f 6873 6876 6877
f 6873 6877 6878
f 6878 6879 6873
f 6873 6879 6880
f 6873 6880 6881
f 6882 6883 6881
f 6881 6883 6884
f 6881 6884 6873
f 6661 6648 6615
f 6613 6615 6702
f 6613 6702 6705
f 6705 6702 6885
f 6705 6885 6716
f 6801 6732 6794
f 6794 6732 6768
f 6768 6732 6711
f 6768 6711 6766
f 6766 6711 6784
f 6617 6789 6618
f 6618 6789 6811
f 6618 6811 6798
f 6798 6811 6826
f 6798 6826 6867
f 6622 6624 6635
f 6635 6624 6886
f 6635 6886 6698
f 6698 6886 6787
f 6698 6787 6712
f 6712 6787 6786
f 6712 6786 6762
f 6662 6887 6621
f 6621 6887 6888
f 6621 6888 6665
f 6665 6888 6889
f 6665 6889 6676
f 6676 6889 6890
f 6676 6890 6626
f 6626 6890 6891
f 6611 6811 6612
f 6612 6811 6789
f 6612 6789 6892
f 6892 6789 6787
f 6892 6787 6893
f 6893 6787 6886
f 6893 6886 6894
f 6894 6886 6624
f 6894 6624 6895
f 6895 6624 6626
f 6895 6626 6896
f 6897 6898 6891
f 6891 6898 6899
f 6900 6901 6896
f 6896 6901 6902
f 6896 6902 6903
f 6904 6905 6906
f 6906 6905 6907
f 6907 6908 6906
f 6906 6908 6909
f 6906 6909 6891
f 6891 6909 6910
f 6891 6910 6897
f 6911 6912 6626
f 6903 6913 6896
f 6896 6913 6914
f 6896 6914 6906
f 6906 6914 6915
f 6906 6915 6904
f 6899 6916 6891
f 6891 6916 6917
f 6891 6917 6626
f 6626 6917 6918
f 6626 6918 6911
f 6912 6919 6626
f 6626 6919 6920
f 6626 6920 6896
f 6896 6920 6921
f 6896 6921 6900
f 6887 6922 6888
f 6888 6922 6923
f 6888 6923 6889
f 6889 6923 6924
f 6889 6924 6890
f 6890 6924 6925
f 6890 6925 6891
f 6891 6925 6926
f 6891 6926 6906
f 6906 6926 6927
f 6610 6612 6928
f 6928 6612 6892
f 6928 6892 6929
f 6929 6892 6893
f 6929 6893 6930
f 6930 6893 6894
f 6930 6894 6931
f 6931 6894 6895
f 6931 6895 6932
f 6932 6895 6896
f 6932 6896 6933
f 6933 6896 6906
f 6933 6906 6934
f 6934 6906 6927
f 6934 6927 6935
f 6936 6937 6938
f 6938 6939 6936
f 6936 6939 6940
f 6936 6940 6941
f 6942 6943 6944
f 6945 6946 6941
f 6944 6945 6942
f 6942 6945 6941
f 6942 6941 6947
f 6947 6941 6940
f 6947 6940 6948
f 6948 6940 6949
f 6950 6951 6952
f 6953 6954 6941
f 6952 6953 6950
f 6950 6953 6941
f 6950 6941 6955
f 6955 6941 6946
f 6955 6946 6956
f 6956 6946 6957
f 6958 6959 6960
f 6961 6962 6941
f 6960 6961 6958
f 6958 6961 6941
f 6958 6941 6963
f 6963 6941 6954
f 6963 6954 6964
f 6964 6954 6965
f 6966 6967 6968
f 6968 6967 6941
f 6968 6941 6969
f 6969 6941 6962
f 6969 6962 6970
f 6970 6962 6971
f 6972 6967 6966
f 6966 6973 6972
f 6972 6973 6974
f 6972 6974 6975
f 6976 6960 6959
f 6977 6978 6975
f 6959 6977 6976
f 6976 6977 6975
f 6976 6975 6979
f 6979 6975 6974
f 6979 6974 6971
f 6971 6974 6970
f 6980 6952 6951
f 6981 6982 6975
f 6951 6981 6980
f 6980 6981 6975
f 6980 6975 6983
f 6983 6975 6978
f 6983 6978 6965
f 6965 6978 6964
f 6984 6944 6943
f 6985 6986 6975
f 6943 6985 6984
f 6984 6985 6975
f 6984 6975 6987
f 6987 6975 6982
f 6987 6982 6957
f 6957 6982 6956
f 6938 6937 6988
f 6988 6937 6975
f 6988 6975 6989
f 6989 6975 6986
f 6989 6986 6949
f 6949 6986 6948
f 6990 6991 6992
f 6992 6993 6990
f 6990 6993 6994
f 6990 6994 6995
f 6996 6997 6995
f 6998 6999 7000
f 7000 6996 6998
f 6998 6996 6995
f 6998 6995 7001
f 7001 6995 6994
f 7001 6994 7002
f 7002 6994 7003
f 7004 7005 7006
f 7007 7008 6995
f 7006 7007 7004
f 7004 7007 6995
f 7004 6995 7009
f 7009 6995 6997
f 7009 6997 7010
f 7010 6997 7011
f 7012 7013 7014
f 7015 7016 6995
f 7014 7015 7012
f 7012 7015 6995
f 7012 6995 7017
f 7017 6995 7008
f 7017 7008 7018
f 7018 7008 7019
f 7020 7021 7022
f 7022 7021 6995
f 7022 6995 7023
f 7023 6995 7016
f 7023 7016 7024
f 7024 7016 7025
f 7026 7021 7020
f 7020 7027 7026
f 7026 7027 7028
f 7026 7028 7029
f 7030 7014 7013
f 7031 7032 7029
f 7013 7031 7030
f 7030 7031 7029
f 7030 7029 7033
f 7033 7029 7028
f 7033 7028 7025
f 7025 7028 7024
f 7034 7006 7005
f 7035 7036 7029
f 7005 7035 7034
f 7034 7035 7029
f 7034 7029 7037
f 7037 7029 7032
f 7037 7032 7019
f 7019 7032 7018
f 7038 7000 6999
f 7039 7040 7029
f 7010 7011 7036
f 7036 7011 7041
f 7036 7041 7029
f 7029 7041 7038
f 7029 7038 7039
f 7039 7038 6999
f 6992 6991 7042
f 7042 6991 7029
f 7042 7029 7043
f 7043 7029 7040
f 7043 7040 7003
f 7003 7040 7002
f 7044 7045 7046
f 7046 7045 7047
f 7048 7049 7050
f 7050 7049 7051
f 7052 7053 7044
f 7044 7053 7045
f 7050 7051 7054
f 7054 7051 7055
f 7026 7029 7056
f 7026 7056 7057
f 7057 7056 7058
f 7057 7058 6935
f 6935 7058 6610
f 7053 7058 7056
f 7026 7057 7059
f 7026 7059 7060
f 7060 7059 7061
f 7060 7061 7062
f 7062 7061 7063
f 7062 7063 7055
f 7057 6935 7064
f 7057 7064 7059
f 7059 7064 7061
f 7061 7064 7063
f 7045 7053 6991
f 6991 7053 7056
f 6991 7056 7029
f 7053 7052 7065
f 7053 7065 7066
f 7053 7066 6853
f 7053 6853 7058
f 7058 6853 6610
f 6972 6975 7067
f 6972 7067 7068
f 7068 7067 7069
f 7068 7069 6853
f 6853 7069 6922
f 7054 7055 7063
f 7054 7063 7064
f 7054 7064 6935
f 7054 6935 7069
f 7069 6935 6922
f 7021 7026 7051
f 7051 7026 7060
f 7051 7060 7062
f 7051 7062 7055
f 6990 7070 6991
f 6991 7070 7071
f 6991 7071 7072
f 6991 7072 7045
f 7045 7072 7073
f 7045 7073 7047
f 6972 7068 7074
f 6972 7074 7075
f 7075 7074 7076
f 7075 7076 7077
f 7077 7076 7065
f 7077 7065 7052
f 7068 6853 7066
f 7068 7066 7074
f 7074 7066 7076
f 7076 7066 7065
f 7054 7069 7067
f 7051 7049 7078
f 7051 7078 7021
f 7021 7078 6995
f 6990 6995 7079
f 7079 6995 7078
f 7079 7078 7080
f 7080 7078 7081
f 7081 7078 7082
f 7081 7082 6580
f 7081 6580 6577
f 7083 7084 7085
f 7070 6990 7079
f 7071 7070 7086
f 7084 7073 7072
f 7084 7072 7085
f 7085 7072 7071
f 7047 7073 7087
f 7087 7073 7084
f 7087 7084 7083
f 7070 7079 7086
f 7086 7079 7080
f 7083 7085 7088
f 7080 7081 7088
f 7088 7086 7080
f 7083 7081 6577
f 7085 7071 7086
f 7085 7086 7088
f 7083 7088 7081
f 6967 6972 7044
f 7044 6972 7075
f 7044 7075 7077
f 7044 7077 7052
f 7050 7054 6937
f 6937 7054 7067
f 6937 7067 6975
f 7078 7049 7082
f 7046 7047 7087
f 7046 7087 7083
f 7046 7083 7089
f 7089 7083 6577
f 7089 6577 6557
f 7044 7046 7090
f 7044 7090 6967
f 6967 7090 6941
f 6936 7091 6937
f 6937 7091 7092
f 6937 7092 7093
f 6937 7093 7050
f 7050 7093 7094
f 7050 7094 7048
f 7049 7048 7095
f 7049 7095 7096
f 7049 7096 7082
f 7082 7096 6589
f 7082 6589 6580
f 7090 7046 7089
f 7096 7097 7098
f 7091 6936 7099
f 7092 7091 7100
f 7097 7094 7093
f 7097 7093 7098
f 7098 7093 7092
f 7048 7094 7095
f 7095 7094 7097
f 7095 7097 7096
f 7091 7099 7100
f 7100 7099 7101
f 7096 7098 7102
f 7101 7103 7102
f 7102 7100 7101
f 7096 7103 6589
f 7098 7092 7100
f 7098 7100 7102
f 7096 7102 7103
f 6936 6941 7099
f 7099 6941 7090
f 7099 7090 7101
f 7101 7090 7103
f 7103 7090 7089
f 7103 7089 6557
f 7103 6557 6589
f 7104 7105 7106
f 7106 7105 7107
f 7106 7107 7108
f 7108 7107 7109
f 7108 7109 7110
f 7110 7109 7111
f 7112 7113 7114
f 7114 7113 7115
f 7114 7115 7116
f 7117 7118 7114
f 7114 7118 7119
f 7114 7119 7120
f 7116 7121 7114
f 7114 7121 7122
f 7114 7122 7123
f 7123 7124 7114
f 7114 7124 7125
f 7114 7125 7117
f 7126 7127 7119
f 7119 7127 7128
f 7119 7128 7120
usemtl 0,0,0
f 6901 6900 7129
f 7129 6900 6921
f 7129 6921 6920
f 6913 6903 7129
f 7129 6903 6902
f 7129 6902 6901
f 6904 6915 7129
f 7129 6915 6914
f 7129 6914 6913
f 6908 6907 7129
f 7129 6907 6905
f 7129 6905 6904
f 6897 6910 7129
f 7129 6910 6909
f 7129 6909 6908
f 6916 6899 7129
f 7129 6899 6898
f 7129 6898 6897
f 6911 6918 7129
f 7129 6918 6917
f 7129 6917 6916
f 6920 6919 7129
f 7129 6919 6912
f 7129 6912 6911
f 6880 6879 6878
f 6869 6871 6873
f 6855 6854 6868
f 6848 6844 6847
f 6845 6851 6846
f 6835 6840 6839
f 6816 6815 6830
f 6836 6833 6834
f 6823 6825 6824
f 6826 6825 6867
f 6864 6865 6870
f 6870 6865 6866
f 6870 6866 6872
f 6872 6866 6867
f 6872 6867 6874
f 6874 6867 6825
f 6874 6825 6875
f 6875 6825 6823
f 6875 6823 6876
f 6876 6823 6822
f 6876 6822 6877
f 6877 6822 6821
f 6877 6821 6878
f 6878 6821 6820
f 6878 6820 6814
f 6878 6814 6880
f 6880 6814 6813
f 6880 6813 6881
f 6881 6813 6829
f 6881 6829 6882
f 6882 6829 6828
f 6882 6828 6883
f 6883 6828 6827
f 6883 6827 6884
f 6884 6827 6819
f 6884 6819 6873
f 6873 6819 6818
f 6873 6818 6816
f 6873 6816 6869
f 6869 6816 6830
f 6869 6830 6868
f 6868 6830 6837
f 6868 6837 6855
f 6855 6837 6836
f 6855 6836 6856
f 6856 6836 6834
f 6856 6834 6859
f 6859 6834 6860
f 6860 6834 6835
f 6860 6835 6861
f 6861 6835 6839
f 6861 6839 6857
f 6857 6839 6858
f 6858 6839 6838
f 6858 6838 6862
f 6862 6838 6843
f 6862 6843 6863
f 6863 6843 6842
f 6863 6842 6848
f 6848 6842 6841
f 6848 6841 6844
f 6844 6841 6832
f 6844 6832 6845
f 6845 6832 6831
f 6845 6831 6851
f 6851 6831 6849
f 6851 6849 6850
f 6802 6800 6799
f 6797 6809 6791
f 6791 6809 6804
f 6804 6802 6791
f 6791 6802 6799
f 6791 6799 6792
f 6792 6799 6793
f 6792 6793 6796
f 6796 6793 6795
f 6765 6764 6774
f 6773 6763 6762
f 6773 6762 6786
f 6766 6784 6783
f 6783 6782 6781
f 6781 6780 6779
f 6779 6778 6765
f 6777 6776 6775
f 6769 6767 6766
f 6617 6616 6788
f 6788 6616 6785
f 6616 6772 6771
f 6771 6761 6760
f 6760 6759 6777
f 6765 6771 6760
f 6783 6781 6777
f 6777 6781 6779
f 6765 6760 6777
f 6775 6766 6777
f 6777 6766 6783
f 6777 6779 6765
f 6785 6616 6765
f 6765 6616 6771
f 6774 6773 6785
f 6785 6773 6786
f 6766 6775 6770
f 6766 6770 6769
f 6785 6765 6774
f 6725 6724 6748
f 6753 6758 6757
f 6738 6737 6744
f 6740 6739 6741
f 6728 6727 6729
f 6709 6707 6706
f 6723 6719 6718
f 6713 6708 6714
f 6714 6708 6722
f 6755 6738 6756
f 6756 6738 6744
f 6756 6744 6747
f 6747 6744 6743
f 6747 6743 6746
f 6746 6743 6742
f 6746 6742 6745
f 6724 6723 6706
f 6706 6723 6709
f 6709 6723 6718
f 6709 6718 6710
f 6710 6718 6717
f 6710 6717 6720
f 6720 6717 6704
f 6720 6704 6721
f 6721 6704 6703
f 6721 6703 6722
f 6722 6703 6715
f 6722 6715 6714
f 6724 6706 6729
f 6724 6729 6748
f 6748 6729 6727
f 6748 6727 6749
f 6749 6727 6726
f 6749 6726 6750
f 6750 6726 6736
f 6750 6736 6751
f 6751 6736 6735
f 6751 6735 6752
f 6752 6735 6734
f 6752 6734 6757
f 6757 6734 6733
f 6757 6733 6731
f 6757 6731 6753
f 6753 6731 6730
f 6753 6730 6754
f 6754 6730 6741
f 6754 6741 6755
f 6755 6741 6739
f 6755 6739 6738
f 6702 6701 6716
f 6716 6701 6699
f 6716 6699 6696
f 6696 6699 6697
f 6691 6690 6689
f 6680 6682 6684
f 6664 6663 6679
f 6619 6660 6620
f 6661 6647 6648
f 6651 6656 6655
f 6629 6628 6642
f 6652 6649 6650
f 6638 6623 6622
f 6625 6623 6678
f 6674 6675 6681
f 6681 6675 6677
f 6681 6677 6683
f 6683 6677 6678
f 6683 6678 6685
f 6685 6678 6623
f 6685 6623 6686
f 6686 6623 6638
f 6686 6638 6687
f 6687 6638 6637
f 6687 6637 6688
f 6688 6637 6636
f 6688 6636 6689
f 6689 6636 6634
f 6689 6634 6633
f 6689 6633 6691
f 6691 6633 6641
f 6691 6641 6692
f 6692 6641 6640
f 6692 6640 6693
f 6693 6640 6639
f 6693 6639 6694
f 6694 6639 6632
f 6694 6632 6695
f 6695 6632 6631
f 6695 6631 6684
f 6684 6631 6630
f 6684 6630 6629
f 6684 6629 6680
f 6680 6629 6642
f 6680 6642 6679
f 6679 6642 6653
f 6679 6653 6664
f 6664 6653 6652
f 6664 6652 6666
f 6666 6652 6650
f 6666 6650 6669
f 6669 6650 6670
f 6670 6650 6651
f 6670 6651 6671
f 6671 6651 6655
f 6671 6655 6667
f 6667 6655 6668
f 6668 6655 6654
f 6668 6654 6672
f 6672 6654 6659
f 6672 6659 6673
f 6673 6659 6658
f 6673 6658 6619
f 6619 6658 6657
f 6619 6657 6660
f 6660 6657 6644
f 6660 6644 6661
f 6661 6644 6643
f 6661 6643 6647
f 6647 6643 6645
f 6647 6645 6646
f 7104 6605 7105
f 7105 6605 6606
f 7106 6590 7104
f 7104 6590 6583
f 7104 6583 6605
f 6605 6583 6604
f 6590 7106 7111
f 6590 7111 6588
f 6588 7111 7107
f 6588 7107 7105
f 6588 7105 6587
f 6587 7105 6606
f 6587 6606 6586
f 7106 7108 7110
f 7106 7110 7111
f 7111 7109 7107
f 6593 6595 6594
f 6599 6598 6603
f 6600 6599 7126
f 7126 6599 6603
f 7126 6603 7127
f 7127 6603 7128
f 7128 6603 6602
f 7128 6602 7120
f 7120 6602 6601
f 7120 6601 7114
f 7114 6601 6597
f 7114 6597 7112
f 7112 6597 6596
f 7112 6596 7113
f 7113 6596 6595
f 7113 6595 7116
f 7116 6595 6593
f 7116 6593 7121
f 7121 6593 6592
f 7121 6592 7122
f 7122 6592 6591
f 7122 6591 7123
f 7123 6591 6585
f 7123 6585 7124
f 7124 6585 6584
f 7124 6584 7125
f 7125 6584 6609
f 7125 6609 7117
f 7117 6609 6608
f 7117 6608 7118
f 7118 6608 6607
f 7118 6607 7119
f 7119 6607 6600
f 7119 6600 7126
f 7113 7116 7115
f 6527 6530 6523
f 6520 6519 6517
f 6517 6528 6520
f 6520 6528 6527
f 6520 6527 6526
f 6521 6535 6522
f 6522 6535 6526
f 6522 6526 6527
f 6530 6527 6529
f 7130 6576 6578
f 7130 6578 6579
f 7130 6579 6582
f 6576 7130 6534
f 6534 7130 6533
f 6545 6544 6554
f 6525 6541 6552
f 6547 7130 6548
f 6548 7130 6552
f 6552 7130 6582
f 6552 6582 6525
f 6525 6582 6524
f 6573 6572 6574
f 6574 6572 6571
f 6574 6571 6575
f 6575 6571 6570
f 6575 6570 6539
f 6539 6570 6569
f 6539 6569 6540
f 6540 6569 6568
f 6540 6568 6542
f 6542 6568 6555
f 6542 6555 6543
f 6543 6555 6537
f 6543 6537 6553
f 6553 6537 6536
f 6553 6536 6554
f 6554 6536 6567
f 6554 6567 6566
f 6554 6566 6545
f 6545 6566 6565
f 6545 6565 6546
f 6546 6565 6563
f 6546 6563 6551
f 6551 6563 6561
f 6551 6561 6550
f 6550 6561 6560
f 6550 6560 6549
f 6549 6560 6531
f 6549 6531 6547
f 6547 6531 6533
f 6547 6533 7130
f 6538 6556 6564
f 6564 6556 6558
f 6564 6558 6562
f 6562 6558 6532
usemtl 255,255,255
f 7035 7131 7036
f 7036 7131 7132
f 7133 7134 7135
f 7135 7134 7136
f 7137 7133 7138
f 7138 7133 7135
f 7139 7137 7140
f 7140 7137 7138
f 7139 7140 7141
f 7139 7141 7142
f 7143 7142 7144
f 7144 7142 7141
f 7009 7143 7004
f 7004 7143 7144
f 7132 7131 7145
f 7145 7131 7146
f 7134 7145 7136
f 7136 7145 7146
f 7010 7036 7132
f 7010 7132 7143
f 7010 7143 7009
f 7133 7137 7134
f 7134 7137 7139
f 7134 7139 7142
f 7134 7142 7145
f 7145 7142 7143
f 7145 7143 7132
f 7004 7131 7005
f 7005 7131 7035
f 7004 7144 7131
f 7131 7144 7146
f 7146 7144 7136
f 7136 7144 7141
f 7136 7141 7140
f 7136 7140 7135
f 7135 7140 7138
f 7147 7148 7149
f 7149 7148 7150
f 7151 7147 7152
f 7152 7147 7149
f 7153 7151 7154
f 7154 7151 7152
f 7153 7154 7155
f 7153 7155 7156
f 7157 7156 7158
f 7158 7156 7155
f 7007 7157 7008
f 7008 7157 7158
f 7037 7159 7034
f 7034 7159 7160
f 7160 7159 7161
f 7161 7159 7162
f 7148 7161 7150
f 7150 7161 7162
f 7006 7034 7160
f 7006 7160 7157
f 7006 7157 7007
f 7147 7151 7148
f 7148 7151 7153
f 7148 7153 7156
f 7148 7156 7161
f 7161 7156 7157
f 7161 7157 7160
f 7008 7159 7019
f 7019 7159 7037
f 7008 7158 7159
f 7159 7158 7162
f 7162 7158 7150
f 7150 7158 7155
f 7150 7155 7154
f 7150 7154 7149
f 7149 7154 7152
f 7163 7164 7165
f 7165 7164 7166
f 7167 7163 7168
f 7168 7163 7165
f 7169 7167 7170
f 7170 7167 7168
f 7169 7170 7171
f 7169 7171 7172
f 7173 7172 7174
f 7174 7172 7171
f 7017 7173 7012
f 7012 7173 7174
f 7031 7175 7032
f 7032 7175 7176
f 7176 7175 7177
f 7177 7175 7178
f 7164 7177 7166
f 7166 7177 7178
f 7018 7032 7176
f 7018 7176 7173
f 7018 7173 7017
f 7163 7167 7164
f 7164 7167 7169
f 7164 7169 7172
f 7164 7172 7177
f 7177 7172 7173
f 7177 7173 7176
f 7012 7175 7013
f 7013 7175 7031
f 7012 7174 7175
f 7175 7174 7178
f 7178 7174 7166
f 7166 7174 7171
f 7166 7171 7170
f 7166 7170 7165
f 7165 7170 7168
f 7179 7180 7181
f 7181 7180 7182
f 7183 7179 7184
f 7184 7179 7181
f 7185 7183 7186
f 7186 7183 7184
f 7185 7186 7187
f 7185 7187 7188
f 7189 7188 7190
f 7190 7188 7187
f 7015 7189 7016
f 7016 7189 7190
f 7033 7191 7030
f 7030 7191 7192
f 7192 7191 7193
f 7193 7191 7194
f 7180 7193 7182
f 7182 7193 7194
f 7014 7030 7192
f 7014 7192 7189
f 7014 7189 7015
f 7179 7183 7180
f 7180 7183 7185
f 7180 7185 7188
f 7180 7188 7193
f 7193 7188 7189
f 7193 7189 7192
f 7016 7191 7025
f 7025 7191 7033
f 7016 7190 7191
f 7191 7190 7194
f 7194 7190 7182
f 7182 7190 7187
f 7182 7187 7186
f 7182 7186 7181
f 7181 7186 7184
f 7195 7196 7197
f 7197 7196 7198
f 7199 7195 7200
f 7200 7195 7197
f 7201 7199 7202
f 7202 7199 7200
f 7201 7202 7203
f 7201 7203 7204
f 7205 7204 7206
f 7206 7204 7203
f 7023 7205 7022
f 7022 7205 7206
f 7027 7207 7028
f 7028 7207 7208
f 7208 7207 7209
f 7209 7207 7210
f 7196 7209 7198
f 7198 7209 7210
f 7024 7028 7208
f 7024 7208 7205
f 7024 7205 7023
f 7195 7199 7196
f 7196 7199 7201
f 7196 7201 7204
f 7196 7204 7209
f 7209 7204 7205
f 7209 7205 7208
f 7022 7207 7020
f 7020 7207 7027
f 7022 7206 7207
f 7207 7206 7210
f 7210 7206 7198
f 7198 7206 7203
f 7198 7203 7202
f 7198 7202 7197
f 7197 7202 7200
f 7211 7212 7213
f 7213 7212 7214
f 7215 7211 7216
f 7216 7211 7213
f 7217 7215 7218
f 7218 7215 7216
f 7217 7218 7219
f 7217 7219 7220
f 7221 7220 7222
f 7222 7220 7219
f 6996 7221 6997
f 6997 7221 7222
f 7041 7223 7038
f 7038 7223 7224
f 7224 7223 7225
f 7225 7223 7226
f 7212 7225 7214
f 7214 7225 7226
f 7000 7038 7224
f 7000 7224 7221
f 7000 7221 6996
f 7211 7215 7212
f 7212 7215 7217
f 7212 7217 7220
f 7212 7220 7225
f 7225 7220 7221
f 7225 7221 7224
f 6997 7223 7011
f 7011 7223 7041
f 6997 7222 7223
f 7223 7222 7226
f 7226 7222 7214
f 7214 7222 7219
f 7214 7219 7218
f 7214 7218 7213
f 7213 7218 7216
f 7227 7228 7229
f 7229 7228 7230
f 7231 7227 7232
f 7232 7227 7229
f 7233 7231 7234
f 7234 7231 7232
f 7233 7234 7235
f 7233 7235 7236
f 7237 7236 7238
f 7238 7236 7235
f 7001 7237 6998
f 6998 7237 7238
f 7039 7239 7040
f 7040 7239 7240
f 7240 7239 7241
f 7241 7239 7242
f 7228 7241 7230
f 7230 7241 7242
f 7002 7040 7240
f 7002 7240 7237
f 7002 7237 7001
f 7227 7231 7228
f 7228 7231 7233
f 7228 7233 7236
f 7228 7236 7241
f 7241 7236 7237
f 7241 7237 7240
f 6998 7239 6999
f 6999 7239 7039
f 6998 7238 7239
f 7239 7238 7242
f 7242 7238 7230
f 7230 7238 7235
f 7230 7235 7234
f 7230 7234 7229
f 7229 7234 7232
f 7243 7244 7245
f 7245 7244 7246
f 7247 7243 7248
f 7248 7243 7245
f 7249 7247 7250
f 7250 7247 7248
f 7249 7250 7251
f 7249 7251 7252
f 7253 7252 7254
f 7254 7252 7251
f 6993 7253 6994
f 6994 7253 7254
f 7043 7255 7042
f 7042 7255 7256
f 7256 7255 7257
f 7257 7255 7258
f 7244 7257 7246
f 7246 7257 7258
f 6992 7042 7256
f 6992 7256 7253
f 6992 7253 6993
f 7243 7247 7244
f 7244 7247 7249
f 7244 7249 7252
f 7244 7252 7257
f 7257 7252 7253
f 7257 7253 7256
f 6994 7255 7003
f 7003 7255 7043
f 6994 7254 7255
f 7255 7254 7258
f 7258 7254 7246
f 7246 7254 7251
f 7246 7251 7250
f 7246 7250 7245
f 7245 7250 7248
f 7259 7260 7261
f 7261 7260 7262
f 7260 7263 7262
f 7262 7263 7264
f 7263 7265 7264
f 7264 7265 7266
f 7267 7268 7266
f 7267 7266 7265
f 7267 7269 7268
f 7268 7269 7270
f 7269 6954 7270
f 7270 6954 6953
f 7271 6980 7272
f 7272 6980 6983
f 7273 7274 7272
f 7272 7274 7271
f 7273 7259 7274
f 7274 7259 7261
f 6954 7272 6965
f 6965 7272 6983
f 6954 7269 7272
f 7272 7269 7273
f 7273 7269 7259
f 7259 7269 7267
f 7259 7267 7265
f 7259 7265 7260
f 7260 7265 7263
f 6952 6980 7271
f 6952 7271 7270
f 6952 7270 6953
f 7262 7264 7261
f 7261 7264 7266
f 7261 7266 7268
f 7261 7268 7274
f 7274 7268 7270
f 7274 7270 7271
f 7275 7276 7277
f 7277 7276 7278
f 7276 7279 7278
f 7278 7279 7280
f 7279 7281 7280
f 7280 7281 7282
f 7283 7284 7282
f 7283 7282 7281
f 7283 7285 7284
f 7284 7285 7286
f 7285 6950 7286
f 7286 6950 6955
f 7287 6982 7288
f 7288 6982 6981
f 7289 7290 7288
f 7288 7290 7287
f 7289 7275 7290
f 7290 7275 7277
f 6950 7288 6951
f 6951 7288 6981
f 6950 7285 7288
f 7288 7285 7289
f 7289 7285 7275
f 7275 7285 7283
f 7275 7283 7281
f 7275 7281 7276
f 7276 7281 7279
f 6956 6982 7287
f 6956 7287 7286
f 6956 7286 6955
f 7278 7280 7277
f 7277 7280 7282
f 7277 7282 7284
f 7277 7284 7290
f 7290 7284 7286
f 7290 7286 7287
f 7291 7292 7293
f 7293 7292 7294
f 7292 7295 7294
f 7294 7295 7296
f 7295 7297 7296
f 7296 7297 7298
f 7299 7300 7298
f 7299 7298 7297
f 7299 7301 7300
f 7300 7301 7302
f 7301 6946 7302
f 7302 6946 6945
f 7303 6984 7304
f 7304 6984 6987
f 7305 7306 7304
f 7304 7306 7303
f 7305 7291 7306
f 7306 7291 7293
f 6946 7304 6957
f 6957 7304 6987
f 6946 7301 7304
f 7304 7301 7305
f 7305 7301 7291
f 7291 7301 7299
f 7291 7299 7297
f 7291 7297 7292
f 7292 7297 7295
f 6944 6984 7303
f 6944 7303 7302
f 6944 7302 6945
f 7294 7296 7293
f 7293 7296 7298
f 7293 7298 7300
f 7293 7300 7306
f 7306 7300 7302
f 7306 7302 7303
f 7307 7308 7309
f 7309 7308 7310
f 7308 7311 7310
f 7310 7311 7312
f 7311 7313 7312
f 7312 7313 7314
f 7315 7316 7314
f 7315 7314 7313
f 7315 7317 7316
f 7316 7317 7318
f 7317 6942 7318
f 7318 6942 6947
f 7319 6986 7320
f 7320 6986 6985
f 7321 7322 7320
f 7320 7322 7319
f 7321 7307 7322
f 7322 7307 7309
f 6942 7320 6943
f 6943 7320 6985
f 6942 7317 7320
f 7320 7317 7321
f 7321 7317 7307
f 7307 7317 7315
f 7307 7315 7313
f 7307 7313 7308
f 7308 7313 7311
f 6948 6986 7319
f 6948 7319 7318
f 6948 7318 6947
f 7310 7312 7309
f 7309 7312 7314
f 7309 7314 7316
f 7309 7316 7322
f 7322 7316 7318
f 7322 7318 7319
f 7323 7324 7325
f 7325 7324 7326
f 7324 7327 7326
f 7326 7327 7328
f 7327 7329 7328
f 7328 7329 7330
f 7331 7332 7330
f 7331 7330 7329
f 7331 7333 7332
f 7332 7333 7334
f 7333 6940 7334
f 7334 6940 6939
f 7335 6988 7336
f 7336 6988 6989
f 7337 7338 7336
f 7336 7338 7335
f 7337 7323 7338
f 7338 7323 7325
f 6940 7336 6949
f 6949 7336 6989
f 6940 7333 7336
f 7336 7333 7337
f 7337 7333 7323
f 7323 7333 7331
f 7323 7331 7329
f 7323 7329 7324
f 7324 7329 7327
f 6938 6988 7335
f 6938 7335 7334
f 6938 7334 6939
f 7326 7328 7325
f 7325 7328 7330
f 7325 7330 7332
f 7325 7332 7338
f 7338 7332 7334
f 7338 7334 7335
f 7339 7340 7341
f 7341 7340 7342
f 7340 7343 7342
f 7342 7343 7344
f 7343 7345 7344
f 7344 7345 7346
f 7347 7348 7346
f 7347 7346 7345
f 7347 7349 7348
f 7348 7349 7350
f 7349 6958 7350
f 7350 6958 6963
f 7351 6978 7352
f 7352 6978 6977
f 7353 7354 7352
f 7352 7354 7351
f 7353 7339 7354
f 7354 7339 7341
f 6958 7352 6959
f 6959 7352 6977
f 6958 7349 7352
f 7352 7349 7353
f 7353 7349 7339
f 7339 7349 7347
f 7339 7347 7345
f 7339 7345 7340
f 7340 7345 7343
f 6964 6978 7351
f 6964 7351 7350
f 6964 7350 6963
f 7342 7344 7341
f 7341 7344 7346
f 7341 7346 7348
f 7341 7348 7354
f 7354 7348 7350
f 7354 7350 7351
f 7355 7356 7357
f 7357 7356 7358
f 7356 7359 7358
f 7358 7359 7360
f 7359 7361 7360
f 7360 7361 7362
f 7363 7364 7362
f 7363 7362 7361
f 7363 7365 7364
f 7364 7365 7366
f 7365 6962 7366
f 7366 6962 6961
f 7367 6976 7368
f 7368 6976 6979
f 7369 7370 7368
f 7368 7370 7367
f 7369 7355 7370
f 7370 7355 7357
f 6962 7368 6971
f 6971 7368 6979
f 6962 7365 7368
f 7368 7365 7369
f 7369 7365 7355
f 7355 7365 7363
f 7355 7363 7361
f 7355 7361 7356
f 7356 7361 7359
f 6960 6976 7367
f 6960 7367 7366
f 6960 7366 6961
f 7358 7360 7357
f 7357 7360 7362
f 7357 7362 7364
f 7357 7364 7370
f 7370 7364 7366
f 7370 7366 7367
f 7371 7372 7373
f 7373 7372 7374
f 7372 7375 7374
f 7374 7375 7376
f 7375 7377 7376
f 7376 7377 7378
f 7379 7380 7378
f 7379 7378 7377
f 7379 7381 7380
f 7380 7381 7382
f 7381 6968 7382
f 7382 6968 6969
f 7383 6974 7384
f 7384 6974 6973
f 7385 7386 7384
f 7384 7386 7383
f 7385 7371 7386
f 7386 7371 7373
f 6968 7384 6966
f 6966 7384 6973
f 6968 7381 7384
f 7384 7381 7385
f 7385 7381 7371
f 7371 7381 7379
f 7371 7379 7377
f 7371 7377 7372
f 7372 7377 7375
f 6970 6974 7383
f 6970 7383 7382
f 6970 7382 6969
f 7374 7376 7373
f 7373 7376 7378
f 7373 7378 7380
f 7373 7380 7386
f 7386 7380 7382
f 7386 7382 7383
usemtl 54,54,54
f 7387 7388 7389
f 7389 7388 7390
f 7389 7390 7391
f 7392 7393 7394
f 7394 7393 7395
f 7394 7395 7396
f 7397 7398 7399
f 7399 7398 7400
f 7399 7400 7401
f 7402 7403 7404
f 7404 7403 7405
f 7396 7406 7394
f 7394 7406 7407
f 7394 7407 7408
f 7409 7410 7394
f 7394 7410 7411
f 7412 7413 7414
f 7414 7413 7415
f 7411 7416 7394
f 7394 7416 7415
f 7394 7415 7417
f 7417 7415 7413
f 7418 7389 7392
f 7392 7389 7391
f 7392 7391 7393
f 7408 7419 7394
f 7394 7419 7420
f 7394 7420 7409
f 7421 7422 7423
f 7423 7422 7424
f 7421 7425 7422
f 7422 7425 7426
f 7422 7426 7427
f 7428 7429 7430
f 7430 7429 7431
f 7430 7431 7432
f 7432 7433 7430
f 7430 7433 7434
f 7430 7434 7435
f 7435 7434 7399
f 7435 7399 7405
f 7405 7399 7401
f 7405 7401 7404
f 7404 7401 7436
f 7404 7436 7437
f 7422 7403 7424
f 7424 7403 7402
f 7424 7402 7438
f 7438 7402 7439
f 7426 7440 7427
f 7427 7440 7441
f 7427 7441 7430
f 7430 7441 7442
f 7430 7442 7428
f 7434 7443 7444
f 7445 7399 7434
f 7445 7434 7446
f 7446 7434 7444
f 7443 7387 7444
f 7444 7387 7389
f 7444 7389 7447
f 7447 7389 7448
f 7449 7450 7451
f 7452 7453 7454
f 7455 7456 7457
f 7458 7459 7460
f 7461 7462 7454
f 7463 7464 7460
f 7460 7464 7461
f 7460 7461 7458
f 7458 7461 7454
f 7458 7454 7465
f 7465 7454 7453
f 7466 7467 7468
f 7469 7470 7471
f 7471 7470 7472
f 7471 7472 7473
f 7470 7389 7472
f 7472 7389 7418
f 7472 7418 7402
f 7402 7418 7474
f 7402 7474 7439
f 7468 7475 7466
f 7466 7475 7476
f 7466 7476 7461
f 7461 7476 7449
f 7461 7449 7462
f 7462 7449 7451
f 7456 7477 7457
f 7457 7477 7478
f 7457 7478 7479
f 7479 7480 7457
f 7457 7480 7481
f 7457 7481 7454
f 7454 7481 7482
f 7454 7482 7452
f 7483 7484 7485
f 7485 7484 7486
f 7389 7487 7488
f 7468 7448 7475
f 7475 7448 7389
f 7475 7389 7457
f 7457 7389 7488
f 7457 7488 7455
f 7470 7489 7389
f 7389 7489 7490
f 7389 7490 7487
f 7487 7490 7485
f 7487 7485 7491
f 7491 7485 7486
f 7491 7486 7492
f 7459 7493 7460
f 7460 7493 7494
f 7460 7494 7491
f 7471 7460 7469
f 7469 7460 7491
f 7469 7491 7495
f 7495 7491 7492
f 7495 7492 7496
f 7496 7492 7497
f 7498 7499 7500
f 7501 7502 7503
f 7503 7502 7498
f 7503 7498 7504
f 7504 7498 7500
f 7505 7506 7507
f 7508 7509 7510
f 7510 7509 7505
f 7510 7505 7507
f 7501 7503 7507
f 7509 7508 7511
f 7512 7513 7514
f 7468 7500 7499
f 7511 7512 7509
f 7509 7512 7514
f 7509 7514 7499
f 7499 7514 7515
f 7499 7515 7468
f 7516 7517 7515
f 7515 7517 7518
f 7515 7518 7468
f 7468 7518 7519
f 7468 7519 7448
f 7448 7519 7520
f 7521 7522 7523
f 7523 7524 7521
f 7521 7524 7525
f 7521 7525 7526
f 7526 7525 7527
f 7528 7529 7530
f 7530 7529 7531
f 7531 7529 7532
f 7531 7532 7533
f 7534 7535 7536
f 7536 7537 7534
f 7534 7537 7538
f 7534 7538 7539
f 7539 7538 7540
f 7541 7542 7543
f 7543 7542 7544
f 7544 7542 7545
f 7544 7545 7546
f 7547 7548 7549
f 7549 7548 7550
f 7549 7525 7547
f 7547 7525 7524
f 7547 7524 7551
f 7551 7524 7532
f 7551 7532 7552
f 7545 7542 7553
f 7554 7555 7552
f 7553 7554 7545
f 7545 7554 7552
f 7545 7552 7537
f 7537 7552 7532
f 7537 7532 7538
f 7538 7532 7529
f 7556 7557 7555
f 7555 7557 7558
f 7555 7558 7552
f 7552 7558 7559
f 7552 7559 7560
f 7560 7559 7561
f 7560 7561 7562
f 7563 7560 7564
f 7564 7560 7562
f 7565 7566 7567
f 7567 7566 7568
f 7569 7570 7571
f 7571 7570 7572
f 7563 7564 7573
f 7568 7566 7564
f 7564 7566 7573
f 7565 7567 7574
f 7550 7548 7567
f 7567 7548 7574
f 7571 7573 7569
f 7569 7573 7574
f 7574 7573 7566
f 7574 7566 7565
f 7552 7560 7572
f 7572 7560 7563
f 7573 7571 7572
f 7573 7572 7563
f 7569 7574 7570
f 7574 7548 7570
f 7547 7551 7548
f 7548 7551 7570
f 7570 7551 7572
f 7572 7551 7552
f 7575 7556 7576
f 7576 7556 7577
f 7577 7556 7555
f 7577 7555 7578
f 7579 7580 7581
f 7581 7554 7579
f 7579 7554 7553
f 7579 7553 7582
f 7582 7553 7583
f 7578 7581 7577
f 7577 7581 7580
f 7581 7578 7554
f 7554 7578 7555
f 7584 7561 7585
f 7585 7561 7586
f 7586 7561 7559
f 7586 7559 7587
f 7588 7589 7590
f 7590 7558 7588
f 7588 7558 7557
f 7588 7557 7591
f 7591 7557 7592
f 7587 7590 7586
f 7586 7590 7589
f 7590 7587 7558
f 7558 7587 7559
f 7533 7523 7531
f 7531 7523 7522
f 7523 7533 7524
f 7524 7533 7532
f 7546 7536 7544
f 7544 7536 7535
f 7536 7546 7537
f 7537 7546 7545
f 7580 7579 7577
f 7589 7588 7586
f 7521 7531 7522
f 7534 7544 7535
f 7553 7542 7593
f 7553 7593 7556
f 7556 7593 7517
f 7525 7549 7593
f 7594 7595 7596
f 7542 7538 7593
f 7593 7538 7529
f 7593 7529 7525
f 7597 7517 7516
f 7562 7561 7597
f 7597 7561 7517
f 7557 7556 7517
f 7557 7517 7561
f 7594 7596 7598
f 7513 7564 7597
f 7597 7564 7562
f 7599 7593 7600
f 7600 7593 7549
f 7600 7549 7596
f 7596 7549 7550
f 7568 7564 7601
f 7601 7564 7513
f 7601 7513 7512
f 7567 7598 7596
f 7567 7596 7550
f 7598 7567 7601
f 7601 7567 7568
f 7528 7602 7603
f 7539 7604 7543
f 7543 7604 7605
f 7583 7575 7602
f 7582 7583 7541
f 7541 7583 7602
f 7541 7602 7540
f 7540 7602 7528
f 7540 7528 7539
f 7539 7528 7530
f 7539 7530 7604
f 7604 7530 7526
f 7604 7526 7603
f 7603 7526 7527
f 7603 7527 7528
f 7541 7543 7582
f 7582 7543 7605
f 7582 7605 7576
f 7576 7605 7591
f 7576 7591 7575
f 7575 7591 7592
f 7575 7592 7602
f 7602 7592 7584
f 7602 7584 7605
f 7605 7584 7585
f 7605 7585 7591
f 7436 7606 7437
f 7437 7606 7607
f 7472 7608 7609
f 7472 7609 7473
f 7610 7611 7612
f 7612 7611 7613
f 7614 7398 7615
f 7615 7398 7397
f 7508 7616 7511
f 7511 7616 7617
f 7511 7617 7618
f 7467 7619 7468
f 7468 7619 7616
f 7468 7616 7500
f 7500 7616 7508
f 7500 7508 7504
f 7504 7508 7510
f 7620 7621 7617
f 7621 7622 7617
f 7617 7622 7623
f 7617 7623 7618
f 7397 7612 7615
f 7615 7612 7613
f 7615 7613 7624
f 7624 7613 7625
f 7624 7625 7626
f 7626 7627 7624
f 7624 7627 7628
f 7624 7628 7629
f 7629 7630 7624
f 7624 7630 7631
f 7624 7631 7617
f 7617 7631 7632
f 7617 7632 7620
f 7602 7616 7619
f 7633 7607 7606
f 7634 7635 7636
f 7636 7635 7637
f 7619 7638 7602
f 7602 7638 7636
f 7602 7636 7603
f 7603 7636 7637
f 7603 7637 7639
f 7614 7615 7640
f 7640 7615 7603
f 7640 7603 7641
f 7609 7608 7639
f 7639 7608 7642
f 7639 7642 7603
f 7603 7642 7633
f 7603 7633 7641
f 7641 7633 7606
f 7515 7514 7643
f 7643 7514 7644
f 7645 7646 7647
f 7647 7646 7648
f 7519 7518 7649
f 7649 7518 7650
f 7464 7463 7634
f 7634 7463 7635
f 7444 7651 7652
f 7444 7652 7446
f 7446 7652 7445
f 7445 7652 7653
f 7519 7649 7653
f 7653 7649 7654
f 7520 7519 7655
f 7655 7519 7653
f 7655 7653 7651
f 7651 7653 7652
f 7650 7593 7599
f 7399 7654 7397
f 7654 7649 7397
f 7397 7649 7650
f 7397 7650 7646
f 7646 7650 7599
f 7625 7613 7594
f 7594 7613 7656
f 7594 7656 7595
f 7612 7397 7657
f 7657 7397 7646
f 7657 7646 7656
f 7656 7646 7645
f 7656 7645 7595
f 7399 7445 7654
f 7654 7445 7653
f 7651 7444 7655
f 7655 7444 7447
f 7447 7448 7655
f 7655 7448 7520
f 7594 7631 7630
f 7594 7630 7629
f 7594 7629 7628
f 7594 7628 7627
f 7594 7627 7626
f 7594 7626 7625
f 7601 7512 7658
f 7658 7512 7632
f 7658 7632 7659
f 7659 7632 7631
f 7659 7631 7598
f 7598 7631 7594
f 7512 7511 7618
f 7512 7618 7623
f 7512 7623 7622
f 7512 7622 7621
f 7512 7621 7620
f 7512 7620 7632
f 7604 7603 7624
f 7624 7603 7615
f 7602 7605 7616
f 7616 7605 7617
f 7605 7604 7617
f 7617 7604 7624
f 7517 7593 7518
f 7518 7593 7650
f 7597 7516 7643
f 7643 7516 7515
f 7513 7597 7644
f 7644 7597 7643
f 7514 7513 7644
f 7598 7601 7659
f 7659 7601 7658
f 7596 7595 7647
f 7647 7595 7645
f 7600 7596 7648
f 7648 7596 7647
f 7599 7600 7646
f 7646 7600 7648
f 7460 7637 7463
f 7463 7637 7635
f 7639 7471 7609
f 7609 7471 7473
f 7471 7639 7460
f 7460 7639 7637
f 7466 7638 7467
f 7467 7638 7619
f 7636 7461 7634
f 7634 7461 7464
f 7461 7636 7466
f 7466 7636 7638
f 7640 7400 7614
f 7614 7400 7398
f 7401 7641 7436
f 7436 7641 7606
f 7641 7401 7640
f 7640 7401 7400
f 7633 7404 7607
f 7607 7404 7437
f 7402 7642 7472
f 7472 7642 7608
f 7642 7402 7633
f 7633 7402 7404
f 7583 7553 7575
f 7575 7553 7556
f 7582 7576 7579
f 7579 7576 7577
f 7592 7557 7584
f 7584 7557 7561
f 7591 7585 7588
f 7588 7585 7586
f 7530 7531 7526
f 7526 7531 7521
f 7527 7525 7528
f 7528 7525 7529
f 7543 7544 7539
f 7539 7544 7534
f 7540 7538 7541
f 7541 7538 7542
f 7660 7656 7613
f 7661 7662 7663
f 7663 7662 7660
f 7663 7660 7611
f 7611 7660 7613
f 7664 7663 7610
f 7610 7663 7611
f 7665 7666 7664
f 7612 7657 7610
f 7610 7657 7665
f 7610 7665 7664
f 7661 7663 7664
f 7666 7665 7662
f 7662 7665 7660
f 7660 7665 7656
f 7656 7665 7657
f 7662 7661 7666
f 7666 7661 7664
f 7507 7503 7510
f 7510 7503 7504
f 7506 7505 7502
f 7502 7505 7498
f 7498 7505 7499
f 7499 7505 7509
f 7507 7506 7501
f 7501 7506 7502
f 7667 7668 7669
f 7669 7668 7670
f 7669 7670 7671
f 7671 7670 7672
f 7671 7672 7673
f 7673 7672 7674
f 7675 7676 7677
f 7677 7676 7678
f 7677 7678 7679
f 7680 7681 7677
f 7677 7681 7682
f 7677 7682 7683
f 7679 7684 7677
f 7677 7684 7685
f 7677 7685 7686
f 7686 7687 7677
f 7677 7687 7688
f 7677 7688 7680
f 7689 7690 7682
f 7682 7690 7691
f 7682 7691 7683
usemtl 255,255,255
f 7451 7674 7457
f 7454 7462 7451
f 7457 7674 7475
f 7457 7454 7451
f 7668 7451 7450
f 7475 7674 7668
f 7475 7668 7476
f 7476 7668 7450
f 7476 7450 7449
f 7451 7668 7667
f 7674 7451 7669
f 7669 7451 7667
f 7674 7669 7671
f 7674 7671 7673
f 7674 7672 7670
f 7668 7674 7670
f 7493 7491 7494
f 7487 7455 7488
f 7482 7481 7480
f 7482 7480 7479
f 7479 7478 7456
f 7456 7478 7477
f 7493 7459 7458
f 7458 7465 7453
f 7453 7452 7482
f 7682 7479 7456
f 7682 7456 7690
f 7690 7456 7683
f 7683 7456 7455
f 7683 7455 7675
f 7675 7455 7487
f 7675 7487 7676
f 7676 7487 7491
f 7676 7491 7679
f 7679 7491 7493
f 7679 7493 7684
f 7684 7493 7458
f 7684 7458 7686
f 7686 7458 7453
f 7686 7453 7688
f 7688 7453 7482
f 7688 7482 7680
f 7680 7482 7682
f 7682 7482 7479
f 7683 7675 7677
f 7683 7691 7690
f 7690 7689 7682
f 7682 7681 7680
f 7688 7687 7686
f 7686 7685 7684
f 7676 7679 7678
f 7497 7486 7484
f 7470 7469 7495
f 7495 7496 7470
f 7470 7496 7497
f 7470 7497 7489
f 7485 7490 7483
f 7483 7490 7489
f 7483 7489 7497
f 7486 7497 7492
f 7438 7439 7474
f 7438 7474 7418
f 7440 7426 7425
f 7425 7421 7423
f 7692 7443 7434
f 7434 7433 7692
f 7692 7433 7432
f 7692 7432 7431
f 7431 7429 7428
f 7442 7441 7440
f 7443 7692 7387
f 7387 7692 7390
f 7387 7390 7388
f 7420 7419 7408
f 7407 7406 7396
f 7396 7395 7393
f 7417 7413 7412
f 7417 7412 7414
f 7414 7415 7416
f 7416 7411 7410
f 7410 7409 7420
f 7392 7394 7417
f 7414 7438 7417
f 7417 7438 7418
f 7417 7418 7392
f 7391 7390 7393
f 7393 7390 7692
f 7393 7692 7396
f 7396 7692 7431
f 7396 7431 7407
f 7407 7431 7408
f 7408 7431 7428
f 7408 7428 7420
f 7420 7428 7442
f 7420 7442 7440
f 7420 7440 7410
f 7410 7440 7425
f 7410 7425 7416
f 7416 7425 7423
f 7416 7423 7414
f 7414 7423 7424
f 7414 7424 7438
f 7430 7435 7427
f 7427 7435 7405
f 7427 7405 7422
f 7422 7405 7403
usemtl 171,171,171
f 7693 7694 7695
f 7695 7694 7696
f 7697 7698 7696
f 7696 7698 7695
f 7696 7699 7697
f 7697 7699 7700
f 7701 7702 7698
f 7698 7702 7695
f 7703 7704 7705
f 7705 7704 7702
f 7705 7702 7699
f 7701 7700 7702
f 7702 7700 7699
f 7706 7707 7708
f 7708 7707 7709
f 7710 7707 7711
f 7711 7707 7706
f 7712 7710 7713
f 7713 7710 7711
f 7696 7694 7705
f 7705 7694 7714
f 7703 7705 7714
f 7714 7712 7713
f 7703 7714 7713
f 7702 7704 7695
f 7695 7704 7715
f 7715 7693 7695
f 7715 7708 7709
f 7693 7715 7709
f 7696 7705 7699
f 7707 7710 7709
f 7709 7710 7712
f 7714 7693 7712
f 7712 7693 7709
f 7711 7706 7713
f 7713 7706 7708
f 7713 7708 7703
f 7703 7708 7715
f 7704 7703 7715
f 7693 7714 7694
f 7700 7701 7697
f 7697 7701 7698
f 7716 7717 7718
f 7718 7717 7719
f 7718 7719 7720
f 7721 7722 7719
f 7719 7722 7720
f 7723 7720 7724
f 7724 7720 7722
f 7721 7719 7725
f 7725 7719 7726
f 7727 7728 7726
f 7726 7728 7723
f 7724 7725 7723
f 7723 7725 7726
f 7729 7730 7731
f 7731 7730 7732
f 7729 7733 7730
f 7730 7733 7734
f 7733 7735 7734
f 7734 7735 7736
f 7723 7728 7718
f 7718 7728 7737
f 7737 7716 7718
f 7736 7735 7737
f 7737 7735 7716
f 7719 7727 7726
f 7738 7727 7719
f 7738 7719 7717
f 7738 7731 7732
f 7727 7738 7732
f 7720 7723 7718
f 7733 7729 7735
f 7735 7729 7731
f 7735 7731 7716
f 7716 7731 7738
f 7737 7727 7736
f 7736 7727 7732
f 7730 7734 7732
f 7732 7734 7736
f 7727 7737 7728
f 7717 7716 7738
f 7725 7724 7721
f 7721 7724 7722
f 7739 7740 7741
f 7741 7740 7742
f 7743 7744 7742
f 7742 7744 7741
f 7742 7745 7743
f 7743 7745 7746
f 7747 7748 7744
f 7744 7748 7741
f 7749 7750 7751
f 7751 7750 7748
f 7751 7748 7745
f 7747 7746 7748
f 7748 7746 7745
f 7752 7753 7754
f 7754 7753 7755
f 7756 7753 7757
f 7757 7753 7752
f 7758 7756 7759
f 7759 7756 7757
f 7760 7751 7740
f 7740 7751 7742
f 7758 7759 7760
f 7760 7759 7749
f 7760 7749 7751
f 7748 7739 7741
f 7748 7750 7761
f 7748 7761 7739
f 7761 7754 7755
f 7755 7739 7761
f 7742 7751 7745
f 7753 7756 7755
f 7755 7756 7758
f 7760 7739 7758
f 7758 7739 7755
f 7757 7752 7759
f 7759 7752 7754
f 7759 7754 7749
f 7749 7754 7761
f 7750 7749 7761
f 7739 7760 7740
f 7746 7747 7743
f 7743 7747 7744
f 7762 7763 7764
f 7764 7763 7765
f 7764 7765 7766
f 7767 7768 7765
f 7765 7768 7766
f 7769 7766 7770
f 7770 7766 7768
f 7767 7765 7771
f 7771 7765 7772
f 7773 7774 7772
f 7772 7774 7775
f 7770 7771 7769
f 7769 7771 7772
f 7769 7772 7775
f 7776 7777 7778
f 7778 7777 7779
f 7776 7780 7777
f 7777 7780 7781
f 7780 7782 7781
f 7781 7782 7783
f 7784 7762 7775
f 7784 7775 7774
f 7775 7762 7764
f 7784 7783 7782
f 7762 7784 7782
f 7765 7763 7772
f 7772 7763 7785
f 7785 7773 7772
f 7778 7779 7785
f 7785 7779 7773
f 7766 7769 7775
f 7766 7775 7764
f 7780 7776 7782
f 7782 7776 7778
f 7782 7778 7762
f 7762 7778 7785
f 7784 7773 7783
f 7783 7773 7779
f 7777 7781 7779
f 7779 7781 7783
f 7773 7784 7774
f 7763 7762 7785
f 7768 7767 7770
f 7770 7767 7771
f 7786 7787 7788
f 7788 7787 7789
f 7787 7790 7789
f 7789 7790 7791
f 7790 7792 7791
f 7791 7792 7793
f 7792 7794 7793
f 7793 7794 7795
f 7796 7797 7795
f 7796 7795 7794
f 7796 7798 7797
f 7797 7798 7799
f 7791 7793 7789
f 7789 7793 7795
f 7800 7801 7799
f 7799 7801 7788
f 7799 7788 7797
f 7797 7788 7789
f 7797 7789 7795
f 7788 7801 7786
f 7786 7801 7802
f 7799 7798 7800
f 7800 7798 7803
f 7792 7790 7794
f 7794 7790 7787
f 7802 7803 7786
f 7786 7803 7798
f 7786 7798 7787
f 7787 7798 7796
f 7787 7796 7794
f 7801 7800 7802
f 7802 7800 7803
f 7804 7805 7806
f 7806 7805 7807
f 7805 7808 7807
f 7807 7808 7809
f 7808 7810 7809
f 7809 7810 7811
f 7810 7812 7811
f 7811 7812 7813
f 7814 7815 7813
f 7814 7813 7812
f 7814 7816 7815
f 7815 7816 7817
f 7809 7811 7807
f 7807 7811 7813
f 7818 7819 7817
f 7817 7819 7806
f 7817 7806 7815
f 7815 7806 7807
f 7815 7807 7813
f 7806 7819 7804
f 7804 7819 7820
f 7817 7816 7818
f 7818 7816 7821
f 7810 7808 7812
f 7812 7808 7805
f 7820 7821 7804
f 7804 7821 7816
f 7804 7816 7805
f 7805 7816 7814
f 7805 7814 7812
f 7819 7818 7820
f 7820 7818 7821
f 7822 7823 7824
f 7824 7823 7825
f 7826 7827 7825
f 7826 7825 7823
f 7826 7828 7827
f 7827 7828 7829
f 7828 7830 7829
f 7829 7830 7831
f 7830 7832 7831
f 7831 7832 7833
f 7832 7834 7833
f 7833 7834 7835
f 7829 7831 7827
f 7827 7831 7833
f 7836 7837 7835
f 7835 7837 7824
f 7835 7824 7833
f 7833 7824 7825
f 7833 7825 7827
f 7834 7838 7835
f 7835 7838 7836
f 7822 7824 7839
f 7839 7824 7837
f 7830 7828 7832
f 7832 7828 7826
f 7839 7838 7822
f 7822 7838 7834
f 7822 7834 7823
f 7823 7834 7832
f 7823 7832 7826
f 7837 7836 7839
f 7839 7836 7838
f 7840 7841 7842
f 7842 7841 7843
f 7844 7845 7843
f 7844 7843 7841
f 7844 7846 7845
f 7845 7846 7847
f 7846 7848 7847
f 7847 7848 7849
f 7848 7850 7849
f 7849 7850 7851
f 7850 7852 7851
f 7851 7852 7853
f 7847 7849 7845
f 7845 7849 7851
f 7854 7855 7853
f 7853 7855 7842
f 7853 7842 7851
f 7851 7842 7843
f 7851 7843 7845
f 7852 7856 7853
f 7853 7856 7854
f 7840 7842 7857
f 7857 7842 7855
f 7848 7846 7850
f 7850 7846 7844
f 7857 7856 7840
f 7840 7856 7852
f 7840 7852 7841
f 7841 7852 7850
f 7841 7850 7844
f 7856 7857 7854
f 7854 7857 7855
f 7858 7859 7860
f 7860 7859 7500
f 7613 7861 7625
f 7625 7861 7862
f 7625 7862 7626
f 7626 7862 7627
f 7627 7862 7628
f 7628 7862 7863
f 7628 7863 7629
f 7629 7863 7630
f 7630 7863 7631
f 7631 7863 7632
f 7632 7863 7864
f 7632 7864 7620
f 7620 7864 7621
f 7621 7864 7865
f 7621 7865 7622
f 7622 7865 7623
f 7623 7865 7618
f 7618 7865 7511
f 7511 7865 7508
f 7508 7865 7866
f 7866 7865 7505
f 7505 7865 7867
f 7498 7868 7860
f 7860 7868 7858
f 7858 7868 7869
f 7870 7871 7867
f 7867 7871 7872
f 7873 7874 7875
f 7875 7874 7876
f 7868 7877 7878
f 7879 7880 7877
f 7877 7880 7878
f 7880 7879 7875
f 7875 7879 7873
f 7872 7875 7867
f 7867 7875 7876
f 7867 7876 7505
f 7505 7876 7881
f 7881 7868 7498
f 7881 7498 7505
f 7881 7882 7868
f 7868 7882 7877
f 7883 7511 7509
f 7509 7511 7508
f 7500 7884 7499
f 7885 7886 7887
f 7887 7886 7883
f 7884 7500 7859
f 7884 7859 7888
f 7499 7884 7509
f 7509 7884 7889
f 7890 7889 7884
f 7509 7891 7892
f 7893 7889 7890
f 7889 7894 7509
f 7509 7894 7891
f 7892 7895 7883
f 7883 7895 7887
f 7509 7892 7883
f 7892 7896 7895
f 7895 7893 7897
f 7893 7890 7897
f 7895 7896 7893
f 7898 7899 7900
f 7900 7899 7901
f 7902 7901 7903
f 7903 7901 7899
f 7904 7905 7906
f 7906 7905 7907
f 7907 7905 7903
f 7903 7905 7902
f 7898 7900 7908
f 7908 7900 7909
f 7910 7911 7906
f 7906 7911 7904
f 7912 7913 7914
f 7914 7913 7915
f 7913 7916 7915
f 7915 7916 7917
f 7918 7919 7920
f 7920 7919 7921
f 7920 7922 7918
f 7918 7922 7923
f 7923 7922 7916
f 7916 7922 7917
f 7924 7919 7925
f 7925 7919 7912
f 7923 7916 7918
f 7918 7916 7913
f 7918 7913 7919
f 7919 7913 7912
f 7921 7914 7920
f 7920 7914 7915
f 7920 7915 7922
f 7922 7915 7917
f 7908 7909 7921
f 7921 7909 7914
f 7924 7925 7910
f 7910 7925 7911
f 7926 7927 7928
f 7863 7929 7864
f 7864 7929 7930
f 7931 7932 7933
f 7934 7935 7926
f 7926 7935 7927
f 7932 7936 7937
f 7863 7938 7929
f 7933 7932 7937
f 7934 7939 7940
f 7941 7942 7930
f 7930 7942 7943
f 7934 7940 7935
f 7926 7928 7938
f 7926 7938 7863
f 7934 7944 7939
f 7935 7940 7945
f 7946 7864 7943
f 7943 7864 7930
f 7933 7947 7864
f 7864 7947 7934
f 7934 7947 7944
f 7946 7931 7864
f 7864 7931 7933
f 7945 7940 7946
f 7946 7940 7931
f 7936 7948 7937
f 7937 7948 7949
f 7948 7950 7949
f 7949 7950 7951
f 7951 7950 7952
f 7952 7950 7953
f 7954 7952 7955
f 7955 7952 7953
f 7955 7956 7954
f 7954 7956 7957
f 7958 7959 7960
f 7631 7961 7962
f 7631 7962 7963
f 7963 7962 7964
f 7632 7965 7631
f 7631 7965 7961
f 7959 7966 7960
f 7957 7956 7959
f 7959 7956 7966
f 7967 7968 7969
f 7963 7970 7971
f 7971 7970 7972
f 7965 7967 7969
f 7964 7973 7963
f 7963 7973 7970
f 7967 7965 7974
f 7974 7965 7632
f 7971 7972 7975
f 7971 7975 7632
f 7632 7975 7958
f 7958 7960 7632
f 7632 7960 7974
f 7974 7960 7976
f 7974 7976 7977
f 7977 7976 7970
f 7977 7970 7973
f 7953 7950 7955
f 7955 7950 7948
f 7955 7948 7956
f 7956 7948 7936
f 7932 7966 7936
f 7936 7966 7956
f 7951 7952 7949
f 7949 7952 7954
f 7949 7954 7937
f 7954 7957 7937
f 7937 7957 7959
f 7937 7959 7933
f 7881 7978 7882
f 7882 7978 7979
f 7980 7979 7981
f 7981 7979 7978
f 7980 7981 7982
f 7982 7981 7983
f 7983 7984 7982
f 7984 7983 7985
f 7985 7891 7984
f 7984 7891 7894
f 7983 7981 7985
f 7985 7981 7978
f 7985 7978 7891
f 7891 7978 7881
f 7980 7982 7979
f 7979 7982 7984
f 7979 7984 7882
f 7984 7894 7882
f 7986 7987 7988
f 7988 7987 7989
f 7898 7990 7899
f 7899 7990 7991
f 7910 7908 7924
f 7991 7992 7993
f 7899 7991 7994
f 7994 7995 7899
f 7996 7997 7998
f 7999 7997 7996
f 7997 7999 8000
f 8001 7898 7908
f 7993 7994 7991
f 7998 8002 8003
f 8004 7997 8005
f 7998 8003 7996
f 7990 7898 8001
f 7921 7919 7908
f 7908 7919 7924
f 7997 8000 8005
f 8001 8004 8005
f 8003 8006 8007
f 7996 8003 8007
f 8008 7998 8009
f 8008 7903 8010
f 8010 7903 7899
f 8002 7998 8008
f 8008 8009 7903
f 7903 8009 7907
f 8011 8012 8013
f 7899 7995 8010
f 8004 8011 8013
f 7910 7906 8014
f 7908 7910 8001
f 8001 7910 8014
f 8001 8014 8004
f 8004 8014 8011
f 8009 8015 7907
f 7907 8015 7906
f 7906 8015 8014
f 7901 8016 7900
f 7900 8017 8018
f 8019 8020 7901
f 7901 8020 8016
f 8021 8022 8023
f 8024 8025 8026
f 8026 8025 8027
f 7900 8016 8017
f 8023 8027 8021
f 7902 7905 8028
f 8028 7905 8029
f 7911 7925 7909
f 7901 7902 8019
f 8019 7902 8028
f 8030 8031 8032
f 8026 8027 8023
f 7912 7914 7925
f 7925 7914 7909
f 8025 8033 8034
f 8019 8028 8035
f 8035 8028 8025
f 8030 8032 8016
f 8016 8032 8017
f 8025 8034 8036
f 8025 8036 8035
f 8037 8038 8021
f 8021 8038 8039
f 8024 8040 8041
f 7909 7900 8022
f 8025 8024 8033
f 8033 8024 8041
f 8039 8042 8021
f 8021 8042 8022
f 8022 8042 7911
f 8022 7911 7909
f 7900 8018 8022
f 8042 7904 7911
f 7904 8042 7905
f 7905 8042 8029
f 8043 8044 8045
f 8046 8047 8048
f 7988 7989 8049
f 8049 7989 8050
f 8049 8050 8051
f 8049 8051 8052
f 8052 8051 7993
f 8052 7993 8046
f 8046 7993 7992
f 8046 8048 8052
f 8053 8054 8051
f 8043 8045 8050
f 8050 8045 8055
f 8050 8055 8051
f 8051 8055 8053
f 8054 8056 8051
f 8057 8058 8059
f 8060 8061 8062
f 8060 8062 8063
f 8063 8062 8064
f 8065 8066 8059
f 8059 8066 8067
f 8059 8067 8057
f 8057 8067 8068
f 8065 8063 8064
f 8065 8064 8066
f 8057 8069 8070
f 8057 8068 8069
f 7987 7986 8064
f 8064 7986 8066
f 8063 8065 8071
f 8063 8071 8072
f 8059 8058 8031
f 8031 8058 8032
f 7991 7990 8017
f 8020 8019 8073
f 8020 8073 7885
f 7885 8073 8074
f 7885 8074 8075
f 7885 8075 8076
f 7885 8076 8077
f 7885 8077 7886
f 8010 7995 8078
f 8010 8078 8079
f 8079 8078 8080
f 8080 8078 8081
f 8081 8078 7871
f 8081 7871 8082
f 8082 7871 8083
f 8083 7871 7870
f 7612 8084 8085
f 8085 8084 8086
f 8022 8018 7897
f 8022 7897 7890
f 7511 7883 7618
f 7618 7883 8087
f 7618 8087 7623
f 7623 8087 8088
f 7623 8088 7622
f 7622 8088 8089
f 7622 8089 7621
f 7621 8089 8090
f 7621 8090 7620
f 7620 8090 8091
f 7620 8091 7632
f 7632 8091 7971
f 7878 7880 8001
f 8001 7880 8092
f 8001 8092 7990
f 7867 7865 8093
f 8093 7865 8094
f 8094 7865 8095
f 8095 7865 8096
f 8096 7865 7864
f 8096 7864 8097
f 8097 7864 7934
f 7887 7872 7885
f 7885 7872 7871
f 7885 7871 8078
f 7885 8078 8020
f 8020 8078 7995
f 7875 7872 7895
f 7895 7872 7887
f 8018 7990 8092
f 8018 8092 7897
f 7875 7895 7880
f 7880 7895 7897
f 7880 7897 8092
f 7994 8016 7995
f 8061 8044 8062
f 8062 8044 8043
f 8051 8065 7993
f 7993 8065 8059
f 7993 8059 8031
f 7993 8031 7994
f 7994 8031 8030
f 8060 8063 8045
f 8045 8063 8055
f 8045 8044 8060
f 8060 8044 8061
f 8053 8055 8063
f 8064 8050 7987
f 7987 8050 7989
f 8062 8043 8064
f 8064 8043 8050
f 8066 8049 8067
f 8067 8049 8052
f 8066 7986 8049
f 8049 7986 7988
f 8068 8067 8052
f 7991 8032 7992
f 7992 8032 8058
f 7992 8058 8046
f 8046 8058 8057
f 8068 8052 8048
f 8068 8048 8069
f 8046 8057 8070
f 8046 8070 8047
f 8047 8070 8069
f 8047 8069 8048
f 8053 8063 8072
f 8053 8072 8054
f 8065 8051 8056
f 8065 8056 8071
f 8071 8056 8054
f 8071 8054 8072
f 7991 8017 8032
f 8016 7994 8030
f 8017 7990 8018
f 7995 8016 8020
f 8023 8005 8098
f 8098 8005 8099
f 7878 8001 7890
f 7890 8001 8022
f 8022 8001 8023
f 8023 8001 8005
f 7869 7888 7858
f 7858 7888 7859
f 7884 7888 7868
f 7868 7888 7869
f 7890 7868 7878
f 7884 7868 7890
f 7879 7877 7893
f 7893 7877 7889
f 7896 7892 7874
f 7874 7892 7876
f 7882 7894 7877
f 7877 7894 7889
f 7876 7892 7881
f 7881 7892 7891
f 7879 7893 7873
f 7873 7893 7896
f 7873 7896 7874
f 7944 7947 7972
f 7972 7947 7975
f 7972 7970 7939
f 7939 7970 7940
f 7970 7976 7940
f 7940 7976 7931
f 7944 7972 7939
f 7933 7958 7947
f 7947 7958 7975
f 7931 7976 7960
f 7958 7933 7959
f 7931 7960 7932
f 7932 7960 7966
f 7998 7997 8025
f 8025 7997 8027
f 8025 8028 7998
f 7998 8028 8009
f 8029 8042 8015
f 8015 8042 8014
f 8009 8028 8015
f 8015 8028 8029
f 8004 8021 8027
f 8004 8027 7997
f 8100 8038 8101
f 8101 8038 8037
f 8101 8102 8100
f 8100 8102 8103
f 8012 8104 8013
f 8013 8104 8105
f 8104 8106 8105
f 8105 8106 8107
f 8107 8106 8102
f 8102 8106 8103
f 8011 8039 8012
f 8012 8039 8038
f 8012 8038 8104
f 8104 8038 8100
f 8104 8100 8106
f 8106 8100 8103
f 8004 8013 8021
f 8021 8013 8037
f 8107 8102 8105
f 8105 8102 8101
f 8105 8101 8013
f 8013 8101 8037
f 8014 8042 8011
f 8011 8042 8039
f 8108 7942 8109
f 8109 7942 7941
f 8109 8110 8108
f 8108 8110 8111
f 8111 8110 8112
f 8112 8110 8113
f 8114 8112 8115
f 8115 8112 8113
f 7968 8114 7969
f 7969 8114 8115
f 7943 7942 7967
f 7967 7942 7968
f 8111 8112 8108
f 8108 8112 8114
f 8108 8114 7942
f 7942 8114 7968
f 8113 8110 8115
f 8115 8110 8109
f 8115 8109 7969
f 7969 8109 7941
f 7930 7965 7941
f 7941 7965 7969
f 8116 7862 7660
f 7660 7862 7861
f 8085 8117 7665
f 8118 8119 8120
f 8120 8119 8116
f 8117 8085 8086
f 8117 8086 8121
f 8122 8123 8116
f 8123 8120 8116
f 7660 8124 8122
f 7665 8117 7660
f 7660 8117 8125
f 8125 8117 8099
f 8125 8099 8126
f 7660 8122 8116
f 8125 8127 7660
f 7660 8127 8124
f 8122 8128 8123
f 8123 8128 8126
f 8123 8126 8129
f 8126 8099 8129
f 8130 8124 8131
f 8131 8124 8127
f 8132 8130 8133
f 8133 8130 8131
f 8132 8133 8134
f 8134 8133 8135
f 8136 8137 8134
f 8136 8134 8135
f 8138 8137 8139
f 8139 8137 8136
f 7613 7625 7656
f 7656 7625 8140
f 7657 8141 7612
f 7612 8141 8084
f 8084 8141 8142
f 8143 8144 8140
f 8140 8144 8145
f 8146 8147 8148
f 8140 8149 7656
f 8150 8151 8148
f 8148 8151 8149
f 8141 8152 8098
f 8147 8146 8152
f 8152 8146 8098
f 8148 8147 8150
f 8138 8139 8141
f 8141 8139 8152
f 8145 8148 8140
f 8140 8148 8149
f 7656 8149 8138
f 8138 8141 7657
f 8138 7657 7656
f 8132 8134 8130
f 8130 8134 8137
f 8130 8137 8124
f 8137 8138 8124
f 8135 8133 8136
f 8136 8133 8131
f 8136 8131 8139
f 8139 8131 8127
f 8153 8154 8155
f 8155 8154 8156
f 8157 8007 8006
f 8158 8159 8160
f 8160 8159 8161
f 8161 8159 8162
f 8163 8164 8162
f 8164 8163 8006
f 8006 8163 8165
f 8006 8165 8157
f 8157 8165 8166
f 8162 8164 8161
f 8161 8164 8167
f 8157 8166 8168
f 8157 8168 8169
f 8161 8167 8170
f 8155 8156 8162
f 8162 8156 8163
f 8171 8172 8173
f 8173 8172 8174
f 8173 8174 8175
f 8175 8174 8176
f 8175 8176 8177
f 8154 8153 8178
f 8178 8153 8174
f 8178 8174 8172
f 8178 8172 8179
f 8179 8172 8180
f 8179 8180 8181
f 8181 8180 8182
f 8183 8184 8181
f 8181 8184 8179
f 8172 8171 8185
f 8185 8186 8172
f 8041 8040 8180
f 8180 8040 8182
f 7999 7996 8026
f 8026 7996 8024
f 8144 8143 8187
f 8144 8187 8188
f 8144 8188 8189
f 8144 8189 8036
f 8036 8189 8190
f 8036 8190 8191
f 8036 8191 8035
f 8119 8118 8192
f 8192 8118 8193
f 8193 8118 8194
f 8194 8118 8195
f 8195 8118 8196
f 8196 8118 8002
f 8196 8002 8008
f 8026 8023 8146
f 8146 8023 8098
f 7631 7963 7630
f 7630 7963 8197
f 7630 8197 7629
f 7629 8197 8198
f 7629 8198 7628
f 7628 8198 8199
f 7628 8199 7627
f 7627 8199 8200
f 7627 8200 7626
f 7626 8200 8201
f 7626 8201 7625
f 7625 8201 8140
f 8129 8099 8005
f 8129 8005 8000
f 7926 7863 8202
f 8202 7863 8203
f 8203 7863 8204
f 8204 7863 7862
f 8204 7862 8205
f 8205 7862 8206
f 8206 7862 8116
f 8036 8002 8118
f 8036 8118 8144
f 8144 8118 8145
f 8145 8118 8120
f 8120 8123 8145
f 8145 8123 8148
f 8148 8123 8146
f 8146 8123 8129
f 8000 8026 8146
f 8000 8146 8129
f 8034 8033 8002
f 8002 8033 8003
f 8158 8177 8159
f 8159 8177 8176
f 8003 8033 8006
f 8006 8033 8041
f 8006 8041 8180
f 8006 8180 8164
f 8164 8180 8172
f 8173 8175 8161
f 8161 8175 8160
f 8158 8160 8177
f 8177 8160 8175
f 8173 8161 8171
f 8162 8174 8155
f 8155 8174 8153
f 8159 8176 8162
f 8162 8176 8174
f 8163 8178 8165
f 8165 8178 8179
f 8154 8178 8156
f 8156 8178 8163
f 8165 8179 8166
f 8157 8181 8007
f 8007 8181 8182
f 8007 8182 8040
f 8007 8040 7996
f 7996 8040 8024
f 8184 8168 8166
f 8184 8166 8179
f 8168 8184 8183
f 8168 8183 8169
f 8169 8183 8181
f 8169 8181 8157
f 8170 8185 8171
f 8170 8171 8161
f 8185 8170 8167
f 8185 8167 8186
f 8186 8167 8164
f 8186 8164 8172
f 8026 8000 7999
f 8002 8036 8034
f 8142 8121 8084
f 8084 8121 8086
f 8142 8141 8121
f 8121 8141 8117
f 8099 8141 8098
f 8141 8099 8117
f 8125 8126 8152
f 8152 8126 8147
f 8149 8151 8122
f 8122 8151 8128
f 8125 8152 8127
f 8127 8152 8139
f 8124 8138 8122
f 8122 8138 8149
f 8128 8151 8150
f 8128 8150 8126
f 8126 8150 8147
f 7938 7928 7962
f 7962 7928 7964
f 7973 7964 7935
f 7935 7964 7927
f 7974 7977 7946
f 7946 7977 7945
f 7927 7964 7928
f 7945 7977 7935
f 7935 7977 7973
f 7938 7962 7929
f 7929 7962 7961
f 7965 7930 7961
f 7961 7930 7929
f 7943 7967 7974
f 7943 7974 7946
f 7656 7660 7613
f 7613 7660 7861
f 7612 8085 7657
f 7657 8085 7665
f 7656 7657 7660
f 7660 7657 7665
f 7500 7499 7860
f 7860 7499 7498
f 7509 7508 7505
f 7505 7508 7866
f 7499 7509 7498
f 7498 7509 7505
f 8143 8119 8187
f 8187 8119 8192
f 8187 8192 8188
f 8188 8192 8193
f 8188 8193 8189
f 8189 8193 8194
f 8189 8194 8190
f 8190 8194 8195
f 8190 8195 8191
f 8191 8195 8196
f 8191 8196 8035
f 8035 8196 8008
f 8035 8008 8019
f 8019 8008 8010
f 8019 8010 8073
f 8073 8010 8079
f 8073 8079 8074
f 8074 8079 8080
f 8074 8080 8075
f 8075 8080 8081
f 8075 8081 8076
f 8076 8081 8082
f 8076 8082 8077
f 8077 8082 8083
f 8077 8083 7886
f 7886 8083 7870
f 7886 7870 7883
f 7883 7870 7867
f 7883 7867 8087
f 8087 7867 8093
f 8087 8093 8088
f 8088 8093 8094
f 8088 8094 8089
f 8089 8094 8095
f 8089 8095 8090
f 8090 8095 8096
f 8090 8096 8091
f 8091 8096 8097
f 8091 8097 7971
f 7971 8097 7934
f 7971 7934 7963
f 7963 7934 7926
f 7963 7926 8197
f 8197 7926 8202
f 8197 8202 8198
f 8198 8202 8203
f 8198 8203 8199
f 8199 8203 8204
f 8199 8204 8200
f 8200 8204 8205
f 8200 8205 8201
f 8201 8205 8206
f 8201 8206 8140
f 8140 8206 8116
f 8140 8116 8143
f 8143 8116 8119
usemtl 54,54,54
f 8207 8208 8209
f 8209 8208 8210
f 8209 8210 8211
f 8212 8213 8214
f 8214 8213 8215
f 8214 8215 8216
f 8217 8218 8219
f 8219 8218 8220
f 8219 8220 8221
f 8222 8223 8224
f 8224 8223 8225
f 8216 8226 8214
f 8214 8226 8227
f 8214 8227 8228
f 8229 8230 8214
f 8214 8230 8231
f 8232 8233 8234
f 8234 8233 8235
f 8231 8236 8214
f 8214 8236 8235
f 8214 8235 8237
f 8237 8235 8233
f 8238 8209 8212
f 8212 8209 8211
f 8212 8211 8213
f 8228 8239 8214
f 8214 8239 8240
f 8214 8240 8229
f 8241 8242 8243
f 8243 8242 8244
f 8241 8245 8242
f 8242 8245 8246
f 8242 8246 8247
f 8248 8249 8250
f 8250 8249 8251
f 8250 8251 8252
f 8252 8253 8250
f 8250 8253 8254
f 8250 8254 8255
f 8255 8254 8219
f 8255 8219 8225
f 8225 8219 8221
f 8225 8221 8224
f 8224 8221 8256
f 8224 8256 8257
f 8242 8223 8244
f 8244 8223 8222
f 8244 8222 8258
f 8258 8222 8259
f 8246 8260 8247
f 8247 8260 8261
f 8247 8261 8250
f 8250 8261 8262
f 8250 8262 8248
f 8254 8263 8264
f 8265 8219 8254
f 8265 8254 8266
f 8266 8254 8264
f 8263 8207 8264
f 8264 8207 8209
f 8264 8209 8267
f 8267 8209 8268
f 8269 8270 8271
f 8272 8273 8274
f 8275 8276 8277
f 8278 8279 8280
f 8281 8282 8274
f 8283 8284 8280
f 8280 8284 8281
f 8280 8281 8278
f 8278 8281 8274
f 8278 8274 8285
f 8285 8274 8273
f 8286 8287 8288
f 8289 8290 8291
f 8291 8290 8292
f 8291 8292 8293
f 8290 8209 8292
f 8292 8209 8238
f 8292 8238 8222
f 8222 8238 8294
f 8222 8294 8259
f 8288 8295 8286
f 8286 8295 8296
f 8286 8296 8281
f 8281 8296 8269
f 8281 8269 8282
f 8282 8269 8271
f 8276 8297 8277
f 8277 8297 8298
f 8277 8298 8299
f 8299 8300 8277
f 8277 8300 8301
f 8277 8301 8274
f 8274 8301 8302
f 8274 8302 8272
f 8303 8304 8305
f 8305 8304 8306
f 8209 8307 8308
f 8288 8268 8295
f 8295 8268 8209
f 8295 8209 8277
f 8277 8209 8308
f 8277 8308 8275
f 8290 8309 8209
f 8209 8309 8310
f 8209 8310 8307
f 8307 8310 8305
f 8307 8305 8311
f 8311 8305 8306
f 8311 8306 8312
f 8279 8313 8280
f 8280 8313 8314
f 8280 8314 8311
f 8291 8280 8289
f 8289 8280 8311
f 8289 8311 8315
f 8315 8311 8312
f 8315 8312 8316
f 8316 8312 8317
f 8318 8319 8320
f 8321 8322 8323
f 8323 8322 8318
f 8323 8318 8324
f 8324 8318 8320
f 8325 8326 8327
f 8328 8329 8330
f 8330 8329 8325
f 8330 8325 8327
f 8321 8323 8327
f 8329 8328 8331
f 8332 8333 8334
f 8288 8320 8319
f 8331 8332 8329
f 8329 8332 8334
f 8329 8334 8319
f 8319 8334 8335
f 8319 8335 8288
f 8336 8337 8335
f 8335 8337 8338
f 8335 8338 8288
f 8288 8338 8339
f 8288 8339 8268
f 8268 8339 8340
f 8341 8342 8343
f 8343 8344 8341
f 8341 8344 8345
f 8341 8345 8346
f 8346 8345 8347
f 8348 8349 8350
f 8350 8349 8351
f 8351 8349 8352
f 8351 8352 8353
f 8354 8355 8356
f 8356 8357 8354
f 8354 8357 8358
f 8354 8358 8359
f 8359 8358 8360
f 8361 8362 8363
f 8363 8362 8364
f 8364 8362 8365
f 8364 8365 8366
f 8367 8368 8369
f 8369 8368 8370
f 8369 8345 8367
f 8367 8345 8344
f 8367 8344 8371
f 8371 8344 8352
f 8371 8352 8372
f 8365 8362 8373
f 8374 8375 8372
f 8373 8374 8365
f 8365 8374 8372
f 8365 8372 8357
f 8357 8372 8352
f 8357 8352 8358
f 8358 8352 8349
f 8376 8377 8375
f 8375 8377 8378
f 8375 8378 8372
f 8372 8378 8379
f 8372 8379 8380
f 8380 8379 8381
f 8380 8381 8382
f 8383 8380 8384
f 8384 8380 8382
f 8385 8386 8387
f 8387 8386 8388
f 8389 8390 8391
f 8391 8390 8392
f 8383 8384 8393
f 8388 8386 8384
f 8384 8386 8393
f 8385 8387 8394
f 8370 8368 8387
f 8387 8368 8394
f 8391 8393 8389
f 8389 8393 8394
f 8394 8393 8386
f 8394 8386 8385
f 8372 8380 8392
f 8392 8380 8383
f 8393 8391 8392
f 8393 8392 8383
f 8389 8394 8390
f 8394 8368 8390
f 8367 8371 8368
f 8368 8371 8390
f 8390 8371 8392
f 8392 8371 8372
f 8395 8376 8396
f 8396 8376 8397
f 8397 8376 8375
f 8397 8375 8398
f 8399 8400 8401
f 8401 8374 8399
f 8399 8374 8373
f 8399 8373 8402
f 8402 8373 8403
f 8398 8401 8397
f 8397 8401 8400
f 8401 8398 8374
f 8374 8398 8375
f 8404 8381 8405
f 8405 8381 8406
f 8406 8381 8379
f 8406 8379 8407
f 8408 8409 8410
f 8410 8378 8408
f 8408 8378 8377
f 8408 8377 8411
f 8411 8377 8412
f 8407 8410 8406
f 8406 8410 8409
f 8410 8407 8378
f 8378 8407 8379
f 8353 8343 8351
f 8351 8343 8342
f 8343 8353 8344
f 8344 8353 8352
f 8366 8356 8364
f 8364 8356 8355
f 8356 8366 8357
f 8357 8366 8365
f 8400 8399 8397
f 8409 8408 8406
f 8341 8351 8342
f 8354 8364 8355
f 8373 8362 8413
f 8373 8413 8376
f 8376 8413 8337
f 8345 8369 8413
f 8414 8415 8416
f 8362 8358 8413
f 8413 8358 8349
f 8413 8349 8345
f 8417 8337 8336
f 8382 8381 8417
f 8417 8381 8337
f 8377 8376 8337
f 8377 8337 8381
f 8414 8416 8418
f 8333 8384 8417
f 8417 8384 8382
f 8419 8413 8420
f 8420 8413 8369
f 8420 8369 8416
f 8416 8369 8370
f 8388 8384 8421
f 8421 8384 8333
f 8421 8333 8332
f 8387 8418 8416
f 8387 8416 8370
f 8418 8387 8421
f 8421 8387 8388
f 8348 8422 8423
f 8359 8424 8363
f 8363 8424 8425
f 8403 8395 8422
f 8402 8403 8361
f 8361 8403 8422
f 8361 8422 8360
f 8360 8422 8348
f 8360 8348 8359
f 8359 8348 8350
f 8359 8350 8424
f 8424 8350 8346
f 8424 8346 8423
f 8423 8346 8347
f 8423 8347 8348
f 8361 8363 8402
f 8402 8363 8425
f 8402 8425 8396
f 8396 8425 8411
f 8396 8411 8395
f 8395 8411 8412
f 8395 8412 8422
f 8422 8412 8404
f 8422 8404 8425
f 8425 8404 8405
f 8425 8405 8411
f 8256 8426 8257
f 8257 8426 8427
f 8292 8428 8429
f 8292 8429 8293
f 8430 8431 8432
f 8432 8431 8433
f 8434 8218 8435
f 8435 8218 8217
f 8328 8436 8331
f 8331 8436 8437
f 8331 8437 8438
f 8287 8439 8288
f 8288 8439 8436
f 8288 8436 8320
f 8320 8436 8328
f 8320 8328 8324
f 8324 8328 8330
f 8440 8441 8437
f 8441 8442 8437
f 8437 8442 8443
f 8437 8443 8438
f 8217 8432 8435
f 8435 8432 8433
f 8435 8433 8444
f 8444 8433 8445
f 8444 8445 8446
f 8446 8447 8444
f 8444 8447 8448
f 8444 8448 8449
f 8449 8450 8444
f 8444 8450 8451
f 8444 8451 8437
f 8437 8451 8452
f 8437 8452 8440
f 8422 8436 8439
f 8453 8427 8426
f 8454 8455 8456
f 8456 8455 8457
f 8439 8458 8422
f 8422 8458 8456
f 8422 8456 8423
f 8423 8456 8457
f 8423 8457 8459
f 8434 8435 8460
f 8460 8435 8423
f 8460 8423 8461
f 8429 8428 8459
f 8459 8428 8462
f 8459 8462 8423
f 8423 8462 8453
f 8423 8453 8461
f 8461 8453 8426
f 8335 8334 8463
f 8463 8334 8464
f 8465 8466 8467
f 8467 8466 8468
f 8339 8338 8469
f 8469 8338 8470
f 8284 8283 8454
f 8454 8283 8455
f 8264 8471 8472
f 8264 8472 8266
f 8266 8472 8265
f 8265 8472 8473
f 8339 8469 8473
f 8473 8469 8474
f 8340 8339 8475
f 8475 8339 8473
f 8475 8473 8471
f 8471 8473 8472
f 8470 8413 8419
f 8219 8474 8217
f 8474 8469 8217
f 8217 8469 8470
f 8217 8470 8466
f 8466 8470 8419
f 8445 8433 8414
f 8414 8433 8476
f 8414 8476 8415
f 8432 8217 8477
f 8477 8217 8466
f 8477 8466 8476
f 8476 8466 8465
f 8476 8465 8415
f 8219 8265 8474
f 8474 8265 8473
f 8471 8264 8475
f 8475 8264 8267
f 8267 8268 8475
f 8475 8268 8340
f 8414 8451 8450
f 8414 8450 8449
f 8414 8449 8448
f 8414 8448 8447
f 8414 8447 8446
f 8414 8446 8445
f 8421 8332 8478
f 8478 8332 8452
f 8478 8452 8479
f 8479 8452 8451
f 8479 8451 8418
f 8418 8451 8414
f 8332 8331 8438
f 8332 8438 8443
f 8332 8443 8442
f 8332 8442 8441
f 8332 8441 8440
f 8332 8440 8452
f 8424 8423 8444
f 8444 8423 8435
f 8422 8425 8436
f 8436 8425 8437
f 8425 8424 8437
f 8437 8424 8444
f 8337 8413 8338
f 8338 8413 8470
f 8417 8336 8463
f 8463 8336 8335
f 8333 8417 8464
f 8464 8417 8463
f 8334 8333 8464
f 8418 8421 8479
f 8479 8421 8478
f 8416 8415 8467
f 8467 8415 8465
f 8420 8416 8468
f 8468 8416 8467
f 8419 8420 8466
f 8466 8420 8468
f 8280 8457 8283
f 8283 8457 8455
f 8459 8291 8429
f 8429 8291 8293
f 8291 8459 8280
f 8280 8459 8457
f 8286 8458 8287
f 8287 8458 8439
f 8456 8281 8454
f 8454 8281 8284
f 8281 8456 8286
f 8286 8456 8458
f 8460 8220 8434
f 8434 8220 8218
f 8221 8461 8256
f 8256 8461 8426
f 8461 8221 8460
f 8460 8221 8220
f 8453 8224 8427
f 8427 8224 8257
f 8222 8462 8292
f 8292 8462 8428
f 8462 8222 8453
f 8453 8222 8224
f 8403 8373 8395
f 8395 8373 8376
f 8402 8396 8399
f 8399 8396 8397
f 8412 8377 8404
f 8404 8377 8381
f 8411 8405 8408
f 8408 8405 8406
f 8350 8351 8346
f 8346 8351 8341
f 8347 8345 8348
f 8348 8345 8349
f 8363 8364 8359
f 8359 8364 8354
f 8360 8358 8361
f 8361 8358 8362
f 8480 8476 8433
f 8481 8482 8483
f 8483 8482 8480
f 8483 8480 8431
f 8431 8480 8433
f 8484 8483 8430
f 8430 8483 8431
f 8485 8486 8484
f 8432 8477 8430
f 8430 8477 8485
f 8430 8485 8484
f 8481 8483 8484
f 8486 8485 8482
f 8482 8485 8480
f 8480 8485 8476
f 8476 8485 8477
f 8482 8481 8486
f 8486 8481 8484
f 8327 8323 8330
f 8330 8323 8324
f 8326 8325 8322
f 8322 8325 8318
f 8318 8325 8319
f 8319 8325 8329
f 8327 8326 8321
f 8321 8326 8322
f 8487 8488 8489
f 8489 8488 8490
f 8489 8490 8491
f 8491 8490 8492
f 8491 8492 8493
f 8493 8492 8494
f 8495 8496 8497
f 8497 8496 8498
f 8497 8498 8499
f 8500 8501 8497
f 8497 8501 8502
f 8497 8502 8503
f 8499 8504 8497
f 8497 8504 8505
f 8497 8505 8506
f 8506 8507 8497
f 8497 8507 8508
f 8497 8508 8500
f 8509 8510 8502
f 8502 8510 8511
f 8502 8511 8503
usemtl 255,255,255
f 8271 8494 8277
f 8274 8282 8271
f 8277 8494 8295
f 8277 8274 8271
f 8488 8271 8270
f 8295 8494 8488
f 8295 8488 8296
f 8296 8488 8270
f 8296 8270 8269
f 8271 8488 8487
f 8494 8271 8489
f 8489 8271 8487
f 8494 8489 8491
f 8494 8491 8493
f 8494 8492 8490
f 8488 8494 8490
f 8313 8311 8314
f 8307 8275 8308
f 8302 8301 8300
f 8302 8300 8299
f 8299 8298 8276
f 8276 8298 8297
f 8313 8279 8278
f 8278 8285 8273
f 8273 8272 8302
f 8502 8299 8276
f 8502 8276 8510
f 8510 8276 8503
f 8503 8276 8275
f 8503 8275 8495
f 8495 8275 8307
f 8495 8307 8496
f 8496 8307 8311
f 8496 8311 8499
f 8499 8311 8313
f 8499 8313 8504
f 8504 8313 8278
f 8504 8278 8506
f 8506 8278 8273
f 8506 8273 8508
f 8508 8273 8302
f 8508 8302 8500
f 8500 8302 8502
f 8502 8302 8299
f 8503 8495 8497
f 8503 8511 8510
f 8510 8509 8502
f 8502 8501 8500
f 8508 8507 8506
f 8506 8505 8504
f 8496 8499 8498
f 8317 8306 8304
f 8290 8289 8315
f 8315 8316 8290
f 8290 8316 8317
f 8290 8317 8309
f 8305 8310 8303
f 8303 8310 8309
f 8303 8309 8317
f 8306 8317 8312
f 8258 8259 8294
f 8258 8294 8238
f 8260 8246 8245
f 8245 8241 8243
f 8512 8263 8254
f 8254 8253 8512
f 8512 8253 8252
f 8512 8252 8251
f 8251 8249 8248
f 8262 8261 8260
f 8263 8512 8207
f 8207 8512 8210
f 8207 8210 8208
f 8240 8239 8228
f 8227 8226 8216
f 8216 8215 8213
f 8237 8233 8232
f 8237 8232 8234
f 8234 8235 8236
f 8236 8231 8230
f 8230 8229 8240
f 8212 8214 8237
f 8234 8258 8237
f 8237 8258 8238
f 8237 8238 8212
f 8211 8210 8213
f 8213 8210 8512
f 8213 8512 8216
f 8216 8512 8251
f 8216 8251 8227
f 8227 8251 8228
f 8228 8251 8248
f 8228 8248 8240
f 8240 8248 8262
f 8240 8262 8260
f 8240 8260 8230
f 8230 8260 8245
f 8230 8245 8236
f 8236 8245 8243
f 8236 8243 8234
f 8234 8243 8244
f 8234 8244 8258
f 8250 8255 8247
f 8247 8255 8225
f 8247 8225 8242
f 8242 8225 8223
usemtl 171,171,171
f 8513 8514 8515
f 8515 8514 8516
f 8517 8518 8516
f 8516 8518 8515
f 8516 8519 8517
f 8517 8519 8520
f 8521 8522 8518
f 8518 8522 8515
f 8523 8524 8525
f 8525 8524 8522
f 8525 8522 8519
f 8521 8520 8522
f 8522 8520 8519
f 8526 8527 8528
f 8528 8527 8529
f 8530 8527 8531
f 8531 8527 8526
f 8532 8530 8533
f 8533 8530 8531
f 8516 8514 8525
f 8525 8514 8534
f 8523 8525 8534
f 8534 8532 8533
f 8523 8534 8533
f 8522 8524 8515
f 8515 8524 8535
f 8535 8513 8515
f 8535 8528 8529
f 8513 8535 8529
f 8516 8525 8519
f 8527 8530 8529
f 8529 8530 8532
f 8534 8513 8532
f 8532 8513 8529
f 8531 8526 8533
f 8533 8526 8528
f 8533 8528 8523
f 8523 8528 8535
f 8524 8523 8535
f 8513 8534 8514
f 8520 8521 8517
f 8517 8521 8518
f 8536 8537 8538
f 8538 8537 8539
f 8538 8539 8540
f 8541 8542 8539
f 8539 8542 8540
f 8543 8540 8544
f 8544 8540 8542
f 8541 8539 8545
f 8545 8539 8546
f 8547 8548 8546
f 8546 8548 8543
f 8544 8545 8543
f 8543 8545 8546
f 8549 8550 8551
f 8551 8550 8552
f 8549 8553 8550
f 8550 8553 8554
f 8553 8555 8554
f 8554 8555 8556
f 8543 8548 8538
f 8538 8548 8557
f 8557 8536 8538
f 8556 8555 8557
f 8557 8555 8536
f 8539 8547 8546
f 8558 8547 8539
f 8558 8539 8537
f 8558 8551 8552
f 8547 8558 8552
f 8540 8543 8538
f 8553 8549 8555
f 8555 8549 8551
f 8555 8551 8536
f 8536 8551 8558
f 8557 8547 8556
f 8556 8547 8552
f 8550 8554 8552
f 8552 8554 8556
f 8547 8557 8548
f 8537 8536 8558
f 8545 8544 8541
f 8541 8544 8542
f 8559 8560 8561
f 8561 8560 8562
f 8563 8564 8562
f 8562 8564 8561
f 8562 8565 8563
f 8563 8565 8566
f 8567 8568 8564
f 8564 8568 8561
f 8569 8570 8571
f 8571 8570 8568
f 8571 8568 8565
f 8567 8566 8568
f 8568 8566 8565
f 8572 8573 8574
f 8574 8573 8575
f 8576 8573 8577
f 8577 8573 8572
f 8578 8576 8579
f 8579 8576 8577
f 8580 8571 8560
f 8560 8571 8562
f 8578 8579 8580
f 8580 8579 8569
f 8580 8569 8571
f 8568 8559 8561
f 8568 8570 8581
f 8568 8581 8559
f 8581 8574 8575
f 8575 8559 8581
f 8562 8571 8565
f 8573 8576 8575
f 8575 8576 8578
f 8580 8559 8578
f 8578 8559 8575
f 8577 8572 8579
f 8579 8572 8574
f 8579 8574 8569
f 8569 8574 8581
f 8570 8569 8581
f 8559 8580 8560
f 8566 8567 8563
f 8563 8567 8564
f 8582 8583 8584
f 8584 8583 8585
f 8584 8585 8586
f 8587 8588 8585
f 8585 8588 8586
f 8589 8586 8590
f 8590 8586 8588
f 8587 8585 8591
f 8591 8585 8592
f 8593 8594 8592
f 8592 8594 8595
f 8590 8591 8589
f 8589 8591 8592
f 8589 8592 8595
f 8596 8597 8598
f 8598 8597 8599
f 8596 8600 8597
f 8597 8600 8601
f 8600 8602 8601
f 8601 8602 8603
f 8604 8582 8595
f 8604 8595 8594
f 8595 8582 8584
f 8604 8603 8602
f 8582 8604 8602
f 8585 8583 8592
f 8592 8583 8605
f 8605 8593 8592
f 8598 8599 8605
f 8605 8599 8593
f 8586 8589 8595
f 8586 8595 8584
f 8600 8596 8602
f 8602 8596 8598
f 8602 8598 8582
f 8582 8598 8605
f 8604 8593 8603
f 8603 8593 8599
f 8597 8601 8599
f 8599 8601 8603
f 8593 8604 8594
f 8583 8582 8605
f 8588 8587 8590
f 8590 8587 8591
f 8606 8607 8608
f 8608 8607 8609
f 8607 8610 8609
f 8609 8610 8611
f 8610 8612 8611
f 8611 8612 8613
f 8612 8614 8613
f 8613 8614 8615
f 8616 8617 8615
f 8616 8615 8614
f 8616 8618 8617
f 8617 8618 8619
f 8611 8613 8609
f 8609 8613 8615
f 8620 8621 8619
f 8619 8621 8608
f 8619 8608 8617
f 8617 8608 8609
f 8617 8609 8615
f 8608 8621 8606
f 8606 8621 8622
f 8619 8618 8620
f 8620 8618 8623
f 8612 8610 8614
f 8614 8610 8607
f 8622 8623 8606
f 8606 8623 8618
f 8606 8618 8607
f 8607 8618 8616
f 8607 8616 8614
f 8621 8620 8622
f 8622 8620 8623
f 8624 8625 8626
f 8626 8625 8627
f 8625 8628 8627
f 8627 8628 8629
f 8628 8630 8629
f 8629 8630 8631
f 8630 8632 8631
f 8631 8632 8633
f 8634 8635 8633
f 8634 8633 8632
f 8634 8636 8635
f 8635 8636 8637
f 8629 8631 8627
f 8627 8631 8633
f 8638 8639 8637
f 8637 8639 8626
f 8637 8626 8635
f 8635 8626 8627
f 8635 8627 8633
f 8626 8639 8624
f 8624 8639 8640
f 8637 8636 8638
f 8638 8636 8641
f 8630 8628 8632
f 8632 8628 8625
f 8640 8641 8624
f 8624 8641 8636
f 8624 8636 8625
f 8625 8636 8634
f 8625 8634 8632
f 8639 8638 8640
f 8640 8638 8641
f 8642 8643 8644
f 8644 8643 8645
f 8646 8647 8645
f 8646 8645 8643
f 8646 8648 8647
f 8647 8648 8649
f 8648 8650 8649
f 8649 8650 8651
f 8650 8652 8651
f 8651 8652 8653
f 8652 8654 8653
f 8653 8654 8655
f 8649 8651 8647
f 8647 8651 8653
f 8656 8657 8655
f 8655 8657 8644
f 8655 8644 8653
f 8653 8644 8645
f 8653 8645 8647
f 8654 8658 8655
f 8655 8658 8656
f 8642 8644 8659
f 8659 8644 8657
f 8650 8648 8652
f 8652 8648 8646
f 8659 8658 8642
f 8642 8658 8654
f 8642 8654 8643
f 8643 8654 8652
f 8643 8652 8646
f 8657 8656 8659
f 8659 8656 8658
f 8660 8661 8662
f 8662 8661 8663
f 8664 8665 8663
f 8664 8663 8661
f 8664 8666 8665
f 8665 8666 8667
f 8666 8668 8667
f 8667 8668 8669
f 8668 8670 8669
f 8669 8670 8671
f 8670 8672 8671
f 8671 8672 8673
f 8667 8669 8665
f 8665 8669 8671
f 8674 8675 8673
f 8673 8675 8662
f 8673 8662 8671
f 8671 8662 8663
f 8671 8663 8665
f 8672 8676 8673
f 8673 8676 8674
f 8660 8662 8677
f 8677 8662 8675
f 8668 8666 8670
f 8670 8666 8664
f 8677 8676 8660
f 8660 8676 8672
f 8660 8672 8661
f 8661 8672 8670
f 8661 8670 8664
f 8676 8677 8674
f 8674 8677 8675
f 8678 8679 8680
f 8680 8679 8320
f 8433 8681 8445
f 8445 8681 8682
f 8445 8682 8446
f 8446 8682 8447
f 8447 8682 8448
f 8448 8682 8683
f 8448 8683 8449
f 8449 8683 8450
f 8450 8683 8451
f 8451 8683 8452
f 8452 8683 8684
f 8452 8684 8440
f 8440 8684 8441
f 8441 8684 8685
f 8441 8685 8442
f 8442 8685 8443
f 8443 8685 8438
f 8438 8685 8331
f 8331 8685 8328
f 8328 8685 8686
f 8686 8685 8325
f 8325 8685 8687
f 8318 8688 8680
f 8680 8688 8678
f 8678 8688 8689
f 8690 8691 8687
f 8687 8691 8692
f 8693 8694 8695
f 8695 8694 8696
f 8688 8697 8698
f 8699 8700 8697
f 8697 8700 8698
f 8700 8699 8695
f 8695 8699 8693
f 8692 8695 8687
f 8687 8695 8696
f 8687 8696 8325
f 8325 8696 8701
f 8701 8688 8318
f 8701 8318 8325
f 8701 8702 8688
f 8688 8702 8697
f 8703 8331 8329
f 8329 8331 8328
f 8320 8704 8319
f 8705 8706 8707
f 8707 8706 8703
f 8704 8320 8679
f 8704 8679 8708
f 8319 8704 8329
f 8329 8704 8709
f 8710 8709 8704
f 8329 8711 8712
f 8713 8709 8710
f 8709 8714 8329
f 8329 8714 8711
f 8712 8715 8703
f 8703 8715 8707
f 8329 8712 8703
f 8712 8716 8715
f 8715 8713 8717
f 8713 8710 8717
f 8715 8716 8713
f 8718 8719 8720
f 8720 8719 8721
f 8722 8721 8723
f 8723 8721 8719
f 8724 8725 8726
f 8726 8725 8727
f 8727 8725 8723
f 8723 8725 8722
f 8718 8720 8728
f 8728 8720 8729
f 8730 8731 8726
f 8726 8731 8724
f 8732 8733 8734
f 8734 8733 8735
f 8733 8736 8735
f 8735 8736 8737
f 8738 8739 8740
f 8740 8739 8741
f 8740 8742 8738
f 8738 8742 8743
f 8743 8742 8736
f 8736 8742 8737
f 8744 8739 8745
f 8745 8739 8732
f 8743 8736 8738
f 8738 8736 8733
f 8738 8733 8739
f 8739 8733 8732
f 8741 8734 8740
f 8740 8734 8735
f 8740 8735 8742
f 8742 8735 8737
f 8728 8729 8741
f 8741 8729 8734
f 8744 8745 8730
f 8730 8745 8731
f 8746 8747 8748
f 8683 8749 8684
f 8684 8749 8750
f 8751 8752 8753
f 8754 8755 8746
f 8746 8755 8747
f 8752 8756 8757
f 8683 8758 8749
f 8753 8752 8757
f 8754 8759 8760
f 8761 8762 8750
f 8750 8762 8763
f 8754 8760 8755
f 8746 8748 8758
f 8746 8758 8683
f 8754 8764 8759
f 8755 8760 8765
f 8766 8684 8763
f 8763 8684 8750
f 8753 8767 8684
f 8684 8767 8754
f 8754 8767 8764
f 8766 8751 8684
f 8684 8751 8753
f 8765 8760 8766
f 8766 8760 8751
f 8756 8768 8757
f 8757 8768 8769
f 8768 8770 8769
f 8769 8770 8771
f 8771 8770 8772
f 8772 8770 8773
f 8774 8772 8775
f 8775 8772 8773
f 8775 8776 8774
f 8774 8776 8777
f 8778 8779 8780
f 8451 8781 8782
f 8451 8782 8783
f 8783 8782 8784
f 8452 8785 8451
f 8451 8785 8781
f 8779 8786 8780
f 8777 8776 8779
f 8779 8776 8786
f 8787 8788 8789
f 8783 8790 8791
f 8791 8790 8792
f 8785 8787 8789
f 8784 8793 8783
f 8783 8793 8790
f 8787 8785 8794
f 8794 8785 8452
f 8791 8792 8795
f 8791 8795 8452
f 8452 8795 8778
f 8778 8780 8452
f 8452 8780 8794
f 8794 8780 8796
f 8794 8796 8797
f 8797 8796 8790
f 8797 8790 8793
f 8773 8770 8775
f 8775 8770 8768
f 8775 8768 8776
f 8776 8768 8756
f 8752 8786 8756
f 8756 8786 8776
f 8771 8772 8769
f 8769 8772 8774
f 8769 8774 8757
f 8774 8777 8757
f 8757 8777 8779
f 8757 8779 8753
f 8701 8798 8702
f 8702 8798 8799
f 8800 8799 8801
f 8801 8799 8798
f 8800 8801 8802
f 8802 8801 8803
f 8803 8804 8802
f 8804 8803 8805
f 8805 8711 8804
f 8804 8711 8714
f 8803 8801 8805
f 8805 8801 8798
f 8805 8798 8711
f 8711 8798 8701
f 8800 8802 8799
f 8799 8802 8804
f 8799 8804 8702
f 8804 8714 8702
f 8806 8807 8808
f 8808 8807 8809
f 8718 8810 8719
f 8719 8810 8811
f 8730 8728 8744
f 8811 8812 8813
f 8719 8811 8814
f 8814 8815 8719
f 8816 8817 8818
f 8819 8817 8816
f 8817 8819 8820
f 8821 8718 8728
f 8813 8814 8811
f 8818 8822 8823
f 8824 8817 8825
f 8818 8823 8816
f 8810 8718 8821
f 8741 8739 8728
f 8728 8739 8744
f 8817 8820 8825
f 8821 8824 8825
f 8823 8826 8827
f 8816 8823 8827
f 8828 8818 8829
f 8828 8723 8830
f 8830 8723 8719
f 8822 8818 8828
f 8828 8829 8723
f 8723 8829 8727
f 8831 8832 8833
f 8719 8815 8830
f 8824 8831 8833
f 8730 8726 8834
f 8728 8730 8821
f 8821 8730 8834
f 8821 8834 8824
f 8824 8834 8831
f 8829 8835 8727
f 8727 8835 8726
f 8726 8835 8834
f 8721 8836 8720
f 8720 8837 8838
f 8839 8840 8721
f 8721 8840 8836
f 8841 8842 8843
f 8844 8845 8846
f 8846 8845 8847
f 8720 8836 8837
f 8843 8847 8841
f 8722 8725 8848
f 8848 8725 8849
f 8731 8745 8729
f 8721 8722 8839
f 8839 8722 8848
f 8850 8851 8852
f 8846 8847 8843
f 8732 8734 8745
f 8745 8734 8729
f 8845 8853 8854
f 8839 8848 8855
f 8855 8848 8845
f 8850 8852 8836
f 8836 8852 8837
f 8845 8854 8856
f 8845 8856 8855
f 8857 8858 8841
f 8841 8858 8859
f 8844 8860 8861
f 8729 8720 8842
f 8845 8844 8853
f 8853 8844 8861
f 8859 8862 8841
f 8841 8862 8842
f 8842 8862 8731
f 8842 8731 8729
f 8720 8838 8842
f 8862 8724 8731
f 8724 8862 8725
f 8725 8862 8849
f 8863 8864 8865
f 8866 8867 8868
f 8808 8809 8869
f 8869 8809 8870
f 8869 8870 8871
f 8869 8871 8872
f 8872 8871 8813
f 8872 8813 8866
f 8866 8813 8812
f 8866 8868 8872
f 8873 8874 8871
f 8863 8865 8870
f 8870 8865 8875
f 8870 8875 8871
f 8871 8875 8873
f 8874 8876 8871
f 8877 8878 8879
f 8880 8881 8882
f 8880 8882 8883
f 8883 8882 8884
f 8885 8886 8879
f 8879 8886 8887
f 8879 8887 8877
f 8877 8887 8888
f 8885 8883 8884
f 8885 8884 8886
f 8877 8889 8890
f 8877 8888 8889
f 8807 8806 8884
f 8884 8806 8886
f 8883 8885 8891
f 8883 8891 8892
f 8879 8878 8851
f 8851 8878 8852
f 8811 8810 8837
f 8840 8839 8893
f 8840 8893 8705
f 8705 8893 8894
f 8705 8894 8895
f 8705 8895 8896
f 8705 8896 8897
f 8705 8897 8706
f 8830 8815 8898
f 8830 8898 8899
f 8899 8898 8900
f 8900 8898 8901
f 8901 8898 8691
f 8901 8691 8902
f 8902 8691 8903
f 8903 8691 8690
f 8432 8904 8905
f 8905 8904 8906
f 8842 8838 8717
f 8842 8717 8710
f 8331 8703 8438
f 8438 8703 8907
f 8438 8907 8443
f 8443 8907 8908
f 8443 8908 8442
f 8442 8908 8909
f 8442 8909 8441
f 8441 8909 8910
f 8441 8910 8440
f 8440 8910 8911
f 8440 8911 8452
f 8452 8911 8791
f 8698 8700 8821
f 8821 8700 8912
f 8821 8912 8810
f 8687 8685 8913
f 8913 8685 8914
f 8914 8685 8915
f 8915 8685 8916
f 8916 8685 8684
f 8916 8684 8917
f 8917 8684 8754
f 8707 8692 8705
f 8705 8692 8691
f 8705 8691 8898
f 8705 8898 8840
f 8840 8898 8815
f 8695 8692 8715
f 8715 8692 8707
f 8838 8810 8912
f 8838 8912 8717
f 8695 8715 8700
f 8700 8715 8717
f 8700 8717 8912
f 8814 8836 8815
f 8881 8864 8882
f 8882 8864 8863
f 8871 8885 8813
f 8813 8885 8879
f 8813 8879 8851
f 8813 8851 8814
f 8814 8851 8850
f 8880 8883 8865
f 8865 8883 8875
f 8865 8864 8880
f 8880 8864 8881
f 8873 8875 8883
f 8884 8870 8807
f 8807 8870 8809
f 8882 8863 8884
f 8884 8863 8870
f 8886 8869 8887
f 8887 8869 8872
f 8886 8806 8869
f 8869 8806 8808
f 8888 8887 8872
f 8811 8852 8812
f 8812 8852 8878
f 8812 8878 8866
f 8866 8878 8877
f 8888 8872 8868
f 8888 8868 8889
f 8866 8877 8890
f 8866 8890 8867
f 8867 8890 8889
f 8867 8889 8868
f 8873 8883 8892
f 8873 8892 8874
f 8885 8871 8876
f 8885 8876 8891
f 8891 8876 8874
f 8891 8874 8892
f 8811 8837 8852
f 8836 8814 8850
f 8837 8810 8838
f 8815 8836 8840
f 8843 8825 8918
f 8918 8825 8919
f 8698 8821 8710
f 8710 8821 8842
f 8842 8821 8843
f 8843 8821 8825
f 8689 8708 8678
f 8678 8708 8679
f 8704 8708 8688
f 8688 8708 8689
f 8710 8688 8698
f 8704 8688 8710
f 8699 8697 8713
f 8713 8697 8709
f 8716 8712 8694
f 8694 8712 8696
f 8702 8714 8697
f 8697 8714 8709
f 8696 8712 8701
f 8701 8712 8711
f 8699 8713 8693
f 8693 8713 8716
f 8693 8716 8694
f 8764 8767 8792
f 8792 8767 8795
f 8792 8790 8759
f 8759 8790 8760
f 8790 8796 8760
f 8760 8796 8751
f 8764 8792 8759
f 8753 8778 8767
f 8767 8778 8795
f 8751 8796 8780
f 8778 8753 8779
f 8751 8780 8752
f 8752 8780 8786
f 8818 8817 8845
f 8845 8817 8847
f 8845 8848 8818
f 8818 8848 8829
f 8849 8862 8835
f 8835 8862 8834
f 8829 8848 8835
f 8835 8848 8849
f 8824 8841 8847
f 8824 8847 8817
f 8920 8858 8921
f 8921 8858 8857
f 8921 8922 8920
f 8920 8922 8923
f 8832 8924 8833
f 8833 8924 8925
f 8924 8926 8925
f 8925 8926 8927
f 8927 8926 8922
f 8922 8926 8923
f 8831 8859 8832
f 8832 8859 8858
f 8832 8858 8924
f 8924 8858 8920
f 8924 8920 8926
f 8926 8920 8923
f 8824 8833 8841
f 8841 8833 8857
f 8927 8922 8925
f 8925 8922 8921
f 8925 8921 8833
f 8833 8921 8857
f 8834 8862 8831
f 8831 8862 8859
f 8928 8762 8929
f 8929 8762 8761
f 8929 8930 8928
f 8928 8930 8931
f 8931 8930 8932
f 8932 8930 8933
f 8934 8932 8935
f 8935 8932 8933
f 8788 8934 8789
f 8789 8934 8935
f 8763 8762 8787
f 8787 8762 8788
f 8931 8932 8928
f 8928 8932 8934
f 8928 8934 8762
f 8762 8934 8788
f 8933 8930 8935
f 8935 8930 8929
f 8935 8929 8789
f 8789 8929 8761
f 8750 8785 8761
f 8761 8785 8789
f 8936 8682 8480
f 8480 8682 8681
f 8905 8937 8485
f 8938 8939 8940
f 8940 8939 8936
f 8937 8905 8906
f 8937 8906 8941
f 8942 8943 8936
f 8943 8940 8936
f 8480 8944 8942
f 8485 8937 8480
f 8480 8937 8945
f 8945 8937 8919
f 8945 8919 8946
f 8480 8942 8936
f 8945 8947 8480
f 8480 8947 8944
f 8942 8948 8943
f 8943 8948 8946
f 8943 8946 8949
f 8946 8919 8949
f 8950 8944 8951
f 8951 8944 8947
f 8952 8950 8953
f 8953 8950 8951
f 8952 8953 8954
f 8954 8953 8955
f 8956 8957 8954
f 8956 8954 8955
f 8958 8957 8959
f 8959 8957 8956
f 8433 8445 8476
f 8476 8445 8960
f 8477 8961 8432
f 8432 8961 8904
f 8904 8961 8962
f 8963 8964 8960
f 8960 8964 8965
f 8966 8967 8968
f 8960 8969 8476
f 8970 8971 8968
f 8968 8971 8969
f 8961 8972 8918
f 8967 8966 8972
f 8972 8966 8918
f 8968 8967 8970
f 8958 8959 8961
f 8961 8959 8972
f 8965 8968 8960
f 8960 8968 8969
f 8476 8969 8958
f 8958 8961 8477
f 8958 8477 8476
f 8952 8954 8950
f 8950 8954 8957
f 8950 8957 8944
f 8957 8958 8944
f 8955 8953 8956
f 8956 8953 8951
f 8956 8951 8959
f 8959 8951 8947
f 8973 8974 8975
f 8975 8974 8976
f 8977 8827 8826
f 8978 8979 8980
f 8980 8979 8981
f 8981 8979 8982
f 8983 8984 8982
f 8984 8983 8826
f 8826 8983 8985
f 8826 8985 8977
f 8977 8985 8986
f 8982 8984 8981
f 8981 8984 8987
f 8977 8986 8988
f 8977 8988 8989
f 8981 8987 8990
f 8975 8976 8982
f 8982 8976 8983
f 8991 8992 8993
f 8993 8992 8994
f 8993 8994 8995
f 8995 8994 8996
f 8995 8996 8997
f 8974 8973 8998
f 8998 8973 8994
f 8998 8994 8992
f 8998 8992 8999
f 8999 8992 9000
f 8999 9000 9001
f 9001 9000 9002
f 9003 9004 9001
f 9001 9004 8999
f 8992 8991 9005
f 9005 9006 8992
f 8861 8860 9000
f 9000 8860 9002
f 8819 8816 8846
f 8846 8816 8844
f 8964 8963 9007
f 8964 9007 9008
f 8964 9008 9009
f 8964 9009 8856
f 8856 9009 9010
f 8856 9010 9011
f 8856 9011 8855
f 8939 8938 9012
f 9012 8938 9013
f 9013 8938 9014
f 9014 8938 9015
f 9015 8938 9016
f 9016 8938 8822
f 9016 8822 8828
f 8846 8843 8966
f 8966 8843 8918
f 8451 8783 8450
f 8450 8783 9017
f 8450 9017 8449
f 8449 9017 9018
f 8449 9018 8448
f 8448 9018 9019
f 8448 9019 8447
f 8447 9019 9020
f 8447 9020 8446
f 8446 9020 9021
f 8446 9021 8445
f 8445 9021 8960
f 8949 8919 8825
f 8949 8825 8820
f 8746 8683 9022
f 9022 8683 9023
f 9023 8683 9024
f 9024 8683 8682
f 9024 8682 9025
f 9025 8682 9026
f 9026 8682 8936
f 8856 8822 8938
f 8856 8938 8964
f 8964 8938 8965
f 8965 8938 8940
f 8940 8943 8965
f 8965 8943 8968
f 8968 8943 8966
f 8966 8943 8949
f 8820 8846 8966
f 8820 8966 8949
f 8854 8853 8822
f 8822 8853 8823
f 8978 8997 8979
f 8979 8997 8996
f 8823 8853 8826
f 8826 8853 8861
f 8826 8861 9000
f 8826 9000 8984
f 8984 9000 8992
f 8993 8995 8981
f 8981 8995 8980
f 8978 8980 8997
f 8997 8980 8995
f 8993 8981 8991
f 8982 8994 8975
f 8975 8994 8973
f 8979 8996 8982
f 8982 8996 8994
f 8983 8998 8985
f 8985 8998 8999
f 8974 8998 8976
f 8976 8998 8983
f 8985 8999 8986
f 8977 9001 8827
f 8827 9001 9002
f 8827 9002 8860
f 8827 8860 8816
f 8816 8860 8844
f 9004 8988 8986
f 9004 8986 8999
f 8988 9004 9003
f 8988 9003 8989
f 8989 9003 9001
f 8989 9001 8977
f 8990 9005 8991
f 8990 8991 8981
f 9005 8990 8987
f 9005 8987 9006
f 9006 8987 8984
f 9006 8984 8992
f 8846 8820 8819
f 8822 8856 8854
f 8962 8941 8904
f 8904 8941 8906
f 8962 8961 8941
f 8941 8961 8937
f 8919 8961 8918
f 8961 8919 8937
f 8945 8946 8972
f 8972 8946 8967
f 8969 8971 8942
f 8942 8971 8948
f 8945 8972 8947
f 8947 8972 8959
f 8944 8958 8942
f 8942 8958 8969
f 8948 8971 8970
f 8948 8970 8946
f 8946 8970 8967
f 8758 8748 8782
f 8782 8748 8784
f 8793 8784 8755
f 8755 8784 8747
f 8794 8797 8766
f 8766 8797 8765
f 8747 8784 8748
f 8765 8797 8755
f 8755 8797 8793
f 8758 8782 8749
f 8749 8782 8781
f 8785 8750 8781
f 8781 8750 8749
f 8763 8787 8794
f 8763 8794 8766
f 8476 8480 8433
f 8433 8480 8681
f 8432 8905 8477
f 8477 8905 8485
f 8476 8477 8480
f 8480 8477 8485
f 8320 8319 8680
f 8680 8319 8318
f 8329 8328 8325
f 8325 8328 8686
f 8319 8329 8318
f 8318 8329 8325
f 8963 8939 9007
f 9007 8939 9012
f 9007 9012 9008
f 9008 9012 9013
f 9008 9013 9009
f 9009 9013 9014
f 9009 9014 9010
f 9010 9014 9015
f 9010 9015 9011
f 9011 9015 9016
f 9011 9016 8855
f 8855 9016 8828
f 8855 8828 8839
f 8839 8828 8830
f 8839 8830 8893
f 8893 8830 8899
f 8893 8899 8894
f 8894 8899 8900
f 8894 8900 8895
f 8895 8900 8901
f 8895 8901 8896
f 8896 8901 8902
f 8896 8902 8897
f 8897 8902 8903
f 8897 8903 8706
f 8706 8903 8690
f 8706 8690 8703
f 8703 8690 8687
f 8703 8687 8907
f 8907 8687 8913
f 8907 8913 8908
f 8908 8913 8914
f 8908 8914 8909
f 8909 8914 8915
f 8909 8915 8910
f 8910 8915 8916
f 8910 8916 8911
f 8911 8916 8917
f 8911 8917 8791
f 8791 8917 8754
f 8791 8754 8783
f 8783 8754 8746
f 8783 8746 9017
f 9017 8746 9022
f 9017 9022 9018
f 9018 9022 9023
f 9018 9023 9019
f 9019 9023 9024
f 9019 9024 9020
f 9020 9024 9025
f 9020 9025 9021
f 9021 9025 9026
f 9021 9026 8960
f 8960 9026 8936
f 8960 8936 8963
f 8963 8936 8939
usemtl 54,54,54
f 9027 9028 9029
f 9029 9028 9030
f 9029 9030 9031
f 9032 9033 9034
f 9034 9033 9035
f 9034 9035 9036
f 9037 9038 9039
f 9039 9038 9040
f 9039 9040 9041
f 9042 9043 9044
f 9044 9043 9045
f 9036 9046 9034
f 9034 9046 9047
f 9034 9047 9048
f 9049 9050 9034
f 9034 9050 9051
f 9052 9053 9054
f 9054 9053 9055
f 9051 9056 9034
f 9034 9056 9055
f 9034 9055 9057
f 9057 9055 9053
f 9058 9029 9032
f 9032 9029 9031
f 9032 9031 9033
f 9048 9059 9034
f 9034 9059 9060
f 9034 9060 9049
f 9061 9062 9063
f 9063 9062 9064
f 9061 9065 9062
f 9062 9065 9066
f 9062 9066 9067
f 9068 9069 9070
f 9070 9069 9071
f 9070 9071 9072
f 9072 9073 9070
f 9070 9073 9074
f 9070 9074 9075
f 9075 9074 9039
f 9075 9039 9045
f 9045 9039 9041
f 9045 9041 9044
f 9044 9041 9076
f 9044 9076 9077
f 9062 9043 9064
f 9064 9043 9042
f 9064 9042 9078
f 9078 9042 9079
f 9066 9080 9067
f 9067 9080 9081
f 9067 9081 9070
f 9070 9081 9082
f 9070 9082 9068
f 9074 9083 9084
f 9085 9039 9074
f 9085 9074 9086
f 9086 9074 9084
f 9083 9027 9084
f 9084 9027 9029
f 9084 9029 9087
f 9087 9029 9088
f 9089 9090 9091
f 9092 9093 9094
f 9095 9096 9097
f 9098 9099 9100
f 9101 9102 9094
f 9103 9104 9100
f 9100 9104 9101
f 9100 9101 9098
f 9098 9101 9094
f 9098 9094 9105
f 9105 9094 9093
f 9106 9107 9108
f 9109 9110 9111
f 9111 9110 9112
f 9111 9112 9113
f 9110 9029 9112
f 9112 9029 9058
f 9112 9058 9042
f 9042 9058 9114
f 9042 9114 9079
f 9108 9115 9106
f 9106 9115 9116
f 9106 9116 9101
f 9101 9116 9089
f 9101 9089 9102
f 9102 9089 9091
f 9096 9117 9097
f 9097 9117 9118
f 9097 9118 9119
f 9119 9120 9097
f 9097 9120 9121
f 9097 9121 9094
f 9094 9121 9122
f 9094 9122 9092
f 9123 9124 9125
f 9125 9124 9126
f 9029 9127 9128
f 9108 9088 9115
f 9115 9088 9029
f 9115 9029 9097
f 9097 9029 9128
f 9097 9128 9095
f 9110 9129 9029
f 9029 9129 9130
f 9029 9130 9127
f 9127 9130 9125
f 9127 9125 9131
f 9131 9125 9126
f 9131 9126 9132
f 9099 9133 9100
f 9100 9133 9134
f 9100 9134 9131
f 9111 9100 9109
f 9109 9100 9131
f 9109 9131 9135
f 9135 9131 9132
f 9135 9132 9136
f 9136 9132 9137
f 9138 9139 9140
f 9141 9142 9143
f 9143 9142 9138
f 9143 9138 9144
f 9144 9138 9140
f 9145 9146 9147
f 9148 9149 9150
f 9150 9149 9145
f 9150 9145 9147
f 9141 9143 9147
f 9149 9148 9151
f 9152 9153 9154
f 9108 9140 9139
f 9151 9152 9149
f 9149 9152 9154
f 9149 9154 9139
f 9139 9154 9155
f 9139 9155 9108
f 9156 9157 9155
f 9155 9157 9158
f 9155 9158 9108
f 9108 9158 9159
f 9108 9159 9088
f 9088 9159 9160
f 9161 9162 9163
f 9163 9164 9161
f 9161 9164 9165
f 9161 9165 9166
f 9166 9165 9167
f 9168 9169 9170
f 9170 9169 9171
f 9171 9169 9172
f 9171 9172 9173
f 9174 9175 9176
f 9176 9177 9174
f 9174 9177 9178
f 9174 9178 9179
f 9179 9178 9180
f 9181 9182 9183
f 9183 9182 9184
f 9184 9182 9185
f 9184 9185 9186
f 9187 9188 9189
f 9189 9188 9190
f 9189 9165 9187
f 9187 9165 9164
f 9187 9164 9191
f 9191 9164 9172
f 9191 9172 9192
f 9185 9182 9193
f 9194 9195 9192
f 9193 9194 9185
f 9185 9194 9192
f 9185 9192 9177
f 9177 9192 9172
f 9177 9172 9178
f 9178 9172 9169
f 9196 9197 9195
f 9195 9197 9198
f 9195 9198 9192
f 9192 9198 9199
f 9192 9199 9200
f 9200 9199 9201
f 9200 9201 9202
f 9203 9200 9204
f 9204 9200 9202
f 9205 9206 9207
f 9207 9206 9208
f 9209 9210 9211
f 9211 9210 9212
f 9203 9204 9213
f 9208 9206 9204
f 9204 9206 9213
f 9205 9207 9214
f 9190 9188 9207
f 9207 9188 9214
f 9211 9213 9209
f 9209 9213 9214
f 9214 9213 9206
f 9214 9206 9205
f 9192 9200 9212
f 9212 9200 9203
f 9213 9211 9212
f 9213 9212 9203
f 9209 9214 9210
f 9214 9188 9210
f 9187 9191 9188
f 9188 9191 9210
f 9210 9191 9212
f 9212 9191 9192
f 9215 9196 9216
f 9216 9196 9217
f 9217 9196 9195
f 9217 9195 9218
f 9219 9220 9221
f 9221 9194 9219
f 9219 9194 9193
f 9219 9193 9222
f 9222 9193 9223
f 9218 9221 9217
f 9217 9221 9220
f 9221 9218 9194
f 9194 9218 9195
f 9224 9201 9225
f 9225 9201 9226
f 9226 9201 9199
f 9226 9199 9227
f 9228 9229 9230
f 9230 9198 9228
f 9228 9198 9197
f 9228 9197 9231
f 9231 9197 9232
f 9227 9230 9226
f 9226 9230 9229
f 9230 9227 9198
f 9198 9227 9199
f 9173 9163 9171
f 9171 9163 9162
f 9163 9173 9164
f 9164 9173 9172
f 9186 9176 9184
f 9184 9176 9175
f 9176 9186 9177
f 9177 9186 9185
f 9220 9219 9217
f 9229 9228 9226
f 9161 9171 9162
f 9174 9184 9175
f 9193 9182 9233
f 9193 9233 9196
f 9196 9233 9157
f 9165 9189 9233
f 9234 9235 9236
f 9182 9178 9233
f 9233 9178 9169
f 9233 9169 9165
f 9237 9157 9156
f 9202 9201 9237
f 9237 9201 9157
f 9197 9196 9157
f 9197 9157 9201
f 9234 9236 9238
f 9153 9204 9237
f 9237 9204 9202
f 9239 9233 9240
f 9240 9233 9189
f 9240 9189 9236
f 9236 9189 9190
f 9208 9204 9241
f 9241 9204 9153
f 9241 9153 9152
f 9207 9238 9236
f 9207 9236 9190
f 9238 9207 9241
f 9241 9207 9208
f 9168 9242 9243
f 9179 9244 9183
f 9183 9244 9245
f 9223 9215 9242
f 9222 9223 9181
f 9181 9223 9242
f 9181 9242 9180
f 9180 9242 9168
f 9180 9168 9179
f 9179 9168 9170
f 9179 9170 9244
f 9244 9170 9166
f 9244 9166 9243
f 9243 9166 9167
f 9243 9167 9168
f 9181 9183 9222
f 9222 9183 9245
f 9222 9245 9216
f 9216 9245 9231
f 9216 9231 9215
f 9215 9231 9232
f 9215 9232 9242
f 9242 9232 9224
f 9242 9224 9245
f 9245 9224 9225
f 9245 9225 9231
f 9076 9246 9077
f 9077 9246 9247
f 9112 9248 9249
f 9112 9249 9113
f 9250 9251 9252
f 9252 9251 9253
f 9254 9038 9255
f 9255 9038 9037
f 9148 9256 9151
f 9151 9256 9257
f 9151 9257 9258
f 9107 9259 9108
f 9108 9259 9256
f 9108 9256 9140
f 9140 9256 9148
f 9140 9148 9144
f 9144 9148 9150
f 9260 9261 9257
f 9261 9262 9257
f 9257 9262 9263
f 9257 9263 9258
f 9037 9252 9255
f 9255 9252 9253
f 9255 9253 9264
f 9264 9253 9265
f 9264 9265 9266
f 9266 9267 9264
f 9264 9267 9268
f 9264 9268 9269
f 9269 9270 9264
f 9264 9270 9271
f 9264 9271 9257
f 9257 9271 9272
f 9257 9272 9260
f 9242 9256 9259
f 9273 9247 9246
f 9274 9275 9276
f 9276 9275 9277
f 9259 9278 9242
f 9242 9278 9276
f 9242 9276 9243
f 9243 9276 9277
f 9243 9277 9279
f 9254 9255 9280
f 9280 9255 9243
f 9280 9243 9281
f 9249 9248 9279
f 9279 9248 9282
f 9279 9282 9243
f 9243 9282 9273
f 9243 9273 9281
f 9281 9273 9246
f 9155 9154 9283
f 9283 9154 9284
f 9285 9286 9287
f 9287 9286 9288
f 9159 9158 9289
f 9289 9158 9290
f 9104 9103 9274
f 9274 9103 9275
f 9084 9291 9292
f 9084 9292 9086
f 9086 9292 9085
f 9085 9292 9293
f 9159 9289 9293
f 9293 9289 9294
f 9160 9159 9295
f 9295 9159 9293
f 9295 9293 9291
f 9291 9293 9292
f 9290 9233 9239
f 9039 9294 9037
f 9294 9289 9037
f 9037 9289 9290
f 9037 9290 9286
f 9286 9290 9239
f 9265 9253 9234
f 9234 9253 9296
f 9234 9296 9235
f 9252 9037 9297
f 9297 9037 9286
f 9297 9286 9296
f 9296 9286 9285
f 9296 9285 9235
f 9039 9085 9294
f 9294 9085 9293
f 9291 9084 9295
f 9295 9084 9087
f 9087 9088 9295
f 9295 9088 9160
f 9234 9271 9270
f 9234 9270 9269
f 9234 9269 9268
f 9234 9268 9267
f 9234 9267 9266
f 9234 9266 9265
f 9241 9152 9298
f 9298 9152 9272
f 9298 9272 9299
f 9299 9272 9271
f 9299 9271 9238
f 9238 9271 9234
f 9152 9151 9258
f 9152 9258 9263
f 9152 9263 9262
f 9152 9262 9261
f 9152 9261 9260
f 9152 9260 9272
f 9244 9243 9264
f 9264 9243 9255
f 9242 9245 9256
f 9256 9245 9257
f 9245 9244 9257
f 9257 9244 9264
f 9157 9233 9158
f 9158 9233 9290
f 9237 9156 9283
f 9283 9156 9155
f 9153 9237 9284
f 9284 9237 9283
f 9154 9153 9284
f 9238 9241 9299
f 9299 9241 9298
f 9236 9235 9287
f 9287 9235 9285
f 9240 9236 9288
f 9288 9236 9287
f 9239 9240 9286
f 9286 9240 9288
f 9100 9277 9103
f 9103 9277 9275
f 9279 9111 9249
f 9249 9111 9113
f 9111 9279 9100
f 9100 9279 9277
f 9106 9278 9107
f 9107 9278 9259
f 9276 9101 9274
f 9274 9101 9104
f 9101 9276 9106
f 9106 9276 9278
f 9280 9040 9254
f 9254 9040 9038
f 9041 9281 9076
f 9076 9281 9246
f 9281 9041 9280
f 9280 9041 9040
f 9273 9044 9247
f 9247 9044 9077
f 9042 9282 9112
f 9112 9282 9248
f 9282 9042 9273
f 9273 9042 9044
f 9223 9193 9215
f 9215 9193 9196
f 9222 9216 9219
f 9219 9216 9217
f 9232 9197 9224
f 9224 9197 9201
f 9231 9225 9228
f 9228 9225 9226
f 9170 9171 9166
f 9166 9171 9161
f 9167 9165 9168
f 9168 9165 9169
f 9183 9184 9179
f 9179 9184 9174
f 9180 9178 9181
f 9181 9178 9182
f 9300 9296 9253
f 9301 9302 9303
f 9303 9302 9300
f 9303 9300 9251
f 9251 9300 9253
f 9304 9303 9250
f 9250 9303 9251
f 9305 9306 9304
f 9252 9297 9250
f 9250 9297 9305
f 9250 9305 9304
f 9301 9303 9304
f 9306 9305 9302
f 9302 9305 9300
f 9300 9305 9296
f 9296 9305 9297
f 9302 9301 9306
f 9306 9301 9304
f 9147 9143 9150
f 9150 9143 9144
f 9146 9145 9142
f 9142 9145 9138
f 9138 9145 9139
f 9139 9145 9149
f 9147 9146 9141
f 9141 9146 9142
f 9307 9308 9309
f 9309 9308 9310
f 9309 9310 9311
f 9311 9310 9312
f 9311 9312 9313
f 9313 9312 9314
f 9315 9316 9317
f 9317 9316 9318
f 9317 9318 9319
f 9320 9321 9317
f 9317 9321 9322
f 9317 9322 9323
f 9319 9324 9317
f 9317 9324 9325
f 9317 9325 9326
f 9326 9327 9317
f 9317 9327 9328
f 9317 9328 9320
f 9329 9330 9322
f 9322 9330 9331
f 9322 9331 9323
usemtl 255,255,255
f 9091 9314 9097
f 9094 9102 9091
f 9097 9314 9115
f 9097 9094 9091
f 9308 9091 9090
f 9115 9314 9308
f 9115 9308 9116
f 9116 9308 9090
f 9116 9090 9089
f 9091 9308 9307
f 9314 9091 9309
f 9309 9091 9307
f 9314 9309 9311
f 9314 9311 9313
f 9314 9312 9310
f 9308 9314 9310
f 9133 9131 9134
f 9127 9095 9128
f 9122 9121 9120
f 9122 9120 9119
f 9119 9118 9096
f 9096 9118 9117
f 9133 9099 9098
f 9098 9105 9093
f 9093 9092 9122
f 9322 9119 9096
f 9322 9096 9330
f 9330 9096 9323
f 9323 9096 9095
f 9323 9095 9315
f 9315 9095 9127
f 9315 9127 9316
f 9316 9127 9131
f 9316 9131 9319
f 9319 9131 9133
f 9319 9133 9324
f 9324 9133 9098
f 9324 9098 9326
f 9326 9098 9093
f 9326 9093 9328
f 9328 9093 9122
f 9328 9122 9320
f 9320 9122 9322
f 9322 9122 9119
f 9323 9315 9317
f 9323 9331 9330
f 9330 9329 9322
f 9322 9321 9320
f 9328 9327 9326
f 9326 9325 9324
f 9316 9319 9318
f 9137 9126 9124
f 9110 9109 9135
f 9135 9136 9110
f 9110 9136 9137
f 9110 9137 9129
f 9125 9130 9123
f 9123 9130 9129
f 9123 9129 9137
f 9126 9137 9132
f 9078 9079 9114
f 9078 9114 9058
f 9080 9066 9065
f 9065 9061 9063
f 9332 9083 9074
f 9074 9073 9332
f 9332 9073 9072
f 9332 9072 9071
f 9071 9069 9068
f 9082 9081 9080
f 9083 9332 9027
f 9027 9332 9030
f 9027 9030 9028
f 9060 9059 9048
f 9047 9046 9036
f 9036 9035 9033
f 9057 9053 9052
f 9057 9052 9054
f 9054 9055 9056
f 9056 9051 9050
f 9050 9049 9060
f 9032 9034 9057
f 9054 9078 9057
f 9057 9078 9058
f 9057 9058 9032
f 9031 9030 9033
f 9033 9030 9332
f 9033 9332 9036
f 9036 9332 9071
f 9036 9071 9047
f 9047 9071 9048
f 9048 9071 9068
f 9048 9068 9060
f 9060 9068 9082
f 9060 9082 9080
f 9060 9080 9050
f 9050 9080 9065
f 9050 9065 9056
f 9056 9065 9063
f 9056 9063 9054
f 9054 9063 9064
f 9054 9064 9078
f 9070 9075 9067
f 9067 9075 9045
f 9067 9045 9062
f 9062 9045 9043
usemtl 171,171,171
f 9333 9334 9335
f 9335 9334 9336
f 9337 9338 9336
f 9336 9338 9335
f 9336 9339 9337
f 9337 9339 9340
f 9341 9342 9338
f 9338 9342 9335
f 9343 9344 9345
f 9345 9344 9342
f 9345 9342 9339
f 9341 9340 9342
f 9342 9340 9339
f 9346 9347 9348
f 9348 9347 9349
f 9350 9347 9351
f 9351 9347 9346
f 9352 9350 9353
f 9353 9350 9351
f 9336 9334 9345
f 9345 9334 9354
f 9343 9345 9354
f 9354 9352 9353
f 9343 9354 9353
f 9342 9344 9335
f 9335 9344 9355
f 9355 9333 9335
f 9355 9348 9349
f 9333 9355 9349
f 9336 9345 9339
f 9347 9350 9349
f 9349 9350 9352
f 9354 9333 9352
f 9352 9333 9349
f 9351 9346 9353
f 9353 9346 9348
f 9353 9348 9343
f 9343 9348 9355
f 9344 9343 9355
f 9333 9354 9334
f 9340 9341 9337
f 9337 9341 9338
f 9356 9357 9358
f 9358 9357 9359
f 9358 9359 9360
f 9361 9362 9359
f 9359 9362 9360
f 9363 9360 9364
f 9364 9360 9362
f 9361 9359 9365
f 9365 9359 9366
f 9367 9368 9366
f 9366 9368 9363
f 9364 9365 9363
f 9363 9365 9366
f 9369 9370 9371
f 9371 9370 9372
f 9369 9373 9370
f 9370 9373 9374
f 9373 9375 9374
f 9374 9375 9376
f 9363 9368 9358
f 9358 9368 9377
f 9377 9356 9358
f 9376 9375 9377
f 9377 9375 9356
f 9359 9367 9366
f 9378 9367 9359
f 9378 9359 9357
f 9378 9371 9372
f 9367 9378 9372
f 9360 9363 9358
f 9373 9369 9375
f 9375 9369 9371
f 9375 9371 9356
f 9356 9371 9378
f 9377 9367 9376
f 9376 9367 9372
f 9370 9374 9372
f 9372 9374 9376
f 9367 9377 9368
f 9357 9356 9378
f 9365 9364 9361
f 9361 9364 9362
f 9379 9380 9381
f 9381 9380 9382
f 9383 9384 9382
f 9382 9384 9381
f 9382 9385 9383
f 9383 9385 9386
f 9387 9388 9384
f 9384 9388 9381
f 9389 9390 9391
f 9391 9390 9388
f 9391 9388 9385
f 9387 9386 9388
f 9388 9386 9385
f 9392 9393 9394
f 9394 9393 9395
f 9396 9393 9397
f 9397 9393 9392
f 9398 9396 9399
f 9399 9396 9397
f 9400 9391 9380
f 9380 9391 9382
f 9398 9399 9400
f 9400 9399 9389
f 9400 9389 9391
f 9388 9379 9381
f 9388 9390 9401
f 9388 9401 9379
f 9401 9394 9395
f 9395 9379 9401
f 9382 9391 9385
f 9393 9396 9395
f 9395 9396 9398
f 9400 9379 9398
f 9398 9379 9395
f 9397 9392 9399
f 9399 9392 9394
f 9399 9394 9389
f 9389 9394 9401
f 9390 9389 9401
f 9379 9400 9380
f 9386 9387 9383
f 9383 9387 9384
f 9402 9403 9404
f 9404 9403 9405
f 9404 9405 9406
f 9407 9408 9405
f 9405 9408 9406
f 9409 9406 9410
f 9410 9406 9408
f 9407 9405 9411
f 9411 9405 9412
f 9413 9414 9412
f 9412 9414 9415
f 9410 9411 9409
f 9409 9411 9412
f 9409 9412 9415
f 9416 9417 9418
f 9418 9417 9419
f 9416 9420 9417
f 9417 9420 9421
f 9420 9422 9421
f 9421 9422 9423
f 9424 9402 9415
f 9424 9415 9414
f 9415 9402 9404
f 9424 9423 9422
f 9402 9424 9422
f 9405 9403 9412
f 9412 9403 9425
f 9425 9413 9412
f 9418 9419 9425
f 9425 9419 9413
f 9406 9409 9415
f 9406 9415 9404
f 9420 9416 9422
f 9422 9416 9418
f 9422 9418 9402
f 9402 9418 9425
f 9424 9413 9423
f 9423 9413 9419
f 9417 9421 9419
f 9419 9421 9423
f 9413 9424 9414
f 9403 9402 9425
f 9408 9407 9410
f 9410 9407 9411
f 9426 9427 9428
f 9428 9427 9429
f 9427 9430 9429
f 9429 9430 9431
f 9430 9432 9431
f 9431 9432 9433
f 9432 9434 9433
f 9433 9434 9435
f 9436 9437 9435
f 9436 9435 9434
f 9436 9438 9437
f 9437 9438 9439
f 9431 9433 9429
f 9429 9433 9435
f 9440 9441 9439
f 9439 9441 9428
f 9439 9428 9437
f 9437 9428 9429
f 9437 9429 9435
f 9428 9441 9426
f 9426 9441 9442
f 9439 9438 9440
f 9440 9438 9443
f 9432 9430 9434
f 9434 9430 9427
f 9442 9443 9426
f 9426 9443 9438
f 9426 9438 9427
f 9427 9438 9436
f 9427 9436 9434
f 9441 9440 9442
f 9442 9440 9443
f 9444 9445 9446
f 9446 9445 9447
f 9445 9448 9447
f 9447 9448 9449
f 9448 9450 9449
f 9449 9450 9451
f 9450 9452 9451
f 9451 9452 9453
f 9454 9455 9453
f 9454 9453 9452
f 9454 9456 9455
f 9455 9456 9457
f 9449 9451 9447
f 9447 9451 9453
f 9458 9459 9457
f 9457 9459 9446
f 9457 9446 9455
f 9455 9446 9447
f 9455 9447 9453
f 9446 9459 9444
f 9444 9459 9460
f 9457 9456 9458
f 9458 9456 9461
f 9450 9448 9452
f 9452 9448 9445
f 9460 9461 9444
f 9444 9461 9456
f 9444 9456 9445
f 9445 9456 9454
f 9445 9454 9452
f 9459 9458 9460
f 9460 9458 9461
f 9462 9463 9464
f 9464 9463 9465
f 9466 9467 9465
f 9466 9465 9463
f 9466 9468 9467
f 9467 9468 9469
f 9468 9470 9469
f 9469 9470 9471
f 9470 9472 9471
f 9471 9472 9473
f 9472 9474 9473
f 9473 9474 9475
f 9469 9471 9467
f 9467 9471 9473
f 9476 9477 9475
f 9475 9477 9464
f 9475 9464 9473
f 9473 9464 9465
f 9473 9465 9467
f 9474 9478 9475
f 9475 9478 9476
f 9462 9464 9479
f 9479 9464 9477
f 9470 9468 9472
f 9472 9468 9466
f 9479 9478 9462
f 9462 9478 9474
f 9462 9474 9463
f 9463 9474 9472
f 9463 9472 9466
f 9477 9476 9479
f 9479 9476 9478
f 9480 9481 9482
f 9482 9481 9483
f 9484 9485 9483
f 9484 9483 9481
f 9484 9486 9485
f 9485 9486 9487
f 9486 9488 9487
f 9487 9488 9489
f 9488 9490 9489
f 9489 9490 9491
f 9490 9492 9491
f 9491 9492 9493
f 9487 9489 9485
f 9485 9489 9491
f 9494 9495 9493
f 9493 9495 9482
f 9493 9482 9491
f 9491 9482 9483
f 9491 9483 9485
f 9492 9496 9493
f 9493 9496 9494
f 9480 9482 9497
f 9497 9482 9495
f 9488 9486 9490
f 9490 9486 9484
f 9497 9496 9480
f 9480 9496 9492
f 9480 9492 9481
f 9481 9492 9490
f 9481 9490 9484
f 9496 9497 9494
f 9494 9497 9495
f 9498 9499 9500
f 9500 9499 9140
f 9253 9501 9265
f 9265 9501 9502
f 9265 9502 9266
f 9266 9502 9267
f 9267 9502 9268
f 9268 9502 9503
f 9268 9503 9269
f 9269 9503 9270
f 9270 9503 9271
f 9271 9503 9272
f 9272 9503 9504
f 9272 9504 9260
f 9260 9504 9261
f 9261 9504 9505
f 9261 9505 9262
f 9262 9505 9263
f 9263 9505 9258
f 9258 9505 9151
f 9151 9505 9148
f 9148 9505 9506
f 9506 9505 9145
f 9145 9505 9507
f 9138 9508 9500
f 9500 9508 9498
f 9498 9508 9509
f 9510 9511 9507
f 9507 9511 9512
f 9513 9514 9515
f 9515 9514 9516
f 9508 9517 9518
f 9519 9520 9517
f 9517 9520 9518
f 9520 9519 9515
f 9515 9519 9513
f 9512 9515 9507
f 9507 9515 9516
f 9507 9516 9145
f 9145 9516 9521
f 9521 9508 9138
f 9521 9138 9145
f 9521 9522 9508
f 9508 9522 9517
f 9523 9151 9149
f 9149 9151 9148
f 9140 9524 9139
f 9525 9526 9527
f 9527 9526 9523
f 9524 9140 9499
f 9524 9499 9528
f 9139 9524 9149
f 9149 9524 9529
f 9530 9529 9524
f 9149 9531 9532
f 9533 9529 9530
f 9529 9534 9149
f 9149 9534 9531
f 9532 9535 9523
f 9523 9535 9527
f 9149 9532 9523
f 9532 9536 9535
f 9535 9533 9537
f 9533 9530 9537
f 9535 9536 9533
f 9538 9539 9540
f 9540 9539 9541
f 9542 9541 9543
f 9543 9541 9539
f 9544 9545 9546
f 9546 9545 9547
f 9547 9545 9543
f 9543 9545 9542
f 9538 9540 9548
f 9548 9540 9549
f 9550 9551 9546
f 9546 9551 9544
f 9552 9553 9554
f 9554 9553 9555
f 9553 9556 9555
f 9555 9556 9557
f 9558 9559 9560
f 9560 9559 9561
f 9560 9562 9558
f 9558 9562 9563
f 9563 9562 9556
f 9556 9562 9557
f 9564 9559 9565
f 9565 9559 9552
f 9563 9556 9558
f 9558 9556 9553
f 9558 9553 9559
f 9559 9553 9552
f 9561 9554 9560
f 9560 9554 9555
f 9560 9555 9562
f 9562 9555 9557
f 9548 9549 9561
f 9561 9549 9554
f 9564 9565 9550
f 9550 9565 9551
f 9566 9567 9568
f 9503 9569 9504
f 9504 9569 9570
f 9571 9572 9573
f 9574 9575 9566
f 9566 9575 9567
f 9572 9576 9577
f 9503 9578 9569
f 9573 9572 9577
f 9574 9579 9580
f 9581 9582 9570
f 9570 9582 9583
f 9574 9580 9575
f 9566 9568 9578
f 9566 9578 9503
f 9574 9584 9579
f 9575 9580 9585
f 9586 9504 9583
f 9583 9504 9570
f 9573 9587 9504
f 9504 9587 9574
f 9574 9587 9584
f 9586 9571 9504
f 9504 9571 9573
f 9585 9580 9586
f 9586 9580 9571
f 9576 9588 9577
f 9577 9588 9589
f 9588 9590 9589
f 9589 9590 9591
f 9591 9590 9592
f 9592 9590 9593
f 9594 9592 9595
f 9595 9592 9593
f 9595 9596 9594
f 9594 9596 9597
f 9598 9599 9600
f 9271 9601 9602
f 9271 9602 9603
f 9603 9602 9604
f 9272 9605 9271
f 9271 9605 9601
f 9599 9606 9600
f 9597 9596 9599
f 9599 9596 9606
f 9607 9608 9609
f 9603 9610 9611
f 9611 9610 9612
f 9605 9607 9609
f 9604 9613 9603
f 9603 9613 9610
f 9607 9605 9614
f 9614 9605 9272
f 9611 9612 9615
f 9611 9615 9272
f 9272 9615 9598
f 9598 9600 9272
f 9272 9600 9614
f 9614 9600 9616
f 9614 9616 9617
f 9617 9616 9610
f 9617 9610 9613
f 9593 9590 9595
f 9595 9590 9588
f 9595 9588 9596
f 9596 9588 9576
f 9572 9606 9576
f 9576 9606 9596
f 9591 9592 9589
f 9589 9592 9594
f 9589 9594 9577
f 9594 9597 9577
f 9577 9597 9599
f 9577 9599 9573
f 9521 9618 9522
f 9522 9618 9619
f 9620 9619 9621
f 9621 9619 9618
f 9620 9621 9622
f 9622 9621 9623
f 9623 9624 9622
f 9624 9623 9625
f 9625 9531 9624
f 9624 9531 9534
f 9623 9621 9625
f 9625 9621 9618
f 9625 9618 9531
f 9531 9618 9521
f 9620 9622 9619
f 9619 9622 9624
f 9619 9624 9522
f 9624 9534 9522
f 9626 9627 9628
f 9628 9627 9629
f 9538 9630 9539
f 9539 9630 9631
f 9550 9548 9564
f 9631 9632 9633
f 9539 9631 9634
f 9634 9635 9539
f 9636 9637 9638
f 9639 9637 9636
f 9637 9639 9640
f 9641 9538 9548
f 9633 9634 9631
f 9638 9642 9643
f 9644 9637 9645
f 9638 9643 9636
f 9630 9538 9641
f 9561 9559 9548
f 9548 9559 9564
f 9637 9640 9645
f 9641 9644 9645
f 9643 9646 9647
f 9636 9643 9647
f 9648 9638 9649
f 9648 9543 9650
f 9650 9543 9539
f 9642 9638 9648
f 9648 9649 9543
f 9543 9649 9547
f 9651 9652 9653
f 9539 9635 9650
f 9644 9651 9653
f 9550 9546 9654
f 9548 9550 9641
f 9641 9550 9654
f 9641 9654 9644
f 9644 9654 9651
f 9649 9655 9547
f 9547 9655 9546
f 9546 9655 9654
f 9541 9656 9540
f 9540 9657 9658
f 9659 9660 9541
f 9541 9660 9656
f 9661 9662 9663
f 9664 9665 9666
f 9666 9665 9667
f 9540 9656 9657
f 9663 9667 9661
f 9542 9545 9668
f 9668 9545 9669
f 9551 9565 9549
f 9541 9542 9659
f 9659 9542 9668
f 9670 9671 9672
f 9666 9667 9663
f 9552 9554 9565
f 9565 9554 9549
f 9665 9673 9674
f 9659 9668 9675
f 9675 9668 9665
f 9670 9672 9656
f 9656 9672 9657
f 9665 9674 9676
f 9665 9676 9675
f 9677 9678 9661
f 9661 9678 9679
f 9664 9680 9681
f 9549 9540 9662
f 9665 9664 9673
f 9673 9664 9681
f 9679 9682 9661
f 9661 9682 9662
f 9662 9682 9551
f 9662 9551 9549
f 9540 9658 9662
f 9682 9544 9551
f 9544 9682 9545
f 9545 9682 9669
f 9683 9684 9685
f 9686 9687 9688
f 9628 9629 9689
f 9689 9629 9690
f 9689 9690 9691
f 9689 9691 9692
f 9692 9691 9633
f 9692 9633 9686
f 9686 9633 9632
f 9686 9688 9692
f 9693 9694 9691
f 9683 9685 9690
f 9690 9685 9695
f 9690 9695 9691
f 9691 9695 9693
f 9694 9696 9691
f 9697 9698 9699
f 9700 9701 9702
f 9700 9702 9703
f 9703 9702 9704
f 9705 9706 9699
f 9699 9706 9707
f 9699 9707 9697
f 9697 9707 9708
f 9705 9703 9704
f 9705 9704 9706
f 9697 9709 9710
f 9697 9708 9709
f 9627 9626 9704
f 9704 9626 9706
f 9703 9705 9711
f 9703 9711 9712
f 9699 9698 9671
f 9671 9698 9672
f 9631 9630 9657
f 9660 9659 9713
f 9660 9713 9525
f 9525 9713 9714
f 9525 9714 9715
f 9525 9715 9716
f 9525 9716 9717
f 9525 9717 9526
f 9650 9635 9718
f 9650 9718 9719
f 9719 9718 9720
f 9720 9718 9721
f 9721 9718 9511
f 9721 9511 9722
f 9722 9511 9723
f 9723 9511 9510
f 9252 9724 9725
f 9725 9724 9726
f 9662 9658 9537
f 9662 9537 9530
f 9151 9523 9258
f 9258 9523 9727
f 9258 9727 9263
f 9263 9727 9728
f 9263 9728 9262
f 9262 9728 9729
f 9262 9729 9261
f 9261 9729 9730
f 9261 9730 9260
f 9260 9730 9731
f 9260 9731 9272
f 9272 9731 9611
f 9518 9520 9641
f 9641 9520 9732
f 9641 9732 9630
f 9507 9505 9733
f 9733 9505 9734
f 9734 9505 9735
f 9735 9505 9736
f 9736 9505 9504
f 9736 9504 9737
f 9737 9504 9574
f 9527 9512 9525
f 9525 9512 9511
f 9525 9511 9718
f 9525 9718 9660
f 9660 9718 9635
f 9515 9512 9535
f 9535 9512 9527
f 9658 9630 9732
f 9658 9732 9537
f 9515 9535 9520
f 9520 9535 9537
f 9520 9537 9732
f 9634 9656 9635
f 9701 9684 9702
f 9702 9684 9683
f 9691 9705 9633
f 9633 9705 9699
f 9633 9699 9671
f 9633 9671 9634
f 9634 9671 9670
f 9700 9703 9685
f 9685 9703 9695
f 9685 9684 9700
f 9700 9684 9701
f 9693 9695 9703
f 9704 9690 9627
f 9627 9690 9629
f 9702 9683 9704
f 9704 9683 9690
f 9706 9689 9707
f 9707 9689 9692
f 9706 9626 9689
f 9689 9626 9628
f 9708 9707 9692
f 9631 9672 9632
f 9632 9672 9698
f 9632 9698 9686
f 9686 9698 9697
f 9708 9692 9688
f 9708 9688 9709
f 9686 9697 9710
f 9686 9710 9687
f 9687 9710 9709
f 9687 9709 9688
f 9693 9703 9712
f 9693 9712 9694
f 9705 9691 9696
f 9705 9696 9711
f 9711 9696 9694
f 9711 9694 9712
f 9631 9657 9672
f 9656 9634 9670
f 9657 9630 9658
f 9635 9656 9660
f 9663 9645 9738
f 9738 9645 9739
f 9518 9641 9530
f 9530 9641 9662
f 9662 9641 9663
f 9663 9641 9645
f 9509 9528 9498
f 9498 9528 9499
f 9524 9528 9508
f 9508 9528 9509
f 9530 9508 9518
f 9524 9508 9530
f 9519 9517 9533
f 9533 9517 9529
f 9536 9532 9514
f 9514 9532 9516
f 9522 9534 9517
f 9517 9534 9529
f 9516 9532 9521
f 9521 9532 9531
f 9519 9533 9513
f 9513 9533 9536
f 9513 9536 9514
f 9584 9587 9612
f 9612 9587 9615
f 9612 9610 9579
f 9579 9610 9580
f 9610 9616 9580
f 9580 9616 9571
f 9584 9612 9579
f 9573 9598 9587
f 9587 9598 9615
f 9571 9616 9600
f 9598 9573 9599
f 9571 9600 9572
f 9572 9600 9606
f 9638 9637 9665
f 9665 9637 9667
f 9665 9668 9638
f 9638 9668 9649
f 9669 9682 9655
f 9655 9682 9654
f 9649 9668 9655
f 9655 9668 9669
f 9644 9661 9667
f 9644 9667 9637
f 9740 9678 9741
f 9741 9678 9677
f 9741 9742 9740
f 9740 9742 9743
f 9652 9744 9653
f 9653 9744 9745
f 9744 9746 9745
f 9745 9746 9747
f 9747 9746 9742
f 9742 9746 9743
f 9651 9679 9652
f 9652 9679 9678
f 9652 9678 9744
f 9744 9678 9740
f 9744 9740 9746
f 9746 9740 9743
f 9644 9653 9661
f 9661 9653 9677
f 9747 9742 9745
f 9745 9742 9741
f 9745 9741 9653
f 9653 9741 9677
f 9654 9682 9651
f 9651 9682 9679
f 9748 9582 9749
f 9749 9582 9581
f 9749 9750 9748
f 9748 9750 9751
f 9751 9750 9752
f 9752 9750 9753
f 9754 9752 9755
f 9755 9752 9753
f 9608 9754 9609
f 9609 9754 9755
f 9583 9582 9607
f 9607 9582 9608
f 9751 9752 9748
f 9748 9752 9754
f 9748 9754 9582
f 9582 9754 9608
f 9753 9750 9755
f 9755 9750 9749
f 9755 9749 9609
f 9609 9749 9581
f 9570 9605 9581
f 9581 9605 9609
f 9756 9502 9300
f 9300 9502 9501
f 9725 9757 9305
f 9758 9759 9760
f 9760 9759 9756
f 9757 9725 9726
f 9757 9726 9761
f 9762 9763 9756
f 9763 9760 9756
f 9300 9764 9762
f 9305 9757 9300
f 9300 9757 9765
f 9765 9757 9739
f 9765 9739 9766
f 9300 9762 9756
f 9765 9767 9300
f 9300 9767 9764
f 9762 9768 9763
f 9763 9768 9766
f 9763 9766 9769
f 9766 9739 9769
f 9770 9764 9771
f 9771 9764 9767
f 9772 9770 9773
f 9773 9770 9771
f 9772 9773 9774
f 9774 9773 9775
f 9776 9777 9774
f 9776 9774 9775
f 9778 9777 9779
f 9779 9777 9776
f 9253 9265 9296
f 9296 9265 9780
f 9297 9781 9252
f 9252 9781 9724
f 9724 9781 9782
f 9783 9784 9780
f 9780 9784 9785
f 9786 9787 9788
f 9780 9789 9296
f 9790 9791 9788
f 9788 9791 9789
f 9781 9792 9738
f 9787 9786 9792
f 9792 9786 9738
f 9788 9787 9790
f 9778 9779 9781
f 9781 9779 9792
f 9785 9788 9780
f 9780 9788 9789
f 9296 9789 9778
f 9778 9781 9297
f 9778 9297 9296
f 9772 9774 9770
f 9770 9774 9777
f 9770 9777 9764
f 9777 9778 9764
f 9775 9773 9776
f 9776 9773 9771
f 9776 9771 9779
f 9779 9771 9767
f 9793 9794 9795
f 9795 9794 9796
f 9797 9647 9646
f 9798 9799 9800
f 9800 9799 9801
f 9801 9799 9802
f 9803 9804 9802
f 9804 9803 9646
f 9646 9803 9805
f 9646 9805 9797
f 9797 9805 9806
f 9802 9804 9801
f 9801 9804 9807
f 9797 9806 9808
f 9797 9808 9809
f 9801 9807 9810
f 9795 9796 9802
f 9802 9796 9803
f 9811 9812 9813
f 9813 9812 9814
f 9813 9814 9815
f 9815 9814 9816
f 9815 9816 9817
f 9794 9793 9818
f 9818 9793 9814
f 9818 9814 9812
f 9818 9812 9819
f 9819 9812 9820
f 9819 9820 9821
f 9821 9820 9822
f 9823 9824 9821
f 9821 9824 9819
f 9812 9811 9825
f 9825 9826 9812
f 9681 9680 9820
f 9820 9680 9822
f 9639 9636 9666
f 9666 9636 9664
f 9784 9783 9827
f 9784 9827 9828
f 9784 9828 9829
f 9784 9829 9676
f 9676 9829 9830
f 9676 9830 9831
f 9676 9831 9675
f 9759 9758 9832
f 9832 9758 9833
f 9833 9758 9834
f 9834 9758 9835
f 9835 9758 9836
f 9836 9758 9642
f 9836 9642 9648
f 9666 9663 9786
f 9786 9663 9738
f 9271 9603 9270
f 9270 9603 9837
f 9270 9837 9269
f 9269 9837 9838
f 9269 9838 9268
f 9268 9838 9839
f 9268 9839 9267
f 9267 9839 9840
f 9267 9840 9266
f 9266 9840 9841
f 9266 9841 9265
f 9265 9841 9780
f 9769 9739 9645
f 9769 9645 9640
f 9566 9503 9842
f 9842 9503 9843
f 9843 9503 9844
f 9844 9503 9502
f 9844 9502 9845
f 9845 9502 9846
f 9846 9502 9756
f 9676 9642 9758
f 9676 9758 9784
f 9784 9758 9785
f 9785 9758 9760
f 9760 9763 9785
f 9785 9763 9788
f 9788 9763 9786
f 9786 9763 9769
f 9640 9666 9786
f 9640 9786 9769
f 9674 9673 9642
f 9642 9673 9643
f 9798 9817 9799
f 9799 9817 9816
f 9643 9673 9646
f 9646 9673 9681
f 9646 9681 9820
f 9646 9820 9804
f 9804 9820 9812
f 9813 9815 9801
f 9801 9815 9800
f 9798 9800 9817
f 9817 9800 9815
f 9813 9801 9811
f 9802 9814 9795
f 9795 9814 9793
f 9799 9816 9802
f 9802 9816 9814
f 9803 9818 9805
f 9805 9818 9819
f 9794 9818 9796
f 9796 9818 9803
f 9805 9819 9806
f 9797 9821 9647
f 9647 9821 9822
f 9647 9822 9680
f 9647 9680 9636
f 9636 9680 9664
f 9824 9808 9806
f 9824 9806 9819
f 9808 9824 9823
f 9808 9823 9809
f 9809 9823 9821
f 9809 9821 9797
f 9810 9825 9811
f 9810 9811 9801
f 9825 9810 9807
f 9825 9807 9826
f 9826 9807 9804
f 9826 9804 9812
f 9666 9640 9639
f 9642 9676 9674
f 9782 9761 9724
f 9724 9761 9726
f 9782 9781 9761
f 9761 9781 9757
f 9739 9781 9738
f 9781 9739 9757
f 9765 9766 9792
f 9792 9766 9787
f 9789 9791 9762
f 9762 9791 9768
f 9765 9792 9767
f 9767 9792 9779
f 9764 9778 9762
f 9762 9778 9789
f 9768 9791 9790
f 9768 9790 9766
f 9766 9790 9787
f 9578 9568 9602
f 9602 9568 9604
f 9613 9604 9575
f 9575 9604 9567
f 9614 9617 9586
f 9586 9617 9585
f 9567 9604 9568
f 9585 9617 9575
f 9575 9617 9613
f 9578 9602 9569
f 9569 9602 9601
f 9605 9570 9601
f 9601 9570 9569
f 9583 9607 9614
f 9583 9614 9586
f 9296 9300 9253
f 9253 9300 9501
f 9252 9725 9297
f 9297 9725 9305
f 9296 9297 9300
f 9300 9297 9305
f 9140 9139 9500
f 9500 9139 9138
f 9149 9148 9145
f 9145 9148 9506
f 9139 9149 9138
f 9138 9149 9145
f 9783 9759 9827
f 9827 9759 9832
f 9827 9832 9828
f 9828 9832 9833
f 9828 9833 9829
f 9829 9833 9834
f 9829 9834 9830
f 9830 9834 9835
f 9830 9835 9831
f 9831 9835 9836
f 9831 9836 9675
f 9675 9836 9648
f 9675 9648 9659
f 9659 9648 9650
f 9659 9650 9713
f 9713 9650 9719
f 9713 9719 9714
f 9714 9719 9720
f 9714 9720 9715
f 9715 9720 9721
f 9715 9721 9716
f 9716 9721 9722
f 9716 9722 9717
f 9717 9722 9723
f 9717 9723 9526
f 9526 9723 9510
f 9526 9510 9523
f 9523 9510 9507
f 9523 9507 9727
f 9727 9507 9733
f 9727 9733 9728
f 9728 9733 9734
f 9728 9734 9729
f 9729 9734 9735
f 9729 9735 9730
f 9730 9735 9736
f 9730 9736 9731
f 9731 9736 9737
f 9731 9737 9611
f 9611 9737 9574
f 9611 9574 9603
f 9603 9574 9566
f 9603 9566 9837
f 9837 9566 9842
f 9837 9842 9838
f 9838 9842 9843
f 9838 9843 9839
f 9839 9843 9844
f 9839 9844 9840
f 9840 9844 9845
f 9840 9845 9841
f 9841 9845 9846
f 9841 9846 9780
f 9780 9846 9756
f 9780 9756 9783
f 9783 9756 9759
usemtl 54,54,54
f 9847 9848 9849
f 9849 9848 9850
f 9849 9850 9851
f 9852 9853 9854
f 9854 9853 9855
f 9854 9855 9856
f 9857 9858 9859
f 9859 9858 9860
f 9859 9860 9861
f 9862 9863 9864
f 9864 9863 9865
f 9856 9866 9854
f 9854 9866 9867
f 9854 9867 9868
f 9869 9870 9854
f 9854 9870 9871
f 9872 9873 9874
f 9874 9873 9875
f 9871 9876 9854
f 9854 9876 9875
f 9854 9875 9877
f 9877 9875 9873
f 9878 9849 9852
f 9852 9849 9851
f 9852 9851 9853
f 9868 9879 9854
f 9854 9879 9880
f 9854 9880 9869
f 9881 9882 9883
f 9883 9882 9884
f 9881 9885 9882
f 9882 9885 9886
f 9882 9886 9887
f 9888 9889 9890
f 9890 9889 9891
f 9890 9891 9892
f 9892 9893 9890
f 9890 9893 9894
f 9890 9894 9895
f 9895 9894 9859
f 9895 9859 9865
f 9865 9859 9861
f 9865 9861 9864
f 9864 9861 9896
f 9864 9896 9897
f 9882 9863 9884
f 9884 9863 9862
f 9884 9862 9898
f 9898 9862 9899
f 9886 9900 9887
f 9887 9900 9901
f 9887 9901 9890
f 9890 9901 9902
f 9890 9902 9888
f 9894 9903 9904
f 9905 9859 9894
f 9905 9894 9906
f 9906 9894 9904
f 9903 9847 9904
f 9904 9847 9849
f 9904 9849 9907
f 9907 9849 9908
f 9909 9910 9911
f 9912 9913 9914
f 9915 9916 9917
f 9918 9919 9920
f 9921 9922 9914
f 9923 9924 9920
f 9920 9924 9921
f 9920 9921 9918
f 9918 9921 9914
f 9918 9914 9925
f 9925 9914 9913
f 9926 9927 9928
f 9929 9930 9931
f 9931 9930 9932
f 9931 9932 9933
f 9930 9849 9932
f 9932 9849 9878
f 9932 9878 9862
f 9862 9878 9934
f 9862 9934 9899
f 9928 9935 9926
f 9926 9935 9936
f 9926 9936 9921
f 9921 9936 9909
f 9921 9909 9922
f 9922 9909 9911
f 9916 9937 9917
f 9917 9937 9938
f 9917 9938 9939
f 9939 9940 9917
f 9917 9940 9941
f 9917 9941 9914
f 9914 9941 9942
f 9914 9942 9912
f 9943 9944 9945
f 9945 9944 9946
f 9849 9947 9948
f 9928 9908 9935
f 9935 9908 9849
f 9935 9849 9917
f 9917 9849 9948
f 9917 9948 9915
f 9930 9949 9849
f 9849 9949 9950
f 9849 9950 9947
f 9947 9950 9945
f 9947 9945 9951
f 9951 9945 9946
f 9951 9946 9952
f 9919 9953 9920
f 9920 9953 9954
f 9920 9954 9951
f 9931 9920 9929
f 9929 9920 9951
f 9929 9951 9955
f 9955 9951 9952
f 9955 9952 9956
f 9956 9952 9957
f 9958 9959 9960
f 9961 9962 9963
f 9963 9962 9958
f 9963 9958 9964
f 9964 9958 9960
f 9965 9966 9967
f 9968 9969 9970
f 9970 9969 9965
f 9970 9965 9967
f 9961 9963 9967
f 9969 9968 9971
f 9972 9973 9974
f 9928 9960 9959
f 9971 9972 9969
f 9969 9972 9974
f 9969 9974 9959
f 9959 9974 9975
f 9959 9975 9928
f 9976 9977 9975
f 9975 9977 9978
f 9975 9978 9928
f 9928 9978 9979
f 9928 9979 9908
f 9908 9979 9980
f 9981 9982 9983
f 9983 9984 9981
f 9981 9984 9985
f 9981 9985 9986
f 9986 9985 9987
f 9988 9989 9990
f 9990 9989 9991
f 9991 9989 9992
f 9991 9992 9993
f 9994 9995 9996
f 9996 9997 9994
f 9994 9997 9998
f 9994 9998 9999
f 9999 9998 10000
f 10001 10002 10003
f 10003 10002 10004
f 10004 10002 10005
f 10004 10005 10006
f 10007 10008 10009
f 10009 10008 10010
f 10009 9985 10007
f 10007 9985 9984
f 10007 9984 10011
f 10011 9984 9992
f 10011 9992 10012
f 10005 10002 10013
f 10014 10015 10012
f 10013 10014 10005
f 10005 10014 10012
f 10005 10012 9997
f 9997 10012 9992
f 9997 9992 9998
f 9998 9992 9989
f 10016 10017 10015
f 10015 10017 10018
f 10015 10018 10012
f 10012 10018 10019
f 10012 10019 10020
f 10020 10019 10021
f 10020 10021 10022
f 10023 10020 10024
f 10024 10020 10022
f 10025 10026 10027
f 10027 10026 10028
f 10029 10030 10031
f 10031 10030 10032
f 10023 10024 10033
f 10028 10026 10024
f 10024 10026 10033
f 10025 10027 10034
f 10010 10008 10027
f 10027 10008 10034
f 10031 10033 10029
f 10029 10033 10034
f 10034 10033 10026
f 10034 10026 10025
f 10012 10020 10032
f 10032 10020 10023
f 10033 10031 10032
f 10033 10032 10023
f 10029 10034 10030
f 10034 10008 10030
f 10007 10011 10008
f 10008 10011 10030
f 10030 10011 10032
f 10032 10011 10012
f 10035 10016 10036
f 10036 10016 10037
f 10037 10016 10015
f 10037 10015 10038
f 10039 10040 10041
f 10041 10014 10039
f 10039 10014 10013
f 10039 10013 10042
f 10042 10013 10043
f 10038 10041 10037
f 10037 10041 10040
f 10041 10038 10014
f 10014 10038 10015
f 10044 10021 10045
f 10045 10021 10046
f 10046 10021 10019
f 10046 10019 10047
f 10048 10049 10050
f 10050 10018 10048
f 10048 10018 10017
f 10048 10017 10051
f 10051 10017 10052
f 10047 10050 10046
f 10046 10050 10049
f 10050 10047 10018
f 10018 10047 10019
f 9993 9983 9991
f 9991 9983 9982
f 9983 9993 9984
f 9984 9993 9992
f 10006 9996 10004
f 10004 9996 9995
f 9996 10006 9997
f 9997 10006 10005
f 10040 10039 10037
f 10049 10048 10046
f 9981 9991 9982
f 9994 10004 9995
f 10013 10002 10053
f 10013 10053 10016
f 10016 10053 9977
f 9985 10009 10053
f 10054 10055 10056
f 10002 9998 10053
f 10053 9998 9989
f 10053 9989 9985
f 10057 9977 9976
f 10022 10021 10057
f 10057 10021 9977
f 10017 10016 9977
f 10017 9977 10021
f 10054 10056 10058
f 9973 10024 10057
f 10057 10024 10022
f 10059 10053 10060
f 10060 10053 10009
f 10060 10009 10056
f 10056 10009 10010
f 10028 10024 10061
f 10061 10024 9973
f 10061 9973 9972
f 10027 10058 10056
f 10027 10056 10010
f 10058 10027 10061
f 10061 10027 10028
f 9988 10062 10063
f 9999 10064 10003
f 10003 10064 10065
f 10043 10035 10062
f 10042 10043 10001
f 10001 10043 10062
f 10001 10062 10000
f 10000 10062 9988
f 10000 9988 9999
f 9999 9988 9990
f 9999 9990 10064
f 10064 9990 9986
f 10064 9986 10063
f 10063 9986 9987
f 10063 9987 9988
f 10001 10003 10042
f 10042 10003 10065
f 10042 10065 10036
f 10036 10065 10051
f 10036 10051 10035
f 10035 10051 10052
f 10035 10052 10062
f 10062 10052 10044
f 10062 10044 10065
f 10065 10044 10045
f 10065 10045 10051
f 9896 10066 9897
f 9897 10066 10067
f 9932 10068 10069
f 9932 10069 9933
f 10070 10071 10072
f 10072 10071 10073
f 10074 9858 10075
f 10075 9858 9857
f 9968 10076 9971
f 9971 10076 10077
f 9971 10077 10078
f 9927 10079 9928
f 9928 10079 10076
f 9928 10076 9960
f 9960 10076 9968
f 9960 9968 9964
f 9964 9968 9970
f 10080 10081 10077
f 10081 10082 10077
f 10077 10082 10083
f 10077 10083 10078
f 9857 10072 10075
f 10075 10072 10073
f 10075 10073 10084
f 10084 10073 10085
f 10084 10085 10086
f 10086 10087 10084
f 10084 10087 10088
f 10084 10088 10089
f 10089 10090 10084
f 10084 10090 10091
f 10084 10091 10077
f 10077 10091 10092
f 10077 10092 10080
f 10062 10076 10079
f 10093 10067 10066
f 10094 10095 10096
f 10096 10095 10097
f 10079 10098 10062
f 10062 10098 10096
f 10062 10096 10063
f 10063 10096 10097
f 10063 10097 10099
f 10074 10075 10100
f 10100 10075 10063
f 10100 10063 10101
f 10069 10068 10099
f 10099 10068 10102
f 10099 10102 10063
f 10063 10102 10093
f 10063 10093 10101
f 10101 10093 10066
f 9975 9974 10103
f 10103 9974 10104
f 10105 10106 10107
f 10107 10106 10108
f 9979 9978 10109
f 10109 9978 10110
f 9924 9923 10094
f 10094 9923 10095
f 9904 10111 10112
f 9904 10112 9906
f 9906 10112 9905
f 9905 10112 10113
f 9979 10109 10113
f 10113 10109 10114
f 9980 9979 10115
f 10115 9979 10113
f 10115 10113 10111
f 10111 10113 10112
f 10110 10053 10059
f 9859 10114 9857
f 10114 10109 9857
f 9857 10109 10110
f 9857 10110 10106
f 10106 10110 10059
f 10085 10073 10054
f 10054 10073 10116
f 10054 10116 10055
f 10072 9857 10117
f 10117 9857 10106
f 10117 10106 10116
f 10116 10106 10105
f 10116 10105 10055
f 9859 9905 10114
f 10114 9905 10113
f 10111 9904 10115
f 10115 9904 9907
f 9907 9908 10115
f 10115 9908 9980
f 10054 10091 10090
f 10054 10090 10089
f 10054 10089 10088
f 10054 10088 10087
f 10054 10087 10086
f 10054 10086 10085
f 10061 9972 10118
f 10118 9972 10092
f 10118 10092 10119
f 10119 10092 10091
f 10119 10091 10058
f 10058 10091 10054
f 9972 9971 10078
f 9972 10078 10083
f 9972 10083 10082
f 9972 10082 10081
f 9972 10081 10080
f 9972 10080 10092
f 10064 10063 10084
f 10084 10063 10075
f 10062 10065 10076
f 10076 10065 10077
f 10065 10064 10077
f 10077 10064 10084
f 9977 10053 9978
f 9978 10053 10110
f 10057 9976 10103
f 10103 9976 9975
f 9973 10057 10104
f 10104 10057 10103
f 9974 9973 10104
f 10058 10061 10119
f 10119 10061 10118
f 10056 10055 10107
f 10107 10055 10105
f 10060 10056 10108
f 10108 10056 10107
f 10059 10060 10106
f 10106 10060 10108
f 9920 10097 9923
f 9923 10097 10095
f 10099 9931 10069
f 10069 9931 9933
f 9931 10099 9920
f 9920 10099 10097
f 9926 10098 9927
f 9927 10098 10079
f 10096 9921 10094
f 10094 9921 9924
f 9921 10096 9926
f 9926 10096 10098
f 10100 9860 10074
f 10074 9860 9858
f 9861 10101 9896
f 9896 10101 10066
f 10101 9861 10100
f 10100 9861 9860
f 10093 9864 10067
f 10067 9864 9897
f 9862 10102 9932
f 9932 10102 10068
f 10102 9862 10093
f 10093 9862 9864
f 10043 10013 10035
f 10035 10013 10016
f 10042 10036 10039
f 10039 10036 10037
f 10052 10017 10044
f 10044 10017 10021
f 10051 10045 10048
f 10048 10045 10046
f 9990 9991 9986
f 9986 9991 9981
f 9987 9985 9988
f 9988 9985 9989
f 10003 10004 9999
f 9999 10004 9994
f 10000 9998 10001
f 10001 9998 10002
f 10120 10116 10073
f 10121 10122 10123
f 10123 10122 10120
f 10123 10120 10071
f 10071 10120 10073
f 10124 10123 10070
f 10070 10123 10071
f 10125 10126 10124
f 10072 10117 10070
f 10070 10117 10125
f 10070 10125 10124
f 10121 10123 10124
f 10126 10125 10122
f 10122 10125 10120
f 10120 10125 10116
f 10116 10125 10117
f 10122 10121 10126
f 10126 10121 10124
f 9967 9963 9970
f 9970 9963 9964
f 9966 9965 9962
f 9962 9965 9958
f 9958 9965 9959
f 9959 9965 9969
f 9967 9966 9961
f 9961 9966 9962
f 10127 10128 10129
f 10129 10128 10130
f 10129 10130 10131
f 10131 10130 10132
f 10131 10132 10133
f 10133 10132 10134
f 10135 10136 10137
f 10137 10136 10138
f 10137 10138 10139
f 10140 10141 10137
f 10137 10141 10142
f 10137 10142 10143
f 10139 10144 10137
f 10137 10144 10145
f 10137 10145 10146
f 10146 10147 10137
f 10137 10147 10148
f 10137 10148 10140
f 10149 10150 10142
f 10142 10150 10151
f 10142 10151 10143
usemtl 255,255,255
f 9911 10134 9917
f 9914 9922 9911
f 9917 10134 9935
f 9917 9914 9911
f 10128 9911 9910
f 9935 10134 10128
f 9935 10128 9936
f 9936 10128 9910
f 9936 9910 9909
f 9911 10128 10127
f 10134 9911 10129
f 10129 9911 10127
f 10134 10129 10131
f 10134 10131 10133
f 10134 10132 10130
f 10128 10134 10130
f 9953 9951 9954
f 9947 9915 9948
f 9942 9941 9940
f 9942 9940 9939
f 9939 9938 9916
f 9916 9938 9937
f 9953 9919 9918
f 9918 9925 9913
f 9913 9912 9942
f 10142 9939 9916
f 10142 9916 10150
f 10150 9916 10143
f 10143 9916 9915
f 10143 9915 10135
f 10135 9915 9947
f 10135 9947 10136
f 10136 9947 9951
f 10136 9951 10139
f 10139 9951 9953
f 10139 9953 10144
f 10144 9953 9918
f 10144 9918 10146
f 10146 9918 9913
f 10146 9913 10148
f 10148 9913 9942
f 10148 9942 10140
f 10140 9942 10142
f 10142 9942 9939
f 10143 10135 10137
f 10143 10151 10150
f 10150 10149 10142
f 10142 10141 10140
f 10148 10147 10146
f 10146 10145 10144
f 10136 10139 10138
f 9957 9946 9944
f 9930 9929 9955
f 9955 9956 9930
f 9930 9956 9957
f 9930 9957 9949
f 9945 9950 9943
f 9943 9950 9949
f 9943 9949 9957
f 9946 9957 9952
f 9898 9899 9934
f 9898 9934 9878
f 9900 9886 9885
f 9885 9881 9883
f 10152 9903 9894
f 9894 9893 10152
f 10152 9893 9892
f 10152 9892 9891
f 9891 9889 9888
f 9902 9901 9900
f 9903 10152 9847
f 9847 10152 9850
f 9847 9850 9848
f 9880 9879 9868
f 9867 9866 9856
f 9856 9855 9853
f 9877 9873 9872
f 9877 9872 9874
f 9874 9875 9876
f 9876 9871 9870
f 9870 9869 9880
f 9852 9854 9877
f 9874 9898 9877
f 9877 9898 9878
f 9877 9878 9852
f 9851 9850 9853
f 9853 9850 10152
f 9853 10152 9856
f 9856 10152 9891
f 9856 9891 9867
f 9867 9891 9868
f 9868 9891 9888
f 9868 9888 9880
f 9880 9888 9902
f 9880 9902 9900
f 9880 9900 9870
f 9870 9900 9885
f 9870 9885 9876
f 9876 9885 9883
f 9876 9883 9874
f 9874 9883 9884
f 9874 9884 9898
f 9890 9895 9887
f 9887 9895 9865
f 9887 9865 9882
f 9882 9865 9863
usemtl 171,171,171
f 10153 10154 10155
f 10155 10154 10156
f 10157 10158 10156
f 10156 10158 10155
f 10156 10159 10157
f 10157 10159 10160
f 10161 10162 10158
f 10158 10162 10155
f 10163 10164 10165
f 10165 10164 10162
f 10165 10162 10159
f 10161 10160 10162
f 10162 10160 10159
f 10166 10167 10168
f 10168 10167 10169
f 10170 10167 10171
f 10171 10167 10166
f 10172 10170 10173
f 10173 10170 10171
f 10156 10154 10165
f 10165 10154 10174
f 10163 10165 10174
f 10174 10172 10173
f 10163 10174 10173
f 10162 10164 10155
f 10155 10164 10175
f 10175 10153 10155
f 10175 10168 10169
f 10153 10175 10169
f 10156 10165 10159
f 10167 10170 10169
f 10169 10170 10172
f 10174 10153 10172
f 10172 10153 10169
f 10171 10166 10173
f 10173 10166 10168
f 10173 10168 10163
f 10163 10168 10175
f 10164 10163 10175
f 10153 10174 10154
f 10160 10161 10157
f 10157 10161 10158
f 10176 10177 10178
f 10178 10177 10179
f 10178 10179 10180
f 10181 10182 10179
f 10179 10182 10180
f 10183 10180 10184
f 10184 10180 10182
f 10181 10179 10185
f 10185 10179 10186
f 10187 10188 10186
f 10186 10188 10183
f 10184 10185 10183
f 10183 10185 10186
f 10189 10190 10191
f 10191 10190 10192
f 10189 10193 10190
f 10190 10193 10194
f 10193 10195 10194
f 10194 10195 10196
f 10183 10188 10178
f 10178 10188 10197
f 10197 10176 10178
f 10196 10195 10197
f 10197 10195 10176
f 10179 10187 10186
f 10198 10187 10179
f 10198 10179 10177
f 10198 10191 10192
f 10187 10198 10192
f 10180 10183 10178
f 10193 10189 10195
f 10195 10189 10191
f 10195 10191 10176
f 10176 10191 10198
f 10197 10187 10196
f 10196 10187 10192
f 10190 10194 10192
f 10192 10194 10196
f 10187 10197 10188
f 10177 10176 10198
f 10185 10184 10181
f 10181 10184 10182
f 10199 10200 10201
f 10201 10200 10202
f 10203 10204 10202
f 10202 10204 10201
f 10202 10205 10203
f 10203 10205 10206
f 10207 10208 10204
f 10204 10208 10201
f 10209 10210 10211
f 10211 10210 10208
f 10211 10208 10205
f 10207 10206 10208
f 10208 10206 10205
f 10212 10213 10214
f 10214 10213 10215
f 10216 10213 10217
f 10217 10213 10212
f 10218 10216 10219
f 10219 10216 10217
f 10220 10211 10200
f 10200 10211 10202
f 10218 10219 10220
f 10220 10219 10209
f 10220 10209 10211
f 10208 10199 10201
f 10208 10210 10221
f 10208 10221 10199
f 10221 10214 10215
f 10215 10199 10221
f 10202 10211 10205
f 10213 10216 10215
f 10215 10216 10218
f 10220 10199 10218
f 10218 10199 10215
f 10217 10212 10219
f 10219 10212 10214
f 10219 10214 10209
f 10209 10214 10221
f 10210 10209 10221
f 10199 10220 10200
f 10206 10207 10203
f 10203 10207 10204
f 10222 10223 10224
f 10224 10223 10225
f 10224 10225 10226
f 10227 10228 10225
f 10225 10228 10226
f 10229 10226 10230
f 10230 10226 10228
f 10227 10225 10231
f 10231 10225 10232
f 10233 10234 10232
f 10232 10234 10235
f 10230 10231 10229
f 10229 10231 10232
f 10229 10232 10235
f 10236 10237 10238
f 10238 10237 10239
f 10236 10240 10237
f 10237 10240 10241
f 10240 10242 10241
f 10241 10242 10243
f 10244 10222 10235
f 10244 10235 10234
f 10235 10222 10224
f 10244 10243 10242
f 10222 10244 10242
f 10225 10223 10232
f 10232 10223 10245
f 10245 10233 10232
f 10238 10239 10245
f 10245 10239 10233
f 10226 10229 10235
f 10226 10235 10224
f 10240 10236 10242
f 10242 10236 10238
f 10242 10238 10222
f 10222 10238 10245
f 10244 10233 10243
f 10243 10233 10239
f 10237 10241 10239
f 10239 10241 10243
f 10233 10244 10234
f 10223 10222 10245
f 10228 10227 10230
f 10230 10227 10231
f 10246 10247 10248
f 10248 10247 10249
f 10247 10250 10249
f 10249 10250 10251
f 10250 10252 10251
f 10251 10252 10253
f 10252 10254 10253
f 10253 10254 10255
f 10256 10257 10255
f 10256 10255 10254
f 10256 10258 10257
f 10257 10258 10259
f 10251 10253 10249
f 10249 10253 10255
f 10260 10261 10259
f 10259 10261 10248
f 10259 10248 10257
f 10257 10248 10249
f 10257 10249 10255
f 10248 10261 10246
f 10246 10261 10262
f 10259 10258 10260
f 10260 10258 10263
f 10252 10250 10254
f 10254 10250 10247
f 10262 10263 10246
f 10246 10263 10258
f 10246 10258 10247
f 10247 10258 10256
f 10247 10256 10254
f 10261 10260 10262
f 10262 10260 10263
f 10264 10265 10266
f 10266 10265 10267
f 10265 10268 10267
f 10267 10268 10269
f 10268 10270 10269
f 10269 10270 10271
f 10270 10272 10271
f 10271 10272 10273
f 10274 10275 10273
f 10274 10273 10272
f 10274 10276 10275
f 10275 10276 10277
f 10269 10271 10267
f 10267 10271 10273
f 10278 10279 10277
f 10277 10279 10266
f 10277 10266 10275
f 10275 10266 10267
f 10275 10267 10273
f 10266 10279 10264
f 10264 10279 10280
f 10277 10276 10278
f 10278 10276 10281
f 10270 10268 10272
f 10272 10268 10265
f 10280 10281 10264
f 10264 10281 10276
f 10264 10276 10265
f 10265 10276 10274
f 10265 10274 10272
f 10279 10278 10280
f 10280 10278 10281
f 10282 10283 10284
f 10284 10283 10285
f 10286 10287 10285
f 10286 10285 10283
f 10286 10288 10287
f 10287 10288 10289
f 10288 10290 10289
f 10289 10290 10291
f 10290 10292 10291
f 10291 10292 10293
f 10292 10294 10293
f 10293 10294 10295
f 10289 10291 10287
f 10287 10291 10293
f 10296 10297 10295
f 10295 10297 10284
f 10295 10284 10293
f 10293 10284 10285
f 10293 10285 10287
f 10294 10298 10295
f 10295 10298 10296
f 10282 10284 10299
f 10299 10284 10297
f 10290 10288 10292
f 10292 10288 10286
f 10299 10298 10282
f 10282 10298 10294
f 10282 10294 10283
f 10283 10294 10292
f 10283 10292 10286
f 10297 10296 10299
f 10299 10296 10298
f 10300 10301 10302
f 10302 10301 10303
f 10304 10305 10303
f 10304 10303 10301
f 10304 10306 10305
f 10305 10306 10307
f 10306 10308 10307
f 10307 10308 10309
f 10308 10310 10309
f 10309 10310 10311
f 10310 10312 10311
f 10311 10312 10313
f 10307 10309 10305
f 10305 10309 10311
f 10314 10315 10313
f 10313 10315 10302
f 10313 10302 10311
f 10311 10302 10303
f 10311 10303 10305
f 10312 10316 10313
f 10313 10316 10314
f 10300 10302 10317
f 10317 10302 10315
f 10308 10306 10310
f 10310 10306 10304
f 10317 10316 10300
f 10300 10316 10312
f 10300 10312 10301
f 10301 10312 10310
f 10301 10310 10304
f 10316 10317 10314
f 10314 10317 10315
f 10318 10319 10320
f 10320 10319 9960
f 10073 10321 10085
f 10085 10321 10322
f 10085 10322 10086
f 10086 10322 10087
f 10087 10322 10088
f 10088 10322 10323
f 10088 10323 10089
f 10089 10323 10090
f 10090 10323 10091
f 10091 10323 10092
f 10092 10323 10324
f 10092 10324 10080
f 10080 10324 10081
f 10081 10324 10325
f 10081 10325 10082
f 10082 10325 10083
f 10083 10325 10078
f 10078 10325 9971
f 9971 10325 9968
f 9968 10325 10326
f 10326 10325 9965
f 9965 10325 10327
f 9958 10328 10320
f 10320 10328 10318
f 10318 10328 10329
f 10330 10331 10327
f 10327 10331 10332
f 10333 10334 10335
f 10335 10334 10336
f 10328 10337 10338
f 10339 10340 10337
f 10337 10340 10338
f 10340 10339 10335
f 10335 10339 10333
f 10332 10335 10327
f 10327 10335 10336
f 10327 10336 9965
f 9965 10336 10341
f 10341 10328 9958
f 10341 9958 9965
f 10341 10342 10328
f 10328 10342 10337
f 10343 9971 9969
f 9969 9971 9968
f 9960 10344 9959
f 10345 10346 10347
f 10347 10346 10343
f 10344 9960 10319
f 10344 10319 10348
f 9959 10344 9969
f 9969 10344 10349
f 10350 10349 10344
f 9969 10351 10352
f 10353 10349 10350
f 10349 10354 9969
f 9969 10354 10351
f 10352 10355 10343
f 10343 10355 10347
f 9969 10352 10343
f 10352 10356 10355
f 10355 10353 10357
f 10353 10350 10357
f 10355 10356 10353
f 10358 10359 10360
f 10360 10359 10361
f 10362 10361 10363
f 10363 10361 10359
f 10364 10365 10366
f 10366 10365 10367
f 10367 10365 10363
f 10363 10365 10362
f 10358 10360 10368
f 10368 10360 10369
f 10370 10371 10366
f 10366 10371 10364
f 10372 10373 10374
f 10374 10373 10375
f 10373 10376 10375
f 10375 10376 10377
f 10378 10379 10380
f 10380 10379 10381
f 10380 10382 10378
f 10378 10382 10383
f 10383 10382 10376
f 10376 10382 10377
f 10384 10379 10385
f 10385 10379 10372
f 10383 10376 10378
f 10378 10376 10373
f 10378 10373 10379
f 10379 10373 10372
f 10381 10374 10380
f 10380 10374 10375
f 10380 10375 10382
f 10382 10375 10377
f 10368 10369 10381
f 10381 10369 10374
f 10384 10385 10370
f 10370 10385 10371
f 10386 10387 10388
f 10323 10389 10324
f 10324 10389 10390
f 10391 10392 10393
f 10394 10395 10386
f 10386 10395 10387
f 10392 10396 10397
f 10323 10398 10389
f 10393 10392 10397
f 10394 10399 10400
f 10401 10402 10390
f 10390 10402 10403
f 10394 10400 10395
f 10386 10388 10398
f 10386 10398 10323
f 10394 10404 10399
f 10395 10400 10405
f 10406 10324 10403
f 10403 10324 10390
f 10393 10407 10324
f 10324 10407 10394
f 10394 10407 10404
f 10406 10391 10324
f 10324 10391 10393
f 10405 10400 10406
f 10406 10400 10391
f 10396 10408 10397
f 10397 10408 10409
f 10408 10410 10409
f 10409 10410 10411
f 10411 10410 10412
f 10412 10410 10413
f 10414 10412 10415
f 10415 10412 10413
f 10415 10416 10414
f 10414 10416 10417
f 10418 10419 10420
f 10091 10421 10422
f 10091 10422 10423
f 10423 10422 10424
f 10092 10425 10091
f 10091 10425 10421
f 10419 10426 10420
f 10417 10416 10419
f 10419 10416 10426
f 10427 10428 10429
f 10423 10430 10431
f 10431 10430 10432
f 10425 10427 10429
f 10424 10433 10423
f 10423 10433 10430
f 10427 10425 10434
f 10434 10425 10092
f 10431 10432 10435
f 10431 10435 10092
f 10092 10435 10418
f 10418 10420 10092
f 10092 10420 10434
f 10434 10420 10436
f 10434 10436 10437
f 10437 10436 10430
f 10437 10430 10433
f 10413 10410 10415
f 10415 10410 10408
f 10415 10408 10416
f 10416 10408 10396
f 10392 10426 10396
f 10396 10426 10416
f 10411 10412 10409
f 10409 10412 10414
f 10409 10414 10397
f 10414 10417 10397
f 10397 10417 10419
f 10397 10419 10393
f 10341 10438 10342
f 10342 10438 10439
f 10440 10439 10441
f 10441 10439 10438
f 10440 10441 10442
f 10442 10441 10443
f 10443 10444 10442
f 10444 10443 10445
f 10445 10351 10444
f 10444 10351 10354
f 10443 10441 10445
f 10445 10441 10438
f 10445 10438 10351
f 10351 10438 10341
f 10440 10442 10439
f 10439 10442 10444
f 10439 10444 10342
f 10444 10354 10342
f 10446 10447 10448
f 10448 10447 10449
f 10358 10450 10359
f 10359 10450 10451
f 10370 10368 10384
f 10451 10452 10453
f 10359 10451 10454
f 10454 10455 10359
f 10456 10457 10458
f 10459 10457 10456
f 10457 10459 10460
f 10461 10358 10368
f 10453 10454 10451
f 10458 10462 10463
f 10464 10457 10465
f 10458 10463 10456
f 10450 10358 10461
f 10381 10379 10368
f 10368 10379 10384
f 10457 10460 10465
f 10461 10464 10465
f 10463 10466 10467
f 10456 10463 10467
f 10468 10458 10469
f 10468 10363 10470
f 10470 10363 10359
f 10462 10458 10468
f 10468 10469 10363
f 10363 10469 10367
f 10471 10472 10473
f 10359 10455 10470
f 10464 10471 10473
f 10370 10366 10474
f 10368 10370 10461
f 10461 10370 10474
f 10461 10474 10464
f 10464 10474 10471
f 10469 10475 10367
f 10367 10475 10366
f 10366 10475 10474
f 10361 10476 10360
f 10360 10477 10478
f 10479 10480 10361
f 10361 10480 10476
f 10481 10482 10483
f 10484 10485 10486
f 10486 10485 10487
f 10360 10476 10477
f 10483 10487 10481
f 10362 10365 10488
f 10488 10365 10489
f 10371 10385 10369
f 10361 10362 10479
f 10479 10362 10488
f 10490 10491 10492
f 10486 10487 10483
f 10372 10374 10385
f 10385 10374 10369
f 10485 10493 10494
f 10479 10488 10495
f 10495 10488 10485
f 10490 10492 10476
f 10476 10492 10477
f 10485 10494 10496
f 10485 10496 10495
f 10497 10498 10481
f 10481 10498 10499
f 10484 10500 10501
f 10369 10360 10482
f 10485 10484 10493
f 10493 10484 10501
f 10499 10502 10481
f 10481 10502 10482
f 10482 10502 10371
f 10482 10371 10369
f 10360 10478 10482
f 10502 10364 10371
f 10364 10502 10365
f 10365 10502 10489
f 10503 10504 10505
f 10506 10507 10508
f 10448 10449 10509
f 10509 10449 10510
f 10509 10510 10511
f 10509 10511 10512
f 10512 10511 10453
f 10512 10453 10506
f 10506 10453 10452
f 10506 10508 10512
f 10513 10514 10511
f 10503 10505 10510
f 10510 10505 10515
f 10510 10515 10511
f 10511 10515 10513
f 10514 10516 10511
f 10517 10518 10519
f 10520 10521 10522
f 10520 10522 10523
f 10523 10522 10524
f 10525 10526 10519
f 10519 10526 10527
f 10519 10527 10517
f 10517 10527 10528
f 10525 10523 10524
f 10525 10524 10526
f 10517 10529 10530
f 10517 10528 10529
f 10447 10446 10524
f 10524 10446 10526
f 10523 10525 10531
f 10523 10531 10532
f 10519 10518 10491
f 10491 10518 10492
f 10451 10450 10477
f 10480 10479 10533
f 10480 10533 10345
f 10345 10533 10534
f 10345 10534 10535
f 10345 10535 10536
f 10345 10536 10537
f 10345 10537 10346
f 10470 10455 10538
f 10470 10538 10539
f 10539 10538 10540
f 10540 10538 10541
f 10541 10538 10331
f 10541 10331 10542
f 10542 10331 10543
f 10543 10331 10330
f 10072 10544 10545
f 10545 10544 10546
f 10482 10478 10357
f 10482 10357 10350
f 9971 10343 10078
f 10078 10343 10547
f 10078 10547 10083
f 10083 10547 10548
f 10083 10548 10082
f 10082 10548 10549
f 10082 10549 10081
f 10081 10549 10550
f 10081 10550 10080
f 10080 10550 10551
f 10080 10551 10092
f 10092 10551 10431
f 10338 10340 10461
f 10461 10340 10552
f 10461 10552 10450
f 10327 10325 10553
f 10553 10325 10554
f 10554 10325 10555
f 10555 10325 10556
f 10556 10325 10324
f 10556 10324 10557
f 10557 10324 10394
f 10347 10332 10345
f 10345 10332 10331
f 10345 10331 10538
f 10345 10538 10480
f 10480 10538 10455
f 10335 10332 10355
f 10355 10332 10347
f 10478 10450 10552
f 10478 10552 10357
f 10335 10355 10340
f 10340 10355 10357
f 10340 10357 10552
f 10454 10476 10455
f 10521 10504 10522
f 10522 10504 10503
f 10511 10525 10453
f 10453 10525 10519
f 10453 10519 10491
f 10453 10491 10454
f 10454 10491 10490
f 10520 10523 10505
f 10505 10523 10515
f 10505 10504 10520
f 10520 10504 10521
f 10513 10515 10523
f 10524 10510 10447
f 10447 10510 10449
f 10522 10503 10524
f 10524 10503 10510
f 10526 10509 10527
f 10527 10509 10512
f 10526 10446 10509
f 10509 10446 10448
f 10528 10527 10512
f 10451 10492 10452
f 10452 10492 10518
f 10452 10518 10506
f 10506 10518 10517
f 10528 10512 10508
f 10528 10508 10529
f 10506 10517 10530
f 10506 10530 10507
f 10507 10530 10529
f 10507 10529 10508
f 10513 10523 10532
f 10513 10532 10514
f 10525 10511 10516
f 10525 10516 10531
f 10531 10516 10514
f 10531 10514 10532
f 10451 10477 10492
f 10476 10454 10490
f 10477 10450 10478
f 10455 10476 10480
f 10483 10465 10558
f 10558 10465 10559
f 10338 10461 10350
f 10350 10461 10482
f 10482 10461 10483
f 10483 10461 10465
f 10329 10348 10318
f 10318 10348 10319
f 10344 10348 10328
f 10328 10348 10329
f 10350 10328 10338
f 10344 10328 10350
f 10339 10337 10353
f 10353 10337 10349
f 10356 10352 10334
f 10334 10352 10336
f 10342 10354 10337
f 10337 10354 10349
f 10336 10352 10341
f 10341 10352 10351
f 10339 10353 10333
f 10333 10353 10356
f 10333 10356 10334
f 10404 10407 10432
f 10432 10407 10435
f 10432 10430 10399
f 10399 10430 10400
f 10430 10436 10400
f 10400 10436 10391
f 10404 10432 10399
f 10393 10418 10407
f 10407 10418 10435
f 10391 10436 10420
f 10418 10393 10419
f 10391 10420 10392
f 10392 10420 10426
f 10458 10457 10485
f 10485 10457 10487
f 10485 10488 10458
f 10458 10488 10469
f 10489 10502 10475
f 10475 10502 10474
f 10469 10488 10475
f 10475 10488 10489
f 10464 10481 10487
f 10464 10487 10457
f 10560 10498 10561
f 10561 10498 10497
f 10561 10562 10560
f 10560 10562 10563
f 10472 10564 10473
f 10473 10564 10565
f 10564 10566 10565
f 10565 10566 10567
f 10567 10566 10562
f 10562 10566 10563
f 10471 10499 10472
f 10472 10499 10498
f 10472 10498 10564
f 10564 10498 10560
f 10564 10560 10566
f 10566 10560 10563
f 10464 10473 10481
f 10481 10473 10497
f 10567 10562 10565
f 10565 10562 10561
f 10565 10561 10473
f 10473 10561 10497
f 10474 10502 10471
f 10471 10502 10499
f 10568 10402 10569
f 10569 10402 10401
f 10569 10570 10568
f 10568 10570 10571
f 10571 10570 10572
f 10572 10570 10573
f 10574 10572 10575
f 10575 10572 10573
f 10428 10574 10429
f 10429 10574 10575
f 10403 10402 10427
f 10427 10402 10428
f 10571 10572 10568
f 10568 10572 10574
f 10568 10574 10402
f 10402 10574 10428
f 10573 10570 10575
f 10575 10570 10569
f 10575 10569 10429
f 10429 10569 10401
f 10390 10425 10401
f 10401 10425 10429
f 10576 10322 10120
f 10120 10322 10321
f 10545 10577 10125
f 10578 10579 10580
f 10580 10579 10576
f 10577 10545 10546
f 10577 10546 10581
f 10582 10583 10576
f 10583 10580 10576
f 10120 10584 10582
f 10125 10577 10120
f 10120 10577 10585
f 10585 10577 10559
f 10585 10559 10586
f 10120 10582 10576
f 10585 10587 10120
f 10120 10587 10584
f 10582 10588 10583
f 10583 10588 10586
f 10583 10586 10589
f 10586 10559 10589
f 10590 10584 10591
f 10591 10584 10587
f 10592 10590 10593
f 10593 10590 10591
f 10592 10593 10594
f 10594 10593 10595
f 10596 10597 10594
f 10596 10594 10595
f 10598 10597 10599
f 10599 10597 10596
f 10073 10085 10116
f 10116 10085 10600
f 10117 10601 10072
f 10072 10601 10544
f 10544 10601 10602
f 10603 10604 10600
f 10600 10604 10605
f 10606 10607 10608
f 10600 10609 10116
f 10610 10611 10608
f 10608 10611 10609
f 10601 10612 10558
f 10607 10606 10612
f 10612 10606 10558
f 10608 10607 10610
f 10598 10599 10601
f 10601 10599 10612
f 10605 10608 10600
f 10600 10608 10609
f 10116 10609 10598
f 10598 10601 10117
f 10598 10117 10116
f 10592 10594 10590
f 10590 10594 10597
f 10590 10597 10584
f 10597 10598 10584
f 10595 10593 10596
f 10596 10593 10591
f 10596 10591 10599
f 10599 10591 10587
f 10613 10614 10615
f 10615 10614 10616
f 10617 10467 10466
f 10618 10619 10620
f 10620 10619 10621
f 10621 10619 10622
f 10623 10624 10622
f 10624 10623 10466
f 10466 10623 10625
f 10466 10625 10617
f 10617 10625 10626
f 10622 10624 10621
f 10621 10624 10627
f 10617 10626 10628
f 10617 10628 10629
f 10621 10627 10630
f 10615 10616 10622
f 10622 10616 10623
f 10631 10632 10633
f 10633 10632 10634
f 10633 10634 10635
f 10635 10634 10636
f 10635 10636 10637
f 10614 10613 10638
f 10638 10613 10634
f 10638 10634 10632
f 10638 10632 10639
f 10639 10632 10640
f 10639 10640 10641
f 10641 10640 10642
f 10643 10644 10641
f 10641 10644 10639
f 10632 10631 10645
f 10645 10646 10632
f 10501 10500 10640
f 10640 10500 10642
f 10459 10456 10486
f 10486 10456 10484
f 10604 10603 10647
f 10604 10647 10648
f 10604 10648 10649
f 10604 10649 10496
f 10496 10649 10650
f 10496 10650 10651
f 10496 10651 10495
f 10579 10578 10652
f 10652 10578 10653
f 10653 10578 10654
f 10654 10578 10655
f 10655 10578 10656
f 10656 10578 10462
f 10656 10462 10468
f 10486 10483 10606
f 10606 10483 10558
f 10091 10423 10090
f 10090 10423 10657
f 10090 10657 10089
f 10089 10657 10658
f 10089 10658 10088
f 10088 10658 10659
f 10088 10659 10087
f 10087 10659 10660
f 10087 10660 10086
f 10086 10660 10661
f 10086 10661 10085
f 10085 10661 10600
f 10589 10559 10465
f 10589 10465 10460
f 10386 10323 10662
f 10662 10323 10663
f 10663 10323 10664
f 10664 10323 10322
f 10664 10322 10665
f 10665 10322 10666
f 10666 10322 10576
f 10496 10462 10578
f 10496 10578 10604
f 10604 10578 10605
f 10605 10578 10580
f 10580 10583 10605
f 10605 10583 10608
f 10608 10583 10606
f 10606 10583 10589
f 10460 10486 10606
f 10460 10606 10589
f 10494 10493 10462
f 10462 10493 10463
f 10618 10637 10619
f 10619 10637 10636
f 10463 10493 10466
f 10466 10493 10501
f 10466 10501 10640
f 10466 10640 10624
f 10624 10640 10632
f 10633 10635 10621
f 10621 10635 10620
f 10618 10620 10637
f 10637 10620 10635
f 10633 10621 10631
f 10622 10634 10615
f 10615 10634 10613
f 10619 10636 10622
f 10622 10636 10634
f 10623 10638 10625
f 10625 10638 10639
f 10614 10638 10616
f 10616 10638 10623
f 10625 10639 10626
f 10617 10641 10467
f 10467 10641 10642
f 10467 10642 10500
f 10467 10500 10456
f 10456 10500 10484
f 10644 10628 10626
f 10644 10626 10639
f 10628 10644 10643
f 10628 10643 10629
f 10629 10643 10641
f 10629 10641 10617
f 10630 10645 10631
f 10630 10631 10621
f 10645 10630 10627
f 10645 10627 10646
f 10646 10627 10624
f 10646 10624 10632
f 10486 10460 10459
f 10462 10496 10494
f 10602 10581 10544
f 10544 10581 10546
f 10602 10601 10581
f 10581 10601 10577
f 10559 10601 10558
f 10601 10559 10577
f 10585 10586 10612
f 10612 10586 10607
f 10609 10611 10582
f 10582 10611 10588
f 10585 10612 10587
f 10587 10612 10599
f 10584 10598 10582
f 10582 10598 10609
f 10588 10611 10610
f 10588 10610 10586
f 10586 10610 10607
f 10398 10388 10422
f 10422 10388 10424
f 10433 10424 10395
f 10395 10424 10387
f 10434 10437 10406
f 10406 10437 10405
f 10387 10424 10388
f 10405 10437 10395
f 10395 10437 10433
f 10398 10422 10389
f 10389 10422 10421
f 10425 10390 10421
f 10421 10390 10389
f 10403 10427 10434
f 10403 10434 10406
f 10116 10120 10073
f 10073 10120 10321
f 10072 10545 10117
f 10117 10545 10125
f 10116 10117 10120
f 10120 10117 10125
f 9960 9959 10320
f 10320 9959 9958
f 9969 9968 9965
f 9965 9968 10326
f 9959 9969 9958
f 9958 9969 9965
f 10603 10579 10647
f 10647 10579 10652
f 10647 10652 10648
f 10648 10652 10653
f 10648 10653 10649
f 10649 10653 10654
f 10649 10654 10650
f 10650 10654 10655
f 10650 10655 10651
f 10651 10655 10656
f 10651 10656 10495
f 10495 10656 10468
f 10495 10468 10479
f 10479 10468 10470
f 10479 10470 10533
f 10533 10470 10539
f 10533 10539 10534
f 10534 10539 10540
f 10534 10540 10535
f 10535 10540 10541
f 10535 10541 10536
f 10536 10541 10542
f 10536 10542 10537
f 10537 10542 10543
f 10537 10543 10346
f 10346 10543 10330
f 10346 10330 10343
f 10343 10330 10327
f 10343 10327 10547
f 10547 10327 10553
f 10547 10553 10548
f 10548 10553 10554
f 10548 10554 10549
f 10549 10554 10555
f 10549 10555 10550
f 10550 10555 10556
f 10550 10556 10551
f 10551 10556 10557
f 10551 10557 10431
f 10431 10557 10394
f 10431 10394 10423
f 10423 10394 10386
f 10423 10386 10657
f 10657 10386 10662
f 10657 10662 10658
f 10658 10662 10663
f 10658 10663 10659
f 10659 10663 10664
f 10659 10664 10660
f 10660 10664 10665
f 10660 10665 10661
f 10661 10665 10666
f 10661 10666 10600
f 10600 10666 10576
f 10600 10576 10603
f 10603 10576 10579
f 10667 10668 10669
f 10670 10671 10672
f 10672 10671 10673
f 10672 10673 10674
f 10675 10676 10677
f 10678 10679 10680
f 10680 10679 10681
f 10680 10681 10682
f 10682 10683 10680
f 10680 10683 10684
f 10680 10684 10685
f 10686 10687 10680
f 10680 10687 10688
f 10689 10690 10691
f 10691 10690 10692
f 10688 10693 10680
f 10680 10693 10692
f 10680 10692 10694
f 10694 10692 10690
f 10695 10696 10697
f 10697 10696 10698
f 10685 10699 10680
f 10680 10699 10700
f 10680 10700 10686
f 10701 10702 10703
f 10703 10702 10704
f 10703 10704 10705
f 10678 10706 10670
f 10670 10706 10707
f 10670 10707 10708
f 10695 10709 10696
f 10696 10709 10710
f 10696 10710 10711
f 10705 10712 10703
f 10703 10712 10713
f 10703 10713 10714
f 10696 10671 10698
f 10698 10671 10670
f 10698 10670 10715
f 10715 10670 10708
f 10710 10716 10711
f 10711 10716 10717
f 10711 10717 10703
f 10703 10717 10718
f 10703 10718 10701
f 10719 10720 10721
f 10719 10721 10722
f 10713 10723 10724
f 10724 10723 10725
f 10724 10725 10675
f 10675 10725 10726
f 10675 10726 10676
f 10673 10714 10674
f 10674 10714 10713
f 10674 10713 10724
f 10720 10719 10675
f 10675 10719 10724
f 10727 10728 10675
f 10720 10667 10669
f 10675 10728 10720
f 10720 10728 10667
f 10729 10730 10731
f 10732 10733 10670
f 10670 10733 10675
f 10670 10675 10678
f 10678 10675 10677
f 10678 10677 10679
f 10734 10735 10736
f 10736 10735 10737
f 10736 10737 10738
f 10738 10737 10731
f 10730 10739 10731
f 10731 10739 10740
f 10731 10740 10741
f 10742 10743 10744
f 10745 10746 10747
f 10748 10749 10750
f 10750 10749 10751
f 10745 10747 10752
f 10741 10753 10731
f 10731 10753 10754
f 10731 10754 10738
f 10738 10754 10750
f 10670 10738 10732
f 10732 10738 10750
f 10732 10750 10755
f 10755 10750 10751
f 10755 10751 10756
f 10756 10751 10757
f 10744 10749 10742
f 10742 10749 10748
f 10742 10748 10758
f 10758 10748 10675
f 10758 10675 10759
f 10759 10675 10733
f 10746 10760 10747
f 10747 10760 10761
f 10747 10761 10762
f 10762 10763 10747
f 10747 10763 10764
f 10747 10764 10731
f 10731 10764 10765
f 10731 10765 10729
f 10748 10752 10675
f 10675 10752 10747
f 10675 10747 10727
f 10727 10747 10766
f 10727 10766 10738
f 10738 10766 10767
f 10738 10767 10736
f 10768 10769 10770
f 10770 10769 10771
f 10772 10773 10774
f 10775 10776 10772
f 10772 10776 10773
f 10777 10778 10779
f 10779 10778 10780
f 10781 10782 10783
f 10781 10783 10784
f 10781 10784 10785
f 10781 10785 10786
f 10786 10785 10787
f 10786 10787 10788
f 10786 10788 10668
f 10668 10788 10789
f 10668 10789 10790
f 10668 10790 10669
f 10791 10792 10793
f 10791 10793 10794
f 10791 10794 10795
f 10795 10794 10796
f 10795 10796 10797
f 10795 10797 10798
f 10795 10798 10799
f 10799 10798 10800
f 10801 10802 10803
f 10803 10804 10801
f 10801 10804 10805
f 10802 10801 10806
f 10802 10806 10807
f 10807 10806 10808
f 10807 10808 10738
f 10738 10808 10727
f 10809 10768 10810
f 10776 10811 10773
f 10773 10811 10812
f 10812 10811 10813
f 10810 10768 10814
f 10814 10768 10815
f 10812 10813 10769
f 10812 10769 10816
f 10816 10817 10818
f 10816 10818 10819
f 10769 10820 10821
f 10769 10821 10816
f 10816 10821 10817
f 10822 10823 10824
f 10822 10824 10818
f 10818 10824 10819
f 10809 10825 10768
f 10820 10769 10825
f 10825 10769 10768
f 10826 10827 10828
f 10828 10827 10829
f 10826 10828 10830
f 10827 10774 10829
f 10829 10774 10831
f 10774 10773 10831
f 10831 10773 10832
f 10832 10773 10833
f 10833 10773 10812
f 10782 10781 10828
f 10828 10781 10834
f 10835 10836 10837
f 10837 10838 10839
f 10837 10840 10835
f 10837 10839 10840
f 10828 10834 10830
f 10830 10834 10837
f 10777 10841 10842
f 10843 10844 10836
f 10837 10844 10830
f 10830 10844 10845
f 10777 10846 10847
f 10805 10848 10801
f 10801 10848 10845
f 10845 10848 10830
f 10777 10842 10846
f 10846 10842 10849
f 10837 10836 10844
f 10842 10841 10848
f 10842 10848 10805
f 10847 10778 10777
f 10836 10850 10843
f 10843 10850 10851
f 10852 10853 10854
f 10854 10853 10855
f 10854 10855 10856
f 10856 10855 10857
f 10856 10857 10858
f 10858 10857 10859
f 10860 10861 10862
f 10860 10862 10863
f 10863 10862 10864
f 10864 10862 10865
f 10865 10862 10866
f 10865 10866 10867
f 10867 10866 10868
f 10867 10868 10852
f 10852 10868 10869
f 10852 10869 10870
f 10852 10870 10853
f 10859 10721 10858
f 10858 10721 10720
f 10858 10720 10792
f 10792 10720 10669
f 10792 10669 10793
f 10793 10669 10790
f 10793 10790 10794
f 10794 10790 10789
f 10789 10788 10794
f 10794 10788 10787
f 10794 10787 10796
f 10796 10787 10785
f 10796 10785 10797
f 10797 10785 10784
f 10797 10784 10798
f 10798 10784 10783
f 10798 10783 10800
f 10800 10783 10782
f 10800 10782 10871
f 10871 10782 10828
f 10871 10828 10872
f 10872 10828 10873
f 10873 10828 10874
f 10874 10828 10829
f 10874 10829 10875
f 10875 10829 10831
f 10875 10831 10832
f 10875 10832 10833
f 10875 10833 10876
f 10876 10833 10812
f 10876 10812 10877
f 10877 10812 10816
f 10877 10816 10878
f 10878 10816 10879
f 10878 10879 10880
f 10880 10879 10881
f 10880 10881 10860
f 10860 10881 10882
f 10860 10882 10861
f 10883 10884 10885
f 10883 10885 10886
f 10887 10888 10889
f 10889 10888 10890
f 10890 10888 10891
f 10891 10888 10892
f 10892 10888 10886
f 10892 10886 10893
f 10893 10886 10894
f 10894 10886 10885
f 10858 10792 10895
f 10858 10895 10896
f 10897 10898 10899
f 10899 10898 10887
f 10792 10791 10900
f 10792 10900 10895
f 10901 10887 10898
f 10887 10901 10888
f 10895 10900 10898
f 10898 10900 10901
f 10876 10902 10772
f 10877 10771 10876
f 10876 10771 10902
f 10772 10902 10775
f 10770 10903 10904
f 10904 10903 10905
f 10770 10906 10903
f 10903 10906 10907
f 10908 10909 10910
f 10910 10909 10877
f 10877 10909 10911
f 10771 10877 10911
f 10906 10770 10911
f 10911 10770 10771
f 10912 10871 10913
f 10913 10871 10872
f 10913 10872 10873
f 10913 10873 10914
f 10914 10873 10874
f 10875 10915 10914
f 10875 10914 10874
f 10916 10915 10875
f 10916 10875 10772
f 10876 10772 10875
f 10799 10800 10871
f 10871 10917 10799
f 10918 10919 10779
f 10912 10920 10917
f 10912 10917 10871
f 10921 10922 10923
f 10924 10925 10779
f 10912 10919 10918
f 10912 10883 10926
f 10912 10926 10920
f 10918 10779 10927
f 10927 10779 10925
f 10912 10884 10883
f 10912 10918 10884
f 10779 10780 10924
f 10921 10928 10922
f 10922 10928 10920
f 10922 10920 10926
f 10928 10921 10929
f 10928 10929 10930
f 10929 10931 10930
f 10901 10900 10728
f 10728 10900 10667
f 10799 10781 10795
f 10667 10900 10668
f 10668 10900 10791
f 10668 10791 10786
f 10786 10791 10795
f 10786 10795 10781
f 10801 10883 10806
f 10806 10883 10886
f 10806 10886 10888
f 10901 10728 10888
f 10888 10728 10727
f 10888 10727 10808
f 10888 10808 10806
f 10929 10921 10835
f 10835 10921 10836
f 10838 10837 10928
f 10928 10837 10920
f 10844 10843 10922
f 10922 10843 10923
f 10923 10836 10921
f 10894 10802 10893
f 10893 10802 10807
f 10893 10807 10892
f 10932 10933 10934
f 10934 10933 10935
f 10934 10935 10936
f 10934 10936 10937
f 10937 10936 10938
f 10892 10807 10891
f 10891 10807 10738
f 10891 10738 10890
f 10890 10738 10889
f 10889 10738 10887
f 10887 10738 10670
f 10887 10670 10899
f 10899 10670 10672
f 10899 10672 10939
f 10939 10672 10940
f 10940 10672 10937
f 10940 10937 10938
f 10847 10846 10924
f 10924 10846 10925
f 10849 10842 10927
f 10927 10842 10918
f 10918 10842 10884
f 10884 10842 10805
f 10885 10803 10802
f 10885 10802 10894
f 10884 10805 10804
f 10884 10804 10885
f 10885 10804 10803
f 10844 10922 10926
f 10844 10926 10845
f 10845 10926 10883
f 10845 10883 10801
f 10836 10923 10850
f 10850 10923 10851
f 10851 10923 10843
f 10781 10799 10834
f 10834 10799 10917
f 10920 10837 10917
f 10917 10837 10834
f 10780 10778 10924
f 10924 10778 10847
f 10849 10927 10925
f 10849 10925 10846
f 10931 10839 10930
f 10930 10839 10838
f 10930 10838 10928
f 10839 10931 10840
f 10840 10931 10929
f 10840 10929 10835
f 10848 10912 10830
f 10830 10912 10913
f 10830 10913 10826
f 10826 10913 10914
f 10841 10777 10919
f 10919 10777 10779
f 10774 10827 10916
f 10916 10827 10915
f 10827 10914 10915
f 10914 10827 10826
f 10841 10919 10848
f 10848 10919 10912
f 10775 10902 10776
f 10776 10902 10811
f 10902 10771 10813
f 10813 10771 10769
f 10941 10942 10903
f 10903 10942 10810
f 10903 10810 10905
f 10905 10810 10814
f 10905 10814 10943
f 10943 10814 10944
f 10904 10905 10945
f 10945 10905 10943
f 10944 10946 10943
f 10943 10946 10945
f 10944 10814 10947
f 10947 10946 10944
f 10814 10815 10948
f 10948 10947 10814
f 10904 10945 10946
f 10947 10904 10946
f 10811 10902 10813
f 10768 10770 10904
f 10768 10904 10815
f 10815 10904 10949
f 10949 10904 10947
f 10820 10825 10911
f 10911 10825 10906
f 10824 10908 10819
f 10819 10908 10910
f 10819 10910 10950
f 10951 10952 10953
f 10953 10952 10954
f 10722 10721 10859
f 10722 10859 10857
f 10722 10857 10955
f 10955 10857 10855
f 10955 10855 10853
f 10955 10853 10870
f 10955 10870 10956
f 10956 10870 10869
f 10956 10869 10868
f 10956 10868 10866
f 10957 10865 10958
f 10958 10865 10867
f 10958 10867 10852
f 10958 10852 10896
f 10896 10852 10854
f 10896 10854 10856
f 10896 10856 10858
f 10959 10960 10961
f 10961 10960 10962
f 10961 10962 10932
f 10961 10932 10963
f 10963 10932 10934
f 10963 10934 10964
f 10964 10934 10937
f 10964 10937 10674
f 10674 10937 10672
f 10862 10965 10966
f 10967 10965 10861
f 10861 10965 10862
f 10950 10967 10861
f 10950 10861 10882
f 10950 10882 10819
f 10819 10882 10881
f 10819 10881 10879
f 10819 10879 10816
f 10956 10866 10968
f 10968 10866 10862
f 10969 10970 10971
f 10966 10970 10862
f 10862 10970 10968
f 10972 10973 10971
f 10974 10975 10976
f 10977 10978 10966
f 10966 10978 10970
f 10970 10978 10971
f 10976 10979 10959
f 10976 10959 10961
f 10976 10961 10977
f 10976 10977 10966
f 10976 10952 10980
f 10980 10952 10951
f 10980 10951 10981
f 10973 10982 10971
f 10971 10982 10983
f 10971 10983 10969
f 10976 10975 10979
f 10976 10980 10984
f 10976 10984 10974
f 10973 10985 10982
f 10985 10986 10987
f 10985 10987 10982
f 10988 10933 10989
f 10933 10990 10989
f 10990 10991 10989
f 10897 10899 10939
f 10897 10939 10940
f 10897 10940 10938
f 10897 10938 10988
f 10988 10938 10936
f 10988 10936 10935
f 10988 10935 10933
f 10860 10992 10880
f 10993 10992 10860
f 10864 10994 10863
f 10863 10994 10860
f 10860 10994 10993
f 10992 10995 10880
f 10880 10995 10878
f 10910 10877 10878
f 10910 10878 10995
f 10996 10994 10989
f 10865 10957 10864
f 10997 10998 10999
f 10999 11000 11001
f 10864 10957 11002
f 11003 11004 10999
f 10999 11005 10997
f 10864 11002 10994
f 10994 11002 10999
f 10999 11001 11005
f 10999 10998 11003
f 11003 10998 11006
f 10999 11004 10994
f 10994 11004 10989
f 11007 10954 10996
f 10996 10989 10991
f 10996 10991 11007
f 11007 11008 11009
f 10954 11007 11009
f 10954 11009 10953
f 10953 11009 11010
f 10895 10898 10719
f 10719 10898 10724
f 10956 10957 10958
f 10956 10958 10955
f 10955 10958 10896
f 10895 10719 10896
f 10896 10719 10722
f 10896 10722 10955
f 10989 10961 10988
f 10988 10961 10963
f 10724 10898 10674
f 10674 10898 10897
f 10674 10897 10964
f 10964 10897 10988
f 10964 10988 10963
f 10998 10997 10985
f 10983 10982 10999
f 10999 10982 11000
f 10972 10971 11006
f 11006 10971 11003
f 10998 10973 11006
f 10980 10981 11009
f 11009 10981 11010
f 10974 10984 11007
f 11007 10984 11008
f 10991 10959 10979
f 10991 10979 10975
f 10991 10975 11007
f 11007 10975 10974
f 10959 10991 10960
f 10960 10991 10962
f 10962 10991 10990
f 10962 10990 10932
f 10932 10990 10933
f 10978 11004 10971
f 10971 11004 11003
f 10961 10989 10977
f 10977 10989 11004
f 10977 11004 10978
f 10972 11006 10973
f 10998 10985 10973
f 10970 11002 10968
f 10968 11002 10957
f 10968 10957 10956
f 11002 10970 10999
f 10999 10970 10969
f 10999 10969 10983
f 11010 10981 10951
f 11010 10951 10953
f 10980 11009 10984
f 10984 11009 11008
f 11000 10982 10987
f 11000 10987 11001
f 10985 10997 11005
f 10985 11005 10986
f 10986 11005 11001
f 10986 11001 10987
f 10965 10993 10994
f 10996 10976 10994
f 10994 10976 10966
f 10994 10966 10965
f 10952 10976 10954
f 10954 10976 10996
f 10995 10992 10950
f 10950 10992 10967
f 10967 10992 10965
f 10965 10992 10993
f 10909 10908 10822
f 10822 10908 10823
f 10911 10909 10821
f 10821 10909 10817
f 10903 10907 10941
f 10941 10907 11011
f 11012 10942 11011
f 11011 10942 10941
f 11013 10810 11012
f 11012 10810 10942
f 10810 11013 11014
f 10810 11014 10809
f 11012 11011 11013
f 11013 11011 10907
f 10908 10824 10823
f 10817 10909 10818
f 10818 10909 10822
f 10906 10825 10809
f 11013 10907 11015
f 11015 10907 10809
f 10809 10907 10906
f 10911 10821 10820
f 10774 10916 10772
f 10950 10910 10995
f 11016 11017 11018
f 11018 11017 11019
f 11018 11019 11020
f 11020 11019 11021
f 11020 11021 11022
f 11022 11021 11023
f 11024 11025 11026
f 11026 11025 11027
f 11026 11027 11028
f 11029 11030 11026
f 11026 11030 11031
f 11026 11031 11032
f 11028 11033 11026
f 11026 11033 11034
f 11026 11034 11035
f 11035 11036 11026
f 11026 11036 11037
f 11026 11037 11029
f 11038 11039 11031
f 11031 11039 11040
f 11031 11040 11032
usemtl 255,255,255
f 10735 11023 10747
f 10731 10737 10735
f 10747 11023 10766
f 10747 10731 10735
f 11017 10735 10734
f 10766 11023 11017
f 10766 11017 10767
f 10767 11017 10734
f 10767 10734 10736
f 10735 11017 11016
f 11023 10735 11018
f 11018 10735 11016
f 11023 11018 11020
f 11023 11020 11022
f 11023 11021 11019
f 11017 11023 11019
f 10753 10750 10754
f 10748 10745 10752
f 10764 10763 10762
f 10762 10761 10760
f 10753 10741 10740
f 10740 10739 10730
f 10729 10765 10764
f 11031 10762 10760
f 11031 10760 11039
f 11039 10760 10746
f 11039 10746 11032
f 11032 10746 10745
f 11032 10745 11024
f 11024 10745 10748
f 11024 10748 11025
f 11025 10748 10750
f 11025 10750 11028
f 11028 10750 10753
f 11028 10753 11033
f 11033 10753 10740
f 11033 10740 11035
f 11035 10740 10730
f 11035 10730 11037
f 11037 10730 10729
f 11037 10729 11029
f 11029 10729 10764
f 11029 10764 11031
f 11031 10764 10762
f 11032 11024 11026
f 11032 11040 11039
f 11039 11038 11031
f 11031 11030 11029
f 11037 11036 11035
f 11035 11034 11033
f 11025 11028 11027
f 10757 10749 10744
f 10733 10732 10755
f 10755 10756 10733
f 10733 10756 10757
f 10733 10757 10759
f 10742 10758 10743
f 10743 10758 10759
f 10743 10759 10757
f 10749 10757 10751
f 10715 10708 10707
f 10715 10707 10706
f 10716 10710 10709
f 10709 10695 10697
f 11041 10723 10713
f 10713 10712 11041
f 11041 10712 10705
f 11041 10705 10704
f 10704 10702 10701
f 10718 10717 10716
f 10723 11041 10725
f 10725 11041 10676
f 10725 10676 10726
f 10700 10699 10685
f 10684 10683 10682
f 10682 10681 10679
f 10694 10690 10689
f 10694 10689 10691
f 10691 10692 10693
f 10693 10688 10687
f 10687 10686 10700
f 10678 10680 10694
f 10691 10715 10694
f 10694 10715 10706
f 10694 10706 10678
f 10677 10676 10679
f 10679 10676 11041
f 10679 11041 10682
f 10682 11041 10704
f 10682 10704 10684
f 10684 10704 10685
f 10685 10704 10701
f 10685 10701 10700
f 10700 10701 10718
f 10700 10718 10716
f 10700 10716 10687
f 10687 10716 10709
f 10687 10709 10693
f 10693 10709 10697
f 10693 10697 10691
f 10691 10697 10698
f 10691 10698 10715
f 10703 10714 10711
f 10711 10714 10673
f 10711 10673 10696
f 10696 10673 10671
usemtl 54,54,54
f 11042 11043 11044
f 11042 11044 11045
f 11046 11045 11044
f 11045 11046 11047
f 11047 11046 11048
f 11047 11048 11049
f 11050 11043 10933
f 10933 11043 11042
f 10933 11042 11051
f 10933 11051 11052
f 11052 11051 11053
f 11053 11051 11054
f 11055 11056 11057
f 11057 11056 11058
f 11059 11060 11061
f 11061 11060 11056
f 11061 11056 11062
f 11062 11056 11055
f 11063 11064 11062
f 11062 11064 11061
f 11063 11057 11058
f 11065 11066 11058
f 11058 11066 11064
f 11058 11064 11063
f 11065 11060 11066
f 11066 11060 11059
f 11061 11064 11059
f 11059 11064 11066
f 11060 11065 11056
f 11056 11065 11058
f 11067 11068 11055
f 11057 11069 11055
f 11055 11069 11067
f 11063 11070 11071
f 11063 11071 11057
f 11057 11071 11072
f 11062 11073 11063
f 11063 11073 11074
f 11055 11075 11062
f 11075 11076 11062
f 11057 11072 11069
f 11063 11074 11070
f 11062 11076 11073
f 11055 11068 11075
f 11050 10933 10935
f 11050 10935 11077
f 11077 10935 10936
f 11077 10936 10938
f 11077 10938 11078
f 11078 10938 10940
f 11078 10940 10939
f 11078 10939 11079
f 11079 10939 10899
f 11079 10899 11080
f 11080 10899 10887
f 11080 10887 10889
f 11080 10889 10890
f 11080 10890 11081
f 11081 10890 10891
f 11081 10891 10892
f 11081 10892 11082
f 11082 10892 10893
f 11082 10893 10894
f 11054 11083 11084
f 11085 11086 11053
f 11087 11088 11089
f 11084 11047 11054
f 11054 11047 11049
f 11090 11091 11092
f 11092 11091 11093
f 11094 11095 11096
f 11096 11095 11092
f 11097 11098 11099
f 11097 11100 11089
f 11089 11100 11090
f 11089 11090 11087
f 11087 11090 11092
f 11101 11102 11103
f 11092 11093 11096
f 11097 11099 11100
f 11103 11104 11101
f 11101 11104 11098
f 11101 11098 11105
f 11105 11098 11097
f 11105 11097 11106
f 11106 11097 11107
f 11108 11109 11110
f 11110 11109 11111
f 11104 11110 11098
f 11098 11110 11111
f 11098 11111 11112
f 11113 11114 11112
f 11112 11114 11115
f 11112 11115 11098
f 11116 11117 11118
f 11118 11117 11119
f 11120 11121 11122
f 11122 11123 11120
f 11120 11123 11124
f 11120 11124 11119
f 11119 11124 11098
f 11119 11098 11118
f 11118 11098 11115
f 11125 11126 11127
f 11127 11126 11128
f 11129 11130 11128
f 11128 11130 11124
f 11128 11124 11127
f 11127 11124 11123
f 11131 11132 11133
f 11134 11135 11130
f 11133 11134 11131
f 11131 11134 11130
f 11131 11130 11136
f 11136 11130 11129
f 11136 11129 11137
f 11137 11129 11138
f 11139 11140 11135
f 11135 11140 11141
f 11135 11141 11130
f 11130 11141 11142
f 11130 11142 11143
f 11143 11142 11144
f 11143 11144 11145
f 11054 11049 11146
f 11054 11146 11053
f 11053 11146 11130
f 11053 11130 11085
f 11085 11130 11143
f 11147 11117 11116
f 11133 11132 11148
f 11148 11132 11149
f 11150 11151 11152
f 11114 11113 11152
f 11152 11113 11153
f 11152 11153 11150
f 11150 11153 11154
f 11109 11108 11154
f 11154 11108 11155
f 11154 11155 11150
f 11150 11155 11156
f 11122 11121 11157
f 11157 11121 11158
f 11159 11160 11161
f 11053 11086 11052
f 11052 11086 11162
f 11163 11088 11087
f 11164 11165 11144
f 11161 11160 11107
f 11107 11160 11166
f 11107 11166 11106
f 11116 11151 11147
f 11147 11151 11150
f 11147 11150 11158
f 11158 11150 11167
f 11165 11164 11168
f 11140 11139 11168
f 11168 11139 11169
f 11168 11169 11165
f 11165 11169 11148
f 11165 11148 11149
f 11165 11149 11170
f 11171 11172 11159
f 11137 11138 11170
f 11170 11138 11173
f 11170 11173 11165
f 11165 11173 11174
f 11158 11167 11157
f 11157 11167 11165
f 11157 11165 11175
f 11175 11165 11174
f 11175 11174 11125
f 11125 11174 11126
f 11176 11162 11177
f 11176 11177 11165
f 11165 11177 11145
f 11165 11145 11144
f 11176 11178 11052
f 11160 11179 11166
f 11166 11179 11180
f 11052 11181 11172
f 11052 11172 11171
f 11087 11171 11163
f 11163 11171 11159
f 11163 11159 11161
f 11162 11176 11052
f 11052 11178 11150
f 11103 11102 11156
f 11156 11102 11180
f 11156 11180 11150
f 11150 11180 11179
f 11052 11150 11181
f 11181 11150 11179
f 11182 11082 11183
f 11183 11082 10894
f 11183 11171 11087
f 11183 11087 11092
f 11171 11183 10894
f 11184 11185 11186
f 11186 11185 11187
f 11186 11187 11188
f 11188 11187 11182
f 11188 11182 11183
f 11184 11096 11185
f 11185 11096 11093
f 11185 11093 11189
f 11093 11091 11190
f 11146 11049 11191
f 11191 11049 11048
f 11191 11048 11190
f 11190 11048 11189
f 11190 11189 11093
f 10933 11052 10935
f 11171 10894 10893
f 11171 10893 10892
f 10892 10891 11171
f 11171 10891 10890
f 11171 10890 10889
f 10940 10938 11052
f 11052 10938 10936
f 11052 10936 10935
f 10889 10887 11171
f 11171 10887 10899
f 11171 10899 11052
f 11052 10899 10939
f 11052 10939 10940
f 11076 11048 11046
f 11076 11046 11044
f 11076 11044 11073
f 11073 11044 11043
f 11050 11074 11043
f 11043 11074 11073
f 11075 11189 11076
f 11076 11189 11048
f 11074 11050 11077
f 11074 11077 11070
f 11070 11077 11078
f 11070 11078 11071
f 11071 11078 11079
f 11067 11182 11187
f 11067 11187 11068
f 11068 11187 11185
f 11068 11185 11075
f 11075 11185 11189
f 11080 11072 11079
f 11079 11072 11071
f 11069 11082 11067
f 11067 11082 11182
f 11072 11080 11081
f 11072 11081 11082
f 11072 11082 11069
f 11192 11193 11190
f 11190 11193 11194
f 11195 11196 11197
f 11197 11196 11191
f 11190 11194 11197
f 11190 11197 11191
f 11130 11146 11196
f 11196 11146 11191
f 11124 11130 11195
f 11195 11130 11196
f 11098 11124 11197
f 11197 11124 11195
f 11099 11098 11194
f 11194 11098 11197
f 11100 11099 11193
f 11193 11099 11194
f 11090 11100 11192
f 11192 11100 11193
f 11091 11090 11190
f 11190 11090 11192
f 11095 11198 11092
f 11092 11198 11183
f 11183 11198 11199
f 11200 11094 11184
f 11184 11094 11096
f 11186 11201 11184
f 11184 11201 11200
f 11186 11188 11201
f 11201 11188 11199
f 11199 11188 11183
f 11095 11094 11198
f 11198 11094 11200
f 11200 11201 11198
f 11201 11199 11198
f 11084 11202 11047
f 11047 11202 11045
f 11045 11202 11203
f 11042 11203 11051
f 11203 11042 11045
f 11051 11203 11204
f 11204 11083 11051
f 11051 11083 11054
f 11084 11083 11202
f 11202 11083 11204
f 11204 11203 11202
f 11176 11205 11178
f 11178 11205 11206
f 11178 11206 11150
f 11150 11206 11207
f 11150 11207 11167
f 11167 11207 11208
f 11167 11208 11209
f 11167 11209 11165
f 11165 11209 11210
f 11165 11210 11211
f 11165 11211 11176
f 11176 11211 11212
f 11176 11212 11205
f 11213 11214 11215
f 11213 11216 11214
f 11206 11213 11207
f 11207 11213 11208
f 11208 11213 11215
f 11208 11215 11209
f 11209 11215 11210
f 11210 11215 11214
f 11210 11214 11211
f 11211 11214 11212
f 11212 11214 11216
f 11212 11216 11205
f 11205 11216 11206
f 11206 11216 11213
f 11159 11217 11218
f 11159 11218 11160
f 11160 11218 11219
f 11160 11219 11179
f 11179 11219 11220
f 11179 11220 11221
f 11179 11221 11181
f 11181 11221 11222
f 11181 11222 11172
f 11172 11222 11223
f 11172 11223 11224
f 11172 11224 11159
f 11159 11224 11217
f 11225 11226 11227
f 11225 11228 11226
f 11222 11228 11223
f 11223 11228 11224
f 11224 11228 11225
f 11224 11225 11217
f 11217 11225 11218
f 11218 11225 11227
f 11218 11227 11219
f 11219 11227 11220
f 11220 11227 11226
f 11220 11226 11221
f 11221 11226 11222
f 11222 11226 11228
usemtl 212,171,33
f 11229 11230 11119
f 11119 11230 11120
f 11147 11158 11231
f 11232 11231 11233
f 11233 11231 11158
f 11229 11232 11230
f 11230 11232 11233
f 11147 11231 11117
f 11117 11231 11232
f 11117 11232 11119
f 11119 11232 11229
f 11120 11230 11121
f 11121 11230 11233
f 11121 11233 11158
f 11234 11235 11115
f 11115 11235 11118
f 11152 11151 11236
f 11237 11236 11238
f 11238 11236 11151
f 11234 11237 11235
f 11235 11237 11238
f 11152 11236 11114
f 11114 11236 11237
f 11114 11237 11115
f 11115 11237 11234
f 11118 11235 11116
f 11116 11235 11238
f 11116 11238 11151
f 11239 11240 11111
f 11111 11240 11112
f 11154 11153 11241
f 11242 11241 11243
f 11243 11241 11153
f 11239 11242 11240
f 11240 11242 11243
f 11154 11241 11109
f 11109 11241 11242
f 11109 11242 11111
f 11111 11242 11239
f 11112 11240 11113
f 11113 11240 11243
f 11113 11243 11153
f 11244 11245 11104
f 11104 11245 11110
f 11156 11155 11246
f 11247 11246 11248
f 11248 11246 11155
f 11244 11247 11245
f 11245 11247 11248
f 11156 11246 11103
f 11103 11246 11247
f 11103 11247 11104
f 11104 11247 11244
f 11110 11245 11108
f 11108 11245 11248
f 11108 11248 11155
f 11249 11250 11105
f 11105 11250 11101
f 11166 11180 11251
f 11252 11251 11253
f 11253 11251 11180
f 11249 11252 11250
f 11250 11252 11253
f 11166 11251 11106
f 11106 11251 11252
f 11106 11252 11105
f 11105 11252 11249
f 11101 11250 11102
f 11102 11250 11253
f 11102 11253 11180
f 11254 11255 11089
f 11089 11255 11097
f 11163 11161 11256
f 11257 11256 11258
f 11258 11256 11161
f 11254 11257 11255
f 11255 11257 11258
f 11163 11256 11088
f 11088 11256 11257
f 11088 11257 11089
f 11089 11257 11254
f 11097 11255 11107
f 11107 11255 11258
f 11107 11258 11161
f 11123 11259 11127
f 11127 11259 11260
f 11261 11260 11262
f 11262 11260 11259
f 11175 11261 11263
f 11263 11261 11262
f 11175 11263 11157
f 11127 11260 11125
f 11125 11260 11261
f 11125 11261 11175
f 11157 11263 11122
f 11122 11263 11262
f 11122 11262 11123
f 11123 11262 11259
f 11128 11264 11129
f 11129 11264 11265
f 11266 11265 11267
f 11267 11265 11264
f 11173 11266 11268
f 11268 11266 11267
f 11173 11268 11174
f 11129 11265 11138
f 11138 11265 11266
f 11138 11266 11173
f 11174 11268 11126
f 11126 11268 11267
f 11126 11267 11128
f 11128 11267 11264
f 11136 11269 11131
f 11131 11269 11270
f 11271 11270 11272
f 11272 11270 11269
f 11149 11271 11273
f 11273 11271 11272
f 11149 11273 11170
f 11131 11270 11132
f 11132 11270 11271
f 11132 11271 11149
f 11170 11273 11137
f 11137 11273 11272
f 11137 11272 11136
f 11136 11272 11269
f 11134 11274 11135
f 11135 11274 11275
f 11276 11275 11277
f 11277 11275 11274
f 11169 11276 11278
f 11278 11276 11277
f 11169 11278 11148
f 11135 11275 11139
f 11139 11275 11276
f 11139 11276 11169
f 11148 11278 11133
f 11133 11278 11277
f 11133 11277 11134
f 11134 11277 11274
f 11141 11279 11142
f 11142 11279 11280
f 11281 11280 11282
f 11282 11280 11279
f 11164 11281 11283
f 11283 11281 11282
f 11164 11283 11168
f 11142 11280 11144
f 11144 11280 11281
f 11144 11281 11164
f 11168 11283 11140
f 11140 11283 11282
f 11140 11282 11141
f 11141 11282 11279
f 11143 11284 11085
f 11085 11284 11285
f 11286 11285 11287
f 11287 11285 11284
f 11162 11286 11288
f 11288 11286 11287
f 11162 11288 11177
f 11085 11285 11086
f 11086 11285 11286
f 11086 11286 11162
f 11177 11288 11145
f 11145 11288 11287
f 11145 11287 11143
f 11143 11287 11284
usemtl 158,158,92
f 11289 11290 11291
f 11290 11289 11292
f 11291 11293 11294
f 11293 11291 11290
f 11294 11295 11296
f 11295 11294 11293
f 11296 11297 11298
f 11297 11296 11295
f 11298 11299 11300
f 11299 11298 11297
f 11300 11301 11302
f 11301 11300 11299
f 11302 11303 11304
f 11303 11302 11301
f 11304 11305 11306
f 11305 11304 11303
f 11306 11307 11308
f 11307 11306 11305
f 11308 11309 11310
f 11309 11308 11307
f 11310 11311 11312
f 11311 11310 11309
f 11312 11313 11314
f 11313 11312 11311
f 11314 11315 11316
f 11315 11314 11313
f 11316 11317 11318
f 11317 11316 11315
f 11318 11319 11320
f 11319 11318 11317
f 11320 11321 11322
f 11321 11320 11319
f 11322 11323 11324
f 11323 11322 11321
f 11324 11325 11326
f 11325 11324 11323
f 11326 11327 11328
f 11327 11326 11325
f 11328 11329 11330
f 11329 11328 11327
f 11330 11331 11332
f 11331 11330 11329
f 11332 11333 11334
f 11333 11332 11331
f 11334 11335 11336
f 11335 11334 11333
f 11336 11337 11338
f 11337 11336 11335
f 11338 11339 11340
f 11339 11338 11337
f 11340 11341 11342
f 11341 11340 11339
f 11342 11343 11344
f 11343 11342 11341
f 11344 11345 11346
f 11345 11344 11343
f 11346 11347 11348
f 11347 11346 11345
f 11348 11349 11350
f 11349 11348 11347
f 11350 11351 11352
f 11351 11350 11349
f 11352 11353 11354
f 11353 11352 11351
f 11354 11355 11356
f 11355 11354 11353
f 11356 11357 11358
f 11357 11356 11355
f 11358 11359 11360
f 11359 11358 11357
f 11360 11361 11362
f 11361 11360 11359
f 11362 11363 11364
f 11363 11362 11361
f 11364 11365 11366
f 11365 11364 11363
f 11366 11367 11368
f 11367 11366 11365
f 11368 11369 11370
f 11369 11368 11367
f 11370 11371 11372
f 11371 11370 11369
f 11372 11373 11374
f 11373 11372 11371
f 11374 11375 11376
f 11375 11374 11373
f 11376 11377 11378
f 11377 11376 11375
f 11378 11379 11380
f 11379 11378 11377
f 11380 11381 11382
f 11381 11380 11379
f 11382 11383 11384
f 11383 11382 11381
f 11384 11385 11386
f 11385 11384 11383
f 11386 11387 11388
f 11387 11386 11385
f 11388 11389 11390
f 11389 11388 11387
f 11390 11391 11392
f 11391 11390 11389
f 11392 11393 11394
f 11393 11392 11391
f 11394 11395 11396
f 11395 11394 11393
f 11396 11397 11398
f 11397 11396 11395
f 11398 11399 11400
f 11399 11398 11397
f 11400 11401 11402
f 11401 11400 11399
f 11402 11403 11404
f 11403 11402 11401
f 11404 11405 11406
f 11405 11404 11403
f 11406 11407 11408
f 11407 11406 11405
f 11408 11409 11410
f 11409 11408 11407
f 11410 11411 11412
f 11411 11410 11409
f 11412 11413 11414
f 11413 11412 11411
f 11414 11415 11416
f 11415 11414 11413
f 11416 11417 11418
f 11417 11416 11415
f 11418 11419 11420
f 11419 11418 11417
f 11420 11421 11422
f 11421 11420 11419
f 11422 11423 11424
f 11423 11422 11421
f 11424 11425 11426
f 11425 11424 11423
f 11426 11427 11428
f 11427 11426 11425
f 11428 11429 11430
f 11429 11428 11427
f 11430 11431 11432
f 11431 11430 11429
f 11432 11292 11289
f 11292 11432 11431
f 11433 11434 11435
f 11434 11433 11436
f 11435 11437 11438
f 11437 11435 11434
f 11438 11439 11440
f 11439 11438 11437
f 11440 11441 11442
f 11441 11440 11439
f 11442 11443 11444
f 11443 11442 11441
f 11444 11445 11446
f 11445 11444 11443
f 11446 11447 11448
f 11447 11446 11445
f 11448 11449 11450
f 11449 11448 11447
f 11450 11451 11452
f 11451 11450 11449
f 11452 11453 11454
f 11453 11452 11451
f 11454 11455 11456
f 11455 11454 11453
f 11456 11457 11458
f 11457 11456 11455
f 11458 11459 11460
f 11459 11458 11457
f 11460 11461 11462
f 11461 11460 11459
f 11462 11463 11464
f 11463 11462 11461
f 11464 11465 11466
f 11465 11464 11463
f 11466 11467 11468
f 11467 11466 11465
f 11468 11469 11470
f 11469 11468 11467
f 11470 11471 11472
f 11471 11470 11469
f 11472 11473 11474
f 11473 11472 11471
f 11474 11475 11476
f 11475 11474 11473
f 11476 11477 11478
f 11477 11476 11475
f 11478 11479 11480
f 11479 11478 11477
f 11480 11481 11482
f 11481 11480 11479
f 11482 11483 11484
f 11483 11482 11481
f 11484 11485 11486
f 11485 11484 11483
f 11486 11487 11488
f 11487 11486 11485
f 11488 11489 11490
f 11489 11488 11487
f 11490 11491 11492
f 11491 11490 11489
f 11492 11436 11433
f 11436 11492 11491
f 11493 11494 11495
f 11494 11493 11496
f 11495 11497 11498
f 11497 11495 11494
f 11498 11499 11500
f 11499 11498 11497
f 11500 11501 11502
f 11501 11500 11499
f 11502 11503 11504
f 11503 11502 11501
f 11504 11505 11506
f 11505 11504 11503
f 11506 11507 11508
f 11507 11506 11505
f 11508 11509 11510
f 11509 11508 11507
f 11510 11511 11512
f 11511 11510 11509
f 11512 11513 11514
f 11513 11512 11511
f 11514 11515 11516
f 11515 11514 11513
f 11516 11517 11518
f 11517 11516 11515
f 11518 11519 11520
f 11519 11518 11517
f 11520 11521 11522
f 11521 11520 11519
f 11522 11523 11524
f 11523 11522 11521
f 11524 11525 11526
f 11525 11524 11523
f 11526 11527 11528
f 11527 11526 11525
f 11528 11529 11530
f 11529 11528 11527
f 11530 11531 11532
f 11531 11530 11529
f 11532 11533 11534
f 11533 11532 11531
f 11534 11535 11536
f 11535 11534 11533
f 11536 11537 11538
f 11537 11536 11535
f 11538 11539 11540
f 11539 11538 11537
f 11540 11541 11542
f 11541 11540 11539
f 11542 11543 11544
f 11543 11542 11541
f 11544 11545 11546
f 11545 11544 11543
f 11546 11547 11548
f 11547 11546 11545
f 11548 11549 11550
f 11549 11548 11547
f 11550 11551 11552
f 11551 11550 11549
f 11552 11496 11493
f 11496 11552 11551
f 11553 11554 11555
f 11554 11553 11556
f 11555 11557 11558
f 11557 11555 11554
f 11558 11559 11560
f 11559 11558 11557
f 11560 11561 11562
f 11561 11560 11559
f 11562 11563 11564
f 11563 11562 11561
f 11564 11565 11566
f 11565 11564 11563
f 11566 11567 11568
f 11567 11566 11565
f 11568 11569 11570
f 11569 11568 11567
f 11570 11571 11572
f 11571 11570 11569
f 11572 11573 11574
f 11573 11572 11571
f 11574 11575 11576
f 11575 11574 11573
f 11576 11577 11578
f 11577 11576 11575
f 11578 11579 11580
f 11579 11578 11577
f 11580 11581 11582
f 11581 11580 11579
f 11582 11583 11584
f 11583 11582 11581
f 11584 11585 11586
f 11585 11584 11583
f 11586 11587 11588
f 11587 11586 11585
f 11588 11589 11590
f 11589 11588 11587
f 11590 11591 11592
f 11591 11590 11589
f 11592 11593 11594
f 11593 11592 11591
f 11594 11595 11596
f 11595 11594 11593
f 11596 11597 11598
f 11597 11596 11595
f 11598 11599 11600
f 11599 11598 11597
f 11600 11601 11602
f 11601 11600 11599
f 11602 11603 11604
f 11603 11602 11601
f 11604 11605 11606
f 11605 11604 11603
f 11606 11607 11608
f 11607 11606 11605
f 11608 11609 11610
f 11609 11608 11607
f 11610 11611 11612
f 11611 11610 11609
f 11612 11613 11614
f 11613 11612 11611
f 11614 11615 11616
f 11615 11614 11613
f 11616 11617 11618
f 11617 11616 11615
f 11618 11619 11620
f 11619 11618 11617
f 11620 11621 11622
f 11621 11620 11619
f 11622 11623 11624
f 11623 11622 11621
f 11624 11625 11626
f 11625 11624 11623
f 11626 11627 11628
f 11627 11626 11625
f 11628 11629 11630
f 11629 11628 11627
f 11630 11631 11632
f 11631 11630 11629
f 11632 11633 11634
f 11633 11632 11631
f 11634 11635 11636
f 11635 11634 11633
f 11636 11637 11638
f 11637 11636 11635
f 11638 11639 11640
f 11639 11638 11637
f 11640 11641 11642
f 11641 11640 11639
f 11642 11643 11644
f 11643 11642 11641
f 11644 11645 11646
f 11645 11644 11643
f 11646 11647 11648
f 11647 11646 11645
f 11648 11556 11553
f 11556 11648 11647
f 11649 11650 11651
f 11650 11649 11652
f 11651 11653 11654
f 11653 11651 11650
f 11654 11655 11656
f 11655 11654 11653
f 11656 11657 11658
f 11657 11656 11655
f 11658 11659 11660
f 11659 11658 11657
f 11660 11661 11662
f 11661 11660 11659
f 11662 11663 11664
f 11663 11662 11661
f 11664 11665 11666
f 11665 11664 11663
f 11666 11667 11668
f 11667 11666 11665
f 11668 11669 11670
f 11669 11668 11667
f 11670 11671 11672
f 11671 11670 11669
f 11672 11673 11674
f 11673 11672 11671
f 11674 11675 11676
f 11675 11674 11673
f 11676 11677 11678
f 11677 11676 11675
f 11678 11679 11680
f 11679 11678 11677
f 11680 11681 11682
f 11681 11680 11679
f 11682 11683 11684
f 11683 11682 11681
f 11684 11685 11686
f 11685 11684 11683
f 11686 11687 11688
f 11687 11686 11685
f 11688 11689 11690
f 11689 11688 11687
f 11690 11691 11692
f 11691 11690 11689
f 11692 11693 11694
f 11693 11692 11691
f 11694 11695 11696
f 11695 11694 11693
f 11696 11697 11698
f 11697 11696 11695
f 11698 11699 11700
f 11699 11698 11697
f 11700 11701 11702
f 11701 11700 11699
f 11702 11703 11704
f 11703 11702 11701
f 11704 11705 11706
f 11705 11704 11703
f 11706 11707 11708
f 11707 11706 11705
f 11708 11652 11649
f 11652 11708 11707
f 11709 11710 11711
f 11710 11709 11712
f 11711 11713 11714
f 11713 11711 11710
f 11714 11715 11716
f 11715 11714 11713
f 11716 11717 11718
f 11717 11716 11715
f 11718 11719 11720
f 11719 11718 11717
f 11720 11721 11722
f 11721 11720 11719
f 11722 11723 11724
f 11723 11722 11721
f 11724 11725 11726
f 11725 11724 11723
f 11726 11727 11728
f 11727 11726 11725
f 11728 11729 11730
f 11729 11728 11727
f 11730 11731 11732
f 11731 11730 11729
f 11732 11733 11734
f 11733 11732 11731
f 11734 11735 11736
f 11735 11734 11733
f 11736 11737 11738
f 11737 11736 11735
f 11738 11739 11740
f 11739 11738 11737
f 11740 11741 11742
f 11741 11740 11739
f 11742 11743 11744
f 11743 11742 11741
f 11744 11745 11746
f 11745 11744 11743
f 11746 11747 11748
f 11747 11746 11745
f 11748 11749 11750
f 11749 11748 11747
f 11750 11751 11752
f 11751 11750 11749
f 11752 11753 11754
f 11753 11752 11751
f 11754 11755 11756
f 11755 11754 11753
f 11756 11757 11758
f 11757 11756 11755
f 11758 11759 11760
f 11759 11758 11757
f 11760 11761 11762
f 11761 11760 11759
f 11762 11763 11764
f 11763 11762 11761
f 11764 11765 11766
f 11765 11764 11763
f 11766 11767 11768
f 11767 11766 11765
f 11768 11712 11709
f 11712 11768 11767
f 11769 11770 11771
f 11770 11769 11772
f 11771 11773 11774
f 11773 11771 11770
f 11774 11775 11776
f 11775 11774 11773
f 11776 11777 11778
f 11777 11776 11775
f 11778 11779 11780
f 11779 11778 11777
f 11780 11781 11782
f 11781 11780 11779
f 11782 11783 11784
f 11783 11782 11781
f 11784 11785 11786
f 11785 11784 11783
f 11786 11787 11788
f 11787 11786 11785
f 11788 11789 11790
f 11789 11788 11787
f 11790 11791 11792
f 11791 11790 11789
f 11792 11793 11794
f 11793 11792 11791
f 11794 11795 11796
f 11795 11794 11793
f 11796 11797 11798
f 11797 11796 11795
f 11798 11799 11800
f 11799 11798 11797
f 11800 11801 11802
f 11801 11800 11799
f 11802 11803 11804
f 11803 11802 11801
f 11804 11805 11806
f 11805 11804 11803
f 11806 11807 11808
f 11807 11806 11805
f 11808 11809 11810
f 11809 11808 11807
f 11810 11811 11812
f 11811 11810 11809
f 11812 11813 11814
f 11813 11812 11811
f 11814 11815 11816
f 11815 11814 11813
f 11816 11817 11818
f 11817 11816 11815
f 11818 11819 11820
f 11819 11818 11817
f 11820 11821 11822
f 11821 11820 11819
f 11822 11823 11824
f 11823 11822 11821
f 11824 11825 11826
f 11825 11824 11823
f 11826 11827 11828
f 11827 11826 11825
f 11828 11829 11830
f 11829 11828 11827
f 11830 11831 11832
f 11831 11830 11829
f 11832 11833 11834
f 11833 11832 11831
f 11834 11835 11836
f 11835 11834 11833
f 11836 11837 11838
f 11837 11836 11835
f 11838 11839 11840
f 11839 11838 11837
f 11840 11841 11842
f 11841 11840 11839
f 11842 11843 11844
f 11843 11842 11841
f 11844 11845 11846
f 11845 11844 11843
f 11846 11847 11848
f 11847 11846 11845
f 11848 11849 11850
f 11849 11848 11847
f 11850 11851 11852
f 11851 11850 11849
f 11852 11853 11854
f 11853 11852 11851
f 11854 11855 11856
f 11855 11854 11853
f 11856 11857 11858
f 11857 11856 11855
f 11858 11859 11860
f 11859 11858 11857
f 11860 11861 11862
f 11861 11860 11859
f 11862 11863 11864
f 11863 11862 11861
f 11864 11772 11769
f 11772 11864 11863
f 11865 11866 11867
f 11866 11865 11868
f 11867 11869 11870
f 11869 11867 11866
f 11870 11871 11872
f 11871 11870 11869
f 11872 11873 11874
f 11873 11872 11871
f 11874 11875 11876
f 11875 11874 11873
f 11876 11877 11878
f 11877 11876 11875
f 11878 11879 11880
f 11879 11878 11877
f 11880 11881 11882
f 11881 11880 11879
f 11882 11883 11884
f 11883 11882 11881
f 11884 11885 11886
f 11885 11884 11883
f 11886 11887 11888
f 11887 11886 11885
f 11888 11889 11890
f 11889 11888 11887
f 11890 11891 11892
f 11891 11890 11889
f 11892 11893 11894
f 11893 11892 11891
f 11894 11895 11896
f 11895 11894 11893
f 11896 11897 11898
f 11897 11896 11895
f 11898 11899 11900
f 11899 11898 11897
f 11900 11901 11902
f 11901 11900 11899
f 11902 11903 11904
f 11903 11902 11901
f 11904 11905 11906
f 11905 11904 11903
f 11906 11907 11908
f 11907 11906 11905
f 11908 11909 11910
f 11909 11908 11907
f 11910 11911 11912
f 11911 11910 11909
f 11912 11913 11914
f 11913 11912 11911
f 11914 11915 11916
f 11915 11914 11913
f 11916 11917 11918
f 11917 11916 11915
f 11918 11919 11920
f 11919 11918 11917
f 11920 11921 11922
f 11921 11920 11919
f 11922 11923 11924
f 11923 11922 11921
f 11924 11868 11865
f 11868 11924 11923
f 11925 11926 11927
f 11926 11925 11928
f 11927 11929 11930
f 11929 11927 11926
f 11930 11931 11932
f 11931 11930 11929
f 11932 11933 11934
f 11933 11932 11931
f 11934 11935 11936
f 11935 11934 11933
f 11936 11937 11938
f 11937 11936 11935
f 11938 11939 11940
f 11939 11938 11937
f 11940 11941 11942
f 11941 11940 11939
f 11942 11943 11944
f 11943 11942 11941
f 11944 11945 11946
f 11945 11944 11943
f 11946 11947 11948
f 11947 11946 11945
f 11948 11949 11950
f 11949 11948 11947
f 11950 11951 11952
f 11951 11950 11949
f 11952 11953 11954
f 11953 11952 11951
f 11954 11955 11956
f 11955 11954 11953
f 11956 11957 11958
f 11957 11956 11955
f 11958 11959 11960
f 11959 11958 11957
f 11960 11961 11962
f 11961 11960 11959
f 11962 11963 11964
f 11963 11962 11961
f 11964 11965 11966
f 11965 11964 11963
f 11966 11967 11968
f 11967 11966 11965
f 11968 11969 11970
f 11969 11968 11967
f 11970 11971 11972
f 11971 11970 11969
f 11972 11973 11974
f 11973 11972 11971
f 11974 11975 11976
f 11975 11974 11973
f 11976 11977 11978
f 11977 11976 11975
f 11978 11979 11980
f 11979 11978 11977
f 11980 11928 11925
f 11928 11980 11979
f 11981 11982 11983
f 11982 11981 11984
f 11983 11985 11986
f 11985 11983 11982
f 11986 11987 11988
f 11987 11986 11985
f 11988 11989 11990
f 11989 11988 11987
f 11990 11991 11992
f 11991 11990 11989
f 11992 11993 11994
f 11993 11992 11991
f 11994 11995 11996
f 11995 11994 11993
f 11996 11997 11998
f 11997 11996 11995
f 11998 11999 12000
f 11999 11998 11997
f 12000 12001 12002
f 12001 12000 11999
f 12002 12003 12004
f 12003 12002 12001
f 12004 12005 12006
f 12005 12004 12003
f 12006 12007 12008
f 12007 12006 12005
f 12008 12009 12010
f 12009 12008 12007
f 12010 12011 12012
f 12011 12010 12009
f 12012 12013 12014
f 12013 12012 12011
f 12014 12015 12016
f 12015 12014 12013
f 12016 12017 12018
f 12017 12016 12015
f 12018 12019 12020
f 12019 12018 12017
f 12020 12021 12022
f 12021 12020 12019
f 12022 12023 12024
f 12023 12022 12021
f 12024 12025 12026
f 12025 12024 12023
f 12026 12027 12028
f 12027 12026 12025
f 12028 12029 12030
f 12029 12028 12027
f 12030 12031 12032
f 12031 12030 12029
f 12032 12033 12034
f 12033 12032 12031
f 12034 12035 12036
f 12035 12034 12033
f 12036 12037 12038
f 12037 12036 12035
f 12038 12039 12040
f 12039 12038 12037
f 12040 11984 11981
f 11984 12040 12039
f 12041 12042 12043
f 12042 12041 12044
f 12043 12045 12046
f 12045 12043 12042
f 12046 12047 12048
f 12047 12046 12045
f 12048 12049 12050
f 12049 12048 12047
f 12050 12051 12052
f 12051 12050 12049
f 12052 12053 12054
f 12053 12052 12051
f 12054 12055 12056
f 12055 12054 12053
f 12056 12057 12058
f 12057 12056 12055
f 12058 12059 12060
f 12059 12058 12057
f 12060 12061 12062
f 12061 12060 12059
f 12062 12063 12064
f 12063 12062 12061
f 12064 12065 12066
f 12065 12064 12063
f 12066 12067 12068
f 12067 12066 12065
f 12068 12069 12070
f 12069 12068 12067
f 12070 12071 12072
f 12071 12070 12069
f 12072 12073 12074
f 12073 12072 12071
f 12074 12075 12076
f 12075 12074 12073
f 12076 12077 12078
f 12077 12076 12075
f 12078 12079 12080
f 12079 12078 12077
f 12080 12081 12082
f 12081 12080 12079
f 12082 12083 12084
f 12083 12082 12081
f 12084 12085 12086
f 12085 12084 12083
f 12086 12087 12088
f 12087 12086 12085
f 12088 12089 12090
f 12089 12088 12087
f 12090 12091 12092
f 12091 12090 12089
f 12092 12093 12094
f 12093 12092 12091
f 12094 12095 12096
f 12095 12094 12093
f 12096 12044 12041
f 12044 12096 12095
f 12097 12098 12099
f 12098 12097 12100
f 12099 12101 12102
f 12101 12099 12098
f 12102 12103 12104
f 12103 12102 12101
f 12104 12105 12106
f 12105 12104 12103
f 12106 12107 12108
f 12107 12106 12105
f 12108 12109 12110
f 12109 12108 12107
f 12110 12111 12112
f 12111 12110 12109
f 12112 12113 12114
f 12113 12112 12111
f 12114 12115 12116
f 12115 12114 12113
f 12116 12117 12118
f 12117 12116 12115
f 12118 12119 12120
f 12119 12118 12117
f 12120 12121 12122
f 12121 12120 12119
f 12122 12123 12124
f 12123 12122 12121
f 12124 12125 12126
f 12125 12124 12123
f 12126 12127 12128
f 12127 12126 12125
f 12128 12129 12130
f 12129 12128 12127
f 12130 12131 12132
f 12131 12130 12129
f 12132 12133 12134
f 12133 12132 12131
f 12134 12135 12136
f 12135 12134 12133
f 12136 12137 12138
f 12137 12136 12135
f 12138 12139 12140
f 12139 12138 12137
f 12140 12141 12142
f 12141 12140 12139
f 12142 12143 12144
f 12143 12142 12141
f 12144 12145 12146
f 12145 12144 12143
f 12146 12147 12148
f 12147 12146 12145
f 12148 12149 12150
f 12149 12148 12147
f 12150 12151 12152
f 12151 12150 12149
f 12152 12100 12097
f 12100 12152 12151
f 12153 12154 12155
f 12154 12153 12156
f 12155 12157 12158
f 12157 12155 12154
f 12158 12159 12160
f 12159 12158 12157
f 12160 12161 12162
f 12161 12160 12159
f 12162 12163 12164
f 12163 12162 12161
f 12164 12165 12166
f 12165 12164 12163
f 12166 12167 12168
f 12167 12166 12165
f 12168 12169 12170
f 12169 12168 12167
f 12170 12171 12172
f 12171 12170 12169
f 12172 12173 12174
f 12173 12172 12171
f 12174 12175 12176
f 12175 12174 12173
f 12176 12177 12178
f 12177 12176 12175
f 12178 12179 12180
f 12179 12178 12177
f 12180 12181 12182
f 12181 12180 12179
f 12182 12183 12184
f 12183 12182 12181
f 12184 12185 12186
f 12185 12184 12183
f 12186 12187 12188
f 12187 12186 12185
f 12188 12189 12190
f 12189 12188 12187
f 12190 12191 12192
f 12191 12190 12189
f 12192 12193 12194
f 12193 12192 12191
f 12194 12195 12196
f 12195 12194 12193
f 12196 12197 12198
f 12197 12196 12195
f 12198 12199 12200
f 12199 12198 12197
f 12200 12201 12202
f 12201 12200 12199
f 12202 12203 12204
f 12203 12202 12201
f 12204 12205 12206
f 12205 12204 12203
f 12206 12207 12208
f 12207 12206 12205
f 12208 12156 12153
f 12156 12208 12207
f 12209 12210 12211
f 12210 12209 12212
f 12211 12213 12214
f 12213 12211 12210
f 12214 12215 12216
f 12215 12214 12213
f 12216 12217 12218
f 12217 12216 12215
f 12218 12219 12220
f 12219 12218 12217
f 12220 12221 12222
f 12221 12220 12219
f 12222 12223 12224
f 12223 12222 12221
f 12224 12225 12226
f 12225 12224 12223
f 12226 12227 12228
f 12227 12226 12225
f 12228 12229 12230
f 12229 12228 12227
f 12230 12231 12232
f 12231 12230 12229
f 12232 12233 12234
f 12233 12232 12231
f 12234 12235 12236
f 12235 12234 12233
f 12236 12237 12238
f 12237 12236 12235
f 12238 12239 12240
f 12239 12238 12237
f 12240 12241 12242
f 12241 12240 12239
f 12242 12243 12244
f 12243 12242 12241
f 12244 12245 12246
f 12245 12244 12243
f 12246 12247 12248
f 12247 12246 12245
f 12248 12249 12250
f 12249 12248 12247
f 12250 12251 12252
f 12251 12250 12249
f 12252 12253 12254
f 12253 12252 12251
f 12254 12255 12256
f 12255 12254 12253
f 12256 12257 12258
f 12257 12256 12255
f 12258 12259 12260
f 12259 12258 12257
f 12260 12261 12262
f 12261 12260 12259
f 12262 12263 12264
f 12263 12262 12261
f 12264 12265 12266
f 12265 12264 12263
f 12266 12267 12268
f 12267 12266 12265
f 12268 12269 12270
f 12269 12268 12267
f 12270 12271 12272
f 12271 12270 12269
f 12272 12273 12274
f 12273 12272 12271
f 12274 12275 12276
f 12275 12274 12273
f 12276 12277 12278
f 12277 12276 12275
f 12278 12279 12280
f 12279 12278 12277
f 12280 12281 12282
f 12281 12280 12279
f 12282 12283 12284
f 12283 12282 12281
f 12284 12285 12286
f 12285 12284 12283
f 12286 12287 12288
f 12287 12286 12285
f 12288 12289 12290
f 12289 12288 12287
f 12290 12291 12292
f 12291 12290 12289
f 12292 12293 12294
f 12293 12292 12291
f 12294 12295 12296
f 12295 12294 12293
f 12296 12297 12298
f 12297 12296 12295
f 12298 12299 12300
f 12299 12298 12297
f 12300 12301 12302
f 12301 12300 12299
f 12302 12303 12304
f 12303 12302 12301
f 12304 12212 12209
f 12212 12304 12303
f 12305 12306 12307
f 12306 12305 12308
f 12307 12309 12310
f 12309 12307 12306
f 12310 12311 12312
f 12311 12310 12309
f 12312 12313 12314
f 12313 12312 12311
f 12314 12315 12316
f 12315 12314 12313
f 12316 12317 12318
f 12317 12316 12315
f 12318 12319 12320
f 12319 12318 12317
f 12320 12321 12322
f 12321 12320 12319
f 12322 12323 12324
f 12323 12322 12321
f 12324 12325 12326
f 12325 12324 12323
f 12326 12327 12328
f 12327 12326 12325
f 12328 12329 12330
f 12329 12328 12327
f 12330 12331 12332
f 12331 12330 12329
f 12332 12333 12334
f 12333 12332 12331
f 12334 12335 12336
f 12335 12334 12333
f 12336 12337 12338
f 12337 12336 12335
f 12338 12339 12340
f 12339 12338 12337
f 12340 12341 12342
f 12341 12340 12339
f 12342 12343 12344
f 12343 12342 12341
f 12344 12345 12346
f 12345 12344 12343
f 12346 12347 12348
f 12347 12346 12345
f 12348 12349 12350
f 12349 12348 12347
f 12350 12351 12352
f 12351 12350 12349
f 12352 12353 12354
f 12353 12352 12351
f 12354 12355 12356
f 12355 12354 12353
f 12356 12357 12358
f 12357 12356 12355
f 12358 12359 12360
f 12359 12358 12357
f 12360 12308 12305
f 12308 12360 12359
f 12361 12362 12363
f 12362 12361 12364
f 12363 12365 12366
f 12365 12363 12362
f 12366 12367 12368
f 12367 12366 12365
f 12368 12369 12370
f 12369 12368 12367
f 12370 12371 12372
f 12371 12370 12369
f 12372 12373 12374
f 12373 12372 12371
f 12374 12375 12376
f 12375 12374 12373
f 12376 12377 12378
f 12377 12376 12375
f 12378 12379 12380
f 12379 12378 12377
f 12380 12381 12382
f 12381 12380 12379
f 12382 12383 12384
f 12383 12382 12381
f 12384 12385 12386
f 12385 12384 12383
f 12386 12387 12388
f 12387 12386 12385
f 12388 12389 12390
f 12389 12388 12387
f 12390 12391 12392
f 12391 12390 12389
f 12392 12393 12394
f 12393 12392 12391
f 12394 12395 12396
f 12395 12394 12393
f 12396 12397 12398
f 12397 12396 12395
f 12398 12399 12400
f 12399 12398 12397
f 12400 12401 12402
f 12401 12400 12399
f 12402 12403 12404
f 12403 12402 12401
f 12404 12405 12406
f 12405 12404 12403
f 12406 12407 12408
f 12407 12406 12405
f 12408 12409 12410
f 12409 12408 12407
f 12410 12411 12412
f 12411 12410 12409
f 12412 12413 12414
f 12413 12412 12411
f 12414 12415 12416
f 12415 12414 12413
f 12416 12364 12361
f 12364 12416 12415
f 12417 12418 12419
f 12418 12417 12420
f 12419 12421 12422
f 12421 12419 12418
f 12422 12423 12424
f 12423 12422 12421
f 12424 12425 12426
f 12425 12424 12423
f 12426 12427 12428
f 12427 12426 12425
f 12428 12429 12430
f 12429 12428 12427
f 12430 12431 12432
f 12431 12430 12429
f 12432 12433 12434
f 12433 12432 12431
f 12434 12435 12436
f 12435 12434 12433
f 12436 12437 12438
f 12437 12436 12435
f 12438 12439 12440
f 12439 12438 12437
f 12440 12441 12442
f 12441 12440 12439
f 12442 12443 12444
f 12443 12442 12441
f 12444 12445 12446
f 12445 12444 12443
f 12446 12447 12448
f 12447 12446 12445
f 12448 12449 12450
f 12449 12448 12447
f 12450 12451 12452
f 12451 12450 12449
f 12452 12453 12454
f 12453 12452 12451
f 12454 12455 12456
f 12455 12454 12453
f 12456 12457 12458
f 12457 12456 12455
f 12458 12459 12460
f 12459 12458 12457
f 12460 12461 12462
f 12461 12460 12459
f 12462 12463 12464
f 12463 12462 12461
f 12464 12465 12466
f 12465 12464 12463
f 12466 12467 12468
f 12467 12466 12465
f 12468 12469 12470
f 12469 12468 12467
f 12470 12471 12472
f 12471 12470 12469
f 12472 12473 12474
f 12473 12472 12471
f 12474 12475 12476
f 12475 12474 12473
f 12476 12420 12417
f 12420 12476 12475
f 12477 12478 12479
f 12478 12477 12480
f 12479 12481 12482
f 12481 12479 12478
f 12482 12483 12484
f 12483 12482 12481
f 12484 12485 12486
f 12485 12484 12483
f 12486 12487 12488
f 12487 12486 12485
f 12488 12489 12490
f 12489 12488 12487
f 12490 12491 12492
f 12491 12490 12489
f 12492 12493 12494
f 12493 12492 12491
f 12494 12495 12496
f 12495 12494 12493
f 12496 12497 12498
f 12497 12496 12495
f 12498 12499 12500
f 12499 12498 12497
f 12500 12501 12502
f 12501 12500 12499
f 12502 12503 12504
f 12503 12502 12501
f 12504 12505 12506
f 12505 12504 12503
f 12506 12507 12508
f 12507 12506 12505
f 12508 12509 12510
f 12509 12508 12507
f 12510 12511 12512
f 12511 12510 12509
f 12512 12513 12514
f 12513 12512 12511
f 12514 12515 12516
f 12515 12514 12513
f 12516 12517 12518
f 12517 12516 12515
f 12518 12519 12520
f 12519 12518 12517
f 12520 12521 12522
f 12521 12520 12519
f 12522 12523 12524
f 12523 12522 12521
f 12524 12525 12526
f 12525 12524 12523
f 12526 12527 12528
f 12527 12526 12525
f 12528 12529 12530
f 12529 12528 12527
f 12530 12531 12532
f 12531 12530 12529
f 12532 12533 12534
f 12533 12532 12531
f 12534 12535 12536
f 12535 12534 12533
f 12536 12480 12477
f 12480 12536 12535
f 12537 12538 12539
f 12538 12537 12540
f 12539 12541 12542
f 12541 12539 12538
f 12542 12543 12544
f 12543 12542 12541
f 12544 12545 12546
f 12545 12544 12543
f 12546 12547 12548
f 12547 12546 12545
f 12548 12549 12550
f 12549 12548 12547
f 12550 12551 12552
f 12551 12550 12549
f 12552 12553 12554
f 12553 12552 12551
f 12554 12555 12556
f 12555 12554 12553
f 12556 12557 12558
f 12557 12556 12555
f 12558 12559 12560
f 12559 12558 12557
f 12560 12561 12562
f 12561 12560 12559
f 12562 12563 12564
f 12563 12562 12561
f 12564 12565 12566
f 12565 12564 12563
f 12566 12567 12568
f 12567 12566 12565
f 12568 12569 12570
f 12569 12568 12567
f 12570 12571 12572
f 12571 12570 12569
f 12572 12573 12574
f 12573 12572 12571
f 12574 12575 12576
f 12575 12574 12573
f 12576 12577 12578
f 12577 12576 12575
f 12578 12579 12580
f 12579 12578 12577
f 12580 12581 12582
f 12581 12580 12579
f 12582 12583 12584
f 12583 12582 12581
f 12584 12585 12586
f 12585 12584 12583
f 12586 12587 12588
f 12587 12586 12585
f 12588 12589 12590
f 12589 12588 12587
f 12590 12591 12592
f 12591 12590 12589
f 12592 12593 12594
f 12593 12592 12591
f 12594 12595 12596
f 12595 12594 12593
f 12596 12597 12598
f 12597 12596 12595
f 12598 12599 12600
f 12599 12598 12597
f 12600 12601 12602
f 12601 12600 12599
f 12602 12603 12604
f 12603 12602 12601
f 12604 12605 12606
f 12605 12604 12603
f 12606 12607 12608
f 12607 12606 12605
f 12608 12609 12610
f 12609 12608 12607
f 12610 12611 12612
f 12611 12610 12609
f 12612 12613 12614
f 12613 12612 12611
f 12614 12615 12616
f 12615 12614 12613
f 12616 12617 12618
f 12617 12616 12615
f 12618 12619 12620
f 12619 12618 12617
f 12620 12621 12622
f 12621 12620 12619
f 12622 12623 12624
f 12623 12622 12621
f 12624 12625 12626
f 12625 12624 12623
f 12626 12627 12628
f 12627 12626 12625
f 12628 12629 12630
f 12629 12628 12627
f 12630 12631 12632
f 12631 12630 12629
f 12632 12540 12537
f 12540 12632 12631
usemtl 0,38,92
f 11647 12585 12583
f 12584 12586 11648
f 12587 12585 11647
f 11648 12586 12588
f 11603 11601 11417
f 11418 11602 11604
f 11417 11415 11509
f 11510 11416 11418
f 11511 11509 11415
f 11416 11510 11512
f 11415 11413 11411
f 11412 11414 11416
f 11411 11409 11407
f 11408 11410 11412
f 11407 11405 11403
f 11404 11406 11408
f 11403 11401 11399
f 11400 11402 11404
f 11399 12329 12327
f 12328 12330 11400
f 12331 12329 11399
f 11400 12330 12332
f 11399 12181 12179
f 12180 12182 11400
f 12183 12181 11399
f 11400 12182 12184
f 11399 11949 11947
f 11948 11950 11400
f 11929 11926 12069
f 12070 11927 11930
f 12089 12087 12385
f 12386 12088 12090
f 12387 12385 12087
f 12088 12386 12388
f 12071 12069 11926
f 11927 12070 12072
f 11951 11949 11399
f 11400 11950 11952
f 11399 12121 12119
f 12120 12122 11400
f 12123 12121 11399
f 11400 12122 12124
f 11399 11817 11815
f 11816 11818 11400
f 11819 11817 11399
f 11400 11818 11820
f 11399 11397 11395
f 11396 11398 11400
f 11395 11393 11391
f 11392 11394 11396
f 11391 11389 11387
f 11388 11390 11392
f 11387 11385 11383
f 11384 11386 11388
f 11383 11381 11379
f 11380 11382 11384
f 11379 11377 11375
f 11376 11378 11380
f 11375 11373 11371
f 11372 11374 11376
f 11371 11369 11367
f 11368 11370 11372
f 11367 11365 11363
f 11364 11366 11368
f 11363 11361 11359
f 11360 11362 11364
f 11359 11357 11355
f 11356 11358 11360
f 11355 11353 11351
f 11352 11354 11356
f 11351 11349 11347
f 11348 11350 11352
f 11347 11345 11343
f 11344 11346 11348
f 11343 11341 11339
f 11340 11342 11344
f 11339 11337 11335
f 11336 11338 11340
f 11335 11333 11331
f 11332 11334 11336
f 11331 11329 11327
f 11328 11330 11332
f 11327 11325 11323
f 11324 11326 11328
f 11323 11321 11319
f 11320 11322 11324
f 11319 11317 11315
f 11316 11318 11320
f 11315 11313 11311
f 11312 11314 11316
f 11311 11309 11307
f 11308 11310 11312
f 11307 11305 11303
f 11304 11306 11308
f 11303 11301 11299
f 11300 11302 11304
f 11299 11297 11295
f 11296 11298 11300
f 11295 11293 11290
f 11291 11294 11296
f 11290 11733 11731
f 11732 11734 11291
f 11721 11897 11895
f 11896 11898 11722
f 11866 11868 12013
f 12014 11865 11867
f 11982 11984 12257
f 12258 11981 11983
f 12259 12257 11984
f 11981 12258 12260
f 12015 12013 11868
f 11865 12014 12016
f 11761 11759 12427
f 12428 11760 11762
f 12429 12427 11759
f 11760 12428 12430
f 11735 11733 11290
f 11291 11734 11736
f 11292 11673 11671
f 11672 11674 11289
f 11701 11699 12487
f 12488 11700 11702
f 12489 12487 11699
f 11700 12488 12490
f 11675 11673 11292
f 11289 11674 11676
f 11292 11431 11429
f 11430 11432 11289
f 11429 11427 11425
f 11426 11428 11430
f 11425 11423 11421
f 11422 11424 11426
f 11421 11419 11417
f 11418 11420 11422
f 11417 11601 11599
f 11600 11602 11418
f 11556 11647 12583
f 12584 11648 11553
f 12589 12587 11647
f 11648 12588 12590
f 11605 11603 11417
f 11418 11604 11606
f 11417 11509 11507
f 11508 11510 11418
f 11513 11511 11415
f 11416 11512 11514
f 11415 11411 11407
f 11408 11412 11416
f 11407 11403 11399
f 11400 11404 11408
f 11399 12327 12325
f 12326 12328 11400
f 12333 12331 11399
f 11400 12332 12334
f 11399 12179 12177
f 12178 12180 11400
f 12185 12183 11399
f 11400 12184 12186
f 11399 11947 11945
f 11946 11948 11400
f 11931 11929 12069
f 12070 11930 11932
f 12091 12089 12385
f 12386 12090 12092
f 12389 12387 12087
f 12088 12388 12390
f 12073 12071 11926
f 11927 12072 12074
f 11953 11951 11399
f 11400 11952 11954
f 11399 12119 12117
f 12118 12120 11400
f 12125 12123 11399
f 11400 12124 12126
f 11399 11815 11813
f 11814 11816 11400
f 11821 11819 11399
f 11400 11820 11822
f 11399 11395 11391
f 11392 11396 11400
f 11391 11387 11383
f 11384 11388 11392
f 11383 11379 11375
f 11376 11380 11384
f 11375 11371 11367
f 11368 11372 11376
f 11367 11363 11359
f 11360 11364 11368
f 11359 11355 11351
f 11352 11356 11360
f 11351 11347 11343
f 11344 11348 11352
f 11343 11339 11335
f 11336 11340 11344
f 11335 11331 11327
f 11328 11332 11336
f 11327 11323 11319
f 11320 11324 11328
f 11319 11315 11311
f 11312 11316 11320
f 11311 11307 11303
f 11304 11308 11312
f 11303 11299 11295
f 11296 11300 11304
f 11290 11731 11729
f 11730 11732 11291
f 11721 11895 11893
f 11894 11896 11722
f 11869 11866 12013
f 12014 11867 11870
f 11985 11982 12257
f 12258 11983 11986
f 12261 12259 11984
f 11981 12260 12262
f 12017 12015 11868
f 11865 12016 12018
f 11763 11761 12427
f 12428 11762 11764
f 12431 12429 11759
f 11760 12430 12432
f 11737 11735 11290
f 11291 11736 11738
f 11292 11671 11669
f 11670 11672 11289
f 11703 11701 12487
f 12488 11702 11704
f 12491 12489 11699
f 11700 12490 12492
f 11677 11675 11292
f 11289 11676 11678
f 11292 11429 11425
f 11426 11430 11289
f 11425 11421 11417
f 11418 11422 11426
f 11417 11599 11597
f 11598 11600 11418
f 11554 11556 12583
f 12584 11553 11555
f 12591 12589 11647
f 11648 12590 12592
f 11607 11605 11417
f 11418 11606 11608
f 11417 11507 11505
f 11506 11508 11418
f 11515 11513 11415
f 11416 11514 11516
f 11415 11407 11399
f 11400 11408 11416
f 11399 12325 12323
f 12324 12326 11400
f 12335 12333 11399
f 11400 12334 12336
f 11399 12177 12175
f 12176 12178 11400
f 12187 12185 11399
f 11400 12186 12188
f 11399 11945 11943
f 11944 11946 11400
f 11933 11931 12069
f 12070 11932 11934
f 12093 12091 12385
f 12386 12092 12094
f 12391 12389 12087
f 12088 12390 12392
f 12075 12073 11926
f 11927 12074 12076
f 11955 11953 11399
f 11400 11954 11956
f 11399 12117 12115
f 12116 12118 11400
f 12127 12125 11399
f 11400 12126 12128
f 11399 11813 11811
f 11812 11814 11400
f 11823 11821 11399
f 11400 11822 11824
f 11399 11391 11383
f 11384 11392 11400
f 11383 11375 11367
f 11368 11376 11384
f 11367 11359 11351
f 11352 11360 11368
f 11351 11343 11335
f 11336 11344 11352
f 11335 11327 11319
f 11320 11328 11336
f 11319 11311 11303
f 11304 11312 11320
f 11303 11295 11290
f 11291 11296 11304
f 11290 11729 11727
f 11728 11730 11291
f 11721 11893 11891
f 11892 11894 11722
f 11871 11869 12013
f 12014 11870 11872
f 11987 11985 12257
f 12258 11986 11988
f 12263 12261 11984
f 11981 12262 12264
f 12019 12017 11868
f 11865 12018 12020
f 11765 11763 12427
f 12428 11764 11766
f 12433 12431 11759
f 11760 12432 12434
f 11739 11737 11290
f 11291 11738 11740
f 11292 11669 11667
f 11668 11670 11289
f 11705 11703 12487
f 12488 11704 11706
f 12493 12491 11699
f 11700 12492 12494
f 11679 11677 11292
f 11289 11678 11680
f 11292 11425 11417
f 11418 11426 11289
f 11417 11597 11595
f 11596 11598 11418
f 11557 11554 12583
f 12584 11555 11558
f 12593 12591 11647
f 11648 12592 12594
f 11609 11607 11417
f 11418 11608 11610
f 11417 11505 11503
f 11504 11506 11418
f 11517 11515 11415
f 11416 11516 11518
f 11415 11399 12323
f 12324 11400 11416
f 12337 12335 11399
f 11400 12336 12338
f 11399 12175 12173
f 12174 12176 11400
f 12189 12187 11399
f 11400 12188 12190
f 11399 11943 11941
f 11942 11944 11400
f 11933 12069 12067
f 12068 12070 11934
f 12095 12093 12385
f 12386 12094 12096
f 12393 12391 12087
f 12088 12392 12394
f 12077 12075 11926
f 11927 12076 12078
f 11957 11955 11399
f 11400 11956 11958
f 11399 12115 12113
f 12114 12116 11400
f 12129 12127 11399
f 11400 12128 12130
f 11399 11811 11809
f 11810 11812 11400
f 11825 11823 11399
f 11400 11824 11826
f 11383 11367 11351
f 11352 11368 11384
f 11290 11727 11725
f 11726 11728 11291
f 11721 11891 11889
f 11890 11892 11722
f 11873 11871 12013
f 12014 11872 11874
f 11989 11987 12257
f 12258 11988 11990
f 12265 12263 11984
f 11981 12264 12266
f 12021 12019 11868
f 11865 12020 12022
f 11767 11765 12427
f 12428 11766 11768
f 12435 12433 11759
f 11760 12434 12436
f 11741 11739 11290
f 11291 11740 11742
f 11290 11292 11667
f 11668 11289 11291
f 11707 11705 12487
f 12488 11706 11708
f 12495 12493 11699
f 11700 12494 12496
f 11681 11679 11292
f 11289 11680 11682
f 11292 11417 11595
f 11596 11418 11289
f 11559 11557 12583
f 12584 11558 11560
f 12595 12593 11647
f 11648 12594 12596
f 11611 11609 11417
f 11418 11610 11612
f 11417 11503 11501
f 11502 11504 11418
f 11519 11517 11415
f 11416 11518 11520
f 11415 12323 12321
f 12322 12324 11416
f 12339 12337 11399
f 11400 12338 12340
f 11399 12173 12171
f 12172 12174 11400
f 12191 12189 11399
f 11400 12190 12192
f 11399 11941 11939
f 11940 11942 11400
f 11933 12067 12065
f 12066 12068 11934
f 12044 12095 12385
f 12386 12096 12041
f 12395 12393 12087
f 12088 12394 12396
f 12079 12077 11926
f 11927 12078 12080
f 11959 11957 11399
f 11400 11958 11960
f 11399 12113 12111
f 12112 12114 11400
f 12131 12129 11399
f 11400 12130 12132
f 11399 11809 11807
f 11808 11810 11400
f 11827 11825 11399
f 11400 11826 11828
f 11303 11290 11725
f 11726 11291 11304
f 11721 11889 11887
f 11888 11890 11722
f 11875 11873 12013
f 12014 11874 11876
f 11991 11989 12257
f 12258 11990 11992
f 12267 12265 11984
f 11981 12266 12268
f 12023 12021 11868
f 11865 12022 12024
f 11712 11767 12427
f 12428 11768 11709
f 12437 12435 11759
f 11760 12436 12438
f 11743 11741 11290
f 11291 11742 11744
f 11290 11667 11665
f 11666 11668 11291
f 11652 11707 12487
f 12488 11708 11649
f 12497 12495 11699
f 11700 12496 12498
f 11683 11681 11292
f 11289 11682 11684
f 11292 11595 11593
f 11594 11596 11289
f 11561 11559 12583
f 12584 11560 11562
f 12597 12595 11647
f 11648 12596 12598
f 11613 11611 11417
f 11418 11612 11614
f 11417 11501 11499
f 11500 11502 11418
f 11521 11519 11415
f 11416 11520 11522
f 11415 12321 12319
f 12320 12322 11416
f 12341 12339 11399
f 11400 12340 12342
f 11399 12171 12169
f 12170 12172 11400
f 12193 12191 11399
f 11400 12192 12194
f 11399 11939 11937
f 11938 11940 11400
f 11933 12065 12063
f 12064 12066 11934
f 12042 12044 12385
f 12386 12041 12043
f 12397 12395 12087
f 12088 12396 12398
f 12079 11926 11928
f 11925 11927 12080
f 11961 11959 11399
f 11400 11960 11962
f 11399 12111 12109
f 12110 12112 11400
f 12133 12131 11399
f 11400 12132 12134
f 11399 11807 11805
f 11806 11808 11400
f 11829 11827 11399
f 11400 11828 11830
f 11303 11725 11723
f 11724 11726 11304
f 11721 11887 11885
f 11886 11888 11722
f 11877 11875 12013
f 12014 11876 11878
f 11993 11991 12257
f 12258 11992 11994
f 12269 12267 11984
f 11981 12268 12270
f 12025 12023 11868
f 11865 12024 12026
f 11710 11712 12427
f 12428 11709 11711
f 12439 12437 11759
f 11760 12438 12440
f 11745 11743 11290
f 11291 11744 11746
f 11290 11665 11663
f 11664 11666 11291
f 11650 11652 12487
f 12488 11649 11651
f 12499 12497 11699
f 11700 12498 12500
f 11685 11683 11292
f 11289 11684 11686
f 11292 11593 11591
f 11592 11594 11289
f 11563 11561 12583
f 12584 11562 11564
f 12599 12597 11647
f 11648 12598 12600
f 11615 11613 11417
f 11418 11614 11616
f 11417 11499 11497
f 11498 11500 11418
f 11523 11521 11415
f 11416 11522 11524
f 11415 12319 12317
f 12318 12320 11416
f 12343 12341 11399
f 11400 12342 12344
f 11399 12169 12167
f 12168 12170 11400
f 12195 12193 11399
f 11400 12194 12196
f 11399 11937 11935
f 11936 11938 11400
f 11935 11933 12063
f 12064 11934 11936
f 12045 12042 12385
f 12386 12043 12046
f 12399 12397 12087
f 12088 12398 12400
f 12081 12079 11928
f 11925 12080 12082
f 11963 11961 11399
f 11400 11962 11964
f 11399 12109 12107
f 12108 12110 11400
f 12135 12133 11399
f 11400 12134 12136
f 11399 11805 11803
f 11804 11806 11400
f 11829 11399 11383
f 11384 11400 11830
f 11303 11723 11721
f 11722 11724 11304
f 11879 11877 12013
f 12014 11878 11880
f 11995 11993 12257
f 12258 11994 11996
f 12271 12269 11984
f 11981 12270 12272
f 12027 12025 11868
f 11865 12026 12028
f 11899 11897 11721
f 11722 11898 11900
f 11713 11710 12427
f 12428 11711 11714
f 12439 11759 11757
f 11758 11760 12440
f 11747 11745 11290
f 11291 11746 11748
f 11290 11663 11661
f 11662 11664 11291
f 11653 11650 12487
f 12488 11651 11654
f 12499 11699 11697
f 11698 11700 12500
f 11687 11685 11292
f 11289 11686 11688
f 11292 11591 11589
f 11590 11592 11289
f 11565 11563 12583
f 12584 11564 11566
f 12601 12599 11647
f 11648 12600 12602
f 11617 11615 11417
f 11418 11616 11618
f 11417 11497 11494
f 11495 11498 11418
f 11523 11415 11449
f 11450 11416 11524
f 11451 11449 11415
f 11416 11450 11452
f 12345 12343 11399
f 11400 12344 12346
f 12195 11399 11935
f 11936 11400 12196
f 11935 12063 12061
f 12062 12064 11936
f 12047 12045 12385
f 12386 12046 12048
f 12399 12087 12085
f 12086 12088 12400
f 12083 12081 11928
f 11925 12082 12084
f 11963 11399 12107
f 12108 11400 11964
f 11399 11803 11801
f 11802 11804 11400
f 11831 11829 11383
f 11384 11830 11832
f 11303 11721 11885
f 11886 11722 11304
f 11879 12013 12011
f 12012 12014 11880
f 11995 12257 12255
f 12256 12258 11996
f 12273 12271 11984
f 11981 12272 12274
f 12027 11868 11923
f 11924 11865 12028
f 11901 11899 11721
f 11722 11900 11902
f 11715 11713 12427
f 12428 11714 11716
f 12439 11757 11755
f 11756 11758 12440
f 11749 11747 11290
f 11291 11748 11750
f 11290 11661 11659
f 11660 11662 11291
f 11655 11653 12487
f 12488 11654 11656
f 12499 11697 11695
f 11696 11698 12500
f 11689 11687 11292
f 11289 11688 11690
f 11292 11589 11587
f 11588 11590 11289
f 11567 11565 12583
f 12584 11566 11568
f 12603 12601 11647
f 11648 12602 12604
f 11617 11417 11494
f 11495 11418 11618
f 11523 11449 11447
f 11448 11450 11524
f 11453 11451 11415
f 11416 11452 11454
f 12345 11399 12167
f 12168 11400 12346
f 12197 12195 11935
f 11936 12196 12198
f 11935 12061 12059
f 12060 12062 11936
f 12049 12047 12385
f 12386 12048 12050
f 12399 12085 12083
f 12084 12086 12400
f 12083 11928 11979
f 11980 11925 12084
f 11965 11963 12107
f 12108 11964 11966
f 11399 11801 11799
f 11800 11802 11400
f 11833 11831 11383
f 11384 11832 11834
f 11303 11885 11883
f 11884 11886 11304
f 11881 11879 12011
f 12012 11880 11882
f 11995 12255 12253
f 12254 12256 11996
f 12275 12273 11984
f 11981 12274 12276
f 12027 11923 11921
f 11922 11924 12028
f 11903 11901 11721
f 11722 11902 11904
f 11717 11715 12427
f 12428 11716 11718
f 12439 11755 11753
f 11754 11756 12440
f 11751 11749 11290
f 11291 11750 11752
f 11290 11659 11657
f 11658 11660 11291
f 11657 11655 12487
f 12488 11656 11658
f 12499 11695 11693
f 11694 11696 12500
f 11691 11689 11292
f 11289 11690 11692
f 11292 11587 11585
f 11586 11588 11289
f 11569 11567 12583
f 12584 11568 11570
f 12605 12603 11647
f 11648 12604 12606
f 11619 11617 11494
f 11495 11618 11620
f 11525 11523 11447
f 11448 11524 11526
f 11455 11453 11415
f 11416 11454 11456
f 12345 12167 12165
f 12166 12168 12346
f 11935 12059 12057
f 12058 12060 11936
f 12051 12049 12385
f 12386 12050 12052
f 12399 12083 11979
f 11980 12084 12400
f 11967 11965 12107
f 12108 11966 11968
f 11399 11799 11797
f 11798 11800 11400
f 11835 11833 11383
f 11384 11834 11836
f 11303 11883 11881
f 11882 11884 11304
f 11881 12011 12009
f 12010 12012 11882
f 11995 12253 12251
f 12252 12254 11996
f 12277 12275 11984
f 11981 12276 12278
f 12027 11921 11919
f 11920 11922 12028
f 11905 11903 11721
f 11722 11904 11906
f 11717 12427 12425
f 12426 12428 11718
f 12439 11753 11751
f 11752 11754 12440
f 11751 11290 11657
f 11658 11291 11752
f 11657 12487 12485
f 12486 12488 11658
f 12499 11693 11691
f 11692 11694 12500
f 11691 11292 11585
f 11586 11289 11692
f 11571 11569 12583
f 12584 11570 11572
f 12607 12605 11647
f 11648 12606 12608
f 11621 11619 11494
f 11495 11620 11622
f 11527 11525 11447
f 11448 11526 11528
f 11457 11455 11415
f 11416 11456 11458
f 12345 12165 12163
f 12164 12166 12346
f 12197 11935 12057
f 12058 11936 12198
f 12053 12051 12385
f 12386 12052 12054
f 12401 12399 11979
f 11980 12400 12402
f 11969 11967 12107
f 12108 11968 11970
f 12135 11399 11797
f 11798 11400 12136
f 11837 11835 11383
f 11384 11836 11838
f 11319 11303 11881
f 11882 11304 11320
f 11881 12009 12007
f 12008 12010 11882
f 11997 11995 12251
f 12252 11996 11998
f 12279 12277 11984
f 11981 12278 12280
f 12027 11919 11917
f 11918 11920 12028
f 11907 11905 11721
f 11722 11906 11908
f 11717 12425 12423
f 12424 12426 11718
f 12439 11751 11657
f 11658 11752 12440
f 11657 12485 12483
f 12484 12486 11658
f 11691 11585 11583
f 11584 11586 11692
f 11573 11571 12583
f 12584 11572 11574
f 12609 12607 11647
f 11648 12608 12610
f 11623 11621 11494
f 11495 11622 11624
f 11529 11527 11447
f 11448 11528 11530
f 11459 11457 11415
f 11416 11458 11460
f 12345 12163 12161
f 12162 12164 12346
f 12197 12057 12055
f 12056 12058 12198
f 12055 12053 12385
f 12386 12054 12056
f 12401 11979 11977
f 11978 11980 12402
f 11971 11969 12107
f 12108 11970 11972
f 12137 12135 11797
f 11798 12136 12138
f 11839 11837 11383
f 11384 11838 11840
f 11881 12007 12005
f 12006 12008 11882
f 11997 12251 12249
f 12250 12252 11998
f 12281 12279 11984
f 11981 12280 12282
f 12027 11917 11915
f 11916 11918 12028
f 11909 11907 11721
f 11722 11908 11910
f 11717 12423 12421
f 12422 12424 11718
f 12441 12439 11657
f 11658 12440 12442
f 11657 12483 12481
f 12482 12484 11658
f 11691 11583 11581
f 11582 11584 11692
f 11575 11573 12583
f 12584 11574 11576
f 12609 11647 11645
f 11646 11648 12610
f 11625 11623 11494
f 11495 11624 11626
f 11531 11529 11447
f 11448 11530 11532
f 11461 11459 11415
f 11416 11460 11462
f 12345 12161 12159
f 12160 12162 12346
f 12197 12055 12385
f 12386 12056 12198
f 12401 11977 11975
f 11976 11978 12402
f 11973 11971 12107
f 12108 11972 11974
f 12139 12137 11797
f 11798 12138 12140
f 11841 11839 11383
f 11384 11840 11842
f 11881 12005 12003
f 12004 12006 11882
f 11997 12249 12247
f 12248 12250 11998
f 12281 11984 12039
f 12040 11981 12282
f 12027 11915 11913
f 11914 11916 12028
f 11911 11909 11721
f 11722 11910 11912
f 11717 12421 12418
f 12419 12422 11718
f 12441 11657 12481
f 12482 11658 12442
f 11691 11581 11579
f 11580 11582 11692
f 11577 11575 12583
f 12584 11576 11578
f 12609 11645 11643
f 11644 11646 12610
f 11627 11625 11494
f 11495 11626 11628
f 11533 11531 11447
f 11448 11532 11534
f 11463 11461 11415
f 11416 11462 11464
f 12345 12159 12157
f 12158 12160 12346
f 12199 12197 12385
f 12386 12198 12200
f 12401 11975 11973
f 11974 11976 12402
f 11973 12107 12105
f 12106 12108 11974
f 12139 11797 11795
f 11796 11798 12140
f 11843 11841 11383
f 11384 11842 11844
f 11881 12003 12001
f 12002 12004 11882
f 11997 12247 12245
f 12246 12248 11998
f 12281 12039 12037
f 12038 12040 12282
f 12027 11913 11911
f 11912 11914 12028
f 11911 11721 11719
f 11720 11722 11912
f 11717 12418 12420
f 12417 12419 11718
f 12443 12441 12481
f 12482 12442 12444
f 11691 11579 11577
f 11578 11580 11692
f 11577 12583 12581
f 12582 12584 11578
f 12609 11643 11641
f 11642 11644 12610
f 11629 11627 11494
f 11495 11628 11630
f 11535 11533 11447
f 11448 11534 11536
f 11465 11463 11415
f 11416 11464 11466
f 12347 12345 12157
f 12158 12346 12348
f 12201 12199 12385
f 12386 12200 12202
f 12401 11973 12105
f 12106 11974 12402
f 12139 11795 11793
f 11794 11796 12140
f 11845 11843 11383
f 11384 11844 11846
f 11881 12001 11999
f 12000 12002 11882
f 11997 12245 12243
f 12244 12246 11998
f 12281 12037 12035
f 12036 12038 12282
f 12027 11911 11719
f 11720 11912 12028
f 11717 12420 12475
f 12476 12417 11718
f 12445 12443 12481
f 12482 12444 12446
f 12499 11691 11577
f 11578 11692 12500
f 11577 12581 12579
f 12580 12582 11578
f 12609 11641 11639
f 11640 11642 12610
f 11631 11629 11494
f 11495 11630 11632
f 11537 11535 11447
f 11448 11536 11538
f 11467 11465 11415
f 11416 11466 11468
f 12347 12157 12154
f 12155 12158 12348
f 12203 12201 12385
f 12386 12202 12204
f 12403 12401 12105
f 12106 12402 12404
f 12139 11793 11791
f 11792 11794 12140
f 11847 11845 11383
f 11384 11846 11848
f 11881 11999 11997
f 11998 12000 11882
f 11997 12243 12241
f 12242 12244 11998
f 12281 12035 12033
f 12034 12036 12282
f 12029 12027 11719
f 11720 12028 12030
f 11717 12475 12473
f 12474 12476 11718
f 12447 12445 12481
f 12482 12446 12448
f 12501 12499 11577
f 11578 12500 12502
f 11577 12579 12577
f 12578 12580 11578
f 12609 11639 11637
f 11638 11640 12610
f 11633 11631 11494
f 11495 11632 11634
f 11537 11447 11445
f 11446 11448 11538
f 11469 11467 11415
f 11416 11468 11470
f 12347 12154 12156
f 12153 12155 12348
f 12205 12203 12385
f 12386 12204 12206
f 12403 12105 12103
f 12104 12106 12404
f 12139 11791 11789
f 11790 11792 12140
f 11849 11847 11383
f 11384 11848 11850
f 11319 11881 11997
f 11998 11882 11320
f 11997 12241 12239
f 12240 12242 11998
f 12281 12033 12031
f 12032 12034 12282
f 12029 11719 11717
f 11718 11720 12030
f 11717 12473 12471
f 12472 12474 11718
f 12449 12447 12481
f 12482 12448 12450
f 12501 11577 12577
f 12578 11578 12502
f 12609 11637 11635
f 11636 11638 12610
f 11635 11633 11494
f 11495 11634 11636
f 11537 11445 11443
f 11444 11446 11538
f 11471 11469 11415
f 11416 11470 11472
f 12347 12156 12207
f 12208 12153 12348
f 12207 12205 12385
f 12386 12206 12208
f 12403 12103 12101
f 12102 12104 12404
f 12139 11789 11787
f 11788 11790 12140
f 11851 11849 11383
f 11384 11850 11852
f 11319 11997 12239
f 12240 11998 11320
f 12281 12031 12029
f 12030 12032 12282
f 12029 11717 12471
f 12472 11718 12030
f 12451 12449 12481
f 12482 12450 12452
f 12503 12501 12577
f 12578 12502 12504
f 12609 11635 11494
f 11495 11636 12610
f 11537 11443 11441
f 11442 11444 11538
f 11473 11471 11415
f 11416 11472 11474
f 12347 12207 12385
f 12386 12208 12348
f 12403 12101 12098
f 12099 12102 12404
f 12139 11787 11785
f 11786 11788 12140
f 11853 11851 11383
f 11384 11852 11854
f 11319 12239 12237
f 12238 12240 11320
f 12281 12029 12471
f 12472 12030 12282
f 12453 12451 12481
f 12482 12452 12454
f 12505 12503 12577
f 12578 12504 12506
f 12611 12609 11494
f 11495 12610 12612
f 11537 11441 11439
f 11440 11442 11538
f 11475 11473 11415
f 11416 11474 11476
f 12349 12347 12385
f 12386 12348 12350
f 12403 12098 12100
f 12097 12099 12404
f 12139 11785 11783
f 11784 11786 12140
f 11855 11853 11383
f 11384 11854 11856
f 11319 12237 12235
f 12236 12238 11320
f 12283 12281 12471
f 12472 12282 12284
f 12455 12453 12481
f 12482 12454 12456
f 12507 12505 12577
f 12578 12506 12508
f 12611 11494 11496
f 11493 11495 12612
f 11537 11439 11437
f 11438 11440 11538
f 11475 11415 12317
f 12318 11416 11476
f 12351 12349 12385
f 12386 12350 12352
f 12403 12100 12151
f 12152 12097 12404
f 12139 11783 11781
f 11782 11784 12140
f 11855 11383 11351
f 11352 11384 11856
f 11319 12235 12233
f 12234 12236 11320
f 12285 12283 12471
f 12472 12284 12286
f 12457 12455 12481
f 12482 12456 12458
f 12509 12507 12577
f 12578 12508 12510
f 12611 11496 11551
f 11552 11493 12612
f 11537 11437 11434
f 11435 11438 11538
f 11477 11475 12317
f 12318 11476 11478
f 12353 12351 12385
f 12386 12352 12354
f 12403 12151 12149
f 12150 12152 12404
f 12139 11781 11779
f 11780 11782 12140
f 11857 11855 11351
f 11352 11856 11858
f 11319 12233 12231
f 12232 12234 11320
f 12287 12285 12471
f 12472 12286 12288
f 12459 12457 12481
f 12482 12458 12460
f 12511 12509 12577
f 12578 12510 12512
f 12611 11551 11549
f 11550 11552 12612
f 11537 11434 11436
f 11433 11435 11538
f 11479 11477 12317
f 12318 11478 11480
f 12355 12353 12385
f 12386 12354 12356
f 12403 12149 12147
f 12148 12150 12404
f 12139 11779 11777
f 11778 11780 12140
f 11859 11857 11351
f 11352 11858 11860
f 11319 12231 12229
f 12230 12232 11320
f 12289 12287 12471
f 12472 12288 12290
f 12461 12459 12481
f 12482 12460 12462
f 12513 12511 12577
f 12578 12512 12514
f 12611 11549 11547
f 11548 11550 12612
f 11539 11537 11436
f 11433 11538 11540
f 11481 11479 12317
f 12318 11480 11482
f 12357 12355 12385
f 12386 12356 12358
f 12403 12147 12145
f 12146 12148 12404
f 12139 11777 11775
f 11776 11778 12140
f 11319 12229 12227
f 12228 12230 11320
f 12291 12289 12471
f 12472 12290 12292
f 12461 12481 12478
f 12479 12482 12462
f 12515 12513 12577
f 12578 12514 12516
f 12611 11547 11545
f 11546 11548 12612
f 11539 11436 11491
f 11492 11433 11540
f 11483 11481 12317
f 12318 11482 11484
f 12359 12357 12385
f 12386 12358 12360
f 12403 12145 12143
f 12144 12146 12404
f 12139 11775 11773
f 11774 11776 12140
f 11319 12227 12225
f 12226 12228 11320
f 12293 12291 12471
f 12472 12292 12294
f 12461 12478 12480
f 12477 12479 12462
f 12517 12515 12577
f 12578 12516 12518
f 12611 11545 11543
f 11544 11546 12612
f 11539 11491 11489
f 11490 11492 11540
f 11485 11483 12317
f 12318 11484 11486
f 12359 12385 12383
f 12384 12386 12360
f 12403 12143 12141
f 12142 12144 12404
f 12139 11773 11770
f 11771 11774 12140
f 11319 12225 12223
f 12224 12226 11320
f 12295 12293 12471
f 12472 12294 12296
f 12463 12461 12480
f 12477 12462 12464
f 12519 12517 12577
f 12578 12518 12520
f 12611 11543 11541
f 11542 11544 12612
f 11539 11489 11487
f 11488 11490 11540
f 11487 11485 12317
f 12318 11486 11488
f 12359 12383 12381
f 12382 12384 12360
f 12403 12141 12139
f 12140 12142 12404
f 12139 11770 11772
f 11769 11771 12140
f 11319 12223 12221
f 12222 12224 11320
f 12297 12295 12471
f 12472 12296 12298
f 12463 12480 12535
f 12536 12477 12464
f 12521 12519 12577
f 12578 12520 12522
f 12611 11541 11539
f 11540 11542 12612
f 11539 11487 12317
f 12318 11488 11540
f 12359 12381 12379
f 12380 12382 12360
f 12139 11772 11863
f 11864 11769 12140
f 11335 11319 12221
f 12222 11320 11336
f 12299 12297 12471
f 12472 12298 12300
f 12463 12535 12533
f 12534 12536 12464
f 12521 12577 12575
f 12576 12578 12522
f 12611 11539 12317
f 12318 11540 12612
f 12359 12379 12377
f 12378 12380 12360
f 12139 11863 11861
f 11862 11864 12140
f 11335 12221 12219
f 12220 12222 11336
f 12301 12299 12471
f 12472 12300 12302
f 12463 12533 12531
f 12532 12534 12464
f 12521 12575 12573
f 12574 12576 12522
f 12613 12611 12317
f 12318 12612 12614
f 12308 12359 12377
f 12378 12360 12305
f 12139 11861 11859
f 11860 11862 12140
f 11335 12219 12217
f 12218 12220 11336
f 12303 12301 12471
f 12472 12302 12304
f 12463 12531 12529
f 12530 12532 12464
f 12521 12573 12571
f 12572 12574 12522
f 12615 12613 12317
f 12318 12614 12616
f 12308 12377 12375
f 12376 12378 12305
f 12139 11859 11351
f 11352 11860 12140
f 11335 12217 12215
f 12216 12218 11336
f 12212 12303 12471
f 12472 12304 12209
f 12463 12529 12527
f 12528 12530 12464
f 12521 12571 12569
f 12570 12572 12522
f 12617 12615 12317
f 12318 12616 12618
f 12308 12375 12373
f 12374 12376 12305
f 12403 12139 11351
f 11352 12140 12404
f 11335 12215 12213
f 12214 12216 11336
f 12210 12212 12471
f 12472 12209 12211
f 12463 12527 12525
f 12526 12528 12464
f 12521 12569 12567
f 12568 12570 12522
f 12619 12617 12317
f 12318 12618 12620
f 12308 12373 12371
f 12372 12374 12305
f 12405 12403 11351
f 11352 12404 12406
f 12213 12210 12471
f 12472 12211 12214
f 12463 12525 12523
f 12524 12526 12464
f 12523 12521 12567
f 12568 12522 12524
f 12621 12619 12317
f 12318 12620 12622
f 12308 12371 12369
f 12370 12372 12305
f 12407 12405 11351
f 11352 12406 12408
f 12213 12471 12469
f 12470 12472 12214
f 12523 12567 12565
f 12566 12568 12524
f 12623 12621 12317
f 12318 12622 12624
f 12308 12369 12367
f 12368 12370 12305
f 12409 12407 11351
f 11352 12408 12410
f 12213 12469 12467
f 12468 12470 12214
f 12523 12565 12563
f 12564 12566 12524
f 12623 12317 12315
f 12316 12318 12624
f 12308 12367 12365
f 12366 12368 12305
f 12411 12409 11351
f 11352 12410 12412
f 12213 12467 12465
f 12466 12468 12214
f 12523 12563 12561
f 12562 12564 12524
f 12623 12315 12313
f 12314 12316 12624
f 12308 12365 12362
f 12363 12366 12305
f 12413 12411 11351
f 11352 12412 12414
f 12213 12465 12463
f 12464 12466 12214
f 12523 12561 12559
f 12560 12562 12524
f 12623 12313 12311
f 12312 12314 12624
f 12308 12362 12364
f 12361 12363 12305
f 12415 12413 11351
f 11352 12414 12416
f 11335 12213 12463
f 12464 12214 11336
f 12523 12559 12557
f 12558 12560 12524
f 12623 12311 12309
f 12310 12312 12624
f 12364 12415 11351
f 11352 12416 12361
f 11335 12463 12523
f 12524 12464 11336
f 12523 12557 12555
f 12556 12558 12524
f 12623 12309 12306
f 12307 12310 12624
f 12308 12364 11351
f 11352 12361 12305
f 11335 12523 12555
f 12556 12524 11336
f 12623 12306 12308
f 12305 12307 12624
f 11335 12555 12553
f 12554 12556 11336
f 12625 12623 12308
f 12305 12624 12626
f 11335 12553 12551
f 12552 12554 11336
f 12625 12308 11351
f 11352 12305 12626
f 11335 12551 12549
f 12550 12552 11336
f 12627 12625 11351
f 11352 12626 12628
f 11335 12549 12547
f 12548 12550 11336
f 12629 12627 11351
f 11352 12628 12630
f 11335 12547 12545
f 12546 12548 11336
f 12631 12629 11351
f 11352 12630 12632
f 11335 12545 12543
f 12544 12546 11336
f 12540 12631 11351
f 11352 12632 12537
f 11335 12543 12541
f 12542 12544 11336
f 12540 11351 11335
f 11336 11352 12537
f 11335 12541 12538
f 12539 12542 11336
f 12538 12540 11335
f 11336 12537 12539
# 12632 vertices
# 2018 texture params
# 2002 normals
# 25119 facets

# 3 groups
