ISO-10303-21;
HEADER;
/* Generated by software containing ST-Developer
 * from STEP Tools, Inc. (www.steptools.com) 
 */

FILE_DESCRIPTION(
/* description */ (''),
/* implementation_level */ '2;1');

FILE_NAME(
/* name */ 'portalhub.step',
/* time_stamp */ '2026-06-04T16:59:42+02:00',
/* author */ (''),
/* organization */ (''),
/* preprocessor_version */ 'ST-DEVELOPER v20.1',
/* originating_system */ 'Autodesk Translation Framework v15.8.0.0',
/* authorisation */ '');

FILE_SCHEMA (('AUTOMOTIVE_DESIGN { 1 0 10303 214 3 1 1 }'));
ENDSEC;

DATA;
#10=MECHANICAL_DESIGN_GEOMETRIC_PRESENTATION_REPRESENTATION('',(#37,#38,
#39,#40,#41,#42,#43,#44,#45,#46,#47,#48,#49,#50,#51,#52,#53,#54,#55,#56,
#57,#58,#59,#60,#61,#62,#63,#64,#65,#66,#67,#68,#69,#70,#71,#72,#73,#74,
#75,#76,#77,#78,#79,#80,#81,#82,#83,#84,#85,#86,#87,#88,#89,#90,#91,#92,
#93,#94,#95,#96,#97,#98,#99,#100,#101,#102,#103,#104,#105,#106,#107,#108,
#109,#110,#111,#112,#113,#114,#115,#116,#117,#118,#119,#120,#121,#122,#123,
#124,#125,#126,#127,#128,#129,#130,#131,#132),#4926);
#11=SHAPE_REPRESENTATION_RELATIONSHIP('SRR','None',#4933,#12);
#12=ADVANCED_BREP_SHAPE_REPRESENTATION('',(#133,#134),#4925);
#13=(
BOUNDED_CURVE()
B_SPLINE_CURVE(3,(#4333,#4334,#4335,#4336),.UNSPECIFIED.,.F.,.F.)
B_SPLINE_CURVE_WITH_KNOTS((4,4),(0.,1.),.UNSPECIFIED.)
CURVE()
GEOMETRIC_REPRESENTATION_ITEM()
RATIONAL_B_SPLINE_CURVE((1.,1.,1.,1.))
REPRESENTATION_ITEM('')
);
#14=(
BOUNDED_CURVE()
B_SPLINE_CURVE(3,(#4371,#4372,#4373,#4374),.UNSPECIFIED.,.F.,.F.)
B_SPLINE_CURVE_WITH_KNOTS((4,4),(0.,1.),.UNSPECIFIED.)
CURVE()
GEOMETRIC_REPRESENTATION_ITEM()
RATIONAL_B_SPLINE_CURVE((1.,1.,1.,1.))
REPRESENTATION_ITEM('')
);
#15=(
BOUNDED_CURVE()
B_SPLINE_CURVE(3,(#4399,#4400,#4401,#4402),.UNSPECIFIED.,.F.,.F.)
B_SPLINE_CURVE_WITH_KNOTS((4,4),(0.,1.),.UNSPECIFIED.)
CURVE()
GEOMETRIC_REPRESENTATION_ITEM()
RATIONAL_B_SPLINE_CURVE((1.,1.,1.,1.))
REPRESENTATION_ITEM('')
);
#16=(
BOUNDED_CURVE()
B_SPLINE_CURVE(3,(#4435,#4436,#4437,#4438),.UNSPECIFIED.,.F.,.F.)
B_SPLINE_CURVE_WITH_KNOTS((4,4),(0.,1.),.UNSPECIFIED.)
CURVE()
GEOMETRIC_REPRESENTATION_ITEM()
RATIONAL_B_SPLINE_CURVE((1.,1.,1.,1.))
REPRESENTATION_ITEM('')
);
#17=(
BOUNDED_CURVE()
B_SPLINE_CURVE(3,(#4463,#4464,#4465,#4466),.UNSPECIFIED.,.F.,.F.)
B_SPLINE_CURVE_WITH_KNOTS((4,4),(0.,1.),.UNSPECIFIED.)
CURVE()
GEOMETRIC_REPRESENTATION_ITEM()
RATIONAL_B_SPLINE_CURVE((1.,1.,1.,1.))
REPRESENTATION_ITEM('')
);
#18=(
BOUNDED_CURVE()
B_SPLINE_CURVE(3,(#4499,#4500,#4501,#4502),.UNSPECIFIED.,.F.,.F.)
B_SPLINE_CURVE_WITH_KNOTS((4,4),(0.,1.),.UNSPECIFIED.)
CURVE()
GEOMETRIC_REPRESENTATION_ITEM()
RATIONAL_B_SPLINE_CURVE((1.,1.,1.,1.))
REPRESENTATION_ITEM('')
);
#19=(
BOUNDED_CURVE()
B_SPLINE_CURVE(3,(#4527,#4528,#4529,#4530),.UNSPECIFIED.,.F.,.F.)
B_SPLINE_CURVE_WITH_KNOTS((4,4),(0.,1.),.UNSPECIFIED.)
CURVE()
GEOMETRIC_REPRESENTATION_ITEM()
RATIONAL_B_SPLINE_CURVE((1.,1.,1.,1.))
REPRESENTATION_ITEM('')
);
#20=(
BOUNDED_CURVE()
B_SPLINE_CURVE(3,(#4563,#4564,#4565,#4566),.UNSPECIFIED.,.F.,.F.)
B_SPLINE_CURVE_WITH_KNOTS((4,4),(0.,1.),.UNSPECIFIED.)
CURVE()
GEOMETRIC_REPRESENTATION_ITEM()
RATIONAL_B_SPLINE_CURVE((1.,1.,1.,1.))
REPRESENTATION_ITEM('')
);
#21=B_SPLINE_CURVE_WITH_KNOTS('',3,(#4328,#4329,#4330,#4331),
 .UNSPECIFIED.,.F.,.F.,(4,4),(0.,0.743232576907686),.UNSPECIFIED.);
#22=B_SPLINE_CURVE_WITH_KNOTS('',3,(#4365,#4366,#4367,#4368,#4369,#4370),
 .UNSPECIFIED.,.F.,.F.,(4,2,4),(0.,0.364698511571729,0.743232576907825),
 .UNSPECIFIED.);
#23=B_SPLINE_CURVE_WITH_KNOTS('',3,(#4394,#4395,#4396,#4397),
 .UNSPECIFIED.,.F.,.F.,(4,4),(0.,0.743232576907777),.UNSPECIFIED.);
#24=B_SPLINE_CURVE_WITH_KNOTS('',3,(#4431,#4432,#4433,#4434),
 .UNSPECIFIED.,.F.,.F.,(4,4),(0.,0.743232576907864),.UNSPECIFIED.);
#25=B_SPLINE_CURVE_WITH_KNOTS('',3,(#4458,#4459,#4460,#4461),
 .UNSPECIFIED.,.F.,.F.,(4,4),(0.,0.743232576907732),.UNSPECIFIED.);
#26=B_SPLINE_CURVE_WITH_KNOTS('',3,(#4495,#4496,#4497,#4498),
 .UNSPECIFIED.,.F.,.F.,(4,4),(0.,0.743232576907957),.UNSPECIFIED.);
#27=B_SPLINE_CURVE_WITH_KNOTS('',3,(#4522,#4523,#4524,#4525),
 .UNSPECIFIED.,.F.,.F.,(4,4),(0.,0.743232576907834),.UNSPECIFIED.);
#28=B_SPLINE_CURVE_WITH_KNOTS('',3,(#4559,#4560,#4561,#4562),
 .UNSPECIFIED.,.F.,.F.,(4,4),(0.,0.743232576907805),.UNSPECIFIED.);
#29=(
BOUNDED_SURFACE()
B_SPLINE_SURFACE(3,1,((#4319,#4320),(#4321,#4322),(#4323,#4324),(#4325,
#4326)),.UNSPECIFIED.,.F.,.F.,.F.)
B_SPLINE_SURFACE_WITH_KNOTS((4,4),(2,2),(0.,1.),(0.,0.1),.UNSPECIFIED.)
GEOMETRIC_REPRESENTATION_ITEM()
RATIONAL_B_SPLINE_SURFACE(((1.,1.),(1.,1.),(1.,1.),(1.,1.)))
REPRESENTATION_ITEM('')
SURFACE()
);
#30=(
BOUNDED_SURFACE()
B_SPLINE_SURFACE(3,1,((#4357,#4358),(#4359,#4360),(#4361,#4362),(#4363,
#4364)),.UNSPECIFIED.,.F.,.F.,.F.)
B_SPLINE_SURFACE_WITH_KNOTS((4,4),(2,2),(0.,1.),(0.,0.1),.UNSPECIFIED.)
GEOMETRIC_REPRESENTATION_ITEM()
RATIONAL_B_SPLINE_SURFACE(((1.,1.),(1.,1.),(1.,1.),(1.,1.)))
REPRESENTATION_ITEM('')
SURFACE()
);
#31=(
BOUNDED_SURFACE()
B_SPLINE_SURFACE(3,1,((#4385,#4386),(#4387,#4388),(#4389,#4390),(#4391,
#4392)),.UNSPECIFIED.,.F.,.F.,.F.)
B_SPLINE_SURFACE_WITH_KNOTS((4,4),(2,2),(0.,1.),(0.,0.1),.UNSPECIFIED.)
GEOMETRIC_REPRESENTATION_ITEM()
RATIONAL_B_SPLINE_SURFACE(((1.,1.),(1.,1.),(1.,1.),(1.,1.)))
REPRESENTATION_ITEM('')
SURFACE()
);
#32=(
BOUNDED_SURFACE()
B_SPLINE_SURFACE(3,1,((#4423,#4424),(#4425,#4426),(#4427,#4428),(#4429,
#4430)),.UNSPECIFIED.,.F.,.F.,.F.)
B_SPLINE_SURFACE_WITH_KNOTS((4,4),(2,2),(0.,1.),(0.,0.1),.UNSPECIFIED.)
GEOMETRIC_REPRESENTATION_ITEM()
RATIONAL_B_SPLINE_SURFACE(((1.,1.),(1.,1.),(1.,1.),(1.,1.)))
REPRESENTATION_ITEM('')
SURFACE()
);
#33=(
BOUNDED_SURFACE()
B_SPLINE_SURFACE(3,1,((#4449,#4450),(#4451,#4452),(#4453,#4454),(#4455,
#4456)),.UNSPECIFIED.,.F.,.F.,.F.)
B_SPLINE_SURFACE_WITH_KNOTS((4,4),(2,2),(0.,1.),(0.,0.1),.UNSPECIFIED.)
GEOMETRIC_REPRESENTATION_ITEM()
RATIONAL_B_SPLINE_SURFACE(((1.,1.),(1.,1.),(1.,1.),(1.,1.)))
REPRESENTATION_ITEM('')
SURFACE()
);
#34=(
BOUNDED_SURFACE()
B_SPLINE_SURFACE(3,1,((#4487,#4488),(#4489,#4490),(#4491,#4492),(#4493,
#4494)),.UNSPECIFIED.,.F.,.F.,.F.)
B_SPLINE_SURFACE_WITH_KNOTS((4,4),(2,2),(0.,1.),(0.,0.1),.UNSPECIFIED.)
GEOMETRIC_REPRESENTATION_ITEM()
RATIONAL_B_SPLINE_SURFACE(((1.,1.),(1.,1.),(1.,1.),(1.,1.)))
REPRESENTATION_ITEM('')
SURFACE()
);
#35=(
BOUNDED_SURFACE()
B_SPLINE_SURFACE(3,1,((#4513,#4514),(#4515,#4516),(#4517,#4518),(#4519,
#4520)),.UNSPECIFIED.,.F.,.F.,.F.)
B_SPLINE_SURFACE_WITH_KNOTS((4,4),(2,2),(0.,1.),(0.,0.1),.UNSPECIFIED.)
GEOMETRIC_REPRESENTATION_ITEM()
RATIONAL_B_SPLINE_SURFACE(((1.,1.),(1.,1.),(1.,1.),(1.,1.)))
REPRESENTATION_ITEM('')
SURFACE()
);
#36=(
BOUNDED_SURFACE()
B_SPLINE_SURFACE(3,1,((#4551,#4552),(#4553,#4554),(#4555,#4556),(#4557,
#4558)),.UNSPECIFIED.,.F.,.F.,.F.)
B_SPLINE_SURFACE_WITH_KNOTS((4,4),(2,2),(0.,1.),(0.,0.1),.UNSPECIFIED.)
GEOMETRIC_REPRESENTATION_ITEM()
RATIONAL_B_SPLINE_SURFACE(((1.,1.),(1.,1.),(1.,1.),(1.,1.)))
REPRESENTATION_ITEM('')
SURFACE()
);
#37=STYLED_ITEM('',(#4943),#133);
#38=STYLED_ITEM('',(#4943),#2914);
#39=STYLED_ITEM('',(#4943),#2917);
#40=STYLED_ITEM('',(#4943),#2920);
#41=STYLED_ITEM('',(#4943),#2923);
#42=STYLED_ITEM('',(#4943),#2926);
#43=STYLED_ITEM('',(#4943),#2929);
#44=STYLED_ITEM('',(#4943),#2932);
#45=STYLED_ITEM('',(#4943),#2933);
#46=STYLED_ITEM('',(#4943),#2934);
#47=STYLED_ITEM('',(#4943),#2935);
#48=STYLED_ITEM('',(#4943),#2936);
#49=STYLED_ITEM('',(#4943),#2937);
#50=STYLED_ITEM('',(#4943),#2938);
#51=STYLED_ITEM('',(#4943),#2939);
#52=STYLED_ITEM('',(#4943),#2943);
#53=STYLED_ITEM('',(#4943),#2947);
#54=STYLED_ITEM('',(#4943),#2951);
#55=STYLED_ITEM('',(#4943),#2955);
#56=STYLED_ITEM('',(#4943),#2959);
#57=STYLED_ITEM('',(#4943),#2963);
#58=STYLED_ITEM('',(#4943),#2967);
#59=STYLED_ITEM('',(#4943),#2971);
#60=STYLED_ITEM('',(#4943),#2972);
#61=STYLED_ITEM('',(#4943),#2974);
#62=STYLED_ITEM('',(#4943),#2976);
#63=STYLED_ITEM('',(#4943),#2977);
#64=STYLED_ITEM('',(#4943),#2978);
#65=STYLED_ITEM('',(#4943),#2979);
#66=STYLED_ITEM('',(#4943),#2980);
#67=STYLED_ITEM('',(#4943),#2981);
#68=STYLED_ITEM('',(#4943),#2982);
#69=STYLED_ITEM('',(#4943),#2983);
#70=STYLED_ITEM('',(#4943),#2984);
#71=STYLED_ITEM('',(#4943),#2985);
#72=STYLED_ITEM('',(#4943),#2986);
#73=STYLED_ITEM('',(#4943),#2987);
#74=STYLED_ITEM('',(#4943),#2988);
#75=STYLED_ITEM('',(#4943),#2989);
#76=STYLED_ITEM('',(#4943),#2990);
#77=STYLED_ITEM('',(#4943),#2991);
#78=STYLED_ITEM('',(#4943),#2992);
#79=STYLED_ITEM('',(#4943),#2993);
#80=STYLED_ITEM('',(#4943),#2994);
#81=STYLED_ITEM('',(#4943),#2995);
#82=STYLED_ITEM('',(#4943),#2996);
#83=STYLED_ITEM('',(#4943),#2997);
#84=STYLED_ITEM('',(#4943),#2998);
#85=STYLED_ITEM('',(#4943),#2999);
#86=STYLED_ITEM('',(#4943),#3000);
#87=STYLED_ITEM('',(#4943),#3001);
#88=STYLED_ITEM('',(#4943),#3002);
#89=STYLED_ITEM('',(#4943),#3003);
#90=STYLED_ITEM('',(#4943),#3004);
#91=STYLED_ITEM('',(#4943),#3005);
#92=STYLED_ITEM('',(#4943),#3006);
#93=STYLED_ITEM('',(#4943),#3007);
#94=STYLED_ITEM('',(#4943),#3008);
#95=STYLED_ITEM('',(#4943),#3009);
#96=STYLED_ITEM('',(#4943),#3010);
#97=STYLED_ITEM('',(#4943),#3011);
#98=STYLED_ITEM('',(#4943),#3012);
#99=STYLED_ITEM('',(#4943),#3013);
#100=STYLED_ITEM('',(#4943),#3014);
#101=STYLED_ITEM('',(#4943),#3015);
#102=STYLED_ITEM('',(#4943),#3016);
#103=STYLED_ITEM('',(#4943),#3017);
#104=STYLED_ITEM('',(#4943),#3018);
#105=STYLED_ITEM('',(#4943),#3019);
#106=STYLED_ITEM('',(#4943),#3020);
#107=STYLED_ITEM('',(#4943),#3021);
#108=STYLED_ITEM('',(#4943),#3022);
#109=STYLED_ITEM('',(#4943),#3023);
#110=STYLED_ITEM('',(#4943),#3024);
#111=STYLED_ITEM('',(#4943),#3025);
#112=STYLED_ITEM('',(#4943),#3026);
#113=STYLED_ITEM('',(#4943),#3027);
#114=STYLED_ITEM('',(#4943),#3028);
#115=STYLED_ITEM('',(#4943),#3029);
#116=STYLED_ITEM('',(#4943),#3044);
#117=STYLED_ITEM('',(#4943),#3045);
#118=STYLED_ITEM('',(#4943),#3046);
#119=STYLED_ITEM('',(#4943),#3047);
#120=STYLED_ITEM('',(#4943),#3048);
#121=STYLED_ITEM('',(#4943),#3049);
#122=STYLED_ITEM('',(#4943),#3050);
#123=STYLED_ITEM('',(#4943),#3051);
#124=STYLED_ITEM('',(#4943),#3054);
#125=STYLED_ITEM('',(#4943),#3055);
#126=STYLED_ITEM('',(#4943),#3059);
#127=STYLED_ITEM('',(#4943),#3060);
#128=STYLED_ITEM('',(#4943),#3061);
#129=STYLED_ITEM('',(#4943),#3062);
#130=STYLED_ITEM('',(#4943),#3063);
#131=STYLED_ITEM('',(#4943),#3064);
#132=STYLED_ITEM('',(#4944),#134);
#133=MANIFOLD_SOLID_BREP('Corpo1',#3065);
#134=MANIFOLD_SOLID_BREP('Corpo3',#3066);
#135=FACE_BOUND('',#491,.T.);
#136=FACE_BOUND('',#492,.T.);
#137=FACE_BOUND('',#493,.T.);
#138=FACE_BOUND('',#494,.T.);
#139=FACE_BOUND('',#627,.T.);
#140=FACE_BOUND('',#629,.T.);
#141=FACE_BOUND('',#630,.T.);
#142=FACE_BOUND('',#631,.T.);
#143=FACE_BOUND('',#632,.T.);
#144=FACE_BOUND('',#633,.T.);
#145=FACE_BOUND('',#634,.T.);
#146=FACE_BOUND('',#635,.T.);
#147=FACE_BOUND('',#636,.T.);
#148=FACE_BOUND('',#652,.T.);
#149=FACE_BOUND('',#655,.T.);
#150=FACE_BOUND('',#658,.T.);
#151=PLANE('',#3083);
#152=PLANE('',#3087);
#153=PLANE('',#3091);
#154=PLANE('',#3095);
#155=PLANE('',#3096);
#156=PLANE('',#3097);
#157=PLANE('',#3098);
#158=PLANE('',#3099);
#159=PLANE('',#3100);
#160=PLANE('',#3101);
#161=PLANE('',#3102);
#162=PLANE('',#3103);
#163=PLANE('',#3104);
#164=PLANE('',#3105);
#165=PLANE('',#3106);
#166=PLANE('',#3107);
#167=PLANE('',#3108);
#168=PLANE('',#3109);
#169=PLANE('',#3110);
#170=PLANE('',#3111);
#171=PLANE('',#3112);
#172=PLANE('',#3113);
#173=PLANE('',#3114);
#174=PLANE('',#3115);
#175=PLANE('',#3116);
#176=PLANE('',#3117);
#177=PLANE('',#3118);
#178=PLANE('',#3119);
#179=PLANE('',#3120);
#180=PLANE('',#3121);
#181=PLANE('',#3122);
#182=PLANE('',#3123);
#183=PLANE('',#3124);
#184=PLANE('',#3125);
#185=PLANE('',#3126);
#186=PLANE('',#3127);
#187=PLANE('',#3128);
#188=PLANE('',#3129);
#189=PLANE('',#3130);
#190=PLANE('',#3131);
#191=PLANE('',#3132);
#192=PLANE('',#3133);
#193=PLANE('',#3134);
#194=PLANE('',#3135);
#195=PLANE('',#3136);
#196=PLANE('',#3137);
#197=PLANE('',#3138);
#198=PLANE('',#3139);
#199=PLANE('',#3140);
#200=PLANE('',#3141);
#201=PLANE('',#3142);
#202=PLANE('',#3143);
#203=PLANE('',#3144);
#204=PLANE('',#3145);
#205=PLANE('',#3146);
#206=PLANE('',#3147);
#207=PLANE('',#3148);
#208=PLANE('',#3149);
#209=PLANE('',#3150);
#210=PLANE('',#3151);
#211=PLANE('',#3152);
#212=PLANE('',#3153);
#213=PLANE('',#3154);
#214=PLANE('',#3155);
#215=PLANE('',#3156);
#216=PLANE('',#3157);
#217=PLANE('',#3158);
#218=PLANE('',#3159);
#219=PLANE('',#3160);
#220=PLANE('',#3161);
#221=PLANE('',#3162);
#222=PLANE('',#3163);
#223=PLANE('',#3164);
#224=PLANE('',#3165);
#225=PLANE('',#3166);
#226=PLANE('',#3167);
#227=PLANE('',#3168);
#228=PLANE('',#3169);
#229=PLANE('',#3170);
#230=PLANE('',#3171);
#231=PLANE('',#3172);
#232=PLANE('',#3173);
#233=PLANE('',#3174);
#234=PLANE('',#3175);
#235=PLANE('',#3176);
#236=PLANE('',#3177);
#237=PLANE('',#3178);
#238=PLANE('',#3179);
#239=PLANE('',#3180);
#240=PLANE('',#3181);
#241=PLANE('',#3182);
#242=PLANE('',#3183);
#243=PLANE('',#3184);
#244=PLANE('',#3185);
#245=PLANE('',#3186);
#246=PLANE('',#3187);
#247=PLANE('',#3188);
#248=PLANE('',#3189);
#249=PLANE('',#3190);
#250=PLANE('',#3191);
#251=PLANE('',#3192);
#252=PLANE('',#3193);
#253=PLANE('',#3194);
#254=PLANE('',#3195);
#255=PLANE('',#3196);
#256=PLANE('',#3197);
#257=PLANE('',#3198);
#258=PLANE('',#3199);
#259=PLANE('',#3200);
#260=PLANE('',#3201);
#261=PLANE('',#3202);
#262=PLANE('',#3203);
#263=PLANE('',#3204);
#264=PLANE('',#3205);
#265=PLANE('',#3206);
#266=PLANE('',#3207);
#267=PLANE('',#3208);
#268=PLANE('',#3209);
#269=PLANE('',#3210);
#270=PLANE('',#3211);
#271=PLANE('',#3212);
#272=PLANE('',#3213);
#273=PLANE('',#3214);
#274=PLANE('',#3215);
#275=PLANE('',#3216);
#276=PLANE('',#3217);
#277=PLANE('',#3218);
#278=PLANE('',#3219);
#279=PLANE('',#3220);
#280=PLANE('',#3221);
#281=PLANE('',#3222);
#282=PLANE('',#3223);
#283=PLANE('',#3224);
#284=PLANE('',#3225);
#285=PLANE('',#3226);
#286=PLANE('',#3227);
#287=PLANE('',#3229);
#288=PLANE('',#3233);
#289=PLANE('',#3237);
#290=PLANE('',#3240);
#291=PLANE('',#3244);
#292=PLANE('',#3245);
#293=PLANE('',#3246);
#294=PLANE('',#3247);
#295=PLANE('',#3248);
#296=PLANE('',#3249);
#297=PLANE('',#3250);
#298=PLANE('',#3251);
#299=PLANE('',#3252);
#300=PLANE('',#3253);
#301=PLANE('',#3254);
#302=PLANE('',#3255);
#303=PLANE('',#3256);
#304=PLANE('',#3257);
#305=FACE_OUTER_BOUND('',#475,.T.);
#306=FACE_OUTER_BOUND('',#476,.T.);
#307=FACE_OUTER_BOUND('',#477,.T.);
#308=FACE_OUTER_BOUND('',#478,.T.);
#309=FACE_OUTER_BOUND('',#479,.T.);
#310=FACE_OUTER_BOUND('',#480,.T.);
#311=FACE_OUTER_BOUND('',#481,.T.);
#312=FACE_OUTER_BOUND('',#482,.T.);
#313=FACE_OUTER_BOUND('',#483,.T.);
#314=FACE_OUTER_BOUND('',#484,.T.);
#315=FACE_OUTER_BOUND('',#485,.T.);
#316=FACE_OUTER_BOUND('',#486,.T.);
#317=FACE_OUTER_BOUND('',#487,.T.);
#318=FACE_OUTER_BOUND('',#488,.T.);
#319=FACE_OUTER_BOUND('',#489,.T.);
#320=FACE_OUTER_BOUND('',#490,.T.);
#321=FACE_OUTER_BOUND('',#495,.T.);
#322=FACE_OUTER_BOUND('',#496,.T.);
#323=FACE_OUTER_BOUND('',#497,.T.);
#324=FACE_OUTER_BOUND('',#498,.T.);
#325=FACE_OUTER_BOUND('',#499,.T.);
#326=FACE_OUTER_BOUND('',#500,.T.);
#327=FACE_OUTER_BOUND('',#501,.T.);
#328=FACE_OUTER_BOUND('',#502,.T.);
#329=FACE_OUTER_BOUND('',#503,.T.);
#330=FACE_OUTER_BOUND('',#504,.T.);
#331=FACE_OUTER_BOUND('',#505,.T.);
#332=FACE_OUTER_BOUND('',#506,.T.);
#333=FACE_OUTER_BOUND('',#507,.T.);
#334=FACE_OUTER_BOUND('',#508,.T.);
#335=FACE_OUTER_BOUND('',#509,.T.);
#336=FACE_OUTER_BOUND('',#510,.T.);
#337=FACE_OUTER_BOUND('',#511,.T.);
#338=FACE_OUTER_BOUND('',#512,.T.);
#339=FACE_OUTER_BOUND('',#513,.T.);
#340=FACE_OUTER_BOUND('',#514,.T.);
#341=FACE_OUTER_BOUND('',#515,.T.);
#342=FACE_OUTER_BOUND('',#516,.T.);
#343=FACE_OUTER_BOUND('',#517,.T.);
#344=FACE_OUTER_BOUND('',#518,.T.);
#345=FACE_OUTER_BOUND('',#519,.T.);
#346=FACE_OUTER_BOUND('',#520,.T.);
#347=FACE_OUTER_BOUND('',#521,.T.);
#348=FACE_OUTER_BOUND('',#522,.T.);
#349=FACE_OUTER_BOUND('',#523,.T.);
#350=FACE_OUTER_BOUND('',#524,.T.);
#351=FACE_OUTER_BOUND('',#525,.T.);
#352=FACE_OUTER_BOUND('',#526,.T.);
#353=FACE_OUTER_BOUND('',#527,.T.);
#354=FACE_OUTER_BOUND('',#528,.T.);
#355=FACE_OUTER_BOUND('',#529,.T.);
#356=FACE_OUTER_BOUND('',#530,.T.);
#357=FACE_OUTER_BOUND('',#531,.T.);
#358=FACE_OUTER_BOUND('',#532,.T.);
#359=FACE_OUTER_BOUND('',#533,.T.);
#360=FACE_OUTER_BOUND('',#534,.T.);
#361=FACE_OUTER_BOUND('',#535,.T.);
#362=FACE_OUTER_BOUND('',#536,.T.);
#363=FACE_OUTER_BOUND('',#537,.T.);
#364=FACE_OUTER_BOUND('',#538,.T.);
#365=FACE_OUTER_BOUND('',#539,.T.);
#366=FACE_OUTER_BOUND('',#540,.T.);
#367=FACE_OUTER_BOUND('',#541,.T.);
#368=FACE_OUTER_BOUND('',#542,.T.);
#369=FACE_OUTER_BOUND('',#543,.T.);
#370=FACE_OUTER_BOUND('',#544,.T.);
#371=FACE_OUTER_BOUND('',#545,.T.);
#372=FACE_OUTER_BOUND('',#546,.T.);
#373=FACE_OUTER_BOUND('',#547,.T.);
#374=FACE_OUTER_BOUND('',#548,.T.);
#375=FACE_OUTER_BOUND('',#549,.T.);
#376=FACE_OUTER_BOUND('',#550,.T.);
#377=FACE_OUTER_BOUND('',#551,.T.);
#378=FACE_OUTER_BOUND('',#552,.T.);
#379=FACE_OUTER_BOUND('',#553,.T.);
#380=FACE_OUTER_BOUND('',#554,.T.);
#381=FACE_OUTER_BOUND('',#555,.T.);
#382=FACE_OUTER_BOUND('',#556,.T.);
#383=FACE_OUTER_BOUND('',#557,.T.);
#384=FACE_OUTER_BOUND('',#558,.T.);
#385=FACE_OUTER_BOUND('',#559,.T.);
#386=FACE_OUTER_BOUND('',#560,.T.);
#387=FACE_OUTER_BOUND('',#561,.T.);
#388=FACE_OUTER_BOUND('',#562,.T.);
#389=FACE_OUTER_BOUND('',#563,.T.);
#390=FACE_OUTER_BOUND('',#564,.T.);
#391=FACE_OUTER_BOUND('',#565,.T.);
#392=FACE_OUTER_BOUND('',#566,.T.);
#393=FACE_OUTER_BOUND('',#567,.T.);
#394=FACE_OUTER_BOUND('',#568,.T.);
#395=FACE_OUTER_BOUND('',#569,.T.);
#396=FACE_OUTER_BOUND('',#570,.T.);
#397=FACE_OUTER_BOUND('',#571,.T.);
#398=FACE_OUTER_BOUND('',#572,.T.);
#399=FACE_OUTER_BOUND('',#573,.T.);
#400=FACE_OUTER_BOUND('',#574,.T.);
#401=FACE_OUTER_BOUND('',#575,.T.);
#402=FACE_OUTER_BOUND('',#576,.T.);
#403=FACE_OUTER_BOUND('',#577,.T.);
#404=FACE_OUTER_BOUND('',#578,.T.);
#405=FACE_OUTER_BOUND('',#579,.T.);
#406=FACE_OUTER_BOUND('',#580,.T.);
#407=FACE_OUTER_BOUND('',#581,.T.);
#408=FACE_OUTER_BOUND('',#582,.T.);
#409=FACE_OUTER_BOUND('',#583,.T.);
#410=FACE_OUTER_BOUND('',#584,.T.);
#411=FACE_OUTER_BOUND('',#585,.T.);
#412=FACE_OUTER_BOUND('',#586,.T.);
#413=FACE_OUTER_BOUND('',#587,.T.);
#414=FACE_OUTER_BOUND('',#588,.T.);
#415=FACE_OUTER_BOUND('',#589,.T.);
#416=FACE_OUTER_BOUND('',#590,.T.);
#417=FACE_OUTER_BOUND('',#591,.T.);
#418=FACE_OUTER_BOUND('',#592,.T.);
#419=FACE_OUTER_BOUND('',#593,.T.);
#420=FACE_OUTER_BOUND('',#594,.T.);
#421=FACE_OUTER_BOUND('',#595,.T.);
#422=FACE_OUTER_BOUND('',#596,.T.);
#423=FACE_OUTER_BOUND('',#597,.T.);
#424=FACE_OUTER_BOUND('',#598,.T.);
#425=FACE_OUTER_BOUND('',#599,.T.);
#426=FACE_OUTER_BOUND('',#600,.T.);
#427=FACE_OUTER_BOUND('',#601,.T.);
#428=FACE_OUTER_BOUND('',#602,.T.);
#429=FACE_OUTER_BOUND('',#603,.T.);
#430=FACE_OUTER_BOUND('',#604,.T.);
#431=FACE_OUTER_BOUND('',#605,.T.);
#432=FACE_OUTER_BOUND('',#606,.T.);
#433=FACE_OUTER_BOUND('',#607,.T.);
#434=FACE_OUTER_BOUND('',#608,.T.);
#435=FACE_OUTER_BOUND('',#609,.T.);
#436=FACE_OUTER_BOUND('',#610,.T.);
#437=FACE_OUTER_BOUND('',#611,.T.);
#438=FACE_OUTER_BOUND('',#612,.T.);
#439=FACE_OUTER_BOUND('',#613,.T.);
#440=FACE_OUTER_BOUND('',#614,.T.);
#441=FACE_OUTER_BOUND('',#615,.T.);
#442=FACE_OUTER_BOUND('',#616,.T.);
#443=FACE_OUTER_BOUND('',#617,.T.);
#444=FACE_OUTER_BOUND('',#618,.T.);
#445=FACE_OUTER_BOUND('',#619,.T.);
#446=FACE_OUTER_BOUND('',#620,.T.);
#447=FACE_OUTER_BOUND('',#621,.T.);
#448=FACE_OUTER_BOUND('',#622,.T.);
#449=FACE_OUTER_BOUND('',#623,.T.);
#450=FACE_OUTER_BOUND('',#624,.T.);
#451=FACE_OUTER_BOUND('',#625,.T.);
#452=FACE_OUTER_BOUND('',#626,.T.);
#453=FACE_OUTER_BOUND('',#628,.T.);
#454=FACE_OUTER_BOUND('',#637,.T.);
#455=FACE_OUTER_BOUND('',#638,.T.);
#456=FACE_OUTER_BOUND('',#639,.T.);
#457=FACE_OUTER_BOUND('',#640,.T.);
#458=FACE_OUTER_BOUND('',#641,.T.);
#459=FACE_OUTER_BOUND('',#642,.T.);
#460=FACE_OUTER_BOUND('',#643,.T.);
#461=FACE_OUTER_BOUND('',#644,.T.);
#462=FACE_OUTER_BOUND('',#645,.T.);
#463=FACE_OUTER_BOUND('',#646,.T.);
#464=FACE_OUTER_BOUND('',#647,.T.);
#465=FACE_OUTER_BOUND('',#648,.T.);
#466=FACE_OUTER_BOUND('',#649,.T.);
#467=FACE_OUTER_BOUND('',#650,.T.);
#468=FACE_OUTER_BOUND('',#651,.T.);
#469=FACE_OUTER_BOUND('',#653,.T.);
#470=FACE_OUTER_BOUND('',#654,.T.);
#471=FACE_OUTER_BOUND('',#656,.T.);
#472=FACE_OUTER_BOUND('',#657,.T.);
#473=FACE_OUTER_BOUND('',#659,.T.);
#474=FACE_OUTER_BOUND('',#660,.T.);
#475=EDGE_LOOP('',(#2079,#2080,#2081,#2082));
#476=EDGE_LOOP('',(#2083));
#477=EDGE_LOOP('',(#2084,#2085,#2086,#2087));
#478=EDGE_LOOP('',(#2088));
#479=EDGE_LOOP('',(#2089,#2090,#2091,#2092));
#480=EDGE_LOOP('',(#2093));
#481=EDGE_LOOP('',(#2094,#2095,#2096,#2097));
#482=EDGE_LOOP('',(#2098));
#483=EDGE_LOOP('',(#2099,#2100,#2101,#2102));
#484=EDGE_LOOP('',(#2103,#2104,#2105,#2106));
#485=EDGE_LOOP('',(#2107,#2108,#2109,#2110));
#486=EDGE_LOOP('',(#2111,#2112,#2113,#2114));
#487=EDGE_LOOP('',(#2115,#2116,#2117,#2118));
#488=EDGE_LOOP('',(#2119,#2120,#2121,#2122));
#489=EDGE_LOOP('',(#2123,#2124,#2125,#2126));
#490=EDGE_LOOP('',(#2127,#2128,#2129,#2130,#2131,#2132,#2133));
#491=EDGE_LOOP('',(#2134));
#492=EDGE_LOOP('',(#2135));
#493=EDGE_LOOP('',(#2136));
#494=EDGE_LOOP('',(#2137));
#495=EDGE_LOOP('',(#2138,#2139,#2140,#2141,#2142,#2143,#2144));
#496=EDGE_LOOP('',(#2145,#2146,#2147,#2148));
#497=EDGE_LOOP('',(#2149,#2150,#2151,#2152));
#498=EDGE_LOOP('',(#2153,#2154,#2155,#2156,#2157,#2158));
#499=EDGE_LOOP('',(#2159,#2160,#2161,#2162));
#500=EDGE_LOOP('',(#2163,#2164,#2165,#2166));
#501=EDGE_LOOP('',(#2167,#2168,#2169,#2170,#2171,#2172));
#502=EDGE_LOOP('',(#2173,#2174,#2175,#2176));
#503=EDGE_LOOP('',(#2177,#2178,#2179,#2180));
#504=EDGE_LOOP('',(#2181,#2182,#2183,#2184,#2185,#2186));
#505=EDGE_LOOP('',(#2187,#2188,#2189,#2190));
#506=EDGE_LOOP('',(#2191,#2192,#2193,#2194));
#507=EDGE_LOOP('',(#2195,#2196,#2197,#2198,#2199,#2200,#2201,#2202));
#508=EDGE_LOOP('',(#2203,#2204,#2205,#2206));
#509=EDGE_LOOP('',(#2207,#2208,#2209,#2210));
#510=EDGE_LOOP('',(#2211,#2212,#2213,#2214,#2215,#2216,#2217,#2218));
#511=EDGE_LOOP('',(#2219,#2220,#2221,#2222));
#512=EDGE_LOOP('',(#2223,#2224,#2225,#2226));
#513=EDGE_LOOP('',(#2227,#2228,#2229,#2230,#2231,#2232,#2233,#2234));
#514=EDGE_LOOP('',(#2235,#2236,#2237,#2238));
#515=EDGE_LOOP('',(#2239,#2240,#2241,#2242));
#516=EDGE_LOOP('',(#2243,#2244,#2245,#2246,#2247,#2248,#2249,#2250));
#517=EDGE_LOOP('',(#2251,#2252,#2253,#2254,#2255,#2256));
#518=EDGE_LOOP('',(#2257,#2258,#2259,#2260,#2261,#2262,#2263,#2264));
#519=EDGE_LOOP('',(#2265,#2266,#2267,#2268,#2269,#2270));
#520=EDGE_LOOP('',(#2271,#2272,#2273,#2274,#2275,#2276));
#521=EDGE_LOOP('',(#2277,#2278,#2279,#2280,#2281,#2282,#2283,#2284));
#522=EDGE_LOOP('',(#2285,#2286,#2287,#2288,#2289,#2290,#2291,#2292));
#523=EDGE_LOOP('',(#2293,#2294,#2295,#2296,#2297,#2298,#2299,#2300));
#524=EDGE_LOOP('',(#2301,#2302,#2303,#2304));
#525=EDGE_LOOP('',(#2305,#2306,#2307,#2308));
#526=EDGE_LOOP('',(#2309,#2310,#2311,#2312));
#527=EDGE_LOOP('',(#2313,#2314,#2315));
#528=EDGE_LOOP('',(#2316,#2317,#2318,#2319));
#529=EDGE_LOOP('',(#2320,#2321,#2322,#2323));
#530=EDGE_LOOP('',(#2324,#2325,#2326,#2327));
#531=EDGE_LOOP('',(#2328,#2329,#2330));
#532=EDGE_LOOP('',(#2331,#2332,#2333,#2334));
#533=EDGE_LOOP('',(#2335,#2336,#2337,#2338));
#534=EDGE_LOOP('',(#2339,#2340,#2341,#2342));
#535=EDGE_LOOP('',(#2343,#2344,#2345));
#536=EDGE_LOOP('',(#2346,#2347,#2348,#2349));
#537=EDGE_LOOP('',(#2350,#2351,#2352,#2353));
#538=EDGE_LOOP('',(#2354,#2355,#2356,#2357));
#539=EDGE_LOOP('',(#2358,#2359,#2360));
#540=EDGE_LOOP('',(#2361,#2362,#2363,#2364));
#541=EDGE_LOOP('',(#2365,#2366,#2367,#2368));
#542=EDGE_LOOP('',(#2369,#2370,#2371,#2372));
#543=EDGE_LOOP('',(#2373,#2374,#2375));
#544=EDGE_LOOP('',(#2376,#2377,#2378,#2379));
#545=EDGE_LOOP('',(#2380,#2381,#2382,#2383));
#546=EDGE_LOOP('',(#2384,#2385,#2386,#2387));
#547=EDGE_LOOP('',(#2388,#2389,#2390));
#548=EDGE_LOOP('',(#2391,#2392,#2393,#2394));
#549=EDGE_LOOP('',(#2395,#2396,#2397,#2398));
#550=EDGE_LOOP('',(#2399,#2400,#2401,#2402));
#551=EDGE_LOOP('',(#2403,#2404,#2405));
#552=EDGE_LOOP('',(#2406,#2407,#2408,#2409));
#553=EDGE_LOOP('',(#2410,#2411,#2412,#2413));
#554=EDGE_LOOP('',(#2414,#2415,#2416,#2417));
#555=EDGE_LOOP('',(#2418,#2419,#2420));
#556=EDGE_LOOP('',(#2421,#2422,#2423,#2424));
#557=EDGE_LOOP('',(#2425,#2426,#2427));
#558=EDGE_LOOP('',(#2428,#2429,#2430,#2431));
#559=EDGE_LOOP('',(#2432,#2433,#2434));
#560=EDGE_LOOP('',(#2435,#2436,#2437,#2438,#2439));
#561=EDGE_LOOP('',(#2440,#2441,#2442,#2443,#2444));
#562=EDGE_LOOP('',(#2445,#2446,#2447,#2448,#2449));
#563=EDGE_LOOP('',(#2450,#2451,#2452,#2453,#2454));
#564=EDGE_LOOP('',(#2455,#2456,#2457,#2458,#2459));
#565=EDGE_LOOP('',(#2460,#2461,#2462,#2463,#2464));
#566=EDGE_LOOP('',(#2465,#2466,#2467,#2468,#2469));
#567=EDGE_LOOP('',(#2470,#2471,#2472,#2473,#2474));
#568=EDGE_LOOP('',(#2475,#2476,#2477,#2478,#2479));
#569=EDGE_LOOP('',(#2480,#2481,#2482,#2483,#2484));
#570=EDGE_LOOP('',(#2485,#2486,#2487,#2488,#2489));
#571=EDGE_LOOP('',(#2490,#2491,#2492,#2493,#2494));
#572=EDGE_LOOP('',(#2495,#2496,#2497,#2498,#2499));
#573=EDGE_LOOP('',(#2500,#2501,#2502,#2503,#2504));
#574=EDGE_LOOP('',(#2505,#2506,#2507,#2508,#2509));
#575=EDGE_LOOP('',(#2510,#2511,#2512,#2513,#2514));
#576=EDGE_LOOP('',(#2515,#2516,#2517,#2518,#2519));
#577=EDGE_LOOP('',(#2520,#2521,#2522,#2523,#2524));
#578=EDGE_LOOP('',(#2525,#2526,#2527,#2528,#2529));
#579=EDGE_LOOP('',(#2530,#2531,#2532,#2533));
#580=EDGE_LOOP('',(#2534,#2535,#2536,#2537));
#581=EDGE_LOOP('',(#2538,#2539,#2540,#2541));
#582=EDGE_LOOP('',(#2542,#2543,#2544,#2545));
#583=EDGE_LOOP('',(#2546,#2547,#2548,#2549));
#584=EDGE_LOOP('',(#2550,#2551,#2552,#2553));
#585=EDGE_LOOP('',(#2554,#2555,#2556,#2557));
#586=EDGE_LOOP('',(#2558,#2559,#2560,#2561));
#587=EDGE_LOOP('',(#2562,#2563,#2564,#2565));
#588=EDGE_LOOP('',(#2566,#2567,#2568,#2569));
#589=EDGE_LOOP('',(#2570,#2571,#2572,#2573));
#590=EDGE_LOOP('',(#2574,#2575,#2576,#2577));
#591=EDGE_LOOP('',(#2578,#2579,#2580,#2581));
#592=EDGE_LOOP('',(#2582,#2583,#2584,#2585));
#593=EDGE_LOOP('',(#2586,#2587,#2588,#2589));
#594=EDGE_LOOP('',(#2590,#2591,#2592,#2593));
#595=EDGE_LOOP('',(#2594,#2595,#2596,#2597));
#596=EDGE_LOOP('',(#2598,#2599,#2600,#2601));
#597=EDGE_LOOP('',(#2602,#2603,#2604,#2605));
#598=EDGE_LOOP('',(#2606,#2607,#2608,#2609));
#599=EDGE_LOOP('',(#2610,#2611,#2612,#2613));
#600=EDGE_LOOP('',(#2614,#2615,#2616,#2617));
#601=EDGE_LOOP('',(#2618,#2619,#2620,#2621));
#602=EDGE_LOOP('',(#2622,#2623,#2624,#2625));
#603=EDGE_LOOP('',(#2626,#2627,#2628,#2629));
#604=EDGE_LOOP('',(#2630,#2631,#2632,#2633));
#605=EDGE_LOOP('',(#2634,#2635,#2636,#2637));
#606=EDGE_LOOP('',(#2638,#2639,#2640,#2641));
#607=EDGE_LOOP('',(#2642,#2643,#2644,#2645));
#608=EDGE_LOOP('',(#2646,#2647,#2648,#2649));
#609=EDGE_LOOP('',(#2650,#2651,#2652,#2653));
#610=EDGE_LOOP('',(#2654,#2655,#2656,#2657));
#611=EDGE_LOOP('',(#2658,#2659,#2660,#2661));
#612=EDGE_LOOP('',(#2662,#2663,#2664,#2665));
#613=EDGE_LOOP('',(#2666,#2667,#2668,#2669));
#614=EDGE_LOOP('',(#2670,#2671,#2672,#2673));
#615=EDGE_LOOP('',(#2674,#2675,#2676,#2677,#2678,#2679,#2680,#2681));
#616=EDGE_LOOP('',(#2682,#2683,#2684,#2685));
#617=EDGE_LOOP('',(#2686,#2687,#2688,#2689));
#618=EDGE_LOOP('',(#2690,#2691,#2692,#2693,#2694,#2695,#2696,#2697));
#619=EDGE_LOOP('',(#2698,#2699,#2700,#2701,#2702,#2703,#2704,#2705,#2706,
#2707,#2708,#2709,#2710,#2711,#2712,#2713,#2714,#2715,#2716,#2717,#2718,
#2719));
#620=EDGE_LOOP('',(#2720,#2721,#2722,#2723));
#621=EDGE_LOOP('',(#2724,#2725,#2726,#2727));
#622=EDGE_LOOP('',(#2728,#2729,#2730,#2731));
#623=EDGE_LOOP('',(#2732,#2733,#2734,#2735));
#624=EDGE_LOOP('',(#2736,#2737,#2738,#2739));
#625=EDGE_LOOP('',(#2740,#2741,#2742,#2743));
#626=EDGE_LOOP('',(#2744,#2745,#2746,#2747,#2748,#2749,#2750,#2751,#2752,
#2753,#2754,#2755,#2756,#2757,#2758));
#627=EDGE_LOOP('',(#2759));
#628=EDGE_LOOP('',(#2760,#2761,#2762,#2763,#2764,#2765,#2766,#2767,#2768,
#2769,#2770,#2771,#2772,#2773));
#629=EDGE_LOOP('',(#2774,#2775,#2776));
#630=EDGE_LOOP('',(#2777,#2778,#2779));
#631=EDGE_LOOP('',(#2780,#2781,#2782));
#632=EDGE_LOOP('',(#2783,#2784,#2785));
#633=EDGE_LOOP('',(#2786,#2787,#2788));
#634=EDGE_LOOP('',(#2789,#2790,#2791));
#635=EDGE_LOOP('',(#2792,#2793,#2794));
#636=EDGE_LOOP('',(#2795,#2796,#2797));
#637=EDGE_LOOP('',(#2798,#2799,#2800,#2801));
#638=EDGE_LOOP('',(#2802));
#639=EDGE_LOOP('',(#2803,#2804,#2805,#2806));
#640=EDGE_LOOP('',(#2807));
#641=EDGE_LOOP('',(#2808,#2809,#2810,#2811));
#642=EDGE_LOOP('',(#2812));
#643=EDGE_LOOP('',(#2813,#2814,#2815,#2816));
#644=EDGE_LOOP('',(#2817));
#645=EDGE_LOOP('',(#2818,#2819,#2820,#2821));
#646=EDGE_LOOP('',(#2822,#2823,#2824,#2825));
#647=EDGE_LOOP('',(#2826,#2827,#2828,#2829));
#648=EDGE_LOOP('',(#2830,#2831,#2832,#2833));
#649=EDGE_LOOP('',(#2834,#2835,#2836,#2837));
#650=EDGE_LOOP('',(#2838,#2839,#2840,#2841));
#651=EDGE_LOOP('',(#2842,#2843,#2844,#2845,#2846,#2847,#2848,#2849,#2850,
#2851,#2852,#2853,#2854,#2855,#2856));
#652=EDGE_LOOP('',(#2857));
#653=EDGE_LOOP('',(#2858,#2859,#2860,#2861));
#654=EDGE_LOOP('',(#2862,#2863,#2864,#2865,#2866));
#655=EDGE_LOOP('',(#2867));
#656=EDGE_LOOP('',(#2868,#2869,#2870,#2871));
#657=EDGE_LOOP('',(#2872,#2873,#2874,#2875,#2876));
#658=EDGE_LOOP('',(#2877));
#659=EDGE_LOOP('',(#2878,#2879,#2880,#2881));
#660=EDGE_LOOP('',(#2882,#2883,#2884,#2885,#2886));
#661=LINE('',#3993,#1033);
#662=LINE('',#4000,#1034);
#663=LINE('',#4007,#1035);
#664=LINE('',#4014,#1036);
#665=LINE('',#4020,#1037);
#666=LINE('',#4022,#1038);
#667=LINE('',#4024,#1039);
#668=LINE('',#4025,#1040);
#669=LINE('',#4028,#1041);
#670=LINE('',#4030,#1042);
#671=LINE('',#4031,#1043);
#672=LINE('',#4034,#1044);
#673=LINE('',#4036,#1045);
#674=LINE('',#4037,#1046);
#675=LINE('',#4040,#1047);
#676=LINE('',#4042,#1048);
#677=LINE('',#4043,#1049);
#678=LINE('',#4046,#1050);
#679=LINE('',#4048,#1051);
#680=LINE('',#4049,#1052);
#681=LINE('',#4052,#1053);
#682=LINE('',#4054,#1054);
#683=LINE('',#4055,#1055);
#684=LINE('',#4057,#1056);
#685=LINE('',#4058,#1057);
#686=LINE('',#4064,#1058);
#687=LINE('',#4066,#1059);
#688=LINE('',#4068,#1060);
#689=LINE('',#4069,#1061);
#690=LINE('',#4072,#1062);
#691=LINE('',#4074,#1063);
#692=LINE('',#4075,#1064);
#693=LINE('',#4078,#1065);
#694=LINE('',#4080,#1066);
#695=LINE('',#4082,#1067);
#696=LINE('',#4083,#1068);
#697=LINE('',#4087,#1069);
#698=LINE('',#4089,#1070);
#699=LINE('',#4091,#1071);
#700=LINE('',#4092,#1072);
#701=LINE('',#4095,#1073);
#702=LINE('',#4097,#1074);
#703=LINE('',#4098,#1075);
#704=LINE('',#4101,#1076);
#705=LINE('',#4103,#1077);
#706=LINE('',#4105,#1078);
#707=LINE('',#4106,#1079);
#708=LINE('',#4110,#1080);
#709=LINE('',#4112,#1081);
#710=LINE('',#4114,#1082);
#711=LINE('',#4115,#1083);
#712=LINE('',#4118,#1084);
#713=LINE('',#4120,#1085);
#714=LINE('',#4121,#1086);
#715=LINE('',#4124,#1087);
#716=LINE('',#4126,#1088);
#717=LINE('',#4128,#1089);
#718=LINE('',#4129,#1090);
#719=LINE('',#4133,#1091);
#720=LINE('',#4135,#1092);
#721=LINE('',#4137,#1093);
#722=LINE('',#4138,#1094);
#723=LINE('',#4141,#1095);
#724=LINE('',#4143,#1096);
#725=LINE('',#4144,#1097);
#726=LINE('',#4147,#1098);
#727=LINE('',#4149,#1099);
#728=LINE('',#4151,#1100);
#729=LINE('',#4153,#1101);
#730=LINE('',#4155,#1102);
#731=LINE('',#4156,#1103);
#732=LINE('',#4160,#1104);
#733=LINE('',#4162,#1105);
#734=LINE('',#4164,#1106);
#735=LINE('',#4165,#1107);
#736=LINE('',#4168,#1108);
#737=LINE('',#4170,#1109);
#738=LINE('',#4171,#1110);
#739=LINE('',#4174,#1111);
#740=LINE('',#4176,#1112);
#741=LINE('',#4178,#1113);
#742=LINE('',#4180,#1114);
#743=LINE('',#4182,#1115);
#744=LINE('',#4183,#1116);
#745=LINE('',#4187,#1117);
#746=LINE('',#4189,#1118);
#747=LINE('',#4191,#1119);
#748=LINE('',#4192,#1120);
#749=LINE('',#4195,#1121);
#750=LINE('',#4197,#1122);
#751=LINE('',#4198,#1123);
#752=LINE('',#4201,#1124);
#753=LINE('',#4203,#1125);
#754=LINE('',#4205,#1126);
#755=LINE('',#4207,#1127);
#756=LINE('',#4209,#1128);
#757=LINE('',#4210,#1129);
#758=LINE('',#4214,#1130);
#759=LINE('',#4216,#1131);
#760=LINE('',#4218,#1132);
#761=LINE('',#4219,#1133);
#762=LINE('',#4222,#1134);
#763=LINE('',#4224,#1135);
#764=LINE('',#4225,#1136);
#765=LINE('',#4228,#1137);
#766=LINE('',#4230,#1138);
#767=LINE('',#4232,#1139);
#768=LINE('',#4234,#1140);
#769=LINE('',#4236,#1141);
#770=LINE('',#4237,#1142);
#771=LINE('',#4241,#1143);
#772=LINE('',#4243,#1144);
#773=LINE('',#4244,#1145);
#774=LINE('',#4245,#1146);
#775=LINE('',#4249,#1147);
#776=LINE('',#4251,#1148);
#777=LINE('',#4253,#1149);
#778=LINE('',#4255,#1150);
#779=LINE('',#4256,#1151);
#780=LINE('',#4257,#1152);
#781=LINE('',#4261,#1153);
#782=LINE('',#4263,#1154);
#783=LINE('',#4264,#1155);
#784=LINE('',#4265,#1156);
#785=LINE('',#4269,#1157);
#786=LINE('',#4271,#1158);
#787=LINE('',#4272,#1159);
#788=LINE('',#4273,#1160);
#789=LINE('',#4277,#1161);
#790=LINE('',#4279,#1162);
#791=LINE('',#4281,#1163);
#792=LINE('',#4283,#1164);
#793=LINE('',#4284,#1165);
#794=LINE('',#4285,#1166);
#795=LINE('',#4289,#1167);
#796=LINE('',#4291,#1168);
#797=LINE('',#4293,#1169);
#798=LINE('',#4295,#1170);
#799=LINE('',#4296,#1171);
#800=LINE('',#4297,#1172);
#801=LINE('',#4301,#1173);
#802=LINE('',#4303,#1174);
#803=LINE('',#4305,#1175);
#804=LINE('',#4307,#1176);
#805=LINE('',#4308,#1177);
#806=LINE('',#4309,#1178);
#807=LINE('',#4313,#1179);
#808=LINE('',#4315,#1180);
#809=LINE('',#4317,#1181);
#810=LINE('',#4318,#1182);
#811=LINE('',#4337,#1183);
#812=LINE('',#4339,#1184);
#813=LINE('',#4340,#1185);
#814=LINE('',#4345,#1186);
#815=LINE('',#4347,#1187);
#816=LINE('',#4349,#1188);
#817=LINE('',#4350,#1189);
#818=LINE('',#4353,#1190);
#819=LINE('',#4355,#1191);
#820=LINE('',#4356,#1192);
#821=LINE('',#4379,#1193);
#822=LINE('',#4381,#1194);
#823=LINE('',#4383,#1195);
#824=LINE('',#4384,#1196);
#825=LINE('',#4403,#1197);
#826=LINE('',#4405,#1198);
#827=LINE('',#4406,#1199);
#828=LINE('',#4411,#1200);
#829=LINE('',#4413,#1201);
#830=LINE('',#4415,#1202);
#831=LINE('',#4416,#1203);
#832=LINE('',#4419,#1204);
#833=LINE('',#4421,#1205);
#834=LINE('',#4422,#1206);
#835=LINE('',#4443,#1207);
#836=LINE('',#4445,#1208);
#837=LINE('',#4447,#1209);
#838=LINE('',#4448,#1210);
#839=LINE('',#4467,#1211);
#840=LINE('',#4469,#1212);
#841=LINE('',#4470,#1213);
#842=LINE('',#4475,#1214);
#843=LINE('',#4477,#1215);
#844=LINE('',#4479,#1216);
#845=LINE('',#4480,#1217);
#846=LINE('',#4483,#1218);
#847=LINE('',#4485,#1219);
#848=LINE('',#4486,#1220);
#849=LINE('',#4507,#1221);
#850=LINE('',#4509,#1222);
#851=LINE('',#4511,#1223);
#852=LINE('',#4512,#1224);
#853=LINE('',#4531,#1225);
#854=LINE('',#4533,#1226);
#855=LINE('',#4534,#1227);
#856=LINE('',#4539,#1228);
#857=LINE('',#4541,#1229);
#858=LINE('',#4543,#1230);
#859=LINE('',#4544,#1231);
#860=LINE('',#4547,#1232);
#861=LINE('',#4549,#1233);
#862=LINE('',#4550,#1234);
#863=LINE('',#4570,#1235);
#864=LINE('',#4571,#1236);
#865=LINE('',#4573,#1237);
#866=LINE('',#4574,#1238);
#867=LINE('',#4577,#1239);
#868=LINE('',#4578,#1240);
#869=LINE('',#4581,#1241);
#870=LINE('',#4582,#1242);
#871=LINE('',#4584,#1243);
#872=LINE('',#4585,#1244);
#873=LINE('',#4588,#1245);
#874=LINE('',#4589,#1246);
#875=LINE('',#4592,#1247);
#876=LINE('',#4593,#1248);
#877=LINE('',#4595,#1249);
#878=LINE('',#4597,#1250);
#879=LINE('',#4598,#1251);
#880=LINE('',#4601,#1252);
#881=LINE('',#4602,#1253);
#882=LINE('',#4604,#1254);
#883=LINE('',#4606,#1255);
#884=LINE('',#4607,#1256);
#885=LINE('',#4610,#1257);
#886=LINE('',#4611,#1258);
#887=LINE('',#4613,#1259);
#888=LINE('',#4615,#1260);
#889=LINE('',#4616,#1261);
#890=LINE('',#4619,#1262);
#891=LINE('',#4620,#1263);
#892=LINE('',#4622,#1264);
#893=LINE('',#4624,#1265);
#894=LINE('',#4625,#1266);
#895=LINE('',#4628,#1267);
#896=LINE('',#4629,#1268);
#897=LINE('',#4631,#1269);
#898=LINE('',#4633,#1270);
#899=LINE('',#4634,#1271);
#900=LINE('',#4637,#1272);
#901=LINE('',#4638,#1273);
#902=LINE('',#4641,#1274);
#903=LINE('',#4642,#1275);
#904=LINE('',#4645,#1276);
#905=LINE('',#4646,#1277);
#906=LINE('',#4649,#1278);
#907=LINE('',#4650,#1279);
#908=LINE('',#4653,#1280);
#909=LINE('',#4654,#1281);
#910=LINE('',#4656,#1282);
#911=LINE('',#4659,#1283);
#912=LINE('',#4660,#1284);
#913=LINE('',#4663,#1285);
#914=LINE('',#4664,#1286);
#915=LINE('',#4666,#1287);
#916=LINE('',#4668,#1288);
#917=LINE('',#4670,#1289);
#918=LINE('',#4672,#1290);
#919=LINE('',#4674,#1291);
#920=LINE('',#4676,#1292);
#921=LINE('',#4680,#1293);
#922=LINE('',#4681,#1294);
#923=LINE('',#4682,#1295);
#924=LINE('',#4685,#1296);
#925=LINE('',#4686,#1297);
#926=LINE('',#4689,#1298);
#927=LINE('',#4690,#1299);
#928=LINE('',#4691,#1300);
#929=LINE('',#4693,#1301);
#930=LINE('',#4698,#1302);
#931=LINE('',#4699,#1303);
#932=LINE('',#4700,#1304);
#933=LINE('',#4703,#1305);
#934=LINE('',#4704,#1306);
#935=LINE('',#4707,#1307);
#936=LINE('',#4708,#1308);
#937=LINE('',#4709,#1309);
#938=LINE('',#4711,#1310);
#939=LINE('',#4716,#1311);
#940=LINE('',#4717,#1312);
#941=LINE('',#4718,#1313);
#942=LINE('',#4721,#1314);
#943=LINE('',#4722,#1315);
#944=LINE('',#4725,#1316);
#945=LINE('',#4726,#1317);
#946=LINE('',#4727,#1318);
#947=LINE('',#4729,#1319);
#948=LINE('',#4734,#1320);
#949=LINE('',#4735,#1321);
#950=LINE('',#4736,#1322);
#951=LINE('',#4739,#1323);
#952=LINE('',#4740,#1324);
#953=LINE('',#4743,#1325);
#954=LINE('',#4744,#1326);
#955=LINE('',#4745,#1327);
#956=LINE('',#4747,#1328);
#957=LINE('',#4752,#1329);
#958=LINE('',#4753,#1330);
#959=LINE('',#4754,#1331);
#960=LINE('',#4757,#1332);
#961=LINE('',#4758,#1333);
#962=LINE('',#4761,#1334);
#963=LINE('',#4762,#1335);
#964=LINE('',#4763,#1336);
#965=LINE('',#4765,#1337);
#966=LINE('',#4770,#1338);
#967=LINE('',#4771,#1339);
#968=LINE('',#4772,#1340);
#969=LINE('',#4775,#1341);
#970=LINE('',#4776,#1342);
#971=LINE('',#4779,#1343);
#972=LINE('',#4780,#1344);
#973=LINE('',#4781,#1345);
#974=LINE('',#4783,#1346);
#975=LINE('',#4788,#1347);
#976=LINE('',#4789,#1348);
#977=LINE('',#4790,#1349);
#978=LINE('',#4793,#1350);
#979=LINE('',#4794,#1351);
#980=LINE('',#4797,#1352);
#981=LINE('',#4798,#1353);
#982=LINE('',#4799,#1354);
#983=LINE('',#4801,#1355);
#984=LINE('',#4806,#1356);
#985=LINE('',#4808,#1357);
#986=LINE('',#4810,#1358);
#987=LINE('',#4811,#1359);
#988=LINE('',#4813,#1360);
#989=LINE('',#4815,#1361);
#990=LINE('',#4817,#1362);
#991=LINE('',#4818,#1363);
#992=LINE('',#4821,#1364);
#993=LINE('',#4822,#1365);
#994=LINE('',#4825,#1366);
#995=LINE('',#4826,#1367);
#996=LINE('',#4830,#1368);
#997=LINE('',#4832,#1369);
#998=LINE('',#4833,#1370);
#999=LINE('',#4835,#1371);
#1000=LINE('',#4836,#1372);
#1001=LINE('',#4839,#1373);
#1002=LINE('',#4841,#1374);
#1003=LINE('',#4842,#1375);
#1004=LINE('',#4843,#1376);
#1005=LINE('',#4844,#1377);
#1006=LINE('',#4845,#1378);
#1007=LINE('',#4846,#1379);
#1008=LINE('',#4847,#1380);
#1009=LINE('',#4848,#1381);
#1010=LINE('',#4849,#1382);
#1011=LINE('',#4851,#1383);
#1012=LINE('',#4853,#1384);
#1013=LINE('',#4854,#1385);
#1014=LINE('',#4857,#1386);
#1015=LINE('',#4861,#1387);
#1016=LINE('',#4865,#1388);
#1017=LINE('',#4867,#1389);
#1018=LINE('',#4868,#1390);
#1019=LINE('',#4876,#1391);
#1020=LINE('',#4883,#1392);
#1021=LINE('',#4889,#1393);
#1022=LINE('',#4895,#1394);
#1023=LINE('',#4899,#1395);
#1024=LINE('',#4901,#1396);
#1025=LINE('',#4905,#1397);
#1026=LINE('',#4906,#1398);
#1027=LINE('',#4909,#1399);
#1028=LINE('',#4910,#1400);
#1029=LINE('',#4912,#1401);
#1030=LINE('',#4915,#1402);
#1031=LINE('',#4918,#1403);
#1032=LINE('',#4921,#1404);
#1033=VECTOR('',#3264,0.999999999999996);
#1034=VECTOR('',#3273,0.999999999999996);
#1035=VECTOR('',#3282,0.999999999999996);
#1036=VECTOR('',#3291,0.999999999999996);
#1037=VECTOR('',#3298,10.);
#1038=VECTOR('',#3299,10.);
#1039=VECTOR('',#3300,10.);
#1040=VECTOR('',#3301,10.);
#1041=VECTOR('',#3304,10.);
#1042=VECTOR('',#3305,10.);
#1043=VECTOR('',#3306,10.);
#1044=VECTOR('',#3309,10.);
#1045=VECTOR('',#3310,10.);
#1046=VECTOR('',#3311,10.);
#1047=VECTOR('',#3314,10.);
#1048=VECTOR('',#3315,10.);
#1049=VECTOR('',#3316,10.);
#1050=VECTOR('',#3319,10.);
#1051=VECTOR('',#3320,10.);
#1052=VECTOR('',#3321,10.);
#1053=VECTOR('',#3324,10.);
#1054=VECTOR('',#3325,10.);
#1055=VECTOR('',#3326,10.);
#1056=VECTOR('',#3329,10.);
#1057=VECTOR('',#3330,10.);
#1058=VECTOR('',#3337,10.);
#1059=VECTOR('',#3338,10.);
#1060=VECTOR('',#3339,10.);
#1061=VECTOR('',#3340,10.);
#1062=VECTOR('',#3343,10.);
#1063=VECTOR('',#3344,10.);
#1064=VECTOR('',#3345,10.);
#1065=VECTOR('',#3348,10.);
#1066=VECTOR('',#3349,10.);
#1067=VECTOR('',#3350,10.);
#1068=VECTOR('',#3351,10.);
#1069=VECTOR('',#3354,10.);
#1070=VECTOR('',#3355,10.);
#1071=VECTOR('',#3356,10.);
#1072=VECTOR('',#3357,10.);
#1073=VECTOR('',#3360,10.);
#1074=VECTOR('',#3361,10.);
#1075=VECTOR('',#3362,10.);
#1076=VECTOR('',#3365,10.);
#1077=VECTOR('',#3366,10.);
#1078=VECTOR('',#3367,10.);
#1079=VECTOR('',#3368,10.);
#1080=VECTOR('',#3371,10.);
#1081=VECTOR('',#3372,10.);
#1082=VECTOR('',#3373,10.);
#1083=VECTOR('',#3374,10.);
#1084=VECTOR('',#3377,10.);
#1085=VECTOR('',#3378,10.);
#1086=VECTOR('',#3379,10.);
#1087=VECTOR('',#3382,10.);
#1088=VECTOR('',#3383,10.);
#1089=VECTOR('',#3384,10.);
#1090=VECTOR('',#3385,10.);
#1091=VECTOR('',#3388,10.);
#1092=VECTOR('',#3389,10.);
#1093=VECTOR('',#3390,10.);
#1094=VECTOR('',#3391,10.);
#1095=VECTOR('',#3394,10.);
#1096=VECTOR('',#3395,10.);
#1097=VECTOR('',#3396,10.);
#1098=VECTOR('',#3399,10.);
#1099=VECTOR('',#3400,10.);
#1100=VECTOR('',#3401,10.);
#1101=VECTOR('',#3402,10.);
#1102=VECTOR('',#3403,10.);
#1103=VECTOR('',#3404,10.);
#1104=VECTOR('',#3407,10.);
#1105=VECTOR('',#3408,10.);
#1106=VECTOR('',#3409,10.);
#1107=VECTOR('',#3410,10.);
#1108=VECTOR('',#3413,10.);
#1109=VECTOR('',#3414,10.);
#1110=VECTOR('',#3415,10.);
#1111=VECTOR('',#3418,10.);
#1112=VECTOR('',#3419,10.);
#1113=VECTOR('',#3420,10.);
#1114=VECTOR('',#3421,10.);
#1115=VECTOR('',#3422,10.);
#1116=VECTOR('',#3423,10.);
#1117=VECTOR('',#3426,10.);
#1118=VECTOR('',#3427,10.);
#1119=VECTOR('',#3428,10.);
#1120=VECTOR('',#3429,10.);
#1121=VECTOR('',#3432,10.);
#1122=VECTOR('',#3433,10.);
#1123=VECTOR('',#3434,10.);
#1124=VECTOR('',#3437,10.);
#1125=VECTOR('',#3438,10.);
#1126=VECTOR('',#3439,10.);
#1127=VECTOR('',#3440,10.);
#1128=VECTOR('',#3441,10.);
#1129=VECTOR('',#3442,10.);
#1130=VECTOR('',#3445,10.);
#1131=VECTOR('',#3446,10.);
#1132=VECTOR('',#3447,10.);
#1133=VECTOR('',#3448,10.);
#1134=VECTOR('',#3451,10.);
#1135=VECTOR('',#3452,10.);
#1136=VECTOR('',#3453,10.);
#1137=VECTOR('',#3456,10.);
#1138=VECTOR('',#3457,10.);
#1139=VECTOR('',#3458,10.);
#1140=VECTOR('',#3459,10.);
#1141=VECTOR('',#3460,10.);
#1142=VECTOR('',#3461,10.);
#1143=VECTOR('',#3464,10.);
#1144=VECTOR('',#3465,10.);
#1145=VECTOR('',#3466,10.);
#1146=VECTOR('',#3467,10.);
#1147=VECTOR('',#3470,10.);
#1148=VECTOR('',#3471,10.);
#1149=VECTOR('',#3472,10.);
#1150=VECTOR('',#3473,10.);
#1151=VECTOR('',#3474,10.);
#1152=VECTOR('',#3475,10.);
#1153=VECTOR('',#3478,10.);
#1154=VECTOR('',#3479,10.);
#1155=VECTOR('',#3480,10.);
#1156=VECTOR('',#3481,10.);
#1157=VECTOR('',#3484,10.);
#1158=VECTOR('',#3485,10.);
#1159=VECTOR('',#3486,10.);
#1160=VECTOR('',#3487,10.);
#1161=VECTOR('',#3490,10.);
#1162=VECTOR('',#3491,10.);
#1163=VECTOR('',#3492,10.);
#1164=VECTOR('',#3493,10.);
#1165=VECTOR('',#3494,10.);
#1166=VECTOR('',#3495,10.);
#1167=VECTOR('',#3498,10.);
#1168=VECTOR('',#3499,10.);
#1169=VECTOR('',#3500,10.);
#1170=VECTOR('',#3501,10.);
#1171=VECTOR('',#3502,10.);
#1172=VECTOR('',#3503,10.);
#1173=VECTOR('',#3506,10.);
#1174=VECTOR('',#3507,10.);
#1175=VECTOR('',#3508,10.);
#1176=VECTOR('',#3509,10.);
#1177=VECTOR('',#3510,10.);
#1178=VECTOR('',#3511,10.);
#1179=VECTOR('',#3514,10.);
#1180=VECTOR('',#3515,10.);
#1181=VECTOR('',#3516,10.);
#1182=VECTOR('',#3517,10.);
#1183=VECTOR('',#3518,10.);
#1184=VECTOR('',#3521,10.);
#1185=VECTOR('',#3522,10.);
#1186=VECTOR('',#3527,10.);
#1187=VECTOR('',#3528,10.);
#1188=VECTOR('',#3529,10.);
#1189=VECTOR('',#3530,10.);
#1190=VECTOR('',#3533,10.);
#1191=VECTOR('',#3534,10.);
#1192=VECTOR('',#3535,10.);
#1193=VECTOR('',#3540,10.);
#1194=VECTOR('',#3541,10.);
#1195=VECTOR('',#3542,10.);
#1196=VECTOR('',#3543,10.);
#1197=VECTOR('',#3544,10.);
#1198=VECTOR('',#3547,10.);
#1199=VECTOR('',#3548,10.);
#1200=VECTOR('',#3553,10.);
#1201=VECTOR('',#3554,10.);
#1202=VECTOR('',#3555,10.);
#1203=VECTOR('',#3556,10.);
#1204=VECTOR('',#3559,10.);
#1205=VECTOR('',#3560,10.);
#1206=VECTOR('',#3561,10.);
#1207=VECTOR('',#3566,10.);
#1208=VECTOR('',#3567,10.);
#1209=VECTOR('',#3568,10.);
#1210=VECTOR('',#3569,10.);
#1211=VECTOR('',#3570,10.);
#1212=VECTOR('',#3573,10.);
#1213=VECTOR('',#3574,10.);
#1214=VECTOR('',#3579,10.);
#1215=VECTOR('',#3580,10.);
#1216=VECTOR('',#3581,10.);
#1217=VECTOR('',#3582,10.);
#1218=VECTOR('',#3585,10.);
#1219=VECTOR('',#3586,10.);
#1220=VECTOR('',#3587,10.);
#1221=VECTOR('',#3592,10.);
#1222=VECTOR('',#3593,10.);
#1223=VECTOR('',#3594,10.);
#1224=VECTOR('',#3595,10.);
#1225=VECTOR('',#3596,10.);
#1226=VECTOR('',#3599,10.);
#1227=VECTOR('',#3600,10.);
#1228=VECTOR('',#3605,10.);
#1229=VECTOR('',#3606,10.);
#1230=VECTOR('',#3607,10.);
#1231=VECTOR('',#3608,10.);
#1232=VECTOR('',#3611,10.);
#1233=VECTOR('',#3612,10.);
#1234=VECTOR('',#3613,10.);
#1235=VECTOR('',#3618,10.);
#1236=VECTOR('',#3619,10.);
#1237=VECTOR('',#3620,10.);
#1238=VECTOR('',#3621,10.);
#1239=VECTOR('',#3624,10.);
#1240=VECTOR('',#3625,10.);
#1241=VECTOR('',#3628,10.);
#1242=VECTOR('',#3629,10.);
#1243=VECTOR('',#3630,10.);
#1244=VECTOR('',#3631,10.);
#1245=VECTOR('',#3634,10.);
#1246=VECTOR('',#3635,10.);
#1247=VECTOR('',#3638,10.);
#1248=VECTOR('',#3639,10.);
#1249=VECTOR('',#3640,10.);
#1250=VECTOR('',#3641,10.);
#1251=VECTOR('',#3642,10.);
#1252=VECTOR('',#3645,10.);
#1253=VECTOR('',#3646,10.);
#1254=VECTOR('',#3647,10.);
#1255=VECTOR('',#3648,10.);
#1256=VECTOR('',#3649,10.);
#1257=VECTOR('',#3652,10.);
#1258=VECTOR('',#3653,10.);
#1259=VECTOR('',#3654,10.);
#1260=VECTOR('',#3655,10.);
#1261=VECTOR('',#3656,10.);
#1262=VECTOR('',#3659,10.);
#1263=VECTOR('',#3660,10.);
#1264=VECTOR('',#3661,10.);
#1265=VECTOR('',#3662,10.);
#1266=VECTOR('',#3663,10.);
#1267=VECTOR('',#3666,10.);
#1268=VECTOR('',#3667,10.);
#1269=VECTOR('',#3668,10.);
#1270=VECTOR('',#3669,10.);
#1271=VECTOR('',#3670,10.);
#1272=VECTOR('',#3673,10.);
#1273=VECTOR('',#3674,10.);
#1274=VECTOR('',#3677,10.);
#1275=VECTOR('',#3678,10.);
#1276=VECTOR('',#3681,10.);
#1277=VECTOR('',#3682,10.);
#1278=VECTOR('',#3685,10.);
#1279=VECTOR('',#3686,10.);
#1280=VECTOR('',#3689,10.);
#1281=VECTOR('',#3690,10.);
#1282=VECTOR('',#3693,10.);
#1283=VECTOR('',#3696,10.);
#1284=VECTOR('',#3697,10.);
#1285=VECTOR('',#3700,10.);
#1286=VECTOR('',#3701,10.);
#1287=VECTOR('',#3704,10.);
#1288=VECTOR('',#3707,10.);
#1289=VECTOR('',#3710,10.);
#1290=VECTOR('',#3713,10.);
#1291=VECTOR('',#3716,10.);
#1292=VECTOR('',#3719,10.);
#1293=VECTOR('',#3722,10.);
#1294=VECTOR('',#3723,10.);
#1295=VECTOR('',#3724,10.);
#1296=VECTOR('',#3727,10.);
#1297=VECTOR('',#3728,10.);
#1298=VECTOR('',#3731,10.);
#1299=VECTOR('',#3732,10.);
#1300=VECTOR('',#3733,10.);
#1301=VECTOR('',#3736,10.);
#1302=VECTOR('',#3741,10.);
#1303=VECTOR('',#3742,10.);
#1304=VECTOR('',#3743,10.);
#1305=VECTOR('',#3746,10.);
#1306=VECTOR('',#3747,10.);
#1307=VECTOR('',#3750,10.);
#1308=VECTOR('',#3751,10.);
#1309=VECTOR('',#3752,10.);
#1310=VECTOR('',#3755,10.);
#1311=VECTOR('',#3760,10.);
#1312=VECTOR('',#3761,10.);
#1313=VECTOR('',#3762,10.);
#1314=VECTOR('',#3765,10.);
#1315=VECTOR('',#3766,10.);
#1316=VECTOR('',#3769,10.);
#1317=VECTOR('',#3770,10.);
#1318=VECTOR('',#3771,10.);
#1319=VECTOR('',#3774,10.);
#1320=VECTOR('',#3779,10.);
#1321=VECTOR('',#3780,10.);
#1322=VECTOR('',#3781,10.);
#1323=VECTOR('',#3784,10.);
#1324=VECTOR('',#3785,10.);
#1325=VECTOR('',#3788,10.);
#1326=VECTOR('',#3789,10.);
#1327=VECTOR('',#3790,10.);
#1328=VECTOR('',#3793,10.);
#1329=VECTOR('',#3798,10.);
#1330=VECTOR('',#3799,10.);
#1331=VECTOR('',#3800,10.);
#1332=VECTOR('',#3803,10.);
#1333=VECTOR('',#3804,10.);
#1334=VECTOR('',#3807,10.);
#1335=VECTOR('',#3808,10.);
#1336=VECTOR('',#3809,10.);
#1337=VECTOR('',#3812,10.);
#1338=VECTOR('',#3817,10.);
#1339=VECTOR('',#3818,10.);
#1340=VECTOR('',#3819,10.);
#1341=VECTOR('',#3822,10.);
#1342=VECTOR('',#3823,10.);
#1343=VECTOR('',#3826,10.);
#1344=VECTOR('',#3827,10.);
#1345=VECTOR('',#3828,10.);
#1346=VECTOR('',#3831,10.);
#1347=VECTOR('',#3836,10.);
#1348=VECTOR('',#3837,10.);
#1349=VECTOR('',#3838,10.);
#1350=VECTOR('',#3841,10.);
#1351=VECTOR('',#3842,10.);
#1352=VECTOR('',#3845,10.);
#1353=VECTOR('',#3846,10.);
#1354=VECTOR('',#3847,10.);
#1355=VECTOR('',#3850,10.);
#1356=VECTOR('',#3855,10.);
#1357=VECTOR('',#3856,10.);
#1358=VECTOR('',#3857,10.);
#1359=VECTOR('',#3858,10.);
#1360=VECTOR('',#3861,10.);
#1361=VECTOR('',#3862,10.);
#1362=VECTOR('',#3863,10.);
#1363=VECTOR('',#3864,10.);
#1364=VECTOR('',#3867,10.);
#1365=VECTOR('',#3868,10.);
#1366=VECTOR('',#3871,10.);
#1367=VECTOR('',#3872,10.);
#1368=VECTOR('',#3875,10.);
#1369=VECTOR('',#3876,10.);
#1370=VECTOR('',#3877,10.);
#1371=VECTOR('',#3878,10.);
#1372=VECTOR('',#3879,10.);
#1373=VECTOR('',#3882,10.);
#1374=VECTOR('',#3883,10.);
#1375=VECTOR('',#3884,10.);
#1376=VECTOR('',#3885,10.);
#1377=VECTOR('',#3886,10.);
#1378=VECTOR('',#3887,10.);
#1379=VECTOR('',#3888,10.);
#1380=VECTOR('',#3889,10.);
#1381=VECTOR('',#3890,10.);
#1382=VECTOR('',#3891,10.);
#1383=VECTOR('',#3892,10.);
#1384=VECTOR('',#3893,10.);
#1385=VECTOR('',#3894,10.);
#1386=VECTOR('',#3899,10.);
#1387=VECTOR('',#3906,10.);
#1388=VECTOR('',#3911,10.);
#1389=VECTOR('',#3912,10.);
#1390=VECTOR('',#3913,10.);
#1391=VECTOR('',#3922,0.999999999999997);
#1392=VECTOR('',#3931,0.999999999999997);
#1393=VECTOR('',#3940,0.999999999999997);
#1394=VECTOR('',#3947,0.999999999999997);
#1395=VECTOR('',#3954,10.);
#1396=VECTOR('',#3957,10.);
#1397=VECTOR('',#3962,10.);
#1398=VECTOR('',#3963,10.);
#1399=VECTOR('',#3966,10.);
#1400=VECTOR('',#3967,10.);
#1401=VECTOR('',#3970,10.);
#1402=VECTOR('',#3975,10.);
#1403=VECTOR('',#3980,10.);
#1404=VECTOR('',#3985,10.);
#1405=CIRCLE('',#3081,0.999999999999996);
#1406=CIRCLE('',#3082,0.999999999999996);
#1407=CIRCLE('',#3085,0.999999999999996);
#1408=CIRCLE('',#3086,0.999999999999996);
#1409=CIRCLE('',#3089,0.999999999999996);
#1410=CIRCLE('',#3090,0.999999999999996);
#1411=CIRCLE('',#3093,0.999999999999996);
#1412=CIRCLE('',#3094,0.999999999999996);
#1413=CIRCLE('',#3228,0.999999999999996);
#1414=CIRCLE('',#3231,0.999999999999996);
#1415=CIRCLE('',#3232,0.999999999999996);
#1416=CIRCLE('',#3235,0.999999999999996);
#1417=CIRCLE('',#3236,0.999999999999996);
#1418=CIRCLE('',#3239,0.999999999999996);
#1419=CIRCLE('',#3242,0.999999999999996);
#1420=CIRCLE('',#3243,0.999999999999996);
#1421=VERTEX_POINT('',#3990);
#1422=VERTEX_POINT('',#3992);
#1423=VERTEX_POINT('',#3997);
#1424=VERTEX_POINT('',#3999);
#1425=VERTEX_POINT('',#4004);
#1426=VERTEX_POINT('',#4006);
#1427=VERTEX_POINT('',#4011);
#1428=VERTEX_POINT('',#4013);
#1429=VERTEX_POINT('',#4018);
#1430=VERTEX_POINT('',#4019);
#1431=VERTEX_POINT('',#4021);
#1432=VERTEX_POINT('',#4023);
#1433=VERTEX_POINT('',#4027);
#1434=VERTEX_POINT('',#4029);
#1435=VERTEX_POINT('',#4033);
#1436=VERTEX_POINT('',#4035);
#1437=VERTEX_POINT('',#4039);
#1438=VERTEX_POINT('',#4041);
#1439=VERTEX_POINT('',#4045);
#1440=VERTEX_POINT('',#4047);
#1441=VERTEX_POINT('',#4051);
#1442=VERTEX_POINT('',#4053);
#1443=VERTEX_POINT('',#4062);
#1444=VERTEX_POINT('',#4063);
#1445=VERTEX_POINT('',#4065);
#1446=VERTEX_POINT('',#4067);
#1447=VERTEX_POINT('',#4071);
#1448=VERTEX_POINT('',#4073);
#1449=VERTEX_POINT('',#4077);
#1450=VERTEX_POINT('',#4079);
#1451=VERTEX_POINT('',#4081);
#1452=VERTEX_POINT('',#4085);
#1453=VERTEX_POINT('',#4086);
#1454=VERTEX_POINT('',#4088);
#1455=VERTEX_POINT('',#4090);
#1456=VERTEX_POINT('',#4094);
#1457=VERTEX_POINT('',#4096);
#1458=VERTEX_POINT('',#4100);
#1459=VERTEX_POINT('',#4102);
#1460=VERTEX_POINT('',#4104);
#1461=VERTEX_POINT('',#4108);
#1462=VERTEX_POINT('',#4109);
#1463=VERTEX_POINT('',#4111);
#1464=VERTEX_POINT('',#4113);
#1465=VERTEX_POINT('',#4117);
#1466=VERTEX_POINT('',#4119);
#1467=VERTEX_POINT('',#4123);
#1468=VERTEX_POINT('',#4125);
#1469=VERTEX_POINT('',#4127);
#1470=VERTEX_POINT('',#4131);
#1471=VERTEX_POINT('',#4132);
#1472=VERTEX_POINT('',#4134);
#1473=VERTEX_POINT('',#4136);
#1474=VERTEX_POINT('',#4140);
#1475=VERTEX_POINT('',#4142);
#1476=VERTEX_POINT('',#4146);
#1477=VERTEX_POINT('',#4148);
#1478=VERTEX_POINT('',#4150);
#1479=VERTEX_POINT('',#4152);
#1480=VERTEX_POINT('',#4154);
#1481=VERTEX_POINT('',#4158);
#1482=VERTEX_POINT('',#4159);
#1483=VERTEX_POINT('',#4161);
#1484=VERTEX_POINT('',#4163);
#1485=VERTEX_POINT('',#4167);
#1486=VERTEX_POINT('',#4169);
#1487=VERTEX_POINT('',#4173);
#1488=VERTEX_POINT('',#4175);
#1489=VERTEX_POINT('',#4177);
#1490=VERTEX_POINT('',#4179);
#1491=VERTEX_POINT('',#4181);
#1492=VERTEX_POINT('',#4185);
#1493=VERTEX_POINT('',#4186);
#1494=VERTEX_POINT('',#4188);
#1495=VERTEX_POINT('',#4190);
#1496=VERTEX_POINT('',#4194);
#1497=VERTEX_POINT('',#4196);
#1498=VERTEX_POINT('',#4200);
#1499=VERTEX_POINT('',#4202);
#1500=VERTEX_POINT('',#4204);
#1501=VERTEX_POINT('',#4206);
#1502=VERTEX_POINT('',#4208);
#1503=VERTEX_POINT('',#4212);
#1504=VERTEX_POINT('',#4213);
#1505=VERTEX_POINT('',#4215);
#1506=VERTEX_POINT('',#4217);
#1507=VERTEX_POINT('',#4221);
#1508=VERTEX_POINT('',#4223);
#1509=VERTEX_POINT('',#4227);
#1510=VERTEX_POINT('',#4229);
#1511=VERTEX_POINT('',#4231);
#1512=VERTEX_POINT('',#4233);
#1513=VERTEX_POINT('',#4235);
#1514=VERTEX_POINT('',#4239);
#1515=VERTEX_POINT('',#4240);
#1516=VERTEX_POINT('',#4242);
#1517=VERTEX_POINT('',#4247);
#1518=VERTEX_POINT('',#4248);
#1519=VERTEX_POINT('',#4250);
#1520=VERTEX_POINT('',#4252);
#1521=VERTEX_POINT('',#4254);
#1522=VERTEX_POINT('',#4259);
#1523=VERTEX_POINT('',#4260);
#1524=VERTEX_POINT('',#4262);
#1525=VERTEX_POINT('',#4267);
#1526=VERTEX_POINT('',#4268);
#1527=VERTEX_POINT('',#4270);
#1528=VERTEX_POINT('',#4275);
#1529=VERTEX_POINT('',#4276);
#1530=VERTEX_POINT('',#4278);
#1531=VERTEX_POINT('',#4280);
#1532=VERTEX_POINT('',#4282);
#1533=VERTEX_POINT('',#4287);
#1534=VERTEX_POINT('',#4288);
#1535=VERTEX_POINT('',#4290);
#1536=VERTEX_POINT('',#4292);
#1537=VERTEX_POINT('',#4294);
#1538=VERTEX_POINT('',#4299);
#1539=VERTEX_POINT('',#4300);
#1540=VERTEX_POINT('',#4302);
#1541=VERTEX_POINT('',#4304);
#1542=VERTEX_POINT('',#4306);
#1543=VERTEX_POINT('',#4311);
#1544=VERTEX_POINT('',#4312);
#1545=VERTEX_POINT('',#4314);
#1546=VERTEX_POINT('',#4316);
#1547=VERTEX_POINT('',#4327);
#1548=VERTEX_POINT('',#4332);
#1549=VERTEX_POINT('',#4343);
#1550=VERTEX_POINT('',#4344);
#1551=VERTEX_POINT('',#4346);
#1552=VERTEX_POINT('',#4348);
#1553=VERTEX_POINT('',#4352);
#1554=VERTEX_POINT('',#4354);
#1555=VERTEX_POINT('',#4377);
#1556=VERTEX_POINT('',#4378);
#1557=VERTEX_POINT('',#4380);
#1558=VERTEX_POINT('',#4382);
#1559=VERTEX_POINT('',#4393);
#1560=VERTEX_POINT('',#4398);
#1561=VERTEX_POINT('',#4409);
#1562=VERTEX_POINT('',#4410);
#1563=VERTEX_POINT('',#4412);
#1564=VERTEX_POINT('',#4414);
#1565=VERTEX_POINT('',#4418);
#1566=VERTEX_POINT('',#4420);
#1567=VERTEX_POINT('',#4441);
#1568=VERTEX_POINT('',#4442);
#1569=VERTEX_POINT('',#4444);
#1570=VERTEX_POINT('',#4446);
#1571=VERTEX_POINT('',#4457);
#1572=VERTEX_POINT('',#4462);
#1573=VERTEX_POINT('',#4473);
#1574=VERTEX_POINT('',#4474);
#1575=VERTEX_POINT('',#4476);
#1576=VERTEX_POINT('',#4478);
#1577=VERTEX_POINT('',#4482);
#1578=VERTEX_POINT('',#4484);
#1579=VERTEX_POINT('',#4505);
#1580=VERTEX_POINT('',#4506);
#1581=VERTEX_POINT('',#4508);
#1582=VERTEX_POINT('',#4510);
#1583=VERTEX_POINT('',#4521);
#1584=VERTEX_POINT('',#4526);
#1585=VERTEX_POINT('',#4537);
#1586=VERTEX_POINT('',#4538);
#1587=VERTEX_POINT('',#4540);
#1588=VERTEX_POINT('',#4542);
#1589=VERTEX_POINT('',#4546);
#1590=VERTEX_POINT('',#4548);
#1591=VERTEX_POINT('',#4569);
#1592=VERTEX_POINT('',#4572);
#1593=VERTEX_POINT('',#4576);
#1594=VERTEX_POINT('',#4580);
#1595=VERTEX_POINT('',#4583);
#1596=VERTEX_POINT('',#4587);
#1597=VERTEX_POINT('',#4591);
#1598=VERTEX_POINT('',#4594);
#1599=VERTEX_POINT('',#4596);
#1600=VERTEX_POINT('',#4600);
#1601=VERTEX_POINT('',#4603);
#1602=VERTEX_POINT('',#4605);
#1603=VERTEX_POINT('',#4609);
#1604=VERTEX_POINT('',#4612);
#1605=VERTEX_POINT('',#4614);
#1606=VERTEX_POINT('',#4618);
#1607=VERTEX_POINT('',#4621);
#1608=VERTEX_POINT('',#4623);
#1609=VERTEX_POINT('',#4627);
#1610=VERTEX_POINT('',#4630);
#1611=VERTEX_POINT('',#4632);
#1612=VERTEX_POINT('',#4636);
#1613=VERTEX_POINT('',#4640);
#1614=VERTEX_POINT('',#4644);
#1615=VERTEX_POINT('',#4648);
#1616=VERTEX_POINT('',#4652);
#1617=VERTEX_POINT('',#4658);
#1618=VERTEX_POINT('',#4662);
#1619=VERTEX_POINT('',#4678);
#1620=VERTEX_POINT('',#4679);
#1621=VERTEX_POINT('',#4684);
#1622=VERTEX_POINT('',#4688);
#1623=VERTEX_POINT('',#4696);
#1624=VERTEX_POINT('',#4697);
#1625=VERTEX_POINT('',#4702);
#1626=VERTEX_POINT('',#4706);
#1627=VERTEX_POINT('',#4714);
#1628=VERTEX_POINT('',#4715);
#1629=VERTEX_POINT('',#4720);
#1630=VERTEX_POINT('',#4724);
#1631=VERTEX_POINT('',#4732);
#1632=VERTEX_POINT('',#4733);
#1633=VERTEX_POINT('',#4738);
#1634=VERTEX_POINT('',#4742);
#1635=VERTEX_POINT('',#4750);
#1636=VERTEX_POINT('',#4751);
#1637=VERTEX_POINT('',#4756);
#1638=VERTEX_POINT('',#4760);
#1639=VERTEX_POINT('',#4768);
#1640=VERTEX_POINT('',#4769);
#1641=VERTEX_POINT('',#4774);
#1642=VERTEX_POINT('',#4778);
#1643=VERTEX_POINT('',#4786);
#1644=VERTEX_POINT('',#4787);
#1645=VERTEX_POINT('',#4792);
#1646=VERTEX_POINT('',#4796);
#1647=VERTEX_POINT('',#4804);
#1648=VERTEX_POINT('',#4805);
#1649=VERTEX_POINT('',#4807);
#1650=VERTEX_POINT('',#4809);
#1651=VERTEX_POINT('',#4814);
#1652=VERTEX_POINT('',#4816);
#1653=VERTEX_POINT('',#4820);
#1654=VERTEX_POINT('',#4824);
#1655=VERTEX_POINT('',#4828);
#1656=VERTEX_POINT('',#4829);
#1657=VERTEX_POINT('',#4831);
#1658=VERTEX_POINT('',#4834);
#1659=VERTEX_POINT('',#4838);
#1660=VERTEX_POINT('',#4840);
#1661=VERTEX_POINT('',#4850);
#1662=VERTEX_POINT('',#4852);
#1663=VERTEX_POINT('',#4864);
#1664=VERTEX_POINT('',#4866);
#1665=VERTEX_POINT('',#4869);
#1666=VERTEX_POINT('',#4873);
#1667=VERTEX_POINT('',#4875);
#1668=VERTEX_POINT('',#4880);
#1669=VERTEX_POINT('',#4882);
#1670=VERTEX_POINT('',#4887);
#1671=VERTEX_POINT('',#4892);
#1672=VERTEX_POINT('',#4894);
#1673=VERTEX_POINT('',#4904);
#1674=VERTEX_POINT('',#4908);
#1675=EDGE_CURVE('',#1421,#1421,#1405,.T.);
#1676=EDGE_CURVE('',#1421,#1422,#661,.T.);
#1677=EDGE_CURVE('',#1422,#1422,#1406,.T.);
#1678=EDGE_CURVE('',#1423,#1423,#1407,.T.);
#1679=EDGE_CURVE('',#1423,#1424,#662,.T.);
#1680=EDGE_CURVE('',#1424,#1424,#1408,.T.);
#1681=EDGE_CURVE('',#1425,#1425,#1409,.T.);
#1682=EDGE_CURVE('',#1425,#1426,#663,.T.);
#1683=EDGE_CURVE('',#1426,#1426,#1410,.T.);
#1684=EDGE_CURVE('',#1427,#1427,#1411,.T.);
#1685=EDGE_CURVE('',#1427,#1428,#664,.T.);
#1686=EDGE_CURVE('',#1428,#1428,#1412,.T.);
#1687=EDGE_CURVE('',#1429,#1430,#665,.T.);
#1688=EDGE_CURVE('',#1430,#1431,#666,.T.);
#1689=EDGE_CURVE('',#1432,#1431,#667,.T.);
#1690=EDGE_CURVE('',#1429,#1432,#668,.T.);
#1691=EDGE_CURVE('',#1433,#1429,#669,.T.);
#1692=EDGE_CURVE('',#1434,#1432,#670,.T.);
#1693=EDGE_CURVE('',#1433,#1434,#671,.T.);
#1694=EDGE_CURVE('',#1435,#1433,#672,.T.);
#1695=EDGE_CURVE('',#1436,#1434,#673,.T.);
#1696=EDGE_CURVE('',#1435,#1436,#674,.T.);
#1697=EDGE_CURVE('',#1437,#1435,#675,.T.);
#1698=EDGE_CURVE('',#1438,#1436,#676,.T.);
#1699=EDGE_CURVE('',#1437,#1438,#677,.T.);
#1700=EDGE_CURVE('',#1439,#1437,#678,.T.);
#1701=EDGE_CURVE('',#1440,#1438,#679,.T.);
#1702=EDGE_CURVE('',#1439,#1440,#680,.T.);
#1703=EDGE_CURVE('',#1441,#1439,#681,.T.);
#1704=EDGE_CURVE('',#1442,#1440,#682,.T.);
#1705=EDGE_CURVE('',#1441,#1442,#683,.T.);
#1706=EDGE_CURVE('',#1430,#1441,#684,.T.);
#1707=EDGE_CURVE('',#1431,#1442,#685,.T.);
#1708=EDGE_CURVE('',#1443,#1444,#686,.T.);
#1709=EDGE_CURVE('',#1443,#1445,#687,.T.);
#1710=EDGE_CURVE('',#1446,#1445,#688,.T.);
#1711=EDGE_CURVE('',#1446,#1444,#689,.T.);
#1712=EDGE_CURVE('',#1447,#1443,#690,.T.);
#1713=EDGE_CURVE('',#1448,#1447,#691,.T.);
#1714=EDGE_CURVE('',#1448,#1445,#692,.T.);
#1715=EDGE_CURVE('',#1449,#1447,#693,.F.);
#1716=EDGE_CURVE('',#1444,#1450,#694,.T.);
#1717=EDGE_CURVE('',#1451,#1450,#695,.T.);
#1718=EDGE_CURVE('',#1449,#1451,#696,.T.);
#1719=EDGE_CURVE('',#1452,#1453,#697,.T.);
#1720=EDGE_CURVE('',#1452,#1454,#698,.T.);
#1721=EDGE_CURVE('',#1455,#1454,#699,.T.);
#1722=EDGE_CURVE('',#1455,#1453,#700,.T.);
#1723=EDGE_CURVE('',#1456,#1452,#701,.T.);
#1724=EDGE_CURVE('',#1457,#1456,#702,.T.);
#1725=EDGE_CURVE('',#1457,#1454,#703,.T.);
#1726=EDGE_CURVE('',#1458,#1456,#704,.F.);
#1727=EDGE_CURVE('',#1453,#1459,#705,.T.);
#1728=EDGE_CURVE('',#1460,#1459,#706,.T.);
#1729=EDGE_CURVE('',#1458,#1460,#707,.T.);
#1730=EDGE_CURVE('',#1461,#1462,#708,.T.);
#1731=EDGE_CURVE('',#1461,#1463,#709,.T.);
#1732=EDGE_CURVE('',#1464,#1463,#710,.T.);
#1733=EDGE_CURVE('',#1464,#1462,#711,.T.);
#1734=EDGE_CURVE('',#1465,#1461,#712,.T.);
#1735=EDGE_CURVE('',#1466,#1465,#713,.T.);
#1736=EDGE_CURVE('',#1466,#1463,#714,.T.);
#1737=EDGE_CURVE('',#1467,#1465,#715,.F.);
#1738=EDGE_CURVE('',#1462,#1468,#716,.T.);
#1739=EDGE_CURVE('',#1469,#1468,#717,.T.);
#1740=EDGE_CURVE('',#1467,#1469,#718,.T.);
#1741=EDGE_CURVE('',#1470,#1471,#719,.T.);
#1742=EDGE_CURVE('',#1470,#1472,#720,.T.);
#1743=EDGE_CURVE('',#1473,#1472,#721,.T.);
#1744=EDGE_CURVE('',#1473,#1471,#722,.T.);
#1745=EDGE_CURVE('',#1474,#1470,#723,.T.);
#1746=EDGE_CURVE('',#1475,#1474,#724,.T.);
#1747=EDGE_CURVE('',#1475,#1472,#725,.T.);
#1748=EDGE_CURVE('',#1476,#1474,#726,.F.);
#1749=EDGE_CURVE('',#1471,#1477,#727,.T.);
#1750=EDGE_CURVE('',#1478,#1477,#728,.T.);
#1751=EDGE_CURVE('',#1478,#1479,#729,.T.);
#1752=EDGE_CURVE('',#1480,#1479,#730,.T.);
#1753=EDGE_CURVE('',#1476,#1480,#731,.T.);
#1754=EDGE_CURVE('',#1481,#1482,#732,.T.);
#1755=EDGE_CURVE('',#1481,#1483,#733,.T.);
#1756=EDGE_CURVE('',#1484,#1483,#734,.T.);
#1757=EDGE_CURVE('',#1484,#1482,#735,.T.);
#1758=EDGE_CURVE('',#1485,#1481,#736,.T.);
#1759=EDGE_CURVE('',#1486,#1485,#737,.T.);
#1760=EDGE_CURVE('',#1486,#1483,#738,.T.);
#1761=EDGE_CURVE('',#1487,#1485,#739,.F.);
#1762=EDGE_CURVE('',#1482,#1488,#740,.T.);
#1763=EDGE_CURVE('',#1489,#1488,#741,.T.);
#1764=EDGE_CURVE('',#1489,#1490,#742,.T.);
#1765=EDGE_CURVE('',#1491,#1490,#743,.T.);
#1766=EDGE_CURVE('',#1487,#1491,#744,.T.);
#1767=EDGE_CURVE('',#1492,#1493,#745,.T.);
#1768=EDGE_CURVE('',#1492,#1494,#746,.T.);
#1769=EDGE_CURVE('',#1495,#1494,#747,.T.);
#1770=EDGE_CURVE('',#1495,#1493,#748,.T.);
#1771=EDGE_CURVE('',#1496,#1492,#749,.T.);
#1772=EDGE_CURVE('',#1497,#1496,#750,.T.);
#1773=EDGE_CURVE('',#1497,#1494,#751,.T.);
#1774=EDGE_CURVE('',#1498,#1496,#752,.F.);
#1775=EDGE_CURVE('',#1493,#1499,#753,.T.);
#1776=EDGE_CURVE('',#1500,#1499,#754,.T.);
#1777=EDGE_CURVE('',#1500,#1501,#755,.T.);
#1778=EDGE_CURVE('',#1502,#1501,#756,.T.);
#1779=EDGE_CURVE('',#1498,#1502,#757,.T.);
#1780=EDGE_CURVE('',#1503,#1504,#758,.T.);
#1781=EDGE_CURVE('',#1503,#1505,#759,.T.);
#1782=EDGE_CURVE('',#1506,#1505,#760,.T.);
#1783=EDGE_CURVE('',#1506,#1504,#761,.T.);
#1784=EDGE_CURVE('',#1507,#1503,#762,.T.);
#1785=EDGE_CURVE('',#1508,#1507,#763,.T.);
#1786=EDGE_CURVE('',#1508,#1505,#764,.T.);
#1787=EDGE_CURVE('',#1509,#1507,#765,.F.);
#1788=EDGE_CURVE('',#1504,#1510,#766,.T.);
#1789=EDGE_CURVE('',#1511,#1510,#767,.T.);
#1790=EDGE_CURVE('',#1511,#1512,#768,.T.);
#1791=EDGE_CURVE('',#1513,#1512,#769,.T.);
#1792=EDGE_CURVE('',#1509,#1513,#770,.T.);
#1793=EDGE_CURVE('',#1514,#1515,#771,.T.);
#1794=EDGE_CURVE('',#1516,#1514,#772,.T.);
#1795=EDGE_CURVE('',#1516,#1455,#773,.T.);
#1796=EDGE_CURVE('',#1515,#1457,#774,.T.);
#1797=EDGE_CURVE('',#1517,#1518,#775,.T.);
#1798=EDGE_CURVE('',#1519,#1517,#776,.T.);
#1799=EDGE_CURVE('',#1520,#1519,#777,.T.);
#1800=EDGE_CURVE('',#1521,#1520,#778,.T.);
#1801=EDGE_CURVE('',#1484,#1521,#779,.T.);
#1802=EDGE_CURVE('',#1518,#1486,#780,.T.);
#1803=EDGE_CURVE('',#1522,#1523,#781,.T.);
#1804=EDGE_CURVE('',#1524,#1522,#782,.T.);
#1805=EDGE_CURVE('',#1464,#1524,#783,.T.);
#1806=EDGE_CURVE('',#1523,#1466,#784,.T.);
#1807=EDGE_CURVE('',#1525,#1526,#785,.T.);
#1808=EDGE_CURVE('',#1527,#1525,#786,.T.);
#1809=EDGE_CURVE('',#1446,#1527,#787,.T.);
#1810=EDGE_CURVE('',#1526,#1448,#788,.T.);
#1811=EDGE_CURVE('',#1528,#1529,#789,.T.);
#1812=EDGE_CURVE('',#1530,#1528,#790,.T.);
#1813=EDGE_CURVE('',#1531,#1530,#791,.T.);
#1814=EDGE_CURVE('',#1532,#1531,#792,.T.);
#1815=EDGE_CURVE('',#1495,#1532,#793,.T.);
#1816=EDGE_CURVE('',#1529,#1497,#794,.T.);
#1817=EDGE_CURVE('',#1533,#1534,#795,.T.);
#1818=EDGE_CURVE('',#1535,#1533,#796,.T.);
#1819=EDGE_CURVE('',#1536,#1535,#797,.T.);
#1820=EDGE_CURVE('',#1537,#1536,#798,.T.);
#1821=EDGE_CURVE('',#1473,#1537,#799,.T.);
#1822=EDGE_CURVE('',#1534,#1475,#800,.T.);
#1823=EDGE_CURVE('',#1538,#1539,#801,.T.);
#1824=EDGE_CURVE('',#1540,#1538,#802,.T.);
#1825=EDGE_CURVE('',#1541,#1540,#803,.T.);
#1826=EDGE_CURVE('',#1542,#1541,#804,.T.);
#1827=EDGE_CURVE('',#1506,#1542,#805,.T.);
#1828=EDGE_CURVE('',#1539,#1508,#806,.T.);
#1829=EDGE_CURVE('',#1543,#1544,#807,.T.);
#1830=EDGE_CURVE('',#1545,#1543,#808,.T.);
#1831=EDGE_CURVE('',#1546,#1545,#809,.T.);
#1832=EDGE_CURVE('',#1546,#1544,#810,.T.);
#1833=EDGE_CURVE('',#1544,#1547,#21,.T.);
#1834=EDGE_CURVE('',#1548,#1546,#13,.T.);
#1835=EDGE_CURVE('',#1548,#1547,#811,.T.);
#1836=EDGE_CURVE('',#1547,#1543,#812,.T.);
#1837=EDGE_CURVE('',#1548,#1545,#813,.T.);
#1838=EDGE_CURVE('',#1549,#1550,#814,.T.);
#1839=EDGE_CURVE('',#1551,#1549,#815,.T.);
#1840=EDGE_CURVE('',#1552,#1551,#816,.T.);
#1841=EDGE_CURVE('',#1552,#1550,#817,.T.);
#1842=EDGE_CURVE('',#1550,#1553,#818,.T.);
#1843=EDGE_CURVE('',#1554,#1552,#819,.T.);
#1844=EDGE_CURVE('',#1554,#1553,#820,.T.);
#1845=EDGE_CURVE('',#1553,#1549,#22,.T.);
#1846=EDGE_CURVE('',#1551,#1554,#14,.T.);
#1847=EDGE_CURVE('',#1555,#1556,#821,.T.);
#1848=EDGE_CURVE('',#1557,#1555,#822,.T.);
#1849=EDGE_CURVE('',#1558,#1557,#823,.T.);
#1850=EDGE_CURVE('',#1558,#1556,#824,.T.);
#1851=EDGE_CURVE('',#1556,#1559,#23,.T.);
#1852=EDGE_CURVE('',#1560,#1558,#15,.T.);
#1853=EDGE_CURVE('',#1560,#1559,#825,.T.);
#1854=EDGE_CURVE('',#1559,#1555,#826,.T.);
#1855=EDGE_CURVE('',#1560,#1557,#827,.T.);
#1856=EDGE_CURVE('',#1561,#1562,#828,.T.);
#1857=EDGE_CURVE('',#1563,#1561,#829,.T.);
#1858=EDGE_CURVE('',#1564,#1563,#830,.T.);
#1859=EDGE_CURVE('',#1564,#1562,#831,.T.);
#1860=EDGE_CURVE('',#1562,#1565,#832,.T.);
#1861=EDGE_CURVE('',#1566,#1564,#833,.T.);
#1862=EDGE_CURVE('',#1566,#1565,#834,.T.);
#1863=EDGE_CURVE('',#1565,#1561,#24,.T.);
#1864=EDGE_CURVE('',#1563,#1566,#16,.T.);
#1865=EDGE_CURVE('',#1567,#1568,#835,.T.);
#1866=EDGE_CURVE('',#1569,#1567,#836,.T.);
#1867=EDGE_CURVE('',#1570,#1569,#837,.T.);
#1868=EDGE_CURVE('',#1570,#1568,#838,.T.);
#1869=EDGE_CURVE('',#1568,#1571,#25,.T.);
#1870=EDGE_CURVE('',#1572,#1570,#17,.T.);
#1871=EDGE_CURVE('',#1572,#1571,#839,.T.);
#1872=EDGE_CURVE('',#1571,#1567,#840,.T.);
#1873=EDGE_CURVE('',#1572,#1569,#841,.T.);
#1874=EDGE_CURVE('',#1573,#1574,#842,.T.);
#1875=EDGE_CURVE('',#1575,#1573,#843,.T.);
#1876=EDGE_CURVE('',#1576,#1575,#844,.T.);
#1877=EDGE_CURVE('',#1576,#1574,#845,.T.);
#1878=EDGE_CURVE('',#1574,#1577,#846,.T.);
#1879=EDGE_CURVE('',#1578,#1576,#847,.T.);
#1880=EDGE_CURVE('',#1578,#1577,#848,.T.);
#1881=EDGE_CURVE('',#1577,#1573,#26,.T.);
#1882=EDGE_CURVE('',#1575,#1578,#18,.T.);
#1883=EDGE_CURVE('',#1579,#1580,#849,.T.);
#1884=EDGE_CURVE('',#1581,#1579,#850,.T.);
#1885=EDGE_CURVE('',#1582,#1581,#851,.T.);
#1886=EDGE_CURVE('',#1582,#1580,#852,.T.);
#1887=EDGE_CURVE('',#1580,#1583,#27,.T.);
#1888=EDGE_CURVE('',#1584,#1582,#19,.T.);
#1889=EDGE_CURVE('',#1584,#1583,#853,.T.);
#1890=EDGE_CURVE('',#1583,#1579,#854,.T.);
#1891=EDGE_CURVE('',#1584,#1581,#855,.T.);
#1892=EDGE_CURVE('',#1585,#1586,#856,.T.);
#1893=EDGE_CURVE('',#1587,#1585,#857,.T.);
#1894=EDGE_CURVE('',#1588,#1587,#858,.T.);
#1895=EDGE_CURVE('',#1588,#1586,#859,.T.);
#1896=EDGE_CURVE('',#1586,#1589,#860,.T.);
#1897=EDGE_CURVE('',#1590,#1588,#861,.T.);
#1898=EDGE_CURVE('',#1590,#1589,#862,.T.);
#1899=EDGE_CURVE('',#1589,#1585,#28,.T.);
#1900=EDGE_CURVE('',#1587,#1590,#20,.T.);
#1901=EDGE_CURVE('',#1526,#1591,#863,.F.);
#1902=EDGE_CURVE('',#1458,#1526,#864,.T.);
#1903=EDGE_CURVE('',#1458,#1592,#865,.T.);
#1904=EDGE_CURVE('',#1592,#1591,#866,.T.);
#1905=EDGE_CURVE('',#1593,#1592,#867,.T.);
#1906=EDGE_CURVE('',#1591,#1593,#868,.T.);
#1907=EDGE_CURVE('',#1515,#1594,#869,.F.);
#1908=EDGE_CURVE('',#1467,#1515,#870,.T.);
#1909=EDGE_CURVE('',#1467,#1595,#871,.T.);
#1910=EDGE_CURVE('',#1595,#1594,#872,.T.);
#1911=EDGE_CURVE('',#1596,#1595,#873,.T.);
#1912=EDGE_CURVE('',#1594,#1596,#874,.T.);
#1913=EDGE_CURVE('',#1523,#1597,#875,.F.);
#1914=EDGE_CURVE('',#1476,#1523,#876,.T.);
#1915=EDGE_CURVE('',#1476,#1598,#877,.T.);
#1916=EDGE_CURVE('',#1598,#1599,#878,.T.);
#1917=EDGE_CURVE('',#1599,#1597,#879,.T.);
#1918=EDGE_CURVE('',#1534,#1600,#880,.F.);
#1919=EDGE_CURVE('',#1487,#1534,#881,.T.);
#1920=EDGE_CURVE('',#1487,#1601,#882,.T.);
#1921=EDGE_CURVE('',#1601,#1602,#883,.T.);
#1922=EDGE_CURVE('',#1602,#1600,#884,.T.);
#1923=EDGE_CURVE('',#1518,#1603,#885,.F.);
#1924=EDGE_CURVE('',#1498,#1518,#886,.T.);
#1925=EDGE_CURVE('',#1498,#1604,#887,.T.);
#1926=EDGE_CURVE('',#1604,#1605,#888,.T.);
#1927=EDGE_CURVE('',#1605,#1603,#889,.T.);
#1928=EDGE_CURVE('',#1529,#1606,#890,.F.);
#1929=EDGE_CURVE('',#1509,#1529,#891,.T.);
#1930=EDGE_CURVE('',#1509,#1607,#892,.T.);
#1931=EDGE_CURVE('',#1607,#1608,#893,.T.);
#1932=EDGE_CURVE('',#1608,#1606,#894,.T.);
#1933=EDGE_CURVE('',#1539,#1609,#895,.F.);
#1934=EDGE_CURVE('',#1449,#1539,#896,.T.);
#1935=EDGE_CURVE('',#1449,#1610,#897,.T.);
#1936=EDGE_CURVE('',#1610,#1611,#898,.T.);
#1937=EDGE_CURVE('',#1611,#1609,#899,.T.);
#1938=EDGE_CURVE('',#1612,#1460,#900,.T.);
#1939=EDGE_CURVE('',#1612,#1593,#901,.T.);
#1940=EDGE_CURVE('',#1613,#1480,#902,.T.);
#1941=EDGE_CURVE('',#1613,#1599,#903,.T.);
#1942=EDGE_CURVE('',#1614,#1469,#904,.T.);
#1943=EDGE_CURVE('',#1596,#1614,#905,.T.);
#1944=EDGE_CURVE('',#1615,#1451,#906,.T.);
#1945=EDGE_CURVE('',#1615,#1611,#907,.T.);
#1946=EDGE_CURVE('',#1616,#1602,#908,.T.);
#1947=EDGE_CURVE('',#1533,#1616,#909,.T.);
#1948=EDGE_CURVE('',#1616,#1491,#910,.T.);
#1949=EDGE_CURVE('',#1617,#1502,#911,.T.);
#1950=EDGE_CURVE('',#1617,#1605,#912,.T.);
#1951=EDGE_CURVE('',#1618,#1513,#913,.T.);
#1952=EDGE_CURVE('',#1618,#1608,#914,.T.);
#1953=EDGE_CURVE('',#1517,#1617,#915,.T.);
#1954=EDGE_CURVE('',#1514,#1614,#916,.T.);
#1955=EDGE_CURVE('',#1528,#1618,#917,.T.);
#1956=EDGE_CURVE('',#1525,#1612,#918,.T.);
#1957=EDGE_CURVE('',#1538,#1615,#919,.T.);
#1958=EDGE_CURVE('',#1522,#1613,#920,.T.);
#1959=EDGE_CURVE('',#1619,#1620,#921,.T.);
#1960=EDGE_CURVE('',#1449,#1620,#922,.T.);
#1961=EDGE_CURVE('',#1539,#1619,#923,.T.);
#1962=EDGE_CURVE('',#1620,#1621,#924,.T.);
#1963=EDGE_CURVE('',#1447,#1621,#925,.T.);
#1964=EDGE_CURVE('',#1621,#1622,#926,.T.);
#1965=EDGE_CURVE('',#1508,#1622,#927,.T.);
#1966=EDGE_CURVE('',#1447,#1508,#928,.T.);
#1967=EDGE_CURVE('',#1622,#1619,#929,.T.);
#1968=EDGE_CURVE('',#1623,#1624,#930,.T.);
#1969=EDGE_CURVE('',#1509,#1624,#931,.T.);
#1970=EDGE_CURVE('',#1529,#1623,#932,.T.);
#1971=EDGE_CURVE('',#1624,#1625,#933,.T.);
#1972=EDGE_CURVE('',#1507,#1625,#934,.T.);
#1973=EDGE_CURVE('',#1625,#1626,#935,.T.);
#1974=EDGE_CURVE('',#1497,#1626,#936,.T.);
#1975=EDGE_CURVE('',#1507,#1497,#937,.T.);
#1976=EDGE_CURVE('',#1626,#1623,#938,.T.);
#1977=EDGE_CURVE('',#1627,#1628,#939,.T.);
#1978=EDGE_CURVE('',#1498,#1628,#940,.T.);
#1979=EDGE_CURVE('',#1518,#1627,#941,.T.);
#1980=EDGE_CURVE('',#1628,#1629,#942,.T.);
#1981=EDGE_CURVE('',#1496,#1629,#943,.T.);
#1982=EDGE_CURVE('',#1629,#1630,#944,.T.);
#1983=EDGE_CURVE('',#1486,#1630,#945,.T.);
#1984=EDGE_CURVE('',#1496,#1486,#946,.T.);
#1985=EDGE_CURVE('',#1630,#1627,#947,.T.);
#1986=EDGE_CURVE('',#1631,#1632,#948,.T.);
#1987=EDGE_CURVE('',#1487,#1632,#949,.T.);
#1988=EDGE_CURVE('',#1534,#1631,#950,.T.);
#1989=EDGE_CURVE('',#1632,#1633,#951,.T.);
#1990=EDGE_CURVE('',#1485,#1633,#952,.T.);
#1991=EDGE_CURVE('',#1633,#1634,#953,.T.);
#1992=EDGE_CURVE('',#1475,#1634,#954,.T.);
#1993=EDGE_CURVE('',#1485,#1475,#955,.T.);
#1994=EDGE_CURVE('',#1634,#1631,#956,.T.);
#1995=EDGE_CURVE('',#1635,#1636,#957,.T.);
#1996=EDGE_CURVE('',#1476,#1636,#958,.T.);
#1997=EDGE_CURVE('',#1523,#1635,#959,.T.);
#1998=EDGE_CURVE('',#1636,#1637,#960,.T.);
#1999=EDGE_CURVE('',#1474,#1637,#961,.T.);
#2000=EDGE_CURVE('',#1637,#1638,#962,.T.);
#2001=EDGE_CURVE('',#1466,#1638,#963,.T.);
#2002=EDGE_CURVE('',#1474,#1466,#964,.T.);
#2003=EDGE_CURVE('',#1638,#1635,#965,.T.);
#2004=EDGE_CURVE('',#1639,#1640,#966,.T.);
#2005=EDGE_CURVE('',#1467,#1640,#967,.T.);
#2006=EDGE_CURVE('',#1515,#1639,#968,.T.);
#2007=EDGE_CURVE('',#1640,#1641,#969,.T.);
#2008=EDGE_CURVE('',#1465,#1641,#970,.T.);
#2009=EDGE_CURVE('',#1641,#1642,#971,.T.);
#2010=EDGE_CURVE('',#1457,#1642,#972,.T.);
#2011=EDGE_CURVE('',#1465,#1457,#973,.T.);
#2012=EDGE_CURVE('',#1642,#1639,#974,.T.);
#2013=EDGE_CURVE('',#1643,#1644,#975,.T.);
#2014=EDGE_CURVE('',#1458,#1644,#976,.T.);
#2015=EDGE_CURVE('',#1526,#1643,#977,.T.);
#2016=EDGE_CURVE('',#1644,#1645,#978,.T.);
#2017=EDGE_CURVE('',#1456,#1645,#979,.T.);
#2018=EDGE_CURVE('',#1645,#1646,#980,.T.);
#2019=EDGE_CURVE('',#1448,#1646,#981,.T.);
#2020=EDGE_CURVE('',#1456,#1448,#982,.T.);
#2021=EDGE_CURVE('',#1646,#1643,#983,.T.);
#2022=EDGE_CURVE('',#1647,#1648,#984,.T.);
#2023=EDGE_CURVE('',#1647,#1649,#985,.T.);
#2024=EDGE_CURVE('',#1650,#1649,#986,.T.);
#2025=EDGE_CURVE('',#1648,#1650,#987,.T.);
#2026=EDGE_CURVE('',#1649,#1516,#988,.T.);
#2027=EDGE_CURVE('',#1651,#1647,#989,.T.);
#2028=EDGE_CURVE('',#1651,#1652,#990,.T.);
#2029=EDGE_CURVE('',#1459,#1652,#991,.T.);
#2030=EDGE_CURVE('',#1648,#1653,#992,.T.);
#2031=EDGE_CURVE('',#1653,#1651,#993,.T.);
#2032=EDGE_CURVE('',#1653,#1654,#994,.T.);
#2033=EDGE_CURVE('',#1652,#1654,#995,.T.);
#2034=EDGE_CURVE('',#1655,#1656,#996,.T.);
#2035=EDGE_CURVE('',#1655,#1657,#997,.T.);
#2036=EDGE_CURVE('',#1654,#1657,#998,.T.);
#2037=EDGE_CURVE('',#1658,#1650,#999,.T.);
#2038=EDGE_CURVE('',#1656,#1658,#1000,.T.);
#2039=EDGE_CURVE('',#1656,#1659,#1001,.T.);
#2040=EDGE_CURVE('',#1659,#1660,#1002,.T.);
#2041=EDGE_CURVE('',#1660,#1478,#1003,.T.);
#2042=EDGE_CURVE('',#1477,#1537,#1004,.T.);
#2043=EDGE_CURVE('',#1536,#1489,#1005,.T.);
#2044=EDGE_CURVE('',#1488,#1521,#1006,.T.);
#2045=EDGE_CURVE('',#1520,#1500,#1007,.T.);
#2046=EDGE_CURVE('',#1499,#1532,#1008,.T.);
#2047=EDGE_CURVE('',#1531,#1511,#1009,.T.);
#2048=EDGE_CURVE('',#1510,#1542,#1010,.T.);
#2049=EDGE_CURVE('',#1541,#1661,#1011,.T.);
#2050=EDGE_CURVE('',#1661,#1662,#1012,.T.);
#2051=EDGE_CURVE('',#1662,#1655,#1013,.T.);
#2052=EDGE_CURVE('',#1450,#1527,#1014,.T.);
#2053=EDGE_CURVE('',#1468,#1524,#1015,.T.);
#2054=EDGE_CURVE('',#1479,#1663,#1016,.T.);
#2055=EDGE_CURVE('',#1663,#1664,#1017,.T.);
#2056=EDGE_CURVE('',#1664,#1658,#1018,.T.);
#2057=EDGE_CURVE('',#1665,#1665,#1413,.T.);
#2058=EDGE_CURVE('',#1666,#1666,#1414,.T.);
#2059=EDGE_CURVE('',#1666,#1667,#1019,.T.);
#2060=EDGE_CURVE('',#1667,#1667,#1415,.T.);
#2061=EDGE_CURVE('',#1668,#1668,#1416,.T.);
#2062=EDGE_CURVE('',#1668,#1669,#1020,.T.);
#2063=EDGE_CURVE('',#1669,#1669,#1417,.T.);
#2064=EDGE_CURVE('',#1670,#1670,#1418,.T.);
#2065=EDGE_CURVE('',#1670,#1665,#1021,.T.);
#2066=EDGE_CURVE('',#1671,#1671,#1419,.T.);
#2067=EDGE_CURVE('',#1671,#1672,#1022,.T.);
#2068=EDGE_CURVE('',#1672,#1672,#1420,.T.);
#2069=EDGE_CURVE('',#1659,#1664,#1023,.T.);
#2070=EDGE_CURVE('',#1660,#1663,#1024,.T.);
#2071=EDGE_CURVE('',#1673,#1540,#1025,.T.);
#2072=EDGE_CURVE('',#1661,#1673,#1026,.T.);
#2073=EDGE_CURVE('',#1674,#1673,#1027,.T.);
#2074=EDGE_CURVE('',#1662,#1674,#1028,.T.);
#2075=EDGE_CURVE('',#1657,#1674,#1029,.T.);
#2076=EDGE_CURVE('',#1490,#1535,#1030,.T.);
#2077=EDGE_CURVE('',#1512,#1530,#1031,.T.);
#2078=EDGE_CURVE('',#1501,#1519,#1032,.T.);
#2079=ORIENTED_EDGE('',*,*,#1675,.F.);
#2080=ORIENTED_EDGE('',*,*,#1676,.T.);
#2081=ORIENTED_EDGE('',*,*,#1677,.F.);
#2082=ORIENTED_EDGE('',*,*,#1676,.F.);
#2083=ORIENTED_EDGE('',*,*,#1675,.T.);
#2084=ORIENTED_EDGE('',*,*,#1678,.F.);
#2085=ORIENTED_EDGE('',*,*,#1679,.T.);
#2086=ORIENTED_EDGE('',*,*,#1680,.F.);
#2087=ORIENTED_EDGE('',*,*,#1679,.F.);
#2088=ORIENTED_EDGE('',*,*,#1678,.T.);
#2089=ORIENTED_EDGE('',*,*,#1681,.F.);
#2090=ORIENTED_EDGE('',*,*,#1682,.T.);
#2091=ORIENTED_EDGE('',*,*,#1683,.F.);
#2092=ORIENTED_EDGE('',*,*,#1682,.F.);
#2093=ORIENTED_EDGE('',*,*,#1681,.T.);
#2094=ORIENTED_EDGE('',*,*,#1684,.F.);
#2095=ORIENTED_EDGE('',*,*,#1685,.T.);
#2096=ORIENTED_EDGE('',*,*,#1686,.F.);
#2097=ORIENTED_EDGE('',*,*,#1685,.F.);
#2098=ORIENTED_EDGE('',*,*,#1684,.T.);
#2099=ORIENTED_EDGE('',*,*,#1687,.T.);
#2100=ORIENTED_EDGE('',*,*,#1688,.T.);
#2101=ORIENTED_EDGE('',*,*,#1689,.F.);
#2102=ORIENTED_EDGE('',*,*,#1690,.F.);
#2103=ORIENTED_EDGE('',*,*,#1691,.T.);
#2104=ORIENTED_EDGE('',*,*,#1690,.T.);
#2105=ORIENTED_EDGE('',*,*,#1692,.F.);
#2106=ORIENTED_EDGE('',*,*,#1693,.F.);
#2107=ORIENTED_EDGE('',*,*,#1694,.T.);
#2108=ORIENTED_EDGE('',*,*,#1693,.T.);
#2109=ORIENTED_EDGE('',*,*,#1695,.F.);
#2110=ORIENTED_EDGE('',*,*,#1696,.F.);
#2111=ORIENTED_EDGE('',*,*,#1697,.T.);
#2112=ORIENTED_EDGE('',*,*,#1696,.T.);
#2113=ORIENTED_EDGE('',*,*,#1698,.F.);
#2114=ORIENTED_EDGE('',*,*,#1699,.F.);
#2115=ORIENTED_EDGE('',*,*,#1700,.T.);
#2116=ORIENTED_EDGE('',*,*,#1699,.T.);
#2117=ORIENTED_EDGE('',*,*,#1701,.F.);
#2118=ORIENTED_EDGE('',*,*,#1702,.F.);
#2119=ORIENTED_EDGE('',*,*,#1703,.T.);
#2120=ORIENTED_EDGE('',*,*,#1702,.T.);
#2121=ORIENTED_EDGE('',*,*,#1704,.F.);
#2122=ORIENTED_EDGE('',*,*,#1705,.F.);
#2123=ORIENTED_EDGE('',*,*,#1706,.T.);
#2124=ORIENTED_EDGE('',*,*,#1705,.T.);
#2125=ORIENTED_EDGE('',*,*,#1707,.F.);
#2126=ORIENTED_EDGE('',*,*,#1688,.F.);
#2127=ORIENTED_EDGE('',*,*,#1707,.T.);
#2128=ORIENTED_EDGE('',*,*,#1704,.T.);
#2129=ORIENTED_EDGE('',*,*,#1701,.T.);
#2130=ORIENTED_EDGE('',*,*,#1698,.T.);
#2131=ORIENTED_EDGE('',*,*,#1695,.T.);
#2132=ORIENTED_EDGE('',*,*,#1692,.T.);
#2133=ORIENTED_EDGE('',*,*,#1689,.T.);
#2134=ORIENTED_EDGE('',*,*,#1677,.T.);
#2135=ORIENTED_EDGE('',*,*,#1680,.T.);
#2136=ORIENTED_EDGE('',*,*,#1683,.T.);
#2137=ORIENTED_EDGE('',*,*,#1686,.T.);
#2138=ORIENTED_EDGE('',*,*,#1706,.F.);
#2139=ORIENTED_EDGE('',*,*,#1687,.F.);
#2140=ORIENTED_EDGE('',*,*,#1691,.F.);
#2141=ORIENTED_EDGE('',*,*,#1694,.F.);
#2142=ORIENTED_EDGE('',*,*,#1697,.F.);
#2143=ORIENTED_EDGE('',*,*,#1700,.F.);
#2144=ORIENTED_EDGE('',*,*,#1703,.F.);
#2145=ORIENTED_EDGE('',*,*,#1708,.F.);
#2146=ORIENTED_EDGE('',*,*,#1709,.T.);
#2147=ORIENTED_EDGE('',*,*,#1710,.F.);
#2148=ORIENTED_EDGE('',*,*,#1711,.T.);
#2149=ORIENTED_EDGE('',*,*,#1709,.F.);
#2150=ORIENTED_EDGE('',*,*,#1712,.F.);
#2151=ORIENTED_EDGE('',*,*,#1713,.F.);
#2152=ORIENTED_EDGE('',*,*,#1714,.T.);
#2153=ORIENTED_EDGE('',*,*,#1715,.T.);
#2154=ORIENTED_EDGE('',*,*,#1712,.T.);
#2155=ORIENTED_EDGE('',*,*,#1708,.T.);
#2156=ORIENTED_EDGE('',*,*,#1716,.T.);
#2157=ORIENTED_EDGE('',*,*,#1717,.F.);
#2158=ORIENTED_EDGE('',*,*,#1718,.F.);
#2159=ORIENTED_EDGE('',*,*,#1719,.F.);
#2160=ORIENTED_EDGE('',*,*,#1720,.T.);
#2161=ORIENTED_EDGE('',*,*,#1721,.F.);
#2162=ORIENTED_EDGE('',*,*,#1722,.T.);
#2163=ORIENTED_EDGE('',*,*,#1720,.F.);
#2164=ORIENTED_EDGE('',*,*,#1723,.F.);
#2165=ORIENTED_EDGE('',*,*,#1724,.F.);
#2166=ORIENTED_EDGE('',*,*,#1725,.T.);
#2167=ORIENTED_EDGE('',*,*,#1726,.T.);
#2168=ORIENTED_EDGE('',*,*,#1723,.T.);
#2169=ORIENTED_EDGE('',*,*,#1719,.T.);
#2170=ORIENTED_EDGE('',*,*,#1727,.T.);
#2171=ORIENTED_EDGE('',*,*,#1728,.F.);
#2172=ORIENTED_EDGE('',*,*,#1729,.F.);
#2173=ORIENTED_EDGE('',*,*,#1730,.F.);
#2174=ORIENTED_EDGE('',*,*,#1731,.T.);
#2175=ORIENTED_EDGE('',*,*,#1732,.F.);
#2176=ORIENTED_EDGE('',*,*,#1733,.T.);
#2177=ORIENTED_EDGE('',*,*,#1731,.F.);
#2178=ORIENTED_EDGE('',*,*,#1734,.F.);
#2179=ORIENTED_EDGE('',*,*,#1735,.F.);
#2180=ORIENTED_EDGE('',*,*,#1736,.T.);
#2181=ORIENTED_EDGE('',*,*,#1737,.T.);
#2182=ORIENTED_EDGE('',*,*,#1734,.T.);
#2183=ORIENTED_EDGE('',*,*,#1730,.T.);
#2184=ORIENTED_EDGE('',*,*,#1738,.T.);
#2185=ORIENTED_EDGE('',*,*,#1739,.F.);
#2186=ORIENTED_EDGE('',*,*,#1740,.F.);
#2187=ORIENTED_EDGE('',*,*,#1741,.F.);
#2188=ORIENTED_EDGE('',*,*,#1742,.T.);
#2189=ORIENTED_EDGE('',*,*,#1743,.F.);
#2190=ORIENTED_EDGE('',*,*,#1744,.T.);
#2191=ORIENTED_EDGE('',*,*,#1742,.F.);
#2192=ORIENTED_EDGE('',*,*,#1745,.F.);
#2193=ORIENTED_EDGE('',*,*,#1746,.F.);
#2194=ORIENTED_EDGE('',*,*,#1747,.T.);
#2195=ORIENTED_EDGE('',*,*,#1748,.T.);
#2196=ORIENTED_EDGE('',*,*,#1745,.T.);
#2197=ORIENTED_EDGE('',*,*,#1741,.T.);
#2198=ORIENTED_EDGE('',*,*,#1749,.T.);
#2199=ORIENTED_EDGE('',*,*,#1750,.F.);
#2200=ORIENTED_EDGE('',*,*,#1751,.T.);
#2201=ORIENTED_EDGE('',*,*,#1752,.F.);
#2202=ORIENTED_EDGE('',*,*,#1753,.F.);
#2203=ORIENTED_EDGE('',*,*,#1754,.F.);
#2204=ORIENTED_EDGE('',*,*,#1755,.T.);
#2205=ORIENTED_EDGE('',*,*,#1756,.F.);
#2206=ORIENTED_EDGE('',*,*,#1757,.T.);
#2207=ORIENTED_EDGE('',*,*,#1755,.F.);
#2208=ORIENTED_EDGE('',*,*,#1758,.F.);
#2209=ORIENTED_EDGE('',*,*,#1759,.F.);
#2210=ORIENTED_EDGE('',*,*,#1760,.T.);
#2211=ORIENTED_EDGE('',*,*,#1761,.T.);
#2212=ORIENTED_EDGE('',*,*,#1758,.T.);
#2213=ORIENTED_EDGE('',*,*,#1754,.T.);
#2214=ORIENTED_EDGE('',*,*,#1762,.T.);
#2215=ORIENTED_EDGE('',*,*,#1763,.F.);
#2216=ORIENTED_EDGE('',*,*,#1764,.T.);
#2217=ORIENTED_EDGE('',*,*,#1765,.F.);
#2218=ORIENTED_EDGE('',*,*,#1766,.F.);
#2219=ORIENTED_EDGE('',*,*,#1767,.F.);
#2220=ORIENTED_EDGE('',*,*,#1768,.T.);
#2221=ORIENTED_EDGE('',*,*,#1769,.F.);
#2222=ORIENTED_EDGE('',*,*,#1770,.T.);
#2223=ORIENTED_EDGE('',*,*,#1768,.F.);
#2224=ORIENTED_EDGE('',*,*,#1771,.F.);
#2225=ORIENTED_EDGE('',*,*,#1772,.F.);
#2226=ORIENTED_EDGE('',*,*,#1773,.T.);
#2227=ORIENTED_EDGE('',*,*,#1774,.T.);
#2228=ORIENTED_EDGE('',*,*,#1771,.T.);
#2229=ORIENTED_EDGE('',*,*,#1767,.T.);
#2230=ORIENTED_EDGE('',*,*,#1775,.T.);
#2231=ORIENTED_EDGE('',*,*,#1776,.F.);
#2232=ORIENTED_EDGE('',*,*,#1777,.T.);
#2233=ORIENTED_EDGE('',*,*,#1778,.F.);
#2234=ORIENTED_EDGE('',*,*,#1779,.F.);
#2235=ORIENTED_EDGE('',*,*,#1780,.F.);
#2236=ORIENTED_EDGE('',*,*,#1781,.T.);
#2237=ORIENTED_EDGE('',*,*,#1782,.F.);
#2238=ORIENTED_EDGE('',*,*,#1783,.T.);
#2239=ORIENTED_EDGE('',*,*,#1781,.F.);
#2240=ORIENTED_EDGE('',*,*,#1784,.F.);
#2241=ORIENTED_EDGE('',*,*,#1785,.F.);
#2242=ORIENTED_EDGE('',*,*,#1786,.T.);
#2243=ORIENTED_EDGE('',*,*,#1787,.T.);
#2244=ORIENTED_EDGE('',*,*,#1784,.T.);
#2245=ORIENTED_EDGE('',*,*,#1780,.T.);
#2246=ORIENTED_EDGE('',*,*,#1788,.T.);
#2247=ORIENTED_EDGE('',*,*,#1789,.F.);
#2248=ORIENTED_EDGE('',*,*,#1790,.T.);
#2249=ORIENTED_EDGE('',*,*,#1791,.F.);
#2250=ORIENTED_EDGE('',*,*,#1792,.F.);
#2251=ORIENTED_EDGE('',*,*,#1793,.F.);
#2252=ORIENTED_EDGE('',*,*,#1794,.F.);
#2253=ORIENTED_EDGE('',*,*,#1795,.T.);
#2254=ORIENTED_EDGE('',*,*,#1721,.T.);
#2255=ORIENTED_EDGE('',*,*,#1725,.F.);
#2256=ORIENTED_EDGE('',*,*,#1796,.F.);
#2257=ORIENTED_EDGE('',*,*,#1797,.F.);
#2258=ORIENTED_EDGE('',*,*,#1798,.F.);
#2259=ORIENTED_EDGE('',*,*,#1799,.F.);
#2260=ORIENTED_EDGE('',*,*,#1800,.F.);
#2261=ORIENTED_EDGE('',*,*,#1801,.F.);
#2262=ORIENTED_EDGE('',*,*,#1756,.T.);
#2263=ORIENTED_EDGE('',*,*,#1760,.F.);
#2264=ORIENTED_EDGE('',*,*,#1802,.F.);
#2265=ORIENTED_EDGE('',*,*,#1803,.F.);
#2266=ORIENTED_EDGE('',*,*,#1804,.F.);
#2267=ORIENTED_EDGE('',*,*,#1805,.F.);
#2268=ORIENTED_EDGE('',*,*,#1732,.T.);
#2269=ORIENTED_EDGE('',*,*,#1736,.F.);
#2270=ORIENTED_EDGE('',*,*,#1806,.F.);
#2271=ORIENTED_EDGE('',*,*,#1807,.F.);
#2272=ORIENTED_EDGE('',*,*,#1808,.F.);
#2273=ORIENTED_EDGE('',*,*,#1809,.F.);
#2274=ORIENTED_EDGE('',*,*,#1710,.T.);
#2275=ORIENTED_EDGE('',*,*,#1714,.F.);
#2276=ORIENTED_EDGE('',*,*,#1810,.F.);
#2277=ORIENTED_EDGE('',*,*,#1811,.F.);
#2278=ORIENTED_EDGE('',*,*,#1812,.F.);
#2279=ORIENTED_EDGE('',*,*,#1813,.F.);
#2280=ORIENTED_EDGE('',*,*,#1814,.F.);
#2281=ORIENTED_EDGE('',*,*,#1815,.F.);
#2282=ORIENTED_EDGE('',*,*,#1769,.T.);
#2283=ORIENTED_EDGE('',*,*,#1773,.F.);
#2284=ORIENTED_EDGE('',*,*,#1816,.F.);
#2285=ORIENTED_EDGE('',*,*,#1817,.F.);
#2286=ORIENTED_EDGE('',*,*,#1818,.F.);
#2287=ORIENTED_EDGE('',*,*,#1819,.F.);
#2288=ORIENTED_EDGE('',*,*,#1820,.F.);
#2289=ORIENTED_EDGE('',*,*,#1821,.F.);
#2290=ORIENTED_EDGE('',*,*,#1743,.T.);
#2291=ORIENTED_EDGE('',*,*,#1747,.F.);
#2292=ORIENTED_EDGE('',*,*,#1822,.F.);
#2293=ORIENTED_EDGE('',*,*,#1823,.F.);
#2294=ORIENTED_EDGE('',*,*,#1824,.F.);
#2295=ORIENTED_EDGE('',*,*,#1825,.F.);
#2296=ORIENTED_EDGE('',*,*,#1826,.F.);
#2297=ORIENTED_EDGE('',*,*,#1827,.F.);
#2298=ORIENTED_EDGE('',*,*,#1782,.T.);
#2299=ORIENTED_EDGE('',*,*,#1786,.F.);
#2300=ORIENTED_EDGE('',*,*,#1828,.F.);
#2301=ORIENTED_EDGE('',*,*,#1829,.F.);
#2302=ORIENTED_EDGE('',*,*,#1830,.F.);
#2303=ORIENTED_EDGE('',*,*,#1831,.F.);
#2304=ORIENTED_EDGE('',*,*,#1832,.T.);
#2305=ORIENTED_EDGE('',*,*,#1833,.F.);
#2306=ORIENTED_EDGE('',*,*,#1832,.F.);
#2307=ORIENTED_EDGE('',*,*,#1834,.F.);
#2308=ORIENTED_EDGE('',*,*,#1835,.T.);
#2309=ORIENTED_EDGE('',*,*,#1836,.F.);
#2310=ORIENTED_EDGE('',*,*,#1835,.F.);
#2311=ORIENTED_EDGE('',*,*,#1837,.T.);
#2312=ORIENTED_EDGE('',*,*,#1830,.T.);
#2313=ORIENTED_EDGE('',*,*,#1831,.T.);
#2314=ORIENTED_EDGE('',*,*,#1837,.F.);
#2315=ORIENTED_EDGE('',*,*,#1834,.T.);
#2316=ORIENTED_EDGE('',*,*,#1838,.F.);
#2317=ORIENTED_EDGE('',*,*,#1839,.F.);
#2318=ORIENTED_EDGE('',*,*,#1840,.F.);
#2319=ORIENTED_EDGE('',*,*,#1841,.T.);
#2320=ORIENTED_EDGE('',*,*,#1842,.F.);
#2321=ORIENTED_EDGE('',*,*,#1841,.F.);
#2322=ORIENTED_EDGE('',*,*,#1843,.F.);
#2323=ORIENTED_EDGE('',*,*,#1844,.T.);
#2324=ORIENTED_EDGE('',*,*,#1845,.F.);
#2325=ORIENTED_EDGE('',*,*,#1844,.F.);
#2326=ORIENTED_EDGE('',*,*,#1846,.F.);
#2327=ORIENTED_EDGE('',*,*,#1839,.T.);
#2328=ORIENTED_EDGE('',*,*,#1840,.T.);
#2329=ORIENTED_EDGE('',*,*,#1846,.T.);
#2330=ORIENTED_EDGE('',*,*,#1843,.T.);
#2331=ORIENTED_EDGE('',*,*,#1847,.F.);
#2332=ORIENTED_EDGE('',*,*,#1848,.F.);
#2333=ORIENTED_EDGE('',*,*,#1849,.F.);
#2334=ORIENTED_EDGE('',*,*,#1850,.T.);
#2335=ORIENTED_EDGE('',*,*,#1851,.F.);
#2336=ORIENTED_EDGE('',*,*,#1850,.F.);
#2337=ORIENTED_EDGE('',*,*,#1852,.F.);
#2338=ORIENTED_EDGE('',*,*,#1853,.T.);
#2339=ORIENTED_EDGE('',*,*,#1854,.F.);
#2340=ORIENTED_EDGE('',*,*,#1853,.F.);
#2341=ORIENTED_EDGE('',*,*,#1855,.T.);
#2342=ORIENTED_EDGE('',*,*,#1848,.T.);
#2343=ORIENTED_EDGE('',*,*,#1849,.T.);
#2344=ORIENTED_EDGE('',*,*,#1855,.F.);
#2345=ORIENTED_EDGE('',*,*,#1852,.T.);
#2346=ORIENTED_EDGE('',*,*,#1856,.F.);
#2347=ORIENTED_EDGE('',*,*,#1857,.F.);
#2348=ORIENTED_EDGE('',*,*,#1858,.F.);
#2349=ORIENTED_EDGE('',*,*,#1859,.T.);
#2350=ORIENTED_EDGE('',*,*,#1860,.F.);
#2351=ORIENTED_EDGE('',*,*,#1859,.F.);
#2352=ORIENTED_EDGE('',*,*,#1861,.F.);
#2353=ORIENTED_EDGE('',*,*,#1862,.T.);
#2354=ORIENTED_EDGE('',*,*,#1863,.F.);
#2355=ORIENTED_EDGE('',*,*,#1862,.F.);
#2356=ORIENTED_EDGE('',*,*,#1864,.F.);
#2357=ORIENTED_EDGE('',*,*,#1857,.T.);
#2358=ORIENTED_EDGE('',*,*,#1858,.T.);
#2359=ORIENTED_EDGE('',*,*,#1864,.T.);
#2360=ORIENTED_EDGE('',*,*,#1861,.T.);
#2361=ORIENTED_EDGE('',*,*,#1865,.F.);
#2362=ORIENTED_EDGE('',*,*,#1866,.F.);
#2363=ORIENTED_EDGE('',*,*,#1867,.F.);
#2364=ORIENTED_EDGE('',*,*,#1868,.T.);
#2365=ORIENTED_EDGE('',*,*,#1869,.F.);
#2366=ORIENTED_EDGE('',*,*,#1868,.F.);
#2367=ORIENTED_EDGE('',*,*,#1870,.F.);
#2368=ORIENTED_EDGE('',*,*,#1871,.T.);
#2369=ORIENTED_EDGE('',*,*,#1872,.F.);
#2370=ORIENTED_EDGE('',*,*,#1871,.F.);
#2371=ORIENTED_EDGE('',*,*,#1873,.T.);
#2372=ORIENTED_EDGE('',*,*,#1866,.T.);
#2373=ORIENTED_EDGE('',*,*,#1867,.T.);
#2374=ORIENTED_EDGE('',*,*,#1873,.F.);
#2375=ORIENTED_EDGE('',*,*,#1870,.T.);
#2376=ORIENTED_EDGE('',*,*,#1874,.F.);
#2377=ORIENTED_EDGE('',*,*,#1875,.F.);
#2378=ORIENTED_EDGE('',*,*,#1876,.F.);
#2379=ORIENTED_EDGE('',*,*,#1877,.T.);
#2380=ORIENTED_EDGE('',*,*,#1878,.F.);
#2381=ORIENTED_EDGE('',*,*,#1877,.F.);
#2382=ORIENTED_EDGE('',*,*,#1879,.F.);
#2383=ORIENTED_EDGE('',*,*,#1880,.T.);
#2384=ORIENTED_EDGE('',*,*,#1881,.F.);
#2385=ORIENTED_EDGE('',*,*,#1880,.F.);
#2386=ORIENTED_EDGE('',*,*,#1882,.F.);
#2387=ORIENTED_EDGE('',*,*,#1875,.T.);
#2388=ORIENTED_EDGE('',*,*,#1876,.T.);
#2389=ORIENTED_EDGE('',*,*,#1882,.T.);
#2390=ORIENTED_EDGE('',*,*,#1879,.T.);
#2391=ORIENTED_EDGE('',*,*,#1883,.F.);
#2392=ORIENTED_EDGE('',*,*,#1884,.F.);
#2393=ORIENTED_EDGE('',*,*,#1885,.F.);
#2394=ORIENTED_EDGE('',*,*,#1886,.T.);
#2395=ORIENTED_EDGE('',*,*,#1887,.F.);
#2396=ORIENTED_EDGE('',*,*,#1886,.F.);
#2397=ORIENTED_EDGE('',*,*,#1888,.F.);
#2398=ORIENTED_EDGE('',*,*,#1889,.T.);
#2399=ORIENTED_EDGE('',*,*,#1890,.F.);
#2400=ORIENTED_EDGE('',*,*,#1889,.F.);
#2401=ORIENTED_EDGE('',*,*,#1891,.T.);
#2402=ORIENTED_EDGE('',*,*,#1884,.T.);
#2403=ORIENTED_EDGE('',*,*,#1885,.T.);
#2404=ORIENTED_EDGE('',*,*,#1891,.F.);
#2405=ORIENTED_EDGE('',*,*,#1888,.T.);
#2406=ORIENTED_EDGE('',*,*,#1892,.F.);
#2407=ORIENTED_EDGE('',*,*,#1893,.F.);
#2408=ORIENTED_EDGE('',*,*,#1894,.F.);
#2409=ORIENTED_EDGE('',*,*,#1895,.T.);
#2410=ORIENTED_EDGE('',*,*,#1896,.F.);
#2411=ORIENTED_EDGE('',*,*,#1895,.F.);
#2412=ORIENTED_EDGE('',*,*,#1897,.F.);
#2413=ORIENTED_EDGE('',*,*,#1898,.T.);
#2414=ORIENTED_EDGE('',*,*,#1899,.F.);
#2415=ORIENTED_EDGE('',*,*,#1898,.F.);
#2416=ORIENTED_EDGE('',*,*,#1900,.F.);
#2417=ORIENTED_EDGE('',*,*,#1893,.T.);
#2418=ORIENTED_EDGE('',*,*,#1894,.T.);
#2419=ORIENTED_EDGE('',*,*,#1900,.T.);
#2420=ORIENTED_EDGE('',*,*,#1897,.T.);
#2421=ORIENTED_EDGE('',*,*,#1901,.F.);
#2422=ORIENTED_EDGE('',*,*,#1902,.F.);
#2423=ORIENTED_EDGE('',*,*,#1903,.T.);
#2424=ORIENTED_EDGE('',*,*,#1904,.T.);
#2425=ORIENTED_EDGE('',*,*,#1904,.F.);
#2426=ORIENTED_EDGE('',*,*,#1905,.F.);
#2427=ORIENTED_EDGE('',*,*,#1906,.F.);
#2428=ORIENTED_EDGE('',*,*,#1907,.F.);
#2429=ORIENTED_EDGE('',*,*,#1908,.F.);
#2430=ORIENTED_EDGE('',*,*,#1909,.T.);
#2431=ORIENTED_EDGE('',*,*,#1910,.T.);
#2432=ORIENTED_EDGE('',*,*,#1910,.F.);
#2433=ORIENTED_EDGE('',*,*,#1911,.F.);
#2434=ORIENTED_EDGE('',*,*,#1912,.F.);
#2435=ORIENTED_EDGE('',*,*,#1913,.F.);
#2436=ORIENTED_EDGE('',*,*,#1914,.F.);
#2437=ORIENTED_EDGE('',*,*,#1915,.T.);
#2438=ORIENTED_EDGE('',*,*,#1916,.T.);
#2439=ORIENTED_EDGE('',*,*,#1917,.T.);
#2440=ORIENTED_EDGE('',*,*,#1918,.F.);
#2441=ORIENTED_EDGE('',*,*,#1919,.F.);
#2442=ORIENTED_EDGE('',*,*,#1920,.T.);
#2443=ORIENTED_EDGE('',*,*,#1921,.T.);
#2444=ORIENTED_EDGE('',*,*,#1922,.T.);
#2445=ORIENTED_EDGE('',*,*,#1923,.F.);
#2446=ORIENTED_EDGE('',*,*,#1924,.F.);
#2447=ORIENTED_EDGE('',*,*,#1925,.T.);
#2448=ORIENTED_EDGE('',*,*,#1926,.T.);
#2449=ORIENTED_EDGE('',*,*,#1927,.T.);
#2450=ORIENTED_EDGE('',*,*,#1928,.F.);
#2451=ORIENTED_EDGE('',*,*,#1929,.F.);
#2452=ORIENTED_EDGE('',*,*,#1930,.T.);
#2453=ORIENTED_EDGE('',*,*,#1931,.T.);
#2454=ORIENTED_EDGE('',*,*,#1932,.T.);
#2455=ORIENTED_EDGE('',*,*,#1933,.F.);
#2456=ORIENTED_EDGE('',*,*,#1934,.F.);
#2457=ORIENTED_EDGE('',*,*,#1935,.T.);
#2458=ORIENTED_EDGE('',*,*,#1936,.T.);
#2459=ORIENTED_EDGE('',*,*,#1937,.T.);
#2460=ORIENTED_EDGE('',*,*,#1905,.T.);
#2461=ORIENTED_EDGE('',*,*,#1903,.F.);
#2462=ORIENTED_EDGE('',*,*,#1729,.T.);
#2463=ORIENTED_EDGE('',*,*,#1938,.F.);
#2464=ORIENTED_EDGE('',*,*,#1939,.T.);
#2465=ORIENTED_EDGE('',*,*,#1916,.F.);
#2466=ORIENTED_EDGE('',*,*,#1915,.F.);
#2467=ORIENTED_EDGE('',*,*,#1753,.T.);
#2468=ORIENTED_EDGE('',*,*,#1940,.F.);
#2469=ORIENTED_EDGE('',*,*,#1941,.T.);
#2470=ORIENTED_EDGE('',*,*,#1911,.T.);
#2471=ORIENTED_EDGE('',*,*,#1909,.F.);
#2472=ORIENTED_EDGE('',*,*,#1740,.T.);
#2473=ORIENTED_EDGE('',*,*,#1942,.F.);
#2474=ORIENTED_EDGE('',*,*,#1943,.F.);
#2475=ORIENTED_EDGE('',*,*,#1936,.F.);
#2476=ORIENTED_EDGE('',*,*,#1935,.F.);
#2477=ORIENTED_EDGE('',*,*,#1718,.T.);
#2478=ORIENTED_EDGE('',*,*,#1944,.F.);
#2479=ORIENTED_EDGE('',*,*,#1945,.T.);
#2480=ORIENTED_EDGE('',*,*,#1922,.F.);
#2481=ORIENTED_EDGE('',*,*,#1946,.F.);
#2482=ORIENTED_EDGE('',*,*,#1947,.F.);
#2483=ORIENTED_EDGE('',*,*,#1817,.T.);
#2484=ORIENTED_EDGE('',*,*,#1918,.T.);
#2485=ORIENTED_EDGE('',*,*,#1921,.F.);
#2486=ORIENTED_EDGE('',*,*,#1920,.F.);
#2487=ORIENTED_EDGE('',*,*,#1766,.T.);
#2488=ORIENTED_EDGE('',*,*,#1948,.F.);
#2489=ORIENTED_EDGE('',*,*,#1946,.T.);
#2490=ORIENTED_EDGE('',*,*,#1926,.F.);
#2491=ORIENTED_EDGE('',*,*,#1925,.F.);
#2492=ORIENTED_EDGE('',*,*,#1779,.T.);
#2493=ORIENTED_EDGE('',*,*,#1949,.F.);
#2494=ORIENTED_EDGE('',*,*,#1950,.T.);
#2495=ORIENTED_EDGE('',*,*,#1931,.F.);
#2496=ORIENTED_EDGE('',*,*,#1930,.F.);
#2497=ORIENTED_EDGE('',*,*,#1792,.T.);
#2498=ORIENTED_EDGE('',*,*,#1951,.F.);
#2499=ORIENTED_EDGE('',*,*,#1952,.T.);
#2500=ORIENTED_EDGE('',*,*,#1927,.F.);
#2501=ORIENTED_EDGE('',*,*,#1950,.F.);
#2502=ORIENTED_EDGE('',*,*,#1953,.F.);
#2503=ORIENTED_EDGE('',*,*,#1797,.T.);
#2504=ORIENTED_EDGE('',*,*,#1923,.T.);
#2505=ORIENTED_EDGE('',*,*,#1912,.T.);
#2506=ORIENTED_EDGE('',*,*,#1943,.T.);
#2507=ORIENTED_EDGE('',*,*,#1954,.F.);
#2508=ORIENTED_EDGE('',*,*,#1793,.T.);
#2509=ORIENTED_EDGE('',*,*,#1907,.T.);
#2510=ORIENTED_EDGE('',*,*,#1932,.F.);
#2511=ORIENTED_EDGE('',*,*,#1952,.F.);
#2512=ORIENTED_EDGE('',*,*,#1955,.F.);
#2513=ORIENTED_EDGE('',*,*,#1811,.T.);
#2514=ORIENTED_EDGE('',*,*,#1928,.T.);
#2515=ORIENTED_EDGE('',*,*,#1906,.T.);
#2516=ORIENTED_EDGE('',*,*,#1939,.F.);
#2517=ORIENTED_EDGE('',*,*,#1956,.F.);
#2518=ORIENTED_EDGE('',*,*,#1807,.T.);
#2519=ORIENTED_EDGE('',*,*,#1901,.T.);
#2520=ORIENTED_EDGE('',*,*,#1937,.F.);
#2521=ORIENTED_EDGE('',*,*,#1945,.F.);
#2522=ORIENTED_EDGE('',*,*,#1957,.F.);
#2523=ORIENTED_EDGE('',*,*,#1823,.T.);
#2524=ORIENTED_EDGE('',*,*,#1933,.T.);
#2525=ORIENTED_EDGE('',*,*,#1917,.F.);
#2526=ORIENTED_EDGE('',*,*,#1941,.F.);
#2527=ORIENTED_EDGE('',*,*,#1958,.F.);
#2528=ORIENTED_EDGE('',*,*,#1803,.T.);
#2529=ORIENTED_EDGE('',*,*,#1913,.T.);
#2530=ORIENTED_EDGE('',*,*,#1959,.T.);
#2531=ORIENTED_EDGE('',*,*,#1960,.F.);
#2532=ORIENTED_EDGE('',*,*,#1934,.T.);
#2533=ORIENTED_EDGE('',*,*,#1961,.T.);
#2534=ORIENTED_EDGE('',*,*,#1962,.T.);
#2535=ORIENTED_EDGE('',*,*,#1963,.F.);
#2536=ORIENTED_EDGE('',*,*,#1715,.F.);
#2537=ORIENTED_EDGE('',*,*,#1960,.T.);
#2538=ORIENTED_EDGE('',*,*,#1964,.T.);
#2539=ORIENTED_EDGE('',*,*,#1965,.F.);
#2540=ORIENTED_EDGE('',*,*,#1966,.F.);
#2541=ORIENTED_EDGE('',*,*,#1963,.T.);
#2542=ORIENTED_EDGE('',*,*,#1967,.T.);
#2543=ORIENTED_EDGE('',*,*,#1961,.F.);
#2544=ORIENTED_EDGE('',*,*,#1828,.T.);
#2545=ORIENTED_EDGE('',*,*,#1965,.T.);
#2546=ORIENTED_EDGE('',*,*,#1959,.F.);
#2547=ORIENTED_EDGE('',*,*,#1967,.F.);
#2548=ORIENTED_EDGE('',*,*,#1964,.F.);
#2549=ORIENTED_EDGE('',*,*,#1962,.F.);
#2550=ORIENTED_EDGE('',*,*,#1968,.T.);
#2551=ORIENTED_EDGE('',*,*,#1969,.F.);
#2552=ORIENTED_EDGE('',*,*,#1929,.T.);
#2553=ORIENTED_EDGE('',*,*,#1970,.T.);
#2554=ORIENTED_EDGE('',*,*,#1971,.T.);
#2555=ORIENTED_EDGE('',*,*,#1972,.F.);
#2556=ORIENTED_EDGE('',*,*,#1787,.F.);
#2557=ORIENTED_EDGE('',*,*,#1969,.T.);
#2558=ORIENTED_EDGE('',*,*,#1973,.T.);
#2559=ORIENTED_EDGE('',*,*,#1974,.F.);
#2560=ORIENTED_EDGE('',*,*,#1975,.F.);
#2561=ORIENTED_EDGE('',*,*,#1972,.T.);
#2562=ORIENTED_EDGE('',*,*,#1976,.T.);
#2563=ORIENTED_EDGE('',*,*,#1970,.F.);
#2564=ORIENTED_EDGE('',*,*,#1816,.T.);
#2565=ORIENTED_EDGE('',*,*,#1974,.T.);
#2566=ORIENTED_EDGE('',*,*,#1968,.F.);
#2567=ORIENTED_EDGE('',*,*,#1976,.F.);
#2568=ORIENTED_EDGE('',*,*,#1973,.F.);
#2569=ORIENTED_EDGE('',*,*,#1971,.F.);
#2570=ORIENTED_EDGE('',*,*,#1977,.T.);
#2571=ORIENTED_EDGE('',*,*,#1978,.F.);
#2572=ORIENTED_EDGE('',*,*,#1924,.T.);
#2573=ORIENTED_EDGE('',*,*,#1979,.T.);
#2574=ORIENTED_EDGE('',*,*,#1980,.T.);
#2575=ORIENTED_EDGE('',*,*,#1981,.F.);
#2576=ORIENTED_EDGE('',*,*,#1774,.F.);
#2577=ORIENTED_EDGE('',*,*,#1978,.T.);
#2578=ORIENTED_EDGE('',*,*,#1982,.T.);
#2579=ORIENTED_EDGE('',*,*,#1983,.F.);
#2580=ORIENTED_EDGE('',*,*,#1984,.F.);
#2581=ORIENTED_EDGE('',*,*,#1981,.T.);
#2582=ORIENTED_EDGE('',*,*,#1985,.T.);
#2583=ORIENTED_EDGE('',*,*,#1979,.F.);
#2584=ORIENTED_EDGE('',*,*,#1802,.T.);
#2585=ORIENTED_EDGE('',*,*,#1983,.T.);
#2586=ORIENTED_EDGE('',*,*,#1977,.F.);
#2587=ORIENTED_EDGE('',*,*,#1985,.F.);
#2588=ORIENTED_EDGE('',*,*,#1982,.F.);
#2589=ORIENTED_EDGE('',*,*,#1980,.F.);
#2590=ORIENTED_EDGE('',*,*,#1986,.T.);
#2591=ORIENTED_EDGE('',*,*,#1987,.F.);
#2592=ORIENTED_EDGE('',*,*,#1919,.T.);
#2593=ORIENTED_EDGE('',*,*,#1988,.T.);
#2594=ORIENTED_EDGE('',*,*,#1989,.T.);
#2595=ORIENTED_EDGE('',*,*,#1990,.F.);
#2596=ORIENTED_EDGE('',*,*,#1761,.F.);
#2597=ORIENTED_EDGE('',*,*,#1987,.T.);
#2598=ORIENTED_EDGE('',*,*,#1991,.T.);
#2599=ORIENTED_EDGE('',*,*,#1992,.F.);
#2600=ORIENTED_EDGE('',*,*,#1993,.F.);
#2601=ORIENTED_EDGE('',*,*,#1990,.T.);
#2602=ORIENTED_EDGE('',*,*,#1994,.T.);
#2603=ORIENTED_EDGE('',*,*,#1988,.F.);
#2604=ORIENTED_EDGE('',*,*,#1822,.T.);
#2605=ORIENTED_EDGE('',*,*,#1992,.T.);
#2606=ORIENTED_EDGE('',*,*,#1986,.F.);
#2607=ORIENTED_EDGE('',*,*,#1994,.F.);
#2608=ORIENTED_EDGE('',*,*,#1991,.F.);
#2609=ORIENTED_EDGE('',*,*,#1989,.F.);
#2610=ORIENTED_EDGE('',*,*,#1995,.T.);
#2611=ORIENTED_EDGE('',*,*,#1996,.F.);
#2612=ORIENTED_EDGE('',*,*,#1914,.T.);
#2613=ORIENTED_EDGE('',*,*,#1997,.T.);
#2614=ORIENTED_EDGE('',*,*,#1998,.T.);
#2615=ORIENTED_EDGE('',*,*,#1999,.F.);
#2616=ORIENTED_EDGE('',*,*,#1748,.F.);
#2617=ORIENTED_EDGE('',*,*,#1996,.T.);
#2618=ORIENTED_EDGE('',*,*,#2000,.T.);
#2619=ORIENTED_EDGE('',*,*,#2001,.F.);
#2620=ORIENTED_EDGE('',*,*,#2002,.F.);
#2621=ORIENTED_EDGE('',*,*,#1999,.T.);
#2622=ORIENTED_EDGE('',*,*,#2003,.T.);
#2623=ORIENTED_EDGE('',*,*,#1997,.F.);
#2624=ORIENTED_EDGE('',*,*,#1806,.T.);
#2625=ORIENTED_EDGE('',*,*,#2001,.T.);
#2626=ORIENTED_EDGE('',*,*,#1995,.F.);
#2627=ORIENTED_EDGE('',*,*,#2003,.F.);
#2628=ORIENTED_EDGE('',*,*,#2000,.F.);
#2629=ORIENTED_EDGE('',*,*,#1998,.F.);
#2630=ORIENTED_EDGE('',*,*,#2004,.T.);
#2631=ORIENTED_EDGE('',*,*,#2005,.F.);
#2632=ORIENTED_EDGE('',*,*,#1908,.T.);
#2633=ORIENTED_EDGE('',*,*,#2006,.T.);
#2634=ORIENTED_EDGE('',*,*,#2007,.T.);
#2635=ORIENTED_EDGE('',*,*,#2008,.F.);
#2636=ORIENTED_EDGE('',*,*,#1737,.F.);
#2637=ORIENTED_EDGE('',*,*,#2005,.T.);
#2638=ORIENTED_EDGE('',*,*,#2009,.T.);
#2639=ORIENTED_EDGE('',*,*,#2010,.F.);
#2640=ORIENTED_EDGE('',*,*,#2011,.F.);
#2641=ORIENTED_EDGE('',*,*,#2008,.T.);
#2642=ORIENTED_EDGE('',*,*,#2012,.T.);
#2643=ORIENTED_EDGE('',*,*,#2006,.F.);
#2644=ORIENTED_EDGE('',*,*,#1796,.T.);
#2645=ORIENTED_EDGE('',*,*,#2010,.T.);
#2646=ORIENTED_EDGE('',*,*,#2004,.F.);
#2647=ORIENTED_EDGE('',*,*,#2012,.F.);
#2648=ORIENTED_EDGE('',*,*,#2009,.F.);
#2649=ORIENTED_EDGE('',*,*,#2007,.F.);
#2650=ORIENTED_EDGE('',*,*,#2013,.T.);
#2651=ORIENTED_EDGE('',*,*,#2014,.F.);
#2652=ORIENTED_EDGE('',*,*,#1902,.T.);
#2653=ORIENTED_EDGE('',*,*,#2015,.T.);
#2654=ORIENTED_EDGE('',*,*,#2016,.T.);
#2655=ORIENTED_EDGE('',*,*,#2017,.F.);
#2656=ORIENTED_EDGE('',*,*,#1726,.F.);
#2657=ORIENTED_EDGE('',*,*,#2014,.T.);
#2658=ORIENTED_EDGE('',*,*,#2018,.T.);
#2659=ORIENTED_EDGE('',*,*,#2019,.F.);
#2660=ORIENTED_EDGE('',*,*,#2020,.F.);
#2661=ORIENTED_EDGE('',*,*,#2017,.T.);
#2662=ORIENTED_EDGE('',*,*,#2021,.T.);
#2663=ORIENTED_EDGE('',*,*,#2015,.F.);
#2664=ORIENTED_EDGE('',*,*,#1810,.T.);
#2665=ORIENTED_EDGE('',*,*,#2019,.T.);
#2666=ORIENTED_EDGE('',*,*,#2013,.F.);
#2667=ORIENTED_EDGE('',*,*,#2021,.F.);
#2668=ORIENTED_EDGE('',*,*,#2018,.F.);
#2669=ORIENTED_EDGE('',*,*,#2016,.F.);
#2670=ORIENTED_EDGE('',*,*,#2022,.F.);
#2671=ORIENTED_EDGE('',*,*,#2023,.T.);
#2672=ORIENTED_EDGE('',*,*,#2024,.F.);
#2673=ORIENTED_EDGE('',*,*,#2025,.F.);
#2674=ORIENTED_EDGE('',*,*,#1795,.F.);
#2675=ORIENTED_EDGE('',*,*,#2026,.F.);
#2676=ORIENTED_EDGE('',*,*,#2023,.F.);
#2677=ORIENTED_EDGE('',*,*,#2027,.F.);
#2678=ORIENTED_EDGE('',*,*,#2028,.T.);
#2679=ORIENTED_EDGE('',*,*,#2029,.F.);
#2680=ORIENTED_EDGE('',*,*,#1727,.F.);
#2681=ORIENTED_EDGE('',*,*,#1722,.F.);
#2682=ORIENTED_EDGE('',*,*,#2022,.T.);
#2683=ORIENTED_EDGE('',*,*,#2030,.T.);
#2684=ORIENTED_EDGE('',*,*,#2031,.T.);
#2685=ORIENTED_EDGE('',*,*,#2027,.T.);
#2686=ORIENTED_EDGE('',*,*,#2031,.F.);
#2687=ORIENTED_EDGE('',*,*,#2032,.T.);
#2688=ORIENTED_EDGE('',*,*,#2033,.F.);
#2689=ORIENTED_EDGE('',*,*,#2028,.F.);
#2690=ORIENTED_EDGE('',*,*,#2034,.F.);
#2691=ORIENTED_EDGE('',*,*,#2035,.T.);
#2692=ORIENTED_EDGE('',*,*,#2036,.F.);
#2693=ORIENTED_EDGE('',*,*,#2032,.F.);
#2694=ORIENTED_EDGE('',*,*,#2030,.F.);
#2695=ORIENTED_EDGE('',*,*,#2025,.T.);
#2696=ORIENTED_EDGE('',*,*,#2037,.F.);
#2697=ORIENTED_EDGE('',*,*,#2038,.F.);
#2698=ORIENTED_EDGE('',*,*,#2034,.T.);
#2699=ORIENTED_EDGE('',*,*,#2039,.T.);
#2700=ORIENTED_EDGE('',*,*,#2040,.T.);
#2701=ORIENTED_EDGE('',*,*,#2041,.T.);
#2702=ORIENTED_EDGE('',*,*,#1750,.T.);
#2703=ORIENTED_EDGE('',*,*,#2042,.T.);
#2704=ORIENTED_EDGE('',*,*,#1820,.T.);
#2705=ORIENTED_EDGE('',*,*,#2043,.T.);
#2706=ORIENTED_EDGE('',*,*,#1763,.T.);
#2707=ORIENTED_EDGE('',*,*,#2044,.T.);
#2708=ORIENTED_EDGE('',*,*,#1800,.T.);
#2709=ORIENTED_EDGE('',*,*,#2045,.T.);
#2710=ORIENTED_EDGE('',*,*,#1776,.T.);
#2711=ORIENTED_EDGE('',*,*,#2046,.T.);
#2712=ORIENTED_EDGE('',*,*,#1814,.T.);
#2713=ORIENTED_EDGE('',*,*,#2047,.T.);
#2714=ORIENTED_EDGE('',*,*,#1789,.T.);
#2715=ORIENTED_EDGE('',*,*,#2048,.T.);
#2716=ORIENTED_EDGE('',*,*,#1826,.T.);
#2717=ORIENTED_EDGE('',*,*,#2049,.T.);
#2718=ORIENTED_EDGE('',*,*,#2050,.T.);
#2719=ORIENTED_EDGE('',*,*,#2051,.T.);
#2720=ORIENTED_EDGE('',*,*,#2044,.F.);
#2721=ORIENTED_EDGE('',*,*,#1762,.F.);
#2722=ORIENTED_EDGE('',*,*,#1757,.F.);
#2723=ORIENTED_EDGE('',*,*,#1801,.T.);
#2724=ORIENTED_EDGE('',*,*,#2052,.F.);
#2725=ORIENTED_EDGE('',*,*,#1716,.F.);
#2726=ORIENTED_EDGE('',*,*,#1711,.F.);
#2727=ORIENTED_EDGE('',*,*,#1809,.T.);
#2728=ORIENTED_EDGE('',*,*,#1744,.F.);
#2729=ORIENTED_EDGE('',*,*,#1821,.T.);
#2730=ORIENTED_EDGE('',*,*,#2042,.F.);
#2731=ORIENTED_EDGE('',*,*,#1749,.F.);
#2732=ORIENTED_EDGE('',*,*,#1770,.F.);
#2733=ORIENTED_EDGE('',*,*,#1815,.T.);
#2734=ORIENTED_EDGE('',*,*,#2046,.F.);
#2735=ORIENTED_EDGE('',*,*,#1775,.F.);
#2736=ORIENTED_EDGE('',*,*,#1733,.F.);
#2737=ORIENTED_EDGE('',*,*,#1805,.T.);
#2738=ORIENTED_EDGE('',*,*,#2053,.F.);
#2739=ORIENTED_EDGE('',*,*,#1738,.F.);
#2740=ORIENTED_EDGE('',*,*,#1783,.F.);
#2741=ORIENTED_EDGE('',*,*,#1827,.T.);
#2742=ORIENTED_EDGE('',*,*,#2048,.F.);
#2743=ORIENTED_EDGE('',*,*,#1788,.F.);
#2744=ORIENTED_EDGE('',*,*,#1739,.T.);
#2745=ORIENTED_EDGE('',*,*,#2053,.T.);
#2746=ORIENTED_EDGE('',*,*,#1804,.T.);
#2747=ORIENTED_EDGE('',*,*,#1958,.T.);
#2748=ORIENTED_EDGE('',*,*,#1940,.T.);
#2749=ORIENTED_EDGE('',*,*,#1752,.T.);
#2750=ORIENTED_EDGE('',*,*,#2054,.T.);
#2751=ORIENTED_EDGE('',*,*,#2055,.T.);
#2752=ORIENTED_EDGE('',*,*,#2056,.T.);
#2753=ORIENTED_EDGE('',*,*,#2037,.T.);
#2754=ORIENTED_EDGE('',*,*,#2024,.T.);
#2755=ORIENTED_EDGE('',*,*,#2026,.T.);
#2756=ORIENTED_EDGE('',*,*,#1794,.T.);
#2757=ORIENTED_EDGE('',*,*,#1954,.T.);
#2758=ORIENTED_EDGE('',*,*,#1942,.T.);
#2759=ORIENTED_EDGE('',*,*,#2057,.T.);
#2760=ORIENTED_EDGE('',*,*,#1713,.T.);
#2761=ORIENTED_EDGE('',*,*,#1966,.T.);
#2762=ORIENTED_EDGE('',*,*,#1785,.T.);
#2763=ORIENTED_EDGE('',*,*,#1975,.T.);
#2764=ORIENTED_EDGE('',*,*,#1772,.T.);
#2765=ORIENTED_EDGE('',*,*,#1984,.T.);
#2766=ORIENTED_EDGE('',*,*,#1759,.T.);
#2767=ORIENTED_EDGE('',*,*,#1993,.T.);
#2768=ORIENTED_EDGE('',*,*,#1746,.T.);
#2769=ORIENTED_EDGE('',*,*,#2002,.T.);
#2770=ORIENTED_EDGE('',*,*,#1735,.T.);
#2771=ORIENTED_EDGE('',*,*,#2011,.T.);
#2772=ORIENTED_EDGE('',*,*,#1724,.T.);
#2773=ORIENTED_EDGE('',*,*,#2020,.T.);
#2774=ORIENTED_EDGE('',*,*,#1896,.T.);
#2775=ORIENTED_EDGE('',*,*,#1899,.T.);
#2776=ORIENTED_EDGE('',*,*,#1892,.T.);
#2777=ORIENTED_EDGE('',*,*,#1887,.T.);
#2778=ORIENTED_EDGE('',*,*,#1890,.T.);
#2779=ORIENTED_EDGE('',*,*,#1883,.T.);
#2780=ORIENTED_EDGE('',*,*,#1878,.T.);
#2781=ORIENTED_EDGE('',*,*,#1881,.T.);
#2782=ORIENTED_EDGE('',*,*,#1874,.T.);
#2783=ORIENTED_EDGE('',*,*,#1869,.T.);
#2784=ORIENTED_EDGE('',*,*,#1872,.T.);
#2785=ORIENTED_EDGE('',*,*,#1865,.T.);
#2786=ORIENTED_EDGE('',*,*,#1860,.T.);
#2787=ORIENTED_EDGE('',*,*,#1863,.T.);
#2788=ORIENTED_EDGE('',*,*,#1856,.T.);
#2789=ORIENTED_EDGE('',*,*,#1851,.T.);
#2790=ORIENTED_EDGE('',*,*,#1854,.T.);
#2791=ORIENTED_EDGE('',*,*,#1847,.T.);
#2792=ORIENTED_EDGE('',*,*,#1842,.T.);
#2793=ORIENTED_EDGE('',*,*,#1845,.T.);
#2794=ORIENTED_EDGE('',*,*,#1838,.T.);
#2795=ORIENTED_EDGE('',*,*,#1833,.T.);
#2796=ORIENTED_EDGE('',*,*,#1836,.T.);
#2797=ORIENTED_EDGE('',*,*,#1829,.T.);
#2798=ORIENTED_EDGE('',*,*,#2058,.F.);
#2799=ORIENTED_EDGE('',*,*,#2059,.T.);
#2800=ORIENTED_EDGE('',*,*,#2060,.F.);
#2801=ORIENTED_EDGE('',*,*,#2059,.F.);
#2802=ORIENTED_EDGE('',*,*,#2058,.T.);
#2803=ORIENTED_EDGE('',*,*,#2061,.F.);
#2804=ORIENTED_EDGE('',*,*,#2062,.T.);
#2805=ORIENTED_EDGE('',*,*,#2063,.F.);
#2806=ORIENTED_EDGE('',*,*,#2062,.F.);
#2807=ORIENTED_EDGE('',*,*,#2061,.T.);
#2808=ORIENTED_EDGE('',*,*,#2064,.F.);
#2809=ORIENTED_EDGE('',*,*,#2065,.T.);
#2810=ORIENTED_EDGE('',*,*,#2057,.F.);
#2811=ORIENTED_EDGE('',*,*,#2065,.F.);
#2812=ORIENTED_EDGE('',*,*,#2064,.T.);
#2813=ORIENTED_EDGE('',*,*,#2066,.F.);
#2814=ORIENTED_EDGE('',*,*,#2067,.T.);
#2815=ORIENTED_EDGE('',*,*,#2068,.F.);
#2816=ORIENTED_EDGE('',*,*,#2067,.F.);
#2817=ORIENTED_EDGE('',*,*,#2066,.T.);
#2818=ORIENTED_EDGE('',*,*,#2039,.F.);
#2819=ORIENTED_EDGE('',*,*,#2038,.T.);
#2820=ORIENTED_EDGE('',*,*,#2056,.F.);
#2821=ORIENTED_EDGE('',*,*,#2069,.F.);
#2822=ORIENTED_EDGE('',*,*,#2040,.F.);
#2823=ORIENTED_EDGE('',*,*,#2069,.T.);
#2824=ORIENTED_EDGE('',*,*,#2055,.F.);
#2825=ORIENTED_EDGE('',*,*,#2070,.F.);
#2826=ORIENTED_EDGE('',*,*,#2041,.F.);
#2827=ORIENTED_EDGE('',*,*,#2070,.T.);
#2828=ORIENTED_EDGE('',*,*,#2054,.F.);
#2829=ORIENTED_EDGE('',*,*,#1751,.F.);
#2830=ORIENTED_EDGE('',*,*,#2049,.F.);
#2831=ORIENTED_EDGE('',*,*,#1825,.T.);
#2832=ORIENTED_EDGE('',*,*,#2071,.F.);
#2833=ORIENTED_EDGE('',*,*,#2072,.F.);
#2834=ORIENTED_EDGE('',*,*,#2050,.F.);
#2835=ORIENTED_EDGE('',*,*,#2072,.T.);
#2836=ORIENTED_EDGE('',*,*,#2073,.F.);
#2837=ORIENTED_EDGE('',*,*,#2074,.F.);
#2838=ORIENTED_EDGE('',*,*,#2051,.F.);
#2839=ORIENTED_EDGE('',*,*,#2074,.T.);
#2840=ORIENTED_EDGE('',*,*,#2075,.F.);
#2841=ORIENTED_EDGE('',*,*,#2035,.F.);
#2842=ORIENTED_EDGE('',*,*,#1808,.T.);
#2843=ORIENTED_EDGE('',*,*,#1956,.T.);
#2844=ORIENTED_EDGE('',*,*,#1938,.T.);
#2845=ORIENTED_EDGE('',*,*,#1728,.T.);
#2846=ORIENTED_EDGE('',*,*,#2029,.T.);
#2847=ORIENTED_EDGE('',*,*,#2033,.T.);
#2848=ORIENTED_EDGE('',*,*,#2036,.T.);
#2849=ORIENTED_EDGE('',*,*,#2075,.T.);
#2850=ORIENTED_EDGE('',*,*,#2073,.T.);
#2851=ORIENTED_EDGE('',*,*,#2071,.T.);
#2852=ORIENTED_EDGE('',*,*,#1824,.T.);
#2853=ORIENTED_EDGE('',*,*,#1957,.T.);
#2854=ORIENTED_EDGE('',*,*,#1944,.T.);
#2855=ORIENTED_EDGE('',*,*,#1717,.T.);
#2856=ORIENTED_EDGE('',*,*,#2052,.T.);
#2857=ORIENTED_EDGE('',*,*,#2063,.T.);
#2858=ORIENTED_EDGE('',*,*,#2043,.F.);
#2859=ORIENTED_EDGE('',*,*,#1819,.T.);
#2860=ORIENTED_EDGE('',*,*,#2076,.F.);
#2861=ORIENTED_EDGE('',*,*,#1764,.F.);
#2862=ORIENTED_EDGE('',*,*,#1947,.T.);
#2863=ORIENTED_EDGE('',*,*,#1948,.T.);
#2864=ORIENTED_EDGE('',*,*,#1765,.T.);
#2865=ORIENTED_EDGE('',*,*,#2076,.T.);
#2866=ORIENTED_EDGE('',*,*,#1818,.T.);
#2867=ORIENTED_EDGE('',*,*,#2060,.T.);
#2868=ORIENTED_EDGE('',*,*,#2047,.F.);
#2869=ORIENTED_EDGE('',*,*,#1813,.T.);
#2870=ORIENTED_EDGE('',*,*,#2077,.F.);
#2871=ORIENTED_EDGE('',*,*,#1790,.F.);
#2872=ORIENTED_EDGE('',*,*,#1955,.T.);
#2873=ORIENTED_EDGE('',*,*,#1951,.T.);
#2874=ORIENTED_EDGE('',*,*,#1791,.T.);
#2875=ORIENTED_EDGE('',*,*,#2077,.T.);
#2876=ORIENTED_EDGE('',*,*,#1812,.T.);
#2877=ORIENTED_EDGE('',*,*,#2068,.T.);
#2878=ORIENTED_EDGE('',*,*,#2045,.F.);
#2879=ORIENTED_EDGE('',*,*,#1799,.T.);
#2880=ORIENTED_EDGE('',*,*,#2078,.F.);
#2881=ORIENTED_EDGE('',*,*,#1777,.F.);
#2882=ORIENTED_EDGE('',*,*,#1953,.T.);
#2883=ORIENTED_EDGE('',*,*,#1949,.T.);
#2884=ORIENTED_EDGE('',*,*,#1778,.T.);
#2885=ORIENTED_EDGE('',*,*,#2078,.T.);
#2886=ORIENTED_EDGE('',*,*,#1798,.T.);
#2887=CYLINDRICAL_SURFACE('',#3080,0.999999999999996);
#2888=CYLINDRICAL_SURFACE('',#3084,0.999999999999996);
#2889=CYLINDRICAL_SURFACE('',#3088,0.999999999999996);
#2890=CYLINDRICAL_SURFACE('',#3092,0.999999999999996);
#2891=CYLINDRICAL_SURFACE('',#3230,0.999999999999996);
#2892=CYLINDRICAL_SURFACE('',#3234,0.999999999999996);
#2893=CYLINDRICAL_SURFACE('',#3238,0.999999999999996);
#2894=CYLINDRICAL_SURFACE('',#3241,0.999999999999996);
#2895=ADVANCED_FACE('',(#305),#2887,.T.);
#2896=ADVANCED_FACE('',(#306),#151,.T.);
#2897=ADVANCED_FACE('',(#307),#2888,.T.);
#2898=ADVANCED_FACE('',(#308),#152,.T.);
#2899=ADVANCED_FACE('',(#309),#2889,.T.);
#2900=ADVANCED_FACE('',(#310),#153,.T.);
#2901=ADVANCED_FACE('',(#311),#2890,.T.);
#2902=ADVANCED_FACE('',(#312),#154,.T.);
#2903=ADVANCED_FACE('',(#313),#155,.T.);
#2904=ADVANCED_FACE('',(#314),#156,.T.);
#2905=ADVANCED_FACE('',(#315),#157,.T.);
#2906=ADVANCED_FACE('',(#316),#158,.T.);
#2907=ADVANCED_FACE('',(#317),#159,.T.);
#2908=ADVANCED_FACE('',(#318),#160,.T.);
#2909=ADVANCED_FACE('',(#319),#161,.T.);
#2910=ADVANCED_FACE('',(#320,#135,#136,#137,#138),#162,.T.);
#2911=ADVANCED_FACE('',(#321),#163,.F.);
#2912=ADVANCED_FACE('',(#322),#164,.T.);
#2913=ADVANCED_FACE('',(#323),#165,.F.);
#2914=ADVANCED_FACE('',(#324),#166,.F.);
#2915=ADVANCED_FACE('',(#325),#167,.T.);
#2916=ADVANCED_FACE('',(#326),#168,.F.);
#2917=ADVANCED_FACE('',(#327),#169,.F.);
#2918=ADVANCED_FACE('',(#328),#170,.T.);
#2919=ADVANCED_FACE('',(#329),#171,.F.);
#2920=ADVANCED_FACE('',(#330),#172,.F.);
#2921=ADVANCED_FACE('',(#331),#173,.T.);
#2922=ADVANCED_FACE('',(#332),#174,.F.);
#2923=ADVANCED_FACE('',(#333),#175,.F.);
#2924=ADVANCED_FACE('',(#334),#176,.T.);
#2925=ADVANCED_FACE('',(#335),#177,.F.);
#2926=ADVANCED_FACE('',(#336),#178,.T.);
#2927=ADVANCED_FACE('',(#337),#179,.T.);
#2928=ADVANCED_FACE('',(#338),#180,.F.);
#2929=ADVANCED_FACE('',(#339),#181,.F.);
#2930=ADVANCED_FACE('',(#340),#182,.T.);
#2931=ADVANCED_FACE('',(#341),#183,.F.);
#2932=ADVANCED_FACE('',(#342),#184,.F.);
#2933=ADVANCED_FACE('',(#343),#185,.F.);
#2934=ADVANCED_FACE('',(#344),#186,.T.);
#2935=ADVANCED_FACE('',(#345),#187,.F.);
#2936=ADVANCED_FACE('',(#346),#188,.F.);
#2937=ADVANCED_FACE('',(#347),#189,.F.);
#2938=ADVANCED_FACE('',(#348),#190,.F.);
#2939=ADVANCED_FACE('',(#349),#191,.F.);
#2940=ADVANCED_FACE('',(#350),#192,.F.);
#2941=ADVANCED_FACE('',(#351),#29,.F.);
#2942=ADVANCED_FACE('',(#352),#193,.F.);
#2943=ADVANCED_FACE('',(#353),#194,.T.);
#2944=ADVANCED_FACE('',(#354),#195,.F.);
#2945=ADVANCED_FACE('',(#355),#196,.F.);
#2946=ADVANCED_FACE('',(#356),#30,.F.);
#2947=ADVANCED_FACE('',(#357),#197,.T.);
#2948=ADVANCED_FACE('',(#358),#198,.F.);
#2949=ADVANCED_FACE('',(#359),#31,.F.);
#2950=ADVANCED_FACE('',(#360),#199,.F.);
#2951=ADVANCED_FACE('',(#361),#200,.T.);
#2952=ADVANCED_FACE('',(#362),#201,.F.);
#2953=ADVANCED_FACE('',(#363),#202,.F.);
#2954=ADVANCED_FACE('',(#364),#32,.F.);
#2955=ADVANCED_FACE('',(#365),#203,.T.);
#2956=ADVANCED_FACE('',(#366),#204,.F.);
#2957=ADVANCED_FACE('',(#367),#33,.F.);
#2958=ADVANCED_FACE('',(#368),#205,.F.);
#2959=ADVANCED_FACE('',(#369),#206,.T.);
#2960=ADVANCED_FACE('',(#370),#207,.F.);
#2961=ADVANCED_FACE('',(#371),#208,.F.);
#2962=ADVANCED_FACE('',(#372),#34,.F.);
#2963=ADVANCED_FACE('',(#373),#209,.T.);
#2964=ADVANCED_FACE('',(#374),#210,.F.);
#2965=ADVANCED_FACE('',(#375),#35,.F.);
#2966=ADVANCED_FACE('',(#376),#211,.F.);
#2967=ADVANCED_FACE('',(#377),#212,.T.);
#2968=ADVANCED_FACE('',(#378),#213,.F.);
#2969=ADVANCED_FACE('',(#379),#214,.F.);
#2970=ADVANCED_FACE('',(#380),#36,.F.);
#2971=ADVANCED_FACE('',(#381),#215,.T.);
#2972=ADVANCED_FACE('',(#382),#216,.T.);
#2973=ADVANCED_FACE('',(#383),#217,.F.);
#2974=ADVANCED_FACE('',(#384),#218,.T.);
#2975=ADVANCED_FACE('',(#385),#219,.F.);
#2976=ADVANCED_FACE('',(#386),#220,.T.);
#2977=ADVANCED_FACE('',(#387),#221,.T.);
#2978=ADVANCED_FACE('',(#388),#222,.T.);
#2979=ADVANCED_FACE('',(#389),#223,.T.);
#2980=ADVANCED_FACE('',(#390),#224,.T.);
#2981=ADVANCED_FACE('',(#391),#225,.T.);
#2982=ADVANCED_FACE('',(#392),#226,.T.);
#2983=ADVANCED_FACE('',(#393),#227,.T.);
#2984=ADVANCED_FACE('',(#394),#228,.T.);
#2985=ADVANCED_FACE('',(#395),#229,.T.);
#2986=ADVANCED_FACE('',(#396),#230,.T.);
#2987=ADVANCED_FACE('',(#397),#231,.T.);
#2988=ADVANCED_FACE('',(#398),#232,.T.);
#2989=ADVANCED_FACE('',(#399),#233,.T.);
#2990=ADVANCED_FACE('',(#400),#234,.T.);
#2991=ADVANCED_FACE('',(#401),#235,.T.);
#2992=ADVANCED_FACE('',(#402),#236,.T.);
#2993=ADVANCED_FACE('',(#403),#237,.T.);
#2994=ADVANCED_FACE('',(#404),#238,.T.);
#2995=ADVANCED_FACE('',(#405),#239,.T.);
#2996=ADVANCED_FACE('',(#406),#240,.T.);
#2997=ADVANCED_FACE('',(#407),#241,.T.);
#2998=ADVANCED_FACE('',(#408),#242,.T.);
#2999=ADVANCED_FACE('',(#409),#243,.T.);
#3000=ADVANCED_FACE('',(#410),#244,.T.);
#3001=ADVANCED_FACE('',(#411),#245,.T.);
#3002=ADVANCED_FACE('',(#412),#246,.T.);
#3003=ADVANCED_FACE('',(#413),#247,.T.);
#3004=ADVANCED_FACE('',(#414),#248,.T.);
#3005=ADVANCED_FACE('',(#415),#249,.T.);
#3006=ADVANCED_FACE('',(#416),#250,.T.);
#3007=ADVANCED_FACE('',(#417),#251,.T.);
#3008=ADVANCED_FACE('',(#418),#252,.T.);
#3009=ADVANCED_FACE('',(#419),#253,.T.);
#3010=ADVANCED_FACE('',(#420),#254,.T.);
#3011=ADVANCED_FACE('',(#421),#255,.T.);
#3012=ADVANCED_FACE('',(#422),#256,.T.);
#3013=ADVANCED_FACE('',(#423),#257,.T.);
#3014=ADVANCED_FACE('',(#424),#258,.T.);
#3015=ADVANCED_FACE('',(#425),#259,.T.);
#3016=ADVANCED_FACE('',(#426),#260,.T.);
#3017=ADVANCED_FACE('',(#427),#261,.T.);
#3018=ADVANCED_FACE('',(#428),#262,.T.);
#3019=ADVANCED_FACE('',(#429),#263,.T.);
#3020=ADVANCED_FACE('',(#430),#264,.T.);
#3021=ADVANCED_FACE('',(#431),#265,.T.);
#3022=ADVANCED_FACE('',(#432),#266,.T.);
#3023=ADVANCED_FACE('',(#433),#267,.T.);
#3024=ADVANCED_FACE('',(#434),#268,.T.);
#3025=ADVANCED_FACE('',(#435),#269,.T.);
#3026=ADVANCED_FACE('',(#436),#270,.T.);
#3027=ADVANCED_FACE('',(#437),#271,.T.);
#3028=ADVANCED_FACE('',(#438),#272,.T.);
#3029=ADVANCED_FACE('',(#439),#273,.T.);
#3030=ADVANCED_FACE('',(#440),#274,.T.);
#3031=ADVANCED_FACE('',(#441),#275,.F.);
#3032=ADVANCED_FACE('',(#442),#276,.T.);
#3033=ADVANCED_FACE('',(#443),#277,.T.);
#3034=ADVANCED_FACE('',(#444),#278,.T.);
#3035=ADVANCED_FACE('',(#445),#279,.F.);
#3036=ADVANCED_FACE('',(#446),#280,.F.);
#3037=ADVANCED_FACE('',(#447),#281,.F.);
#3038=ADVANCED_FACE('',(#448),#282,.F.);
#3039=ADVANCED_FACE('',(#449),#283,.F.);
#3040=ADVANCED_FACE('',(#450),#284,.F.);
#3041=ADVANCED_FACE('',(#451),#285,.F.);
#3042=ADVANCED_FACE('',(#452,#139),#286,.T.);
#3043=ADVANCED_FACE('',(#453,#140,#141,#142,#143,#144,#145,#146,#147),#287,
 .T.);
#3044=ADVANCED_FACE('',(#454),#2891,.T.);
#3045=ADVANCED_FACE('',(#455),#288,.F.);
#3046=ADVANCED_FACE('',(#456),#2892,.T.);
#3047=ADVANCED_FACE('',(#457),#289,.F.);
#3048=ADVANCED_FACE('',(#458),#2893,.T.);
#3049=ADVANCED_FACE('',(#459),#290,.F.);
#3050=ADVANCED_FACE('',(#460),#2894,.T.);
#3051=ADVANCED_FACE('',(#461),#291,.F.);
#3052=ADVANCED_FACE('',(#462),#292,.T.);
#3053=ADVANCED_FACE('',(#463),#293,.T.);
#3054=ADVANCED_FACE('',(#464),#294,.T.);
#3055=ADVANCED_FACE('',(#465),#295,.T.);
#3056=ADVANCED_FACE('',(#466),#296,.T.);
#3057=ADVANCED_FACE('',(#467),#297,.T.);
#3058=ADVANCED_FACE('',(#468,#148),#298,.T.);
#3059=ADVANCED_FACE('',(#469),#299,.T.);
#3060=ADVANCED_FACE('',(#470,#149),#300,.T.);
#3061=ADVANCED_FACE('',(#471),#301,.T.);
#3062=ADVANCED_FACE('',(#472,#150),#302,.T.);
#3063=ADVANCED_FACE('',(#473),#303,.T.);
#3064=ADVANCED_FACE('',(#474),#304,.T.);
#3065=CLOSED_SHELL('',(#2895,#2896,#2897,#2898,#2899,#2900,#2901,#2902,
#2903,#2904,#2905,#2906,#2907,#2908,#2909,#2910,#2911));
#3066=CLOSED_SHELL('',(#2912,#2913,#2914,#2915,#2916,#2917,#2918,#2919,
#2920,#2921,#2922,#2923,#2924,#2925,#2926,#2927,#2928,#2929,#2930,#2931,
#2932,#2933,#2934,#2935,#2936,#2937,#2938,#2939,#2940,#2941,#2942,#2943,
#2944,#2945,#2946,#2947,#2948,#2949,#2950,#2951,#2952,#2953,#2954,#2955,
#2956,#2957,#2958,#2959,#2960,#2961,#2962,#2963,#2964,#2965,#2966,#2967,
#2968,#2969,#2970,#2971,#2972,#2973,#2974,#2975,#2976,#2977,#2978,#2979,
#2980,#2981,#2982,#2983,#2984,#2985,#2986,#2987,#2988,#2989,#2990,#2991,
#2992,#2993,#2994,#2995,#2996,#2997,#2998,#2999,#3000,#3001,#3002,#3003,
#3004,#3005,#3006,#3007,#3008,#3009,#3010,#3011,#3012,#3013,#3014,#3015,
#3016,#3017,#3018,#3019,#3020,#3021,#3022,#3023,#3024,#3025,#3026,#3027,
#3028,#3029,#3030,#3031,#3032,#3033,#3034,#3035,#3036,#3037,#3038,#3039,
#3040,#3041,#3042,#3043,#3044,#3045,#3046,#3047,#3048,#3049,#3050,#3051,
#3052,#3053,#3054,#3055,#3056,#3057,#3058,#3059,#3060,#3061,#3062,#3063,
#3064));
#3067=DERIVED_UNIT_ELEMENT(#3069,1.);
#3068=DERIVED_UNIT_ELEMENT(#4928,-3.);
#3069=(
MASS_UNIT()
NAMED_UNIT(*)
SI_UNIT(.KILO.,.GRAM.)
);
#3070=DERIVED_UNIT((#3067,#3068));
#3071=MEASURE_REPRESENTATION_ITEM('density measure',
POSITIVE_RATIO_MEASURE(7850.),#3070);
#3072=PROPERTY_DEFINITION_REPRESENTATION(#3077,#3074);
#3073=PROPERTY_DEFINITION_REPRESENTATION(#3078,#3075);
#3074=REPRESENTATION('material name',(#3076),#4925);
#3075=REPRESENTATION('density',(#3071),#4925);
#3076=DESCRIPTIVE_REPRESENTATION_ITEM('Acciaio','Acciaio');
#3077=PROPERTY_DEFINITION('material property','material name',#4935);
#3078=PROPERTY_DEFINITION('material property','density of part',#4935);
#3079=AXIS2_PLACEMENT_3D('',#3988,#3258,#3259);
#3080=AXIS2_PLACEMENT_3D('',#3989,#3260,#3261);
#3081=AXIS2_PLACEMENT_3D('',#3991,#3262,#3263);
#3082=AXIS2_PLACEMENT_3D('',#3994,#3265,#3266);
#3083=AXIS2_PLACEMENT_3D('',#3995,#3267,#3268);
#3084=AXIS2_PLACEMENT_3D('',#3996,#3269,#3270);
#3085=AXIS2_PLACEMENT_3D('',#3998,#3271,#3272);
#3086=AXIS2_PLACEMENT_3D('',#4001,#3274,#3275);
#3087=AXIS2_PLACEMENT_3D('',#4002,#3276,#3277);
#3088=AXIS2_PLACEMENT_3D('',#4003,#3278,#3279);
#3089=AXIS2_PLACEMENT_3D('',#4005,#3280,#3281);
#3090=AXIS2_PLACEMENT_3D('',#4008,#3283,#3284);
#3091=AXIS2_PLACEMENT_3D('',#4009,#3285,#3286);
#3092=AXIS2_PLACEMENT_3D('',#4010,#3287,#3288);
#3093=AXIS2_PLACEMENT_3D('',#4012,#3289,#3290);
#3094=AXIS2_PLACEMENT_3D('',#4015,#3292,#3293);
#3095=AXIS2_PLACEMENT_3D('',#4016,#3294,#3295);
#3096=AXIS2_PLACEMENT_3D('',#4017,#3296,#3297);
#3097=AXIS2_PLACEMENT_3D('',#4026,#3302,#3303);
#3098=AXIS2_PLACEMENT_3D('',#4032,#3307,#3308);
#3099=AXIS2_PLACEMENT_3D('',#4038,#3312,#3313);
#3100=AXIS2_PLACEMENT_3D('',#4044,#3317,#3318);
#3101=AXIS2_PLACEMENT_3D('',#4050,#3322,#3323);
#3102=AXIS2_PLACEMENT_3D('',#4056,#3327,#3328);
#3103=AXIS2_PLACEMENT_3D('',#4059,#3331,#3332);
#3104=AXIS2_PLACEMENT_3D('',#4060,#3333,#3334);
#3105=AXIS2_PLACEMENT_3D('',#4061,#3335,#3336);
#3106=AXIS2_PLACEMENT_3D('',#4070,#3341,#3342);
#3107=AXIS2_PLACEMENT_3D('',#4076,#3346,#3347);
#3108=AXIS2_PLACEMENT_3D('',#4084,#3352,#3353);
#3109=AXIS2_PLACEMENT_3D('',#4093,#3358,#3359);
#3110=AXIS2_PLACEMENT_3D('',#4099,#3363,#3364);
#3111=AXIS2_PLACEMENT_3D('',#4107,#3369,#3370);
#3112=AXIS2_PLACEMENT_3D('',#4116,#3375,#3376);
#3113=AXIS2_PLACEMENT_3D('',#4122,#3380,#3381);
#3114=AXIS2_PLACEMENT_3D('',#4130,#3386,#3387);
#3115=AXIS2_PLACEMENT_3D('',#4139,#3392,#3393);
#3116=AXIS2_PLACEMENT_3D('',#4145,#3397,#3398);
#3117=AXIS2_PLACEMENT_3D('',#4157,#3405,#3406);
#3118=AXIS2_PLACEMENT_3D('',#4166,#3411,#3412);
#3119=AXIS2_PLACEMENT_3D('',#4172,#3416,#3417);
#3120=AXIS2_PLACEMENT_3D('',#4184,#3424,#3425);
#3121=AXIS2_PLACEMENT_3D('',#4193,#3430,#3431);
#3122=AXIS2_PLACEMENT_3D('',#4199,#3435,#3436);
#3123=AXIS2_PLACEMENT_3D('',#4211,#3443,#3444);
#3124=AXIS2_PLACEMENT_3D('',#4220,#3449,#3450);
#3125=AXIS2_PLACEMENT_3D('',#4226,#3454,#3455);
#3126=AXIS2_PLACEMENT_3D('',#4238,#3462,#3463);
#3127=AXIS2_PLACEMENT_3D('',#4246,#3468,#3469);
#3128=AXIS2_PLACEMENT_3D('',#4258,#3476,#3477);
#3129=AXIS2_PLACEMENT_3D('',#4266,#3482,#3483);
#3130=AXIS2_PLACEMENT_3D('',#4274,#3488,#3489);
#3131=AXIS2_PLACEMENT_3D('',#4286,#3496,#3497);
#3132=AXIS2_PLACEMENT_3D('',#4298,#3504,#3505);
#3133=AXIS2_PLACEMENT_3D('',#4310,#3512,#3513);
#3134=AXIS2_PLACEMENT_3D('',#4338,#3519,#3520);
#3135=AXIS2_PLACEMENT_3D('',#4341,#3523,#3524);
#3136=AXIS2_PLACEMENT_3D('',#4342,#3525,#3526);
#3137=AXIS2_PLACEMENT_3D('',#4351,#3531,#3532);
#3138=AXIS2_PLACEMENT_3D('',#4375,#3536,#3537);
#3139=AXIS2_PLACEMENT_3D('',#4376,#3538,#3539);
#3140=AXIS2_PLACEMENT_3D('',#4404,#3545,#3546);
#3141=AXIS2_PLACEMENT_3D('',#4407,#3549,#3550);
#3142=AXIS2_PLACEMENT_3D('',#4408,#3551,#3552);
#3143=AXIS2_PLACEMENT_3D('',#4417,#3557,#3558);
#3144=AXIS2_PLACEMENT_3D('',#4439,#3562,#3563);
#3145=AXIS2_PLACEMENT_3D('',#4440,#3564,#3565);
#3146=AXIS2_PLACEMENT_3D('',#4468,#3571,#3572);
#3147=AXIS2_PLACEMENT_3D('',#4471,#3575,#3576);
#3148=AXIS2_PLACEMENT_3D('',#4472,#3577,#3578);
#3149=AXIS2_PLACEMENT_3D('',#4481,#3583,#3584);
#3150=AXIS2_PLACEMENT_3D('',#4503,#3588,#3589);
#3151=AXIS2_PLACEMENT_3D('',#4504,#3590,#3591);
#3152=AXIS2_PLACEMENT_3D('',#4532,#3597,#3598);
#3153=AXIS2_PLACEMENT_3D('',#4535,#3601,#3602);
#3154=AXIS2_PLACEMENT_3D('',#4536,#3603,#3604);
#3155=AXIS2_PLACEMENT_3D('',#4545,#3609,#3610);
#3156=AXIS2_PLACEMENT_3D('',#4567,#3614,#3615);
#3157=AXIS2_PLACEMENT_3D('',#4568,#3616,#3617);
#3158=AXIS2_PLACEMENT_3D('',#4575,#3622,#3623);
#3159=AXIS2_PLACEMENT_3D('',#4579,#3626,#3627);
#3160=AXIS2_PLACEMENT_3D('',#4586,#3632,#3633);
#3161=AXIS2_PLACEMENT_3D('',#4590,#3636,#3637);
#3162=AXIS2_PLACEMENT_3D('',#4599,#3643,#3644);
#3163=AXIS2_PLACEMENT_3D('',#4608,#3650,#3651);
#3164=AXIS2_PLACEMENT_3D('',#4617,#3657,#3658);
#3165=AXIS2_PLACEMENT_3D('',#4626,#3664,#3665);
#3166=AXIS2_PLACEMENT_3D('',#4635,#3671,#3672);
#3167=AXIS2_PLACEMENT_3D('',#4639,#3675,#3676);
#3168=AXIS2_PLACEMENT_3D('',#4643,#3679,#3680);
#3169=AXIS2_PLACEMENT_3D('',#4647,#3683,#3684);
#3170=AXIS2_PLACEMENT_3D('',#4651,#3687,#3688);
#3171=AXIS2_PLACEMENT_3D('',#4655,#3691,#3692);
#3172=AXIS2_PLACEMENT_3D('',#4657,#3694,#3695);
#3173=AXIS2_PLACEMENT_3D('',#4661,#3698,#3699);
#3174=AXIS2_PLACEMENT_3D('',#4665,#3702,#3703);
#3175=AXIS2_PLACEMENT_3D('',#4667,#3705,#3706);
#3176=AXIS2_PLACEMENT_3D('',#4669,#3708,#3709);
#3177=AXIS2_PLACEMENT_3D('',#4671,#3711,#3712);
#3178=AXIS2_PLACEMENT_3D('',#4673,#3714,#3715);
#3179=AXIS2_PLACEMENT_3D('',#4675,#3717,#3718);
#3180=AXIS2_PLACEMENT_3D('',#4677,#3720,#3721);
#3181=AXIS2_PLACEMENT_3D('',#4683,#3725,#3726);
#3182=AXIS2_PLACEMENT_3D('',#4687,#3729,#3730);
#3183=AXIS2_PLACEMENT_3D('',#4692,#3734,#3735);
#3184=AXIS2_PLACEMENT_3D('',#4694,#3737,#3738);
#3185=AXIS2_PLACEMENT_3D('',#4695,#3739,#3740);
#3186=AXIS2_PLACEMENT_3D('',#4701,#3744,#3745);
#3187=AXIS2_PLACEMENT_3D('',#4705,#3748,#3749);
#3188=AXIS2_PLACEMENT_3D('',#4710,#3753,#3754);
#3189=AXIS2_PLACEMENT_3D('',#4712,#3756,#3757);
#3190=AXIS2_PLACEMENT_3D('',#4713,#3758,#3759);
#3191=AXIS2_PLACEMENT_3D('',#4719,#3763,#3764);
#3192=AXIS2_PLACEMENT_3D('',#4723,#3767,#3768);
#3193=AXIS2_PLACEMENT_3D('',#4728,#3772,#3773);
#3194=AXIS2_PLACEMENT_3D('',#4730,#3775,#3776);
#3195=AXIS2_PLACEMENT_3D('',#4731,#3777,#3778);
#3196=AXIS2_PLACEMENT_3D('',#4737,#3782,#3783);
#3197=AXIS2_PLACEMENT_3D('',#4741,#3786,#3787);
#3198=AXIS2_PLACEMENT_3D('',#4746,#3791,#3792);
#3199=AXIS2_PLACEMENT_3D('',#4748,#3794,#3795);
#3200=AXIS2_PLACEMENT_3D('',#4749,#3796,#3797);
#3201=AXIS2_PLACEMENT_3D('',#4755,#3801,#3802);
#3202=AXIS2_PLACEMENT_3D('',#4759,#3805,#3806);
#3203=AXIS2_PLACEMENT_3D('',#4764,#3810,#3811);
#3204=AXIS2_PLACEMENT_3D('',#4766,#3813,#3814);
#3205=AXIS2_PLACEMENT_3D('',#4767,#3815,#3816);
#3206=AXIS2_PLACEMENT_3D('',#4773,#3820,#3821);
#3207=AXIS2_PLACEMENT_3D('',#4777,#3824,#3825);
#3208=AXIS2_PLACEMENT_3D('',#4782,#3829,#3830);
#3209=AXIS2_PLACEMENT_3D('',#4784,#3832,#3833);
#3210=AXIS2_PLACEMENT_3D('',#4785,#3834,#3835);
#3211=AXIS2_PLACEMENT_3D('',#4791,#3839,#3840);
#3212=AXIS2_PLACEMENT_3D('',#4795,#3843,#3844);
#3213=AXIS2_PLACEMENT_3D('',#4800,#3848,#3849);
#3214=AXIS2_PLACEMENT_3D('',#4802,#3851,#3852);
#3215=AXIS2_PLACEMENT_3D('',#4803,#3853,#3854);
#3216=AXIS2_PLACEMENT_3D('',#4812,#3859,#3860);
#3217=AXIS2_PLACEMENT_3D('',#4819,#3865,#3866);
#3218=AXIS2_PLACEMENT_3D('',#4823,#3869,#3870);
#3219=AXIS2_PLACEMENT_3D('',#4827,#3873,#3874);
#3220=AXIS2_PLACEMENT_3D('',#4837,#3880,#3881);
#3221=AXIS2_PLACEMENT_3D('',#4855,#3895,#3896);
#3222=AXIS2_PLACEMENT_3D('',#4856,#3897,#3898);
#3223=AXIS2_PLACEMENT_3D('',#4858,#3900,#3901);
#3224=AXIS2_PLACEMENT_3D('',#4859,#3902,#3903);
#3225=AXIS2_PLACEMENT_3D('',#4860,#3904,#3905);
#3226=AXIS2_PLACEMENT_3D('',#4862,#3907,#3908);
#3227=AXIS2_PLACEMENT_3D('',#4863,#3909,#3910);
#3228=AXIS2_PLACEMENT_3D('',#4870,#3914,#3915);
#3229=AXIS2_PLACEMENT_3D('',#4871,#3916,#3917);
#3230=AXIS2_PLACEMENT_3D('',#4872,#3918,#3919);
#3231=AXIS2_PLACEMENT_3D('',#4874,#3920,#3921);
#3232=AXIS2_PLACEMENT_3D('',#4877,#3923,#3924);
#3233=AXIS2_PLACEMENT_3D('',#4878,#3925,#3926);
#3234=AXIS2_PLACEMENT_3D('',#4879,#3927,#3928);
#3235=AXIS2_PLACEMENT_3D('',#4881,#3929,#3930);
#3236=AXIS2_PLACEMENT_3D('',#4884,#3932,#3933);
#3237=AXIS2_PLACEMENT_3D('',#4885,#3934,#3935);
#3238=AXIS2_PLACEMENT_3D('',#4886,#3936,#3937);
#3239=AXIS2_PLACEMENT_3D('',#4888,#3938,#3939);
#3240=AXIS2_PLACEMENT_3D('',#4890,#3941,#3942);
#3241=AXIS2_PLACEMENT_3D('',#4891,#3943,#3944);
#3242=AXIS2_PLACEMENT_3D('',#4893,#3945,#3946);
#3243=AXIS2_PLACEMENT_3D('',#4896,#3948,#3949);
#3244=AXIS2_PLACEMENT_3D('',#4897,#3950,#3951);
#3245=AXIS2_PLACEMENT_3D('',#4898,#3952,#3953);
#3246=AXIS2_PLACEMENT_3D('',#4900,#3955,#3956);
#3247=AXIS2_PLACEMENT_3D('',#4902,#3958,#3959);
#3248=AXIS2_PLACEMENT_3D('',#4903,#3960,#3961);
#3249=AXIS2_PLACEMENT_3D('',#4907,#3964,#3965);
#3250=AXIS2_PLACEMENT_3D('',#4911,#3968,#3969);
#3251=AXIS2_PLACEMENT_3D('',#4913,#3971,#3972);
#3252=AXIS2_PLACEMENT_3D('',#4914,#3973,#3974);
#3253=AXIS2_PLACEMENT_3D('',#4916,#3976,#3977);
#3254=AXIS2_PLACEMENT_3D('',#4917,#3978,#3979);
#3255=AXIS2_PLACEMENT_3D('',#4919,#3981,#3982);
#3256=AXIS2_PLACEMENT_3D('',#4920,#3983,#3984);
#3257=AXIS2_PLACEMENT_3D('',#4922,#3986,#3987);
#3258=DIRECTION('axis',(0.,0.,1.));
#3259=DIRECTION('refdir',(1.,0.,0.));
#3260=DIRECTION('center_axis',(0.,0.,1.));
#3261=DIRECTION('ref_axis',(-1.,0.,0.));
#3262=DIRECTION('center_axis',(0.,0.,1.));
#3263=DIRECTION('ref_axis',(-1.,0.,0.));
#3264=DIRECTION('',(0.,0.,-1.));
#3265=DIRECTION('center_axis',(0.,0.,-1.));
#3266=DIRECTION('ref_axis',(-1.,0.,0.));
#3267=DIRECTION('center_axis',(0.,0.,1.));
#3268=DIRECTION('ref_axis',(-1.,0.,0.));
#3269=DIRECTION('center_axis',(0.,0.,1.));
#3270=DIRECTION('ref_axis',(-1.,0.,0.));
#3271=DIRECTION('center_axis',(0.,0.,1.));
#3272=DIRECTION('ref_axis',(-1.,0.,0.));
#3273=DIRECTION('',(0.,0.,-1.));
#3274=DIRECTION('center_axis',(0.,0.,-1.));
#3275=DIRECTION('ref_axis',(-1.,0.,0.));
#3276=DIRECTION('center_axis',(0.,0.,1.));
#3277=DIRECTION('ref_axis',(-1.,0.,0.));
#3278=DIRECTION('center_axis',(0.,0.,1.));
#3279=DIRECTION('ref_axis',(-1.,0.,0.));
#3280=DIRECTION('center_axis',(0.,0.,1.));
#3281=DIRECTION('ref_axis',(-1.,0.,0.));
#3282=DIRECTION('',(0.,0.,-1.));
#3283=DIRECTION('center_axis',(0.,0.,-1.));
#3284=DIRECTION('ref_axis',(-1.,0.,0.));
#3285=DIRECTION('center_axis',(0.,0.,1.));
#3286=DIRECTION('ref_axis',(-1.,0.,0.));
#3287=DIRECTION('center_axis',(0.,0.,1.));
#3288=DIRECTION('ref_axis',(-1.,0.,0.));
#3289=DIRECTION('center_axis',(0.,0.,1.));
#3290=DIRECTION('ref_axis',(-1.,0.,0.));
#3291=DIRECTION('',(0.,0.,-1.));
#3292=DIRECTION('center_axis',(0.,0.,-1.));
#3293=DIRECTION('ref_axis',(-1.,0.,0.));
#3294=DIRECTION('center_axis',(0.,0.,1.));
#3295=DIRECTION('ref_axis',(-1.,0.,0.));
#3296=DIRECTION('center_axis',(-0.707106781186548,-0.707106781186547,0.));
#3297=DIRECTION('ref_axis',(0.707106781186547,-0.707106781186548,0.));
#3298=DIRECTION('',(0.707106781186547,-0.707106781186548,0.));
#3299=DIRECTION('',(0.,0.,1.));
#3300=DIRECTION('',(0.707106781186547,-0.707106781186548,0.));
#3301=DIRECTION('',(0.,0.,1.));
#3302=DIRECTION('center_axis',(-1.,2.91015209600303E-16,0.));
#3303=DIRECTION('ref_axis',(-2.91015209600303E-16,-1.,0.));
#3304=DIRECTION('',(-2.91015209600303E-16,-1.,0.));
#3305=DIRECTION('',(-2.91015209600303E-16,-1.,0.));
#3306=DIRECTION('',(0.,0.,1.));
#3307=DIRECTION('center_axis',(-0.707106781186547,0.707106781186548,0.));
#3308=DIRECTION('ref_axis',(-0.707106781186548,-0.707106781186547,0.));
#3309=DIRECTION('',(-0.707106781186548,-0.707106781186547,0.));
#3310=DIRECTION('',(-0.707106781186548,-0.707106781186547,0.));
#3311=DIRECTION('',(0.,0.,1.));
#3312=DIRECTION('center_axis',(0.,1.,0.));
#3313=DIRECTION('ref_axis',(-1.,0.,0.));
#3314=DIRECTION('',(-1.,0.,0.));
#3315=DIRECTION('',(-1.,0.,0.));
#3316=DIRECTION('',(0.,0.,1.));
#3317=DIRECTION('center_axis',(0.707106781186547,0.707106781186548,0.));
#3318=DIRECTION('ref_axis',(-0.707106781186548,0.707106781186547,0.));
#3319=DIRECTION('',(-0.707106781186548,0.707106781186547,0.));
#3320=DIRECTION('',(-0.707106781186548,0.707106781186547,0.));
#3321=DIRECTION('',(0.,0.,1.));
#3322=DIRECTION('center_axis',(1.,5.82030419200606E-16,0.));
#3323=DIRECTION('ref_axis',(-5.82030419200606E-16,1.,0.));
#3324=DIRECTION('',(-5.82030419200606E-16,1.,0.));
#3325=DIRECTION('',(-5.82030419200606E-16,1.,0.));
#3326=DIRECTION('',(0.,0.,1.));
#3327=DIRECTION('center_axis',(0.38268343236509,-0.923879532511287,0.));
#3328=DIRECTION('ref_axis',(0.923879532511287,0.38268343236509,0.));
#3329=DIRECTION('',(0.923879532511287,0.38268343236509,0.));
#3330=DIRECTION('',(0.923879532511287,0.38268343236509,0.));
#3331=DIRECTION('center_axis',(0.,0.,1.));
#3332=DIRECTION('ref_axis',(1.,0.,0.));
#3333=DIRECTION('center_axis',(0.,0.,1.));
#3334=DIRECTION('ref_axis',(1.,0.,0.));
#3335=DIRECTION('center_axis',(0.263117405792108,3.21894217179107E-16,0.964763821237732));
#3336=DIRECTION('ref_axis',(0.964763821237732,0.,-0.263117405792108));
#3337=DIRECTION('',(0.964763821237732,0.,-0.263117405792108));
#3338=DIRECTION('',(1.22338625303048E-15,-1.,0.));
#3339=DIRECTION('',(-0.964763821237732,0.,0.263117405792108));
#3340=DIRECTION('',(0.,1.,0.));
#3341=DIRECTION('center_axis',(-1.,-1.22338625303048E-15,0.));
#3342=DIRECTION('ref_axis',(-1.22338625303048E-15,1.,0.));
#3343=DIRECTION('',(0.,0.,-1.));
#3344=DIRECTION('',(-1.22338625303048E-15,1.,0.));
#3345=DIRECTION('',(0.,0.,-1.));
#3346=DIRECTION('center_axis',(0.,1.,0.));
#3347=DIRECTION('ref_axis',(1.,0.,0.));
#3348=DIRECTION('',(0.98994901382769,0.,-0.141424715030948));
#3349=DIRECTION('',(0.,0.,-1.));
#3350=DIRECTION('',(-1.,0.,0.));
#3351=DIRECTION('',(0.,0.,-1.));
#3352=DIRECTION('center_axis',(0.100690671963523,-0.243088785858796,0.964763821237732));
#3353=DIRECTION('ref_axis',(0.994597732699203,0.,-0.103804383865055));
#3354=DIRECTION('',(0.369199130532916,-0.891325548148918,-0.263117405792109));
#3355=DIRECTION('',(-0.923879532511287,-0.38268343236509,0.));
#3356=DIRECTION('',(-0.369199130532916,0.891325548148918,0.263117405792109));
#3357=DIRECTION('',(0.923879532511286,0.382683432365091,0.));
#3358=DIRECTION('center_axis',(-0.38268343236509,0.923879532511287,0.));
#3359=DIRECTION('ref_axis',(0.923879532511287,0.38268343236509,0.));
#3360=DIRECTION('',(0.,0.,-1.));
#3361=DIRECTION('',(0.923879532511287,0.38268343236509,0.));
#3362=DIRECTION('',(0.,0.,-1.));
#3363=DIRECTION('center_axis',(0.923879532511287,0.38268343236509,0.));
#3364=DIRECTION('ref_axis',(0.38268343236509,-0.923879532511286,0.));
#3365=DIRECTION('',(0.378836896091295,-0.91459317247093,-0.141428197434148));
#3366=DIRECTION('',(0.,0.,-1.));
#3367=DIRECTION('',(-0.38268343236509,0.923879532511286,0.));
#3368=DIRECTION('',(0.,0.,-1.));
#3369=DIRECTION('center_axis',(-0.186052101883813,-0.186052101883813,0.964763821237732));
#3370=DIRECTION('ref_axis',(0.981908053890394,0.,0.189358320929341));
#3371=DIRECTION('',(-0.682191040240647,-0.682191040240646,-0.263117405792109));
#3372=DIRECTION('',(-0.707106781186548,0.707106781186548,0.));
#3373=DIRECTION('',(0.682191040240646,0.682191040240647,0.263117405792109));
#3374=DIRECTION('',(0.707106781186547,-0.707106781186548,0.));
#3375=DIRECTION('center_axis',(0.707106781186548,0.707106781186548,0.));
#3376=DIRECTION('ref_axis',(0.707106781186548,-0.707106781186548,0.));
#3377=DIRECTION('',(0.,0.,-1.));
#3378=DIRECTION('',(0.707106781186547,-0.707106781186547,0.));
#3379=DIRECTION('',(0.,0.,-1.));
#3380=DIRECTION('center_axis',(0.707106781186547,-0.707106781186548,0.));
#3381=DIRECTION('ref_axis',(-0.707106781186548,-0.707106781186547,0.));
#3382=DIRECTION('',(-0.699999308917705,-0.699999308917704,-0.141428197434148));
#3383=DIRECTION('',(0.,0.,-1.));
#3384=DIRECTION('',(0.707106781186548,0.707106781186547,0.));
#3385=DIRECTION('',(0.,0.,-1.));
#3386=DIRECTION('center_axis',(-0.263117405792108,1.60947108589553E-16,
0.964763821237732));
#3387=DIRECTION('ref_axis',(0.964763821237732,0.,0.263117405792108));
#3388=DIRECTION('',(-0.964763821237732,0.,-0.263117405792108));
#3389=DIRECTION('',(6.11693126515238E-16,1.,0.));
#3390=DIRECTION('',(0.964763821237732,0.,0.263117405792108));
#3391=DIRECTION('',(0.,-1.,0.));
#3392=DIRECTION('center_axis',(1.,-6.11693126515238E-16,0.));
#3393=DIRECTION('ref_axis',(-6.11693126515238E-16,-1.,0.));
#3394=DIRECTION('',(0.,0.,-1.));
#3395=DIRECTION('',(-6.11693126515238E-16,-1.,0.));
#3396=DIRECTION('',(0.,0.,-1.));
#3397=DIRECTION('center_axis',(0.,-1.,0.));
#3398=DIRECTION('ref_axis',(-1.,0.,0.));
#3399=DIRECTION('',(-0.98994901382769,0.,-0.141424715030947));
#3400=DIRECTION('',(0.,0.,-1.));
#3401=DIRECTION('',(-1.,0.,0.));
#3402=DIRECTION('',(0.,0.,-1.));
#3403=DIRECTION('',(1.,0.,0.));
#3404=DIRECTION('',(0.,0.,-1.));
#3405=DIRECTION('center_axis',(-0.186052101883812,0.186052101883812,0.964763821237732));
#3406=DIRECTION('ref_axis',(0.981908053890394,0.,0.18935832092934));
#3407=DIRECTION('',(-0.682191040240647,0.682191040240647,-0.263117405792108));
#3408=DIRECTION('',(0.707106781186548,0.707106781186547,0.));
#3409=DIRECTION('',(0.682191040240646,-0.682191040240647,0.263117405792108));
#3410=DIRECTION('',(-0.707106781186548,-0.707106781186548,0.));
#3411=DIRECTION('center_axis',(0.707106781186547,-0.707106781186548,0.));
#3412=DIRECTION('ref_axis',(-0.707106781186548,-0.707106781186547,0.));
#3413=DIRECTION('',(0.,0.,-1.));
#3414=DIRECTION('',(-0.707106781186548,-0.707106781186547,0.));
#3415=DIRECTION('',(0.,0.,-1.));
#3416=DIRECTION('center_axis',(0.707106781186548,0.707106781186548,0.));
#3417=DIRECTION('ref_axis',(0.707106781186548,-0.707106781186548,0.));
#3418=DIRECTION('',(-0.699999660706495,0.699999660706495,-0.141424715030947));
#3419=DIRECTION('',(0.,0.,-1.));
#3420=DIRECTION('',(-0.707106781186548,0.707106781186548,0.));
#3421=DIRECTION('',(0.,0.,-1.));
#3422=DIRECTION('',(0.707106781186548,-0.707106781186548,0.));
#3423=DIRECTION('',(0.,0.,-1.));
#3424=DIRECTION('center_axis',(0.,0.263117405792109,0.964763821237732));
#3425=DIRECTION('ref_axis',(1.,0.,0.));
#3426=DIRECTION('',(0.,0.964763821237732,-0.263117405792109));
#3427=DIRECTION('',(1.,0.,0.));
#3428=DIRECTION('',(0.,-0.964763821237732,0.263117405792109));
#3429=DIRECTION('',(-1.,0.,0.));
#3430=DIRECTION('center_axis',(0.,-1.,0.));
#3431=DIRECTION('ref_axis',(-1.,0.,0.));
#3432=DIRECTION('',(0.,0.,-1.));
#3433=DIRECTION('',(-1.,0.,0.));
#3434=DIRECTION('',(0.,0.,-1.));
#3435=DIRECTION('center_axis',(-1.,0.,0.));
#3436=DIRECTION('ref_axis',(0.,1.,0.));
#3437=DIRECTION('',(0.,0.98994901382769,-0.141424715030947));
#3438=DIRECTION('',(0.,0.,-1.));
#3439=DIRECTION('',(0.,1.,0.));
#3440=DIRECTION('',(0.,0.,-1.));
#3441=DIRECTION('',(0.,-1.,0.));
#3442=DIRECTION('',(0.,0.,-1.));
#3443=DIRECTION('center_axis',(0.186052101883812,0.186052101883812,0.964763821237732));
#3444=DIRECTION('ref_axis',(0.981908053890394,0.,-0.189358320929341));
#3445=DIRECTION('',(0.682191040240646,0.682191040240648,-0.263117405792108));
#3446=DIRECTION('',(0.707106781186547,-0.707106781186548,0.));
#3447=DIRECTION('',(-0.682191040240645,-0.682191040240648,0.263117405792108));
#3448=DIRECTION('',(-0.707106781186549,0.707106781186546,0.));
#3449=DIRECTION('center_axis',(-0.707106781186548,-0.707106781186547,0.));
#3450=DIRECTION('ref_axis',(-0.707106781186547,0.707106781186548,0.));
#3451=DIRECTION('',(0.,0.,-1.));
#3452=DIRECTION('',(-0.707106781186547,0.707106781186548,0.));
#3453=DIRECTION('',(0.,0.,-1.));
#3454=DIRECTION('center_axis',(-0.707106781186549,0.707106781186546,0.));
#3455=DIRECTION('ref_axis',(0.707106781186546,0.707106781186549,0.));
#3456=DIRECTION('',(0.699999660706494,0.699999660706496,-0.141424715030947));
#3457=DIRECTION('',(0.,0.,-1.));
#3458=DIRECTION('',(0.707106781186546,0.707106781186549,0.));
#3459=DIRECTION('',(0.,0.,-1.));
#3460=DIRECTION('',(-0.707106781186546,-0.707106781186549,0.));
#3461=DIRECTION('',(0.,0.,-1.));
#3462=DIRECTION('center_axis',(-0.923879532511286,-0.382683432365091,0.));
#3463=DIRECTION('ref_axis',(-0.382683432365091,0.923879532511286,0.));
#3464=DIRECTION('',(0.,0.,1.));
#3465=DIRECTION('',(0.382683432365091,-0.923879532511286,0.));
#3466=DIRECTION('',(0.,0.,1.));
#3467=DIRECTION('',(-0.378836896091296,0.91459317247093,0.141428197434147));
#3468=DIRECTION('center_axis',(-0.707106781186548,-0.707106781186547,0.));
#3469=DIRECTION('ref_axis',(-0.707106781186547,0.707106781186548,0.));
#3470=DIRECTION('',(0.,0.,1.));
#3471=DIRECTION('',(-0.707106781186547,0.707106781186548,0.));
#3472=DIRECTION('',(0.,0.,-1.));
#3473=DIRECTION('',(0.707106781186547,-0.707106781186548,0.));
#3474=DIRECTION('',(0.,0.,-1.));
#3475=DIRECTION('',(0.699999660706494,-0.699999660706495,0.141424715030947));
#3476=DIRECTION('center_axis',(-0.707106781186548,0.707106781186547,0.));
#3477=DIRECTION('ref_axis',(0.707106781186547,0.707106781186548,0.));
#3478=DIRECTION('',(0.,0.,1.));
#3479=DIRECTION('',(-0.707106781186545,-0.70710678118655,0.));
#3480=DIRECTION('',(0.,0.,-1.));
#3481=DIRECTION('',(0.699999660706494,0.699999660706495,0.141424715030947));
#3482=DIRECTION('center_axis',(0.,-1.,0.));
#3483=DIRECTION('ref_axis',(-1.,0.,0.));
#3484=DIRECTION('',(0.,0.,1.));
#3485=DIRECTION('',(1.,0.,0.));
#3486=DIRECTION('',(0.,0.,-1.));
#3487=DIRECTION('',(-0.989948516323211,0.,0.141428197434147));
#3488=DIRECTION('center_axis',(1.,0.,0.));
#3489=DIRECTION('ref_axis',(0.,-1.,0.));
#3490=DIRECTION('',(0.,0.,1.));
#3491=DIRECTION('',(0.,1.,0.));
#3492=DIRECTION('',(0.,0.,-1.));
#3493=DIRECTION('',(0.,-1.,0.));
#3494=DIRECTION('',(0.,0.,-1.));
#3495=DIRECTION('',(0.,-0.98994901382769,0.141424715030947));
#3496=DIRECTION('center_axis',(0.,1.,0.));
#3497=DIRECTION('ref_axis',(1.,0.,0.));
#3498=DIRECTION('',(0.,0.,1.));
#3499=DIRECTION('',(-1.,0.,0.));
#3500=DIRECTION('',(0.,0.,-1.));
#3501=DIRECTION('',(1.,0.,0.));
#3502=DIRECTION('',(0.,0.,-1.));
#3503=DIRECTION('',(0.98994901382769,0.,0.141424715030947));
#3504=DIRECTION('center_axis',(0.707106781186549,-0.707106781186546,0.));
#3505=DIRECTION('ref_axis',(-0.707106781186546,-0.707106781186549,0.));
#3506=DIRECTION('',(0.,0.,1.));
#3507=DIRECTION('',(0.707106781186546,0.707106781186549,0.));
#3508=DIRECTION('',(0.,0.,-1.));
#3509=DIRECTION('',(-0.707106781186546,-0.707106781186549,0.));
#3510=DIRECTION('',(0.,0.,-1.));
#3511=DIRECTION('',(-0.699999660706493,-0.699999660706496,0.141424715030948));
#3512=DIRECTION('center_axis',(-0.824205484644424,0.566290843191067,0.));
#3513=DIRECTION('ref_axis',(-0.566290843191067,-0.824205484644424,0.));
#3514=DIRECTION('',(0.566290843191067,0.824205484644424,0.));
#3515=DIRECTION('',(0.,0.,1.));
#3516=DIRECTION('',(-0.566290843191067,-0.824205484644424,0.));
#3517=DIRECTION('',(0.,0.,1.));
#3518=DIRECTION('',(0.,0.,1.));
#3519=DIRECTION('center_axis',(0.178885438199982,-0.983869910099908,0.));
#3520=DIRECTION('ref_axis',(0.983869910099908,0.178885438199982,0.));
#3521=DIRECTION('',(-0.983869910099908,-0.178885438199982,0.));
#3522=DIRECTION('',(-0.983869910099908,-0.178885438199982,0.));
#3523=DIRECTION('center_axis',(0.,0.,1.));
#3524=DIRECTION('ref_axis',(-1.,0.,0.));
#3525=DIRECTION('center_axis',(-0.178885438199982,0.983869910099908,0.));
#3526=DIRECTION('ref_axis',(-0.983869910099908,-0.178885438199982,0.));
#3527=DIRECTION('',(0.983869910099908,0.178885438199982,0.));
#3528=DIRECTION('',(0.,0.,1.));
#3529=DIRECTION('',(-0.983869910099908,-0.178885438199982,0.));
#3530=DIRECTION('',(0.,0.,1.));
#3531=DIRECTION('center_axis',(0.824205484644422,-0.56629084319107,0.));
#3532=DIRECTION('ref_axis',(0.56629084319107,0.824205484644422,0.));
#3533=DIRECTION('',(-0.56629084319107,-0.824205484644422,0.));
#3534=DIRECTION('',(0.56629084319107,0.824205484644422,0.));
#3535=DIRECTION('',(0.,0.,1.));
#3536=DIRECTION('center_axis',(0.,0.,1.));
#3537=DIRECTION('ref_axis',(-1.,0.,0.));
#3538=DIRECTION('center_axis',(0.983229382627469,0.182373191938964,0.));
#3539=DIRECTION('ref_axis',(-0.182373191938964,0.983229382627469,0.));
#3540=DIRECTION('',(0.182373191938964,-0.983229382627469,0.));
#3541=DIRECTION('',(0.,0.,1.));
#3542=DIRECTION('',(-0.182373191938964,0.983229382627469,0.));
#3543=DIRECTION('',(0.,0.,1.));
#3544=DIRECTION('',(0.,0.,1.));
#3545=DIRECTION('center_axis',(-0.822192191643778,0.569209978830309,0.));
#3546=DIRECTION('ref_axis',(-0.569209978830309,-0.822192191643778,0.));
#3547=DIRECTION('',(0.569209978830309,0.822192191643778,0.));
#3548=DIRECTION('',(0.569209978830309,0.822192191643778,0.));
#3549=DIRECTION('center_axis',(0.,0.,1.));
#3550=DIRECTION('ref_axis',(-1.,0.,0.));
#3551=DIRECTION('center_axis',(0.822192191643776,-0.569209978830312,0.));
#3552=DIRECTION('ref_axis',(0.569209978830312,0.822192191643776,0.));
#3553=DIRECTION('',(-0.569209978830312,-0.822192191643776,0.));
#3554=DIRECTION('',(0.,0.,1.));
#3555=DIRECTION('',(0.569209978830312,0.822192191643776,0.));
#3556=DIRECTION('',(0.,0.,1.));
#3557=DIRECTION('center_axis',(-0.983229382627469,-0.182373191938962,0.));
#3558=DIRECTION('ref_axis',(0.182373191938962,-0.983229382627469,0.));
#3559=DIRECTION('',(-0.182373191938962,0.983229382627469,0.));
#3560=DIRECTION('',(0.182373191938962,-0.983229382627469,0.));
#3561=DIRECTION('',(0.,0.,1.));
#3562=DIRECTION('center_axis',(0.,0.,1.));
#3563=DIRECTION('ref_axis',(-1.,0.,0.));
#3564=DIRECTION('center_axis',(-0.182373191938966,0.983229382627469,0.));
#3565=DIRECTION('ref_axis',(-0.983229382627469,-0.182373191938966,0.));
#3566=DIRECTION('',(0.983229382627469,0.182373191938966,0.));
#3567=DIRECTION('',(0.,0.,1.));
#3568=DIRECTION('',(-0.983229382627469,-0.182373191938966,0.));
#3569=DIRECTION('',(0.,0.,1.));
#3570=DIRECTION('',(0.,0.,1.));
#3571=DIRECTION('center_axis',(-0.569209978830308,-0.822192191643779,0.));
#3572=DIRECTION('ref_axis',(0.822192191643779,-0.569209978830308,0.));
#3573=DIRECTION('',(-0.822192191643779,0.569209978830308,0.));
#3574=DIRECTION('',(-0.822192191643779,0.569209978830308,0.));
#3575=DIRECTION('center_axis',(0.,0.,1.));
#3576=DIRECTION('ref_axis',(-1.,0.,0.));
#3577=DIRECTION('center_axis',(0.569209978830309,0.822192191643779,0.));
#3578=DIRECTION('ref_axis',(-0.822192191643778,0.569209978830308,0.));
#3579=DIRECTION('',(0.822192191643778,-0.569209978830308,0.));
#3580=DIRECTION('',(0.,0.,1.));
#3581=DIRECTION('',(-0.822192191643778,0.569209978830308,0.));
#3582=DIRECTION('',(0.,0.,1.));
#3583=DIRECTION('center_axis',(0.182373191938968,-0.983229382627468,0.));
#3584=DIRECTION('ref_axis',(0.983229382627468,0.182373191938968,0.));
#3585=DIRECTION('',(-0.983229382627468,-0.182373191938968,0.));
#3586=DIRECTION('',(0.983229382627468,0.182373191938968,0.));
#3587=DIRECTION('',(0.,0.,1.));
#3588=DIRECTION('center_axis',(0.,0.,1.));
#3589=DIRECTION('ref_axis',(-1.,0.,0.));
#3590=DIRECTION('center_axis',(0.566290843191067,0.824205484644425,0.));
#3591=DIRECTION('ref_axis',(-0.824205484644425,0.566290843191067,0.));
#3592=DIRECTION('',(0.824205484644425,-0.566290843191067,0.));
#3593=DIRECTION('',(0.,0.,1.));
#3594=DIRECTION('',(-0.824205484644425,0.566290843191067,0.));
#3595=DIRECTION('',(0.,0.,1.));
#3596=DIRECTION('',(0.,0.,1.));
#3597=DIRECTION('center_axis',(-0.983869910099907,-0.178885438199985,0.));
#3598=DIRECTION('ref_axis',(0.178885438199985,-0.983869910099907,0.));
#3599=DIRECTION('',(-0.178885438199985,0.983869910099907,0.));
#3600=DIRECTION('',(-0.178885438199985,0.983869910099907,0.));
#3601=DIRECTION('center_axis',(0.,0.,1.));
#3602=DIRECTION('ref_axis',(-1.,0.,0.));
#3603=DIRECTION('center_axis',(0.983869910099908,0.178885438199982,0.));
#3604=DIRECTION('ref_axis',(-0.178885438199982,0.983869910099908,0.));
#3605=DIRECTION('',(0.178885438199982,-0.983869910099908,0.));
#3606=DIRECTION('',(0.,0.,1.));
#3607=DIRECTION('',(-0.178885438199982,0.983869910099908,0.));
#3608=DIRECTION('',(0.,0.,1.));
#3609=DIRECTION('center_axis',(-0.566290843191067,-0.824205484644424,0.));
#3610=DIRECTION('ref_axis',(0.824205484644424,-0.566290843191067,0.));
#3611=DIRECTION('',(-0.824205484644424,0.566290843191067,0.));
#3612=DIRECTION('',(0.824205484644424,-0.566290843191067,0.));
#3613=DIRECTION('',(0.,0.,1.));
#3614=DIRECTION('center_axis',(0.,0.,1.));
#3615=DIRECTION('ref_axis',(-1.,0.,0.));
#3616=DIRECTION('center_axis',(0.341234135981407,-0.228005360191625,0.911906146576998));
#3617=DIRECTION('ref_axis',(0.936575664962013,0.,-0.350465438810965));
#3618=DIRECTION('',(-5.64648246402801E-16,0.970135284644265,0.242564485216181));
#3619=DIRECTION('',(0.555570233019605,0.831469612302543,0.));
#3620=DIRECTION('',(0.896288133249848,0.371254700586151,-0.242564485216181));
#3621=DIRECTION('',(0.555570233019602,0.831469612302545,0.));
#3622=DIRECTION('center_axis',(0.,0.,-1.));
#3623=DIRECTION('ref_axis',(-1.,0.,0.));
#3624=DIRECTION('',(-0.923879532511287,-0.38268343236509,0.));
#3625=DIRECTION('',(5.82030419200606E-16,-1.,0.));
#3626=DIRECTION('center_axis',(-0.0800648351864059,-0.402513107863164,0.911906146576999));
#3627=DIRECTION('ref_axis',(0.996167772550483,0.,0.0874629574837819));
#3628=DIRECTION('',(0.896288133249848,0.371254700586151,0.24256448521618));
#3629=DIRECTION('',(0.98078528040323,-0.195090322016131,0.));
#3630=DIRECTION('',(0.685989238440301,-0.685989238440302,-0.24256448521618));
#3631=DIRECTION('',(0.98078528040323,-0.195090322016129,0.));
#3632=DIRECTION('center_axis',(0.,0.,-1.));
#3633=DIRECTION('ref_axis',(-1.,0.,0.));
#3634=DIRECTION('',(-0.707106781186547,0.707106781186548,0.));
#3635=DIRECTION('',(-0.923879532511287,-0.38268343236509,0.));
#3636=DIRECTION('center_axis',(-0.505340574031973,-0.209318919381448,0.837147832957847));
#3637=DIRECTION('ref_axis',(0.8561129375221,0.,0.516788775233443));
#3638=DIRECTION('',(0.685988177756302,-0.685988177756302,0.242570484513628));
#3639=DIRECTION('',(0.38268343236509,-0.923879532511287,0.));
#3640=DIRECTION('',(-2.8232368666878E-16,-0.970133784610568,-0.242570484513628));
#3641=DIRECTION('',(0.38268343236509,-0.923879532511287,0.));
#3642=DIRECTION('',(0.38268343236509,-0.923879532511287,0.));
#3643=DIRECTION('center_axis',(-0.505340574031971,0.209318919381447,0.837147832957848));
#3644=DIRECTION('ref_axis',(0.856112937522101,0.,0.51678877523344));
#3645=DIRECTION('',(-2.8232368666878E-16,-0.970133784610568,0.242570484513627));
#3646=DIRECTION('',(-0.382683432365089,-0.923879532511287,0.));
#3647=DIRECTION('',(-0.685988177756302,-0.685988177756302,-0.242570484513627));
#3648=DIRECTION('',(-0.38268343236509,-0.923879532511287,0.));
#3649=DIRECTION('',(-0.38268343236509,-0.923879532511287,0.));
#3650=DIRECTION('center_axis',(-0.209318919381448,0.505340574031972,0.837147832957847));
#3651=DIRECTION('ref_axis',(0.970133784610568,0.,0.242570484513628));
#3652=DIRECTION('',(-0.685988177756302,-0.685988177756302,0.242570484513627));
#3653=DIRECTION('',(-0.923879532511287,-0.38268343236509,0.));
#3654=DIRECTION('',(-0.970133784610568,0.,-0.242570484513628));
#3655=DIRECTION('',(-0.923879532511287,-0.38268343236509,0.));
#3656=DIRECTION('',(-0.923879532511287,-0.38268343236509,0.));
#3657=DIRECTION('center_axis',(0.209318919381448,0.505340574031972,0.837147832957848));
#3658=DIRECTION('ref_axis',(0.970133784610568,0.,-0.242570484513627));
#3659=DIRECTION('',(-0.970133784610568,0.,0.242570484513627));
#3660=DIRECTION('',(-0.923879532511287,0.382683432365089,0.));
#3661=DIRECTION('',(-0.685988177756302,0.685988177756302,-0.242570484513627));
#3662=DIRECTION('',(-0.923879532511287,0.382683432365089,0.));
#3663=DIRECTION('',(-0.923879532511287,0.382683432365089,0.));
#3664=DIRECTION('center_axis',(0.505340574031971,0.209318919381448,0.837147832957848));
#3665=DIRECTION('ref_axis',(0.856112937522101,0.,-0.516788775233441));
#3666=DIRECTION('',(-0.685988177756302,0.685988177756302,0.242570484513627));
#3667=DIRECTION('',(-0.382683432365091,0.923879532511286,0.));
#3668=DIRECTION('',(-5.6464737333756E-16,0.970133784610568,-0.242570484513627));
#3669=DIRECTION('',(-0.38268343236509,0.923879532511287,0.));
#3670=DIRECTION('',(-0.38268343236509,0.923879532511287,0.));
#3671=DIRECTION('center_axis',(0.38268343236509,-0.923879532511287,0.));
#3672=DIRECTION('ref_axis',(0.923879532511287,0.38268343236509,0.));
#3673=DIRECTION('',(-0.923879532511287,-0.38268343236509,0.));
#3674=DIRECTION('',(0.,0.,1.));
#3675=DIRECTION('center_axis',(-1.,2.91015209600303E-16,0.));
#3676=DIRECTION('ref_axis',(-2.91015209600303E-16,-1.,0.));
#3677=DIRECTION('',(0.,1.,0.));
#3678=DIRECTION('',(0.,0.,1.));
#3679=DIRECTION('center_axis',(-0.707106781186548,-0.707106781186547,0.));
#3680=DIRECTION('ref_axis',(0.707106781186547,-0.707106781186548,0.));
#3681=DIRECTION('',(-0.707106781186547,0.707106781186547,0.));
#3682=DIRECTION('',(0.,0.,-1.));
#3683=DIRECTION('center_axis',(1.,5.82030419200606E-16,0.));
#3684=DIRECTION('ref_axis',(-5.82030419200606E-16,1.,0.));
#3685=DIRECTION('',(0.,-1.,0.));
#3686=DIRECTION('',(0.,0.,1.));
#3687=DIRECTION('center_axis',(-1.,2.91015209600303E-16,0.));
#3688=DIRECTION('ref_axis',(-2.91015209600303E-16,-1.,0.));
#3689=DIRECTION('',(0.,0.,1.));
#3690=DIRECTION('',(0.,1.,0.));
#3691=DIRECTION('center_axis',(-0.707106781186547,0.707106781186548,0.));
#3692=DIRECTION('ref_axis',(-0.707106781186548,-0.707106781186547,0.));
#3693=DIRECTION('',(0.707106781186547,0.707106781186548,0.));
#3694=DIRECTION('center_axis',(0.,1.,0.));
#3695=DIRECTION('ref_axis',(-1.,0.,0.));
#3696=DIRECTION('',(1.,0.,0.));
#3697=DIRECTION('',(0.,0.,1.));
#3698=DIRECTION('center_axis',(0.707106781186547,0.707106781186548,0.));
#3699=DIRECTION('ref_axis',(-0.707106781186548,0.707106781186547,0.));
#3700=DIRECTION('',(0.707106781186548,-0.707106781186547,0.));
#3701=DIRECTION('',(0.,0.,1.));
#3702=DIRECTION('center_axis',(-0.707106781186547,0.707106781186548,0.));
#3703=DIRECTION('ref_axis',(-0.707106781186548,-0.707106781186547,0.));
#3704=DIRECTION('',(0.707106781186547,0.707106781186548,0.));
#3705=DIRECTION('center_axis',(0.38268343236509,-0.923879532511287,0.));
#3706=DIRECTION('ref_axis',(0.923879532511287,0.38268343236509,0.));
#3707=DIRECTION('',(-0.923879532511287,-0.38268343236509,0.));
#3708=DIRECTION('center_axis',(0.,1.,0.));
#3709=DIRECTION('ref_axis',(-1.,0.,0.));
#3710=DIRECTION('',(1.,0.,0.));
#3711=DIRECTION('center_axis',(1.,5.82030419200606E-16,0.));
#3712=DIRECTION('ref_axis',(-5.82030419200606E-16,1.,0.));
#3713=DIRECTION('',(0.,-1.,0.));
#3714=DIRECTION('center_axis',(0.707106781186547,0.707106781186548,0.));
#3715=DIRECTION('ref_axis',(-0.707106781186548,0.707106781186547,0.));
#3716=DIRECTION('',(0.707106781186548,-0.707106781186547,0.));
#3717=DIRECTION('center_axis',(-0.707106781186548,-0.707106781186547,0.));
#3718=DIRECTION('ref_axis',(0.707106781186547,-0.707106781186548,0.));
#3719=DIRECTION('',(-0.707106781186547,0.707106781186547,0.));
#3720=DIRECTION('center_axis',(0.546820159516763,0.226500326250863,0.806030592070992));
#3721=DIRECTION('ref_axis',(-0.382683432365091,0.923879532511286,0.));
#3722=DIRECTION('',(0.382683432365091,-0.923879532511286,0.));
#3723=DIRECTION('',(-0.754507322604463,0.550607472937128,0.357141583804007));
#3724=DIRECTION('',(-0.144178966382688,-0.922855522154354,0.357141583804007));
#3725=DIRECTION('center_axis',(0.129049452038417,-0.409086174456773,0.903324272228366));
#3726=DIRECTION('ref_axis',(0.98994901382769,0.,-0.141424715030948));
#3727=DIRECTION('',(-0.98994901382769,0.,0.141424715030948));
#3728=DIRECTION('',(0.556127446817655,0.784061197914548,0.275627104655692));
#3729=DIRECTION('center_axis',(-0.296359026624833,-0.122755928159695,0.947154849768312));
#3730=DIRECTION('ref_axis',(0.382683432365091,-0.923879532511286,0.));
#3731=DIRECTION('',(-0.382683432365091,0.923879532511286,0.));
#3732=DIRECTION('',(0.94765647875935,-0.161173501061897,0.275627104655692));
#3733=DIRECTION('',(-0.382683432365091,0.923879532511286,0.));
#3734=DIRECTION('center_axis',(-0.198015865403275,0.38051935069282,0.903324272228366));
#3735=DIRECTION('ref_axis',(-0.699999660706493,-0.699999660706496,0.141424715030948));
#3736=DIRECTION('',(0.699999660706493,0.699999660706496,-0.141424715030948));
#3737=DIRECTION('center_axis',(0.141182679807026,0.0584797807482483,0.988254808319263));
#3738=DIRECTION('ref_axis',(0.98994901382769,5.59345405108135E-17,-0.141424715030948));
#3739=DIRECTION('center_axis',(0.226500326250861,0.546820159516759,0.806030592070996));
#3740=DIRECTION('ref_axis',(-0.923879532511287,0.382683432365089,0.));
#3741=DIRECTION('',(0.923879532511287,-0.382683432365089,0.));
#3742=DIRECTION('',(-0.922855522154354,-0.144178966382694,0.357141583804005));
#3743=DIRECTION('',(0.550607472937124,-0.754507322604466,0.357141583804006));
#3744=DIRECTION('center_axis',(0.380519350692819,-0.198015865403273,0.903324272228367));
#3745=DIRECTION('ref_axis',(0.699999660706494,0.699999660706496,-0.141424715030947));
#3746=DIRECTION('',(-0.699999660706494,-0.699999660706496,0.141424715030947));
#3747=DIRECTION('',(-0.161173501061902,0.94765647875935,0.275627104655691));
#3748=DIRECTION('center_axis',(-0.122755928159695,-0.296359026624833,0.947154849768312));
#3749=DIRECTION('ref_axis',(0.923879532511287,-0.382683432365089,0.));
#3750=DIRECTION('',(-0.923879532511287,0.382683432365089,0.));
#3751=DIRECTION('',(0.784061197914545,0.55612744681766,0.275627104655692));
#3752=DIRECTION('',(-0.923879532511287,0.382683432365089,0.));
#3753=DIRECTION('center_axis',(-0.409086174456775,0.129049452038417,0.903324272228365));
#3754=DIRECTION('ref_axis',(0.,-0.98994901382769,0.141424715030947));
#3755=DIRECTION('',(0.,0.98994901382769,-0.141424715030947));
#3756=DIRECTION('center_axis',(0.058479780748248,0.141182679807026,0.988254808319263));
#3757=DIRECTION('ref_axis',(0.998253756239558,-1.48270419843963E-18,-0.0590714664928247));
#3758=DIRECTION('center_axis',(-0.226500326250861,0.546820159516759,0.806030592070996));
#3759=DIRECTION('ref_axis',(-0.923879532511287,-0.38268343236509,0.));
#3760=DIRECTION('',(0.923879532511287,0.38268343236509,0.));
#3761=DIRECTION('',(-0.550607472937126,-0.754507322604466,0.357141583804005));
#3762=DIRECTION('',(0.922855522154354,-0.144178966382694,0.357141583804006));
#3763=DIRECTION('center_axis',(0.409086174456772,0.129049452038417,0.903324272228366));
#3764=DIRECTION('ref_axis',(0.,0.98994901382769,-0.141424715030947));
#3765=DIRECTION('',(0.,-0.98994901382769,0.141424715030947));
#3766=DIRECTION('',(-0.784061197914547,0.556127446817657,0.275627104655691));
#3767=DIRECTION('center_axis',(0.122755928159695,-0.296359026624832,0.947154849768312));
#3768=DIRECTION('ref_axis',(0.923879532511287,0.38268343236509,0.));
#3769=DIRECTION('',(-0.923879532511287,-0.38268343236509,0.));
#3770=DIRECTION('',(0.161173501061897,0.94765647875935,0.275627104655691));
#3771=DIRECTION('',(-0.923879532511287,-0.38268343236509,0.));
#3772=DIRECTION('center_axis',(-0.38051935069282,-0.198015865403274,0.903324272228366));
#3773=DIRECTION('ref_axis',(0.699999660706494,-0.699999660706495,0.141424715030947));
#3774=DIRECTION('',(-0.699999660706494,0.699999660706495,-0.141424715030947));
#3775=DIRECTION('center_axis',(-0.0584797807482481,0.141182679807026,0.988254808319263));
#3776=DIRECTION('ref_axis',(0.998253756239558,5.65683023380145E-17,0.0590714664928249));
#3777=DIRECTION('center_axis',(-0.54682015951676,0.226500326250861,0.806030592070995));
#3778=DIRECTION('ref_axis',(-0.382683432365089,-0.923879532511287,0.));
#3779=DIRECTION('',(0.382683432365089,0.923879532511287,0.));
#3780=DIRECTION('',(0.144178966382695,-0.922855522154353,0.357141583804007));
#3781=DIRECTION('',(0.754507322604465,0.550607472937127,0.357141583804006));
#3782=DIRECTION('center_axis',(0.198015865403276,0.380519350692821,0.903324272228365));
#3783=DIRECTION('ref_axis',(-0.699999660706495,0.699999660706495,-0.141424715030947));
#3784=DIRECTION('',(0.699999660706495,-0.699999660706495,0.141424715030947));
#3785=DIRECTION('',(-0.947656478759351,-0.161173501061893,0.275627104655692));
#3786=DIRECTION('center_axis',(0.296359026624833,-0.122755928159695,0.947154849768312));
#3787=DIRECTION('ref_axis',(0.382683432365089,0.923879532511287,0.));
#3788=DIRECTION('',(-0.382683432365089,-0.923879532511287,0.));
#3789=DIRECTION('',(-0.556127446817657,0.784061197914547,0.275627104655692));
#3790=DIRECTION('',(-0.382683432365089,-0.923879532511287,0.));
#3791=DIRECTION('center_axis',(-0.129049452038417,-0.409086174456773,0.903324272228366));
#3792=DIRECTION('ref_axis',(0.98994901382769,0.,0.141424715030947));
#3793=DIRECTION('',(-0.98994901382769,0.,-0.141424715030947));
#3794=DIRECTION('center_axis',(-0.141182679807025,0.0584797807482479,0.988254808319263));
#3795=DIRECTION('ref_axis',(0.98994901382769,-5.59345405108135E-17,0.141424715030947));
#3796=DIRECTION('center_axis',(-0.546820159516758,-0.226500326250861,0.806030592070996));
#3797=DIRECTION('ref_axis',(0.38268343236509,-0.923879532511287,0.));
#3798=DIRECTION('',(-0.38268343236509,0.923879532511287,0.));
#3799=DIRECTION('',(0.754507322604466,-0.550607472937125,0.357141583804005));
#3800=DIRECTION('',(0.144178966382694,0.922855522154354,0.357141583804005));
#3801=DIRECTION('center_axis',(-0.129049452038417,0.409086174456773,0.903324272228366));
#3802=DIRECTION('ref_axis',(-0.98994901382769,0.,-0.141424715030947));
#3803=DIRECTION('',(0.98994901382769,0.,0.141424715030947));
#3804=DIRECTION('',(-0.556127446817658,-0.784061197914547,0.275627104655691));
#3805=DIRECTION('center_axis',(0.296359026624832,0.122755928159695,0.947154849768312));
#3806=DIRECTION('ref_axis',(-0.38268343236509,0.923879532511287,0.));
#3807=DIRECTION('',(0.38268343236509,-0.923879532511287,0.));
#3808=DIRECTION('',(-0.94765647875935,0.161173501061896,0.275627104655691));
#3809=DIRECTION('',(0.38268343236509,-0.923879532511287,0.));
#3810=DIRECTION('center_axis',(0.198015865403275,-0.38051935069282,0.903324272228366));
#3811=DIRECTION('ref_axis',(0.699999660706494,0.699999660706495,0.141424715030947));
#3812=DIRECTION('',(-0.699999660706494,-0.699999660706495,-0.141424715030947));
#3813=DIRECTION('center_axis',(-0.141182679807026,-0.0584797807482481,0.988254808319263));
#3814=DIRECTION('ref_axis',(0.98994901382769,5.59345405108135E-17,0.141424715030947));
#3815=DIRECTION('center_axis',(-0.124746886251586,-0.627144947772323,0.768848118196426));
#3816=DIRECTION('ref_axis',(0.98078528040323,-0.195090322016131,0.));
#3817=DIRECTION('',(-0.98078528040323,0.195090322016131,0.));
#3818=DIRECTION('',(0.911995658636519,0.232715762358087,0.337797709551494));
#3819=DIRECTION('',(-0.753517656048778,0.564006958684483,0.337797709551493));
#3820=DIRECTION('center_axis',(-0.385299983850761,0.203446319785841,0.900085283409411));
#3821=DIRECTION('ref_axis',(-0.699999308917705,-0.699999308917704,-0.141428197434148));
#3822=DIRECTION('',(0.699999308917705,0.699999308917704,0.141428197434148));
#3823=DIRECTION('',(0.248876883065531,-0.916340223601472,0.313657283807646));
#3824=DIRECTION('center_axis',(0.0675258874581954,0.339475560759427,0.938187933289517));
#3825=DIRECTION('ref_axis',(-0.98078528040323,0.195090322016131,0.));
#3826=DIRECTION('',(0.98078528040323,-0.195090322016131,0.));
#3827=DIRECTION('',(-0.580600480361455,-0.751346917554373,0.313657283807647));
#3828=DIRECTION('',(0.98078528040323,-0.195090322016131,0.));
#3829=DIRECTION('center_axis',(0.433826304914339,0.0405119705046622,0.900085283409411));
#3830=DIRECTION('ref_axis',(-0.378836896091296,0.91459317247093,0.141428197434147));
#3831=DIRECTION('',(0.378836896091296,-0.91459317247093,-0.141428197434147));
#3832=DIRECTION('center_axis',(-0.0330365590566636,-0.16608599802951,0.985557723841804));
#3833=DIRECTION('ref_axis',(0.999438655227064,-8.84511497435266E-19,0.0335018572308619));
#3834=DIRECTION('center_axis',(0.531667814557099,-0.355249076156295,0.768848118196421));
#3835=DIRECTION('ref_axis',(0.555570233019605,0.831469612302543,0.));
#3836=DIRECTION('',(-0.555570233019605,-0.831469612302543,0.));
#3837=DIRECTION('',(0.134004299213689,0.93163058945808,0.337797709551497));
#3838=DIRECTION('',(-0.809433208286974,-0.480323420982175,0.337797709551495));
#3839=DIRECTION('center_axis',(-0.33540781112511,-0.278115232998959,0.90008528340941));
#3840=DIRECTION('ref_axis',(0.378836896091295,-0.91459317247093,-0.141428197434148));
#3841=DIRECTION('',(-0.378836896091295,0.91459317247093,0.141428197434148));
#3842=DIRECTION('',(0.941829037250057,-0.120735963602563,0.313657283807647));
#3843=DIRECTION('center_axis',(-0.287793483987425,0.192297458132769,0.938187933289517));
#3844=DIRECTION('ref_axis',(-0.555570233019605,-0.831469612302543,0.));
#3845=DIRECTION('',(0.555570233019605,0.831469612302543,0.));
#3846=DIRECTION('',(0.471967854286389,-0.823932917678806,0.313657283807647));
#3847=DIRECTION('',(0.555570233019605,0.831469612302543,0.));
#3848=DIRECTION('center_axis',(0.128589959043926,0.416306503699956,0.900085283409411));
#3849=DIRECTION('ref_axis',(-0.989948516323211,0.,0.141428197434147));
#3850=DIRECTION('',(0.989948516323211,0.,-0.141428197434147));
#3851=DIRECTION('center_axis',(0.140800910402839,-0.0940801605307667,0.985557723841804));
#3852=DIRECTION('ref_axis',(0.989948516323211,1.09906363601554E-16,-0.141428197434147));
#3853=DIRECTION('center_axis',(0.923879532511289,0.382683432365085,0.));
#3854=DIRECTION('ref_axis',(0.382683432365085,-0.923879532511289,0.));
#3855=DIRECTION('',(-0.382683432365085,0.923879532511289,0.));
#3856=DIRECTION('',(0.,0.,-1.));
#3857=DIRECTION('',(0.382683432365085,-0.923879532511289,0.));
#3858=DIRECTION('',(0.,0.,-1.));
#3859=DIRECTION('center_axis',(-0.382683432365091,0.923879532511286,0.));
#3860=DIRECTION('ref_axis',(0.923879532511286,0.382683432365091,0.));
#3861=DIRECTION('',(-0.923879532511286,-0.382683432365091,0.));
#3862=DIRECTION('',(-0.923879532511286,-0.382683432365091,0.));
#3863=DIRECTION('',(0.,0.,-1.));
#3864=DIRECTION('',(-0.923879532511286,-0.382683432365091,0.));
#3865=DIRECTION('center_axis',(0.,0.,-1.));
#3866=DIRECTION('ref_axis',(-1.,0.,0.));
#3867=DIRECTION('',(0.923879532511287,0.38268343236509,0.));
#3868=DIRECTION('',(0.38268343236509,-0.923879532511287,0.));
#3869=DIRECTION('center_axis',(-0.923879532511287,-0.38268343236509,0.));
#3870=DIRECTION('ref_axis',(-0.38268343236509,0.923879532511287,0.));
#3871=DIRECTION('',(0.,0.,-1.));
#3872=DIRECTION('',(-0.38268343236509,0.923879532511287,0.));
#3873=DIRECTION('center_axis',(-0.38268343236509,0.923879532511287,0.));
#3874=DIRECTION('ref_axis',(0.923879532511287,0.38268343236509,0.));
#3875=DIRECTION('',(-0.923879532511287,-0.38268343236509,0.));
#3876=DIRECTION('',(0.,0.,-1.));
#3877=DIRECTION('',(0.923879532511287,0.38268343236509,0.));
#3878=DIRECTION('',(0.923879532511287,0.38268343236509,0.));
#3879=DIRECTION('',(0.,0.,-1.));
#3880=DIRECTION('center_axis',(0.,0.,1.));
#3881=DIRECTION('ref_axis',(1.,0.,0.));
#3882=DIRECTION('',(-0.98078528040323,0.195090322016131,0.));
#3883=DIRECTION('',(-0.707106781186548,0.707106781186548,0.));
#3884=DIRECTION('',(-0.38268343236509,0.923879532511287,0.));
#3885=DIRECTION('',(0.,1.,0.));
#3886=DIRECTION('',(0.382683432365089,0.923879532511287,0.));
#3887=DIRECTION('',(0.707106781186548,0.707106781186548,0.));
#3888=DIRECTION('',(0.923879532511287,0.38268343236509,0.));
#3889=DIRECTION('',(1.,0.,0.));
#3890=DIRECTION('',(0.923879532511287,-0.382683432365089,0.));
#3891=DIRECTION('',(0.707106781186549,-0.707106781186546,0.));
#3892=DIRECTION('',(0.382683432365091,-0.923879532511286,0.));
#3893=DIRECTION('',(1.22338625303048E-15,-1.,0.));
#3894=DIRECTION('',(-0.555570233019605,-0.831469612302543,0.));
#3895=DIRECTION('center_axis',(0.707106781186548,-0.707106781186548,0.));
#3896=DIRECTION('ref_axis',(-0.707106781186548,-0.707106781186548,0.));
#3897=DIRECTION('center_axis',(-1.,0.,0.));
#3898=DIRECTION('ref_axis',(0.,1.,0.));
#3899=DIRECTION('',(0.,-1.,0.));
#3900=DIRECTION('center_axis',(1.,0.,0.));
#3901=DIRECTION('ref_axis',(0.,-1.,0.));
#3902=DIRECTION('center_axis',(0.,-1.,0.));
#3903=DIRECTION('ref_axis',(-1.,0.,0.));
#3904=DIRECTION('center_axis',(0.707106781186548,0.707106781186547,0.));
#3905=DIRECTION('ref_axis',(0.707106781186547,-0.707106781186548,0.));
#3906=DIRECTION('',(-0.707106781186547,0.707106781186548,0.));
#3907=DIRECTION('center_axis',(-0.707106781186546,-0.707106781186549,0.));
#3908=DIRECTION('ref_axis',(-0.707106781186549,0.707106781186546,0.));
#3909=DIRECTION('center_axis',(0.,0.,-1.));
#3910=DIRECTION('ref_axis',(-1.,0.,0.));
#3911=DIRECTION('',(0.38268343236509,-0.923879532511287,0.));
#3912=DIRECTION('',(0.707106781186547,-0.707106781186547,0.));
#3913=DIRECTION('',(0.98078528040323,-0.195090322016131,0.));
#3914=DIRECTION('center_axis',(0.,0.,1.));
#3915=DIRECTION('ref_axis',(-1.,0.,0.));
#3916=DIRECTION('center_axis',(0.,0.,1.));
#3917=DIRECTION('ref_axis',(1.,0.,0.));
#3918=DIRECTION('center_axis',(0.,0.,-1.));
#3919=DIRECTION('ref_axis',(-1.,0.,0.));
#3920=DIRECTION('center_axis',(0.,0.,-1.));
#3921=DIRECTION('ref_axis',(-1.,0.,0.));
#3922=DIRECTION('',(0.,0.,1.));
#3923=DIRECTION('center_axis',(0.,0.,1.));
#3924=DIRECTION('ref_axis',(-1.,0.,0.));
#3925=DIRECTION('center_axis',(0.,0.,1.));
#3926=DIRECTION('ref_axis',(-1.,0.,0.));
#3927=DIRECTION('center_axis',(0.,0.,-1.));
#3928=DIRECTION('ref_axis',(-1.,0.,0.));
#3929=DIRECTION('center_axis',(0.,0.,-1.));
#3930=DIRECTION('ref_axis',(-1.,0.,0.));
#3931=DIRECTION('',(0.,0.,1.));
#3932=DIRECTION('center_axis',(0.,0.,1.));
#3933=DIRECTION('ref_axis',(-1.,0.,0.));
#3934=DIRECTION('center_axis',(0.,0.,1.));
#3935=DIRECTION('ref_axis',(-1.,0.,0.));
#3936=DIRECTION('center_axis',(0.,0.,-1.));
#3937=DIRECTION('ref_axis',(-1.,0.,0.));
#3938=DIRECTION('center_axis',(0.,0.,-1.));
#3939=DIRECTION('ref_axis',(-1.,0.,0.));
#3940=DIRECTION('',(0.,0.,1.));
#3941=DIRECTION('center_axis',(0.,0.,1.));
#3942=DIRECTION('ref_axis',(-1.,0.,0.));
#3943=DIRECTION('center_axis',(0.,0.,-1.));
#3944=DIRECTION('ref_axis',(-1.,0.,0.));
#3945=DIRECTION('center_axis',(0.,0.,-1.));
#3946=DIRECTION('ref_axis',(-1.,0.,0.));
#3947=DIRECTION('',(0.,0.,1.));
#3948=DIRECTION('center_axis',(0.,0.,1.));
#3949=DIRECTION('ref_axis',(-1.,0.,0.));
#3950=DIRECTION('center_axis',(0.,0.,1.));
#3951=DIRECTION('ref_axis',(-1.,0.,0.));
#3952=DIRECTION('center_axis',(0.195090322016131,0.98078528040323,0.));
#3953=DIRECTION('ref_axis',(0.98078528040323,-0.195090322016131,0.));
#3954=DIRECTION('',(0.,0.,-1.));
#3955=DIRECTION('center_axis',(0.707106781186548,0.707106781186548,0.));
#3956=DIRECTION('ref_axis',(0.707106781186548,-0.707106781186548,0.));
#3957=DIRECTION('',(0.,0.,-1.));
#3958=DIRECTION('center_axis',(0.923879532511287,0.38268343236509,0.));
#3959=DIRECTION('ref_axis',(0.38268343236509,-0.923879532511287,0.));
#3960=DIRECTION('center_axis',(-0.923879532511287,-0.382683432365091,0.));
#3961=DIRECTION('ref_axis',(-0.382683432365091,0.923879532511286,0.));
#3962=DIRECTION('',(-0.382683432365091,0.923879532511286,0.));
#3963=DIRECTION('',(0.,0.,-1.));
#3964=DIRECTION('center_axis',(-1.,-1.22338625303048E-15,0.));
#3965=DIRECTION('ref_axis',(-1.22338625303048E-15,1.,0.));
#3966=DIRECTION('',(-1.22338625303048E-15,1.,0.));
#3967=DIRECTION('',(0.,0.,-1.));
#3968=DIRECTION('center_axis',(-0.831469612302543,0.555570233019605,0.));
#3969=DIRECTION('ref_axis',(0.555570233019605,0.831469612302543,0.));
#3970=DIRECTION('',(0.555570233019605,0.831469612302543,0.));
#3971=DIRECTION('center_axis',(0.,0.,-1.));
#3972=DIRECTION('ref_axis',(-1.,0.,0.));
#3973=DIRECTION('center_axis',(0.923879532511287,-0.382683432365089,0.));
#3974=DIRECTION('ref_axis',(-0.382683432365089,-0.923879532511287,0.));
#3975=DIRECTION('',(-0.382683432365089,-0.923879532511287,0.));
#3976=DIRECTION('center_axis',(0.,0.,-1.));
#3977=DIRECTION('ref_axis',(-1.,0.,0.));
#3978=DIRECTION('center_axis',(-0.382683432365089,-0.923879532511287,0.));
#3979=DIRECTION('ref_axis',(-0.923879532511287,0.382683432365089,0.));
#3980=DIRECTION('',(-0.923879532511287,0.382683432365089,0.));
#3981=DIRECTION('center_axis',(0.,0.,-1.));
#3982=DIRECTION('ref_axis',(-1.,0.,0.));
#3983=DIRECTION('center_axis',(0.38268343236509,-0.923879532511287,0.));
#3984=DIRECTION('ref_axis',(-0.923879532511287,-0.38268343236509,0.));
#3985=DIRECTION('',(-0.923879532511287,-0.38268343236509,0.));
#3986=DIRECTION('center_axis',(0.,0.,-1.));
#3987=DIRECTION('ref_axis',(-1.,0.,0.));
#3988=CARTESIAN_POINT('',(0.,0.,0.));
#3989=CARTESIAN_POINT('Origin',(56.2601901527098,-63.3339076310415,2.));
#3990=CARTESIAN_POINT('',(57.2601901527098,-63.3339076310415,3.));
#3991=CARTESIAN_POINT('Origin',(56.2601901527098,-63.3339076310415,3.));
#3992=CARTESIAN_POINT('',(57.2601901527098,-63.3339076310415,2.));
#3993=CARTESIAN_POINT('',(57.2601901527098,-63.3339076310415,2.));
#3994=CARTESIAN_POINT('Origin',(56.2601901527098,-63.3339076310415,2.));
#3995=CARTESIAN_POINT('Origin',(56.2601901527098,-63.3339076310415,3.));
#3996=CARTESIAN_POINT('Origin',(125.941167660472,-34.4699076310415,2.));
#3997=CARTESIAN_POINT('',(126.941167660472,-34.4699076310415,3.));
#3998=CARTESIAN_POINT('Origin',(125.941167660472,-34.4699076310415,3.));
#3999=CARTESIAN_POINT('',(126.941167660472,-34.4699076310415,2.));
#4000=CARTESIAN_POINT('',(126.941167660472,-34.4699076310415,2.));
#4001=CARTESIAN_POINT('Origin',(125.941167660472,-34.4699076310415,2.));
#4002=CARTESIAN_POINT('Origin',(125.941167660472,-34.4699076310415,3.));
#4003=CARTESIAN_POINT('Origin',(56.2601901527098,-34.4699076310415,2.));
#4004=CARTESIAN_POINT('',(57.2601901527098,-34.4699076310415,3.));
#4005=CARTESIAN_POINT('Origin',(56.2601901527098,-34.4699076310415,3.));
#4006=CARTESIAN_POINT('',(57.2601901527098,-34.4699076310415,2.));
#4007=CARTESIAN_POINT('',(57.2601901527098,-34.4699076310415,2.));
#4008=CARTESIAN_POINT('Origin',(56.2601901527098,-34.4699076310415,2.));
#4009=CARTESIAN_POINT('Origin',(56.2601901527098,-34.4699076310415,3.));
#4010=CARTESIAN_POINT('Origin',(105.532678906591,-14.0614188771604,2.));
#4011=CARTESIAN_POINT('',(106.532678906591,-14.0614188771604,3.));
#4012=CARTESIAN_POINT('Origin',(105.532678906591,-14.0614188771604,3.));
#4013=CARTESIAN_POINT('',(106.532678906591,-14.0614188771604,2.));
#4014=CARTESIAN_POINT('',(106.532678906591,-14.0614188771604,2.));
#4015=CARTESIAN_POINT('Origin',(105.532678906591,-14.0614188771604,2.));
#4016=CARTESIAN_POINT('Origin',(105.532678906591,-14.0614188771604,3.));
#4017=CARTESIAN_POINT('Origin',(54.2597799447774,-64.1619076310415,0.));
#4018=CARTESIAN_POINT('',(54.2597799447774,-64.1619076310415,0.));
#4019=CARTESIAN_POINT('',(75.8406789065909,-85.7428065928549,0.));
#4020=CARTESIAN_POINT('',(54.2597799447774,-64.1619076310415,0.));
#4021=CARTESIAN_POINT('',(75.8406789065909,-85.7428065928549,2.));
#4022=CARTESIAN_POINT('',(75.8406789065909,-85.7428065928549,0.));
#4023=CARTESIAN_POINT('',(54.2597799447774,-64.1619076310415,2.));
#4024=CARTESIAN_POINT('',(54.2597799447774,-64.1619076310415,2.));
#4025=CARTESIAN_POINT('',(54.2597799447774,-64.1619076310415,0.));
#4026=CARTESIAN_POINT('Origin',(54.2597799447774,-33.6419076310415,0.));
#4027=CARTESIAN_POINT('',(54.2597799447774,-33.6419076310415,0.));
#4028=CARTESIAN_POINT('',(54.2597799447774,-33.6419076310415,0.));
#4029=CARTESIAN_POINT('',(54.2597799447774,-33.6419076310415,2.));
#4030=CARTESIAN_POINT('',(54.2597799447774,-33.6419076310415,2.));
#4031=CARTESIAN_POINT('',(54.2597799447774,-33.6419076310415,0.));
#4032=CARTESIAN_POINT('Origin',(75.8406789065909,-12.0610086692281,0.));
#4033=CARTESIAN_POINT('',(75.8406789065909,-12.0610086692281,0.));
#4034=CARTESIAN_POINT('',(75.8406789065909,-12.0610086692281,0.));
#4035=CARTESIAN_POINT('',(75.8406789065909,-12.0610086692281,2.));
#4036=CARTESIAN_POINT('',(75.8406789065909,-12.0610086692281,2.));
#4037=CARTESIAN_POINT('',(75.8406789065909,-12.0610086692281,0.));
#4038=CARTESIAN_POINT('Origin',(106.360678906591,-12.0610086692281,0.));
#4039=CARTESIAN_POINT('',(106.360678906591,-12.0610086692281,0.));
#4040=CARTESIAN_POINT('',(106.360678906591,-12.0610086692281,0.));
#4041=CARTESIAN_POINT('',(106.360678906591,-12.0610086692281,2.));
#4042=CARTESIAN_POINT('',(106.360678906591,-12.0610086692281,2.));
#4043=CARTESIAN_POINT('',(106.360678906591,-12.0610086692281,0.));
#4044=CARTESIAN_POINT('Origin',(127.941577868404,-33.6419076310415,0.));
#4045=CARTESIAN_POINT('',(127.941577868404,-33.6419076310415,0.));
#4046=CARTESIAN_POINT('',(127.941577868404,-33.6419076310415,0.));
#4047=CARTESIAN_POINT('',(127.941577868404,-33.6419076310415,2.));
#4048=CARTESIAN_POINT('',(127.941577868404,-33.6419076310415,2.));
#4049=CARTESIAN_POINT('',(127.941577868404,-33.6419076310415,0.));
#4050=CARTESIAN_POINT('Origin',(127.941577868404,-64.1619076310415,0.));
#4051=CARTESIAN_POINT('',(127.941577868404,-64.1619076310415,0.));
#4052=CARTESIAN_POINT('',(127.941577868404,-64.1619076310415,0.));
#4053=CARTESIAN_POINT('',(127.941577868404,-64.1619076310415,2.));
#4054=CARTESIAN_POINT('',(127.941577868404,-64.1619076310415,2.));
#4055=CARTESIAN_POINT('',(127.941577868404,-64.1619076310415,0.));
#4056=CARTESIAN_POINT('Origin',(75.8406789065909,-85.7428065928549,0.));
#4057=CARTESIAN_POINT('',(75.8406789065909,-85.7428065928549,0.));
#4058=CARTESIAN_POINT('',(75.8406789065909,-85.7428065928549,2.));
#4059=CARTESIAN_POINT('Origin',(91.1006789065908,-48.9019076310415,2.));
#4060=CARTESIAN_POINT('Origin',(91.1006789065908,-48.9019076310415,0.));
#4061=CARTESIAN_POINT('Origin',(123.691577868404,-52.5319076310414,12.25));
#4062=CARTESIAN_POINT('',(120.941577868404,-41.6419076310415,13.));
#4063=CARTESIAN_POINT('',(126.441577868404,-41.6419076310415,11.5));
#4064=CARTESIAN_POINT('',(122.316577868404,-41.6419076310415,12.625));
#4065=CARTESIAN_POINT('',(120.941577868404,-56.1619076310415,13.));
#4066=CARTESIAN_POINT('',(120.941577868404,-52.5319076310415,13.));
#4067=CARTESIAN_POINT('',(126.441577868404,-56.1619076310415,11.5));
#4068=CARTESIAN_POINT('',(125.574270176097,-56.1619076310415,11.7365384615385));
#4069=CARTESIAN_POINT('',(126.441577868404,-52.5319076310414,11.5));
#4070=CARTESIAN_POINT('Origin',(120.941577868404,-56.1619076310415,13.5));
#4071=CARTESIAN_POINT('',(120.941577868404,-41.6419076310415,13.5));
#4072=CARTESIAN_POINT('',(120.941577868404,-41.6419076310415,13.));
#4073=CARTESIAN_POINT('',(120.941577868404,-56.1619076310415,13.5));
#4074=CARTESIAN_POINT('',(120.941577868404,-56.1619076310415,13.5));
#4075=CARTESIAN_POINT('',(120.941577868404,-56.1619076310415,13.5));
#4076=CARTESIAN_POINT('Origin',(120.941577868404,-41.6419076310415,13.));
#4077=CARTESIAN_POINT('',(127.941450184883,-41.6419076310415,12.5));
#4078=CARTESIAN_POINT('',(121.944781438976,-41.6419076310415,13.3566817309736));
#4079=CARTESIAN_POINT('',(126.441577868404,-41.6419076310415,4.2));
#4080=CARTESIAN_POINT('',(126.441577868404,-41.6419076310415,13.));
#4081=CARTESIAN_POINT('',(127.941577868404,-41.6419076310415,4.2));
#4082=CARTESIAN_POINT('',(124.539927438955,-41.6419076310415,4.2));
#4083=CARTESIAN_POINT('',(127.941577868404,-41.6419076310415,12.));
#4084=CARTESIAN_POINT('Origin',(90.9350171895377,-74.8903601097682,12.25));
#4085=CARTESIAN_POINT('',(117.871757581758,-60.7562183623832,13.));
#4086=CARTESIAN_POINT('',(119.976516459766,-65.8375557911952,11.5));
#4087=CARTESIAN_POINT('',(118.39794730126,-62.0265527195862,12.625));
#4088=CARTESIAN_POINT('',(80.5529311401255,-76.2141824063552,13.));
#4089=CARTESIAN_POINT('',(89.8826377505337,-72.3496913953622,13.));
#4090=CARTESIAN_POINT('',(82.6576900181335,-81.2955198351672,11.5));
#4091=CARTESIAN_POINT('',(82.3257857335246,-80.4942320098546,11.7365384615385));
#4092=CARTESIAN_POINT('',(91.9873966285417,-77.4310288241742,11.5));
#4093=CARTESIAN_POINT('Origin',(80.5529311401255,-76.2141824063552,13.5));
#4094=CARTESIAN_POINT('',(117.871757581758,-60.7562183623832,13.5));
#4095=CARTESIAN_POINT('',(117.871757581758,-60.7562183623832,13.));
#4096=CARTESIAN_POINT('',(80.5529311401255,-76.2141824063552,13.5));
#4097=CARTESIAN_POINT('',(117.871757581758,-60.7562183623832,13.5));
#4098=CARTESIAN_POINT('',(80.5529311401255,-76.2141824063552,13.5));
#4099=CARTESIAN_POINT('Origin',(117.871757581758,-60.7562183623832,13.));
#4100=CARTESIAN_POINT('',(120.550452937127,-67.22316101878,12.5));
#4101=CARTESIAN_POINT('',(118.247104051061,-61.662384899162,13.3598748561335));
#4102=CARTESIAN_POINT('',(119.976516459766,-65.8375557911952,4.2));
#4103=CARTESIAN_POINT('',(119.976516459766,-65.8375557911952,12.));
#4104=CARTESIAN_POINT('',(120.550541608314,-67.2233750899622,4.2));
#4105=CARTESIAN_POINT('',(120.550541608314,-67.2233750899622,4.2));
#4106=CARTESIAN_POINT('',(120.550541608314,-67.2233750899622,11.));
#4107=CARTESIAN_POINT('Origin',(65.4886356300198,-69.3803556761982,12.25));
#4108=CARTESIAN_POINT('',(75.1335721254043,-75.1362048750567,13.));
#4109=CARTESIAN_POINT('',(71.2444848288783,-79.0252921715827,11.5));
#4110=CARTESIAN_POINT('',(74.1613003012728,-76.1084766991882,12.625));
#4111=CARTESIAN_POINT('',(64.8663816625756,-64.869014412228,13.));
#4112=CARTESIAN_POINT('',(67.4331792782828,-67.4358120279352,13.));
#4113=CARTESIAN_POINT('',(60.9772943660496,-68.758101708754,11.5));
#4114=CARTESIAN_POINT('',(61.5905735166557,-68.144822558148,11.7365384615385));
#4115=CARTESIAN_POINT('',(63.5440919817568,-71.3248993244612,11.5));
#4116=CARTESIAN_POINT('Origin',(64.8663816625756,-64.869014412228,13.5));
#4117=CARTESIAN_POINT('',(75.1335721254043,-75.1362048750567,13.5));
#4118=CARTESIAN_POINT('',(75.1335721254043,-75.1362048750567,13.));
#4119=CARTESIAN_POINT('',(64.8663816625756,-64.869014412228,13.5));
#4120=CARTESIAN_POINT('',(75.1335721254043,-75.1362048750567,13.5));
#4121=CARTESIAN_POINT('',(64.8663816625756,-64.869014412228,13.5));
#4122=CARTESIAN_POINT('Origin',(75.1335721254043,-75.1362048750567,13.));
#4123=CARTESIAN_POINT('',(70.183988500088,-80.085788500373,12.5));
#4124=CARTESIAN_POINT('',(74.4651719737546,-75.8046050267064,13.3649561115157));
#4125=CARTESIAN_POINT('',(71.2444848288783,-79.0252921715827,4.2));
#4126=CARTESIAN_POINT('',(71.2444848288783,-79.0252921715827,13.));
#4127=CARTESIAN_POINT('',(70.1838246570985,-80.0859523433625,4.2));
#4128=CARTESIAN_POINT('',(72.6380342754997,-77.6317427249613,4.2));
#4129=CARTESIAN_POINT('',(70.1838246570985,-80.0859523433625,12.));
#4130=CARTESIAN_POINT('Origin',(58.5097799447774,-45.2719076310415,12.25));
#4131=CARTESIAN_POINT('',(61.2597799447774,-56.1619076310415,13.));
#4132=CARTESIAN_POINT('',(55.7597799447774,-56.1619076310415,11.5));
#4133=CARTESIAN_POINT('',(59.8847799447774,-56.1619076310415,12.625));
#4134=CARTESIAN_POINT('',(61.2597799447774,-41.6419076310415,13.));
#4135=CARTESIAN_POINT('',(61.2597799447774,-45.2719076310415,13.));
#4136=CARTESIAN_POINT('',(55.7597799447774,-41.6419076310415,11.5));
#4137=CARTESIAN_POINT('',(56.6270876370851,-41.6419076310415,11.7365384615385));
#4138=CARTESIAN_POINT('',(55.7597799447774,-45.2719076310415,11.5));
#4139=CARTESIAN_POINT('Origin',(61.2597799447774,-41.6419076310415,13.5));
#4140=CARTESIAN_POINT('',(61.2597799447774,-56.1619076310415,13.5));
#4141=CARTESIAN_POINT('',(61.2597799447774,-56.1619076310415,13.));
#4142=CARTESIAN_POINT('',(61.2597799447774,-41.6419076310415,13.5));
#4143=CARTESIAN_POINT('',(61.2597799447774,-56.1619076310415,13.5));
#4144=CARTESIAN_POINT('',(61.2597799447774,-41.6419076310415,13.5));
#4145=CARTESIAN_POINT('Origin',(61.2597799447774,-56.1619076310415,13.));
#4146=CARTESIAN_POINT('',(54.2599076282986,-56.1619076310415,12.5));
#4147=CARTESIAN_POINT('',(60.2565763742057,-56.1619076310415,13.3566817309736));
#4148=CARTESIAN_POINT('',(55.7597799447774,-56.1619076310415,11.));
#4149=CARTESIAN_POINT('',(55.7597799447774,-56.1619076310415,13.));
#4150=CARTESIAN_POINT('',(61.2597799447774,-56.1619076310415,11.));
#4151=CARTESIAN_POINT('',(72.6802294256841,-56.1619076310415,11.));
#4152=CARTESIAN_POINT('',(61.2597799447774,-56.1619076310415,4.2));
#4153=CARTESIAN_POINT('',(61.2597799447774,-56.1619076310415,11.));
#4154=CARTESIAN_POINT('',(54.2597799447774,-56.1619076310415,4.2));
#4155=CARTESIAN_POINT('',(54.2597799447774,-56.1619076310415,4.2));
#4156=CARTESIAN_POINT('',(54.2597799447774,-56.1619076310415,11.));
#4157=CARTESIAN_POINT('Origin',(70.6222308614341,-23.2898643544704,12.25));
#4158=CARTESIAN_POINT('',(64.8663816625756,-32.9348008498549,13.));
#4159=CARTESIAN_POINT('',(60.9772943660496,-29.0457135533289,11.5));
#4160=CARTESIAN_POINT('',(61.4110771798929,-29.4794963671722,11.6673076923077));
#4161=CARTESIAN_POINT('',(75.1335721254043,-22.6676103870263,13.));
#4162=CARTESIAN_POINT('',(72.5667745096972,-25.2344080027334,13.));
#4163=CARTESIAN_POINT('',(71.2444848288783,-18.7785230905003,11.5));
#4164=CARTESIAN_POINT('',(73.9818039645101,-21.515842226132,12.5557692307692));
#4165=CARTESIAN_POINT('',(68.6776872131711,-21.3453207062074,11.5));
#4166=CARTESIAN_POINT('Origin',(75.1335721254043,-22.6676103870263,13.5));
#4167=CARTESIAN_POINT('',(64.8663816625756,-32.9348008498549,13.5));
#4168=CARTESIAN_POINT('',(64.8663816625756,-32.9348008498549,13.));
#4169=CARTESIAN_POINT('',(75.1335721254043,-22.6676103870263,13.5));
#4170=CARTESIAN_POINT('',(75.1335721254043,-22.6676103870263,13.5));
#4171=CARTESIAN_POINT('',(75.1335721254043,-22.6676103870263,13.5));
#4172=CARTESIAN_POINT('Origin',(59.9166341942698,-27.9850533815491,11.));
#4173=CARTESIAN_POINT('',(59.9167244801535,-27.9851436674328,12.5));
#4174=CARTESIAN_POINT('',(64.031431769084,-32.0998509563633,13.331310560018));
#4175=CARTESIAN_POINT('',(60.9772943660496,-29.0457135533289,11.));
#4176=CARTESIAN_POINT('',(60.9772943660496,-29.0457135533289,13.));
#4177=CARTESIAN_POINT('',(64.8663816625756,-32.9348008498549,11.));
#4178=CARTESIAN_POINT('',(72.9418589347232,-41.0102781220024,11.));
#4179=CARTESIAN_POINT('',(64.8663816625756,-32.9348008498549,4.2));
#4180=CARTESIAN_POINT('',(64.8663816625756,-32.9348008498549,11.));
#4181=CARTESIAN_POINT('',(59.9166341942698,-27.9850533815491,4.2));
#4182=CARTESIAN_POINT('',(59.9166341942698,-27.9850533815491,4.2));
#4183=CARTESIAN_POINT('',(59.9166341942698,-27.9850533815491,11.));
#4184=CARTESIAN_POINT('Origin',(94.7306789065908,-16.3110086692281,12.25));
#4185=CARTESIAN_POINT('',(83.8406789065909,-19.0610086692281,13.));
#4186=CARTESIAN_POINT('',(83.8406789065909,-13.5610086692281,11.5));
#4187=CARTESIAN_POINT('',(83.8406789065909,-17.6860086692281,12.625));
#4188=CARTESIAN_POINT('',(98.3606789065908,-19.0610086692281,13.));
#4189=CARTESIAN_POINT('',(94.7306789065908,-19.0610086692281,13.));
#4190=CARTESIAN_POINT('',(98.3606789065908,-13.5610086692281,11.5));
#4191=CARTESIAN_POINT('',(98.3606789065908,-14.4283163615358,11.7365384615385));
#4192=CARTESIAN_POINT('',(94.7306789065908,-13.5610086692281,11.5));
#4193=CARTESIAN_POINT('Origin',(98.3606789065908,-19.0610086692281,13.5));
#4194=CARTESIAN_POINT('',(83.8406789065909,-19.0610086692281,13.5));
#4195=CARTESIAN_POINT('',(83.8406789065909,-19.0610086692281,13.));
#4196=CARTESIAN_POINT('',(98.3606789065908,-19.0610086692281,13.5));
#4197=CARTESIAN_POINT('',(98.3606789065908,-19.0610086692281,13.5));
#4198=CARTESIAN_POINT('',(98.3606789065908,-19.0610086692281,13.5));
#4199=CARTESIAN_POINT('Origin',(83.8406789065909,-19.0610086692281,13.));
#4200=CARTESIAN_POINT('',(83.8406789065909,-12.0611363527493,12.5));
#4201=CARTESIAN_POINT('',(83.8406789065909,-18.0578050986563,13.3566817309736));
#4202=CARTESIAN_POINT('',(83.8406789065909,-13.5610086692281,11.));
#4203=CARTESIAN_POINT('',(83.8406789065909,-13.5610086692281,13.));
#4204=CARTESIAN_POINT('',(83.8406789065909,-19.0610086692281,11.));
#4205=CARTESIAN_POINT('',(83.8406789065909,-30.4814581501348,11.));
#4206=CARTESIAN_POINT('',(83.8406789065909,-19.0610086692281,4.2));
#4207=CARTESIAN_POINT('',(83.8406789065909,-19.0610086692281,11.));
#4208=CARTESIAN_POINT('',(83.8406789065909,-12.0610086692281,4.2));
#4209=CARTESIAN_POINT('',(83.8406789065909,-12.0610086692281,4.2));
#4210=CARTESIAN_POINT('',(83.8406789065909,-12.0610086692281,11.));
#4211=CARTESIAN_POINT('Origin',(116.712722183162,-28.4234595858848,12.25));
#4212=CARTESIAN_POINT('',(107.067785687777,-22.6676103870263,13.));
#4213=CARTESIAN_POINT('',(110.956872984303,-18.7785230905003,11.5));
#4214=CARTESIAN_POINT('',(108.040057511909,-21.6953385628948,12.625));
#4215=CARTESIAN_POINT('',(117.334976150606,-32.9348008498549,13.));
#4216=CARTESIAN_POINT('',(114.768178534899,-30.3680032341478,13.));
#4217=CARTESIAN_POINT('',(121.224063447132,-29.0457135533289,11.5));
#4218=CARTESIAN_POINT('',(120.610784296526,-29.6589927039349,11.7365384615385));
#4219=CARTESIAN_POINT('',(118.657265831425,-26.4789159376217,11.5));
#4220=CARTESIAN_POINT('Origin',(117.334976150606,-32.9348008498549,13.5));
#4221=CARTESIAN_POINT('',(107.067785687777,-22.6676103870263,13.5));
#4222=CARTESIAN_POINT('',(107.067785687777,-22.6676103870263,13.));
#4223=CARTESIAN_POINT('',(117.334976150606,-32.9348008498549,13.5));
#4224=CARTESIAN_POINT('',(107.067785687777,-22.6676103870263,13.5));
#4225=CARTESIAN_POINT('',(117.334976150606,-32.9348008498549,13.5));
#4226=CARTESIAN_POINT('Origin',(107.067785687777,-22.6676103870263,13.));
#4227=CARTESIAN_POINT('',(112.0174428702,-17.7179532046041,12.5));
#4228=CARTESIAN_POINT('',(107.902735581269,-21.8326604935347,13.331310560018));
#4229=CARTESIAN_POINT('',(110.956872984303,-18.7785230905003,11.));
#4230=CARTESIAN_POINT('',(110.956872984303,-18.7785230905003,13.));
#4231=CARTESIAN_POINT('',(107.067785687777,-22.6676103870263,11.));
#4232=CARTESIAN_POINT('',(98.9923084156299,-30.7430876591738,11.));
#4233=CARTESIAN_POINT('',(107.067785687777,-22.6676103870263,4.2));
#4234=CARTESIAN_POINT('',(107.067785687777,-22.6676103870263,11.));
#4235=CARTESIAN_POINT('',(112.017533156083,-17.7178629187204,4.2));
#4236=CARTESIAN_POINT('',(112.017533156083,-17.7178629187204,4.2));
#4237=CARTESIAN_POINT('',(112.017533156083,-17.7178629187204,11.));
#4238=CARTESIAN_POINT('Origin',(83.2317151666811,-82.6813391339342,13.));
#4239=CARTESIAN_POINT('',(83.2317151666811,-82.6813391339342,4.2));
#4240=CARTESIAN_POINT('',(83.2316264954942,-82.681125062752,12.5));
#4241=CARTESIAN_POINT('',(83.2317151666811,-82.6813391339342,12.));
#4242=CARTESIAN_POINT('',(82.6576900181335,-81.2955198351672,4.2));
#4243=CARTESIAN_POINT('',(83.2317151666811,-82.6813391339342,4.2));
#4244=CARTESIAN_POINT('',(82.6576900181335,-81.2955198351672,12.));
#4245=CARTESIAN_POINT('',(81.8891509718427,-79.4401024463987,13.0011595646429));
#4246=CARTESIAN_POINT('Origin',(75.1335721254043,-22.6676103870263,11.));
#4247=CARTESIAN_POINT('',(70.1838246570985,-17.7178629187204,4.2));
#4248=CARTESIAN_POINT('',(70.1839149429822,-17.7179532046041,12.5));
#4249=CARTESIAN_POINT('',(70.1838246570985,-17.7178629187204,12.));
#4250=CARTESIAN_POINT('',(75.1335721254043,-22.6676103870263,4.2));
#4251=CARTESIAN_POINT('',(70.1838246570985,-17.7178629187204,4.2));
#4252=CARTESIAN_POINT('',(75.1335721254043,-22.6676103870263,11.));
#4253=CARTESIAN_POINT('',(75.1335721254043,-22.6676103870263,11.));
#4254=CARTESIAN_POINT('',(71.2444848288783,-18.7785230905003,11.));
#4255=CARTESIAN_POINT('',(85.6839231317047,-33.2179613933267,11.));
#4256=CARTESIAN_POINT('',(71.2444848288783,-18.7785230905003,13.));
#4257=CARTESIAN_POINT('',(72.4980595881926,-20.0320978498146,12.9675331568597));
#4258=CARTESIAN_POINT('Origin',(59.9166341942698,-69.8187618805338,13.));
#4259=CARTESIAN_POINT('',(59.9166341942698,-69.8187618805338,4.2));
#4260=CARTESIAN_POINT('',(59.9167244801535,-69.8186715946501,12.5));
#4261=CARTESIAN_POINT('',(59.9166341942698,-69.8187618805338,12.));
#4262=CARTESIAN_POINT('',(60.9772943660496,-68.758101708754,4.2));
#4263=CARTESIAN_POINT('',(61.8405137267811,-67.8948823480225,4.2));
#4264=CARTESIAN_POINT('',(60.9772943660496,-68.758101708754,13.));
#4265=CARTESIAN_POINT('',(62.230869125364,-67.5045269494397,12.9675331568597));
#4266=CARTESIAN_POINT('Origin',(127.941577868404,-56.1619076310415,13.));
#4267=CARTESIAN_POINT('',(127.941577868404,-56.1619076310415,4.2));
#4268=CARTESIAN_POINT('',(127.941346159426,-56.1619076310415,12.5));
#4269=CARTESIAN_POINT('',(127.941577868404,-56.1619076310414,12.));
#4270=CARTESIAN_POINT('',(126.441577868404,-56.1619076310415,4.2));
#4271=CARTESIAN_POINT('',(125.289927438955,-56.1619076310414,4.2));
#4272=CARTESIAN_POINT('',(126.441577868404,-56.1619076310415,13.));
#4273=CARTESIAN_POINT('',(124.397721526494,-56.1619076310415,13.0062408200251));
#4274=CARTESIAN_POINT('Origin',(98.3606789065908,-12.0610086692281,13.));
#4275=CARTESIAN_POINT('',(98.3606789065908,-12.0610086692281,4.2));
#4276=CARTESIAN_POINT('',(98.3606789065908,-12.0611363527493,12.5));
#4277=CARTESIAN_POINT('',(98.3606789065908,-12.0610086692281,12.));
#4278=CARTESIAN_POINT('',(98.3606789065908,-19.0610086692281,4.2));
#4279=CARTESIAN_POINT('',(98.3606789065908,-12.0610086692281,4.2));
#4280=CARTESIAN_POINT('',(98.3606789065908,-19.0610086692281,11.));
#4281=CARTESIAN_POINT('',(98.3606789065908,-19.0610086692281,11.));
#4282=CARTESIAN_POINT('',(98.3606789065908,-13.5610086692281,11.));
#4283=CARTESIAN_POINT('',(98.3606789065908,-33.9814581501348,11.));
#4284=CARTESIAN_POINT('',(98.3606789065908,-13.5610086692281,13.));
#4285=CARTESIAN_POINT('',(98.3606789065908,-15.511424988005,12.9929043278154));
#4286=CARTESIAN_POINT('Origin',(54.2597799447774,-41.6419076310415,13.));
#4287=CARTESIAN_POINT('',(54.2597799447774,-41.6419076310415,4.2));
#4288=CARTESIAN_POINT('',(54.2599076282986,-41.6419076310415,12.5));
#4289=CARTESIAN_POINT('',(54.2597799447774,-41.6419076310415,12.));
#4290=CARTESIAN_POINT('',(61.2597799447774,-41.6419076310415,4.2));
#4291=CARTESIAN_POINT('',(54.2597799447774,-41.6419076310415,4.2));
#4292=CARTESIAN_POINT('',(61.2597799447774,-41.6419076310415,11.));
#4293=CARTESIAN_POINT('',(61.2597799447774,-41.6419076310415,11.));
#4294=CARTESIAN_POINT('',(55.7597799447774,-41.6419076310415,11.));
#4295=CARTESIAN_POINT('',(76.1802294256841,-41.6419076310415,11.));
#4296=CARTESIAN_POINT('',(55.7597799447774,-41.6419076310415,13.));
#4297=CARTESIAN_POINT('',(57.7101962635544,-41.6419076310415,12.9929043278154));
#4298=CARTESIAN_POINT('Origin',(122.284723618912,-27.9850533815491,13.));
#4299=CARTESIAN_POINT('',(122.284723618912,-27.9850533815491,4.2));
#4300=CARTESIAN_POINT('',(122.284633333028,-27.9851436674328,12.5));
#4301=CARTESIAN_POINT('',(122.284723618912,-27.9850533815491,12.));
#4302=CARTESIAN_POINT('',(117.334976150606,-32.9348008498549,4.2));
#4303=CARTESIAN_POINT('',(122.284723618912,-27.9850533815491,4.2));
#4304=CARTESIAN_POINT('',(117.334976150606,-32.9348008498549,11.));
#4305=CARTESIAN_POINT('',(117.334976150606,-32.9348008498549,11.));
#4306=CARTESIAN_POINT('',(121.224063447132,-29.0457135533289,11.));
#4307=CARTESIAN_POINT('',(106.784625144306,-43.4851518561554,11.));
#4308=CARTESIAN_POINT('',(121.224063447132,-29.0457135533289,13.));
#4309=CARTESIAN_POINT('',(119.970488687818,-30.2992883126433,12.9675331568597));
#4310=CARTESIAN_POINT('Origin',(98.8631937667274,-41.1668424089555,13.));
#4311=CARTESIAN_POINT('',(93.1944070903025,-49.4174527201878,13.5));
#4312=CARTESIAN_POINT('',(98.8631937667274,-41.1668424089555,13.5));
#4313=CARTESIAN_POINT('',(96.1084517706242,-45.1762193735809,13.5));
#4314=CARTESIAN_POINT('',(93.1944070903025,-49.4174527201878,13.));
#4315=CARTESIAN_POINT('',(93.1944070903025,-49.4174527201878,13.));
#4316=CARTESIAN_POINT('',(98.8631937667274,-41.1668424089555,13.));
#4317=CARTESIAN_POINT('',(98.8631937667274,-41.1668424089555,13.));
#4318=CARTESIAN_POINT('',(98.8631937667274,-41.1668424089555,13.));
#4319=CARTESIAN_POINT('Ctrl Pts',(98.750940565214,-48.4071739065675,13.));
#4320=CARTESIAN_POINT('Ctrl Pts',(98.750940565214,-48.4071739065675,14.));
#4321=CARTESIAN_POINT('Ctrl Pts',(99.6770294776993,-46.1340465759219,13.));
#4322=CARTESIAN_POINT('Ctrl Pts',(99.6770294776993,-46.1340465759219,14.));
#4323=CARTESIAN_POINT('Ctrl Pts',(99.7612193788343,-43.5241596407362,13.));
#4324=CARTESIAN_POINT('Ctrl Pts',(99.7612193788343,-43.5241596407362,14.));
#4325=CARTESIAN_POINT('Ctrl Pts',(98.8631937667274,-41.1668424089555,13.));
#4326=CARTESIAN_POINT('Ctrl Pts',(98.8631937667274,-41.1668424089555,14.));
#4327=CARTESIAN_POINT('',(98.750940565214,-48.4071739065675,13.5));
#4328=CARTESIAN_POINT('Ctrl Pts',(98.8631937667274,-41.1668424089555,13.5));
#4329=CARTESIAN_POINT('Ctrl Pts',(99.7612193788343,-43.5241596407362,13.5));
#4330=CARTESIAN_POINT('Ctrl Pts',(99.6770294776993,-46.1340465759219,13.5));
#4331=CARTESIAN_POINT('Ctrl Pts',(98.750940565214,-48.4071739065675,13.5));
#4332=CARTESIAN_POINT('',(98.750940565214,-48.4071739065675,13.));
#4333=CARTESIAN_POINT('Ctrl Pts',(98.750940565214,-48.4071739065675,13.));
#4334=CARTESIAN_POINT('Ctrl Pts',(99.6770294776993,-46.1340465759219,13.));
#4335=CARTESIAN_POINT('Ctrl Pts',(99.7612193788343,-43.5241596407362,13.));
#4336=CARTESIAN_POINT('Ctrl Pts',(98.8631937667274,-41.1668424089555,13.));
#4337=CARTESIAN_POINT('',(98.750940565214,-48.4071739065675,13.));
#4338=CARTESIAN_POINT('Origin',(93.1944070903025,-49.4174527201878,13.));
#4339=CARTESIAN_POINT('',(92.3376700814369,-49.5732230854361,13.5));
#4340=CARTESIAN_POINT('',(98.750940565214,-48.4071739065675,13.));
#4341=CARTESIAN_POINT('Origin',(96.4778132345684,-45.2921475645716,13.));
#4342=CARTESIAN_POINT('Origin',(85.505062786637,-39.9320571923085,13.));
#4343=CARTESIAN_POINT('',(79.9485293117255,-40.9423360059288,13.5));
#4344=CARTESIAN_POINT('',(85.505062786637,-39.9320571923085,13.5));
#4345=CARTESIAN_POINT('',(87.5352536142922,-39.5629315872803,13.5));
#4346=CARTESIAN_POINT('',(79.9485293117255,-40.9423360059288,13.));
#4347=CARTESIAN_POINT('',(79.9485293117255,-40.9423360059288,13.));
#4348=CARTESIAN_POINT('',(85.505062786637,-39.9320571923085,13.));
#4349=CARTESIAN_POINT('',(85.505062786637,-39.9320571923085,13.));
#4350=CARTESIAN_POINT('',(85.505062786637,-39.9320571923085,13.));
#4351=CARTESIAN_POINT('Origin',(79.8362761102121,-48.1826675035408,13.));
#4352=CARTESIAN_POINT('',(79.8362761102121,-48.1826675035408,13.5));
#4353=CARTESIAN_POINT('',(81.7696438625123,-45.3687560224702,13.5));
#4354=CARTESIAN_POINT('',(79.8362761102121,-48.1826675035408,13.));
#4355=CARTESIAN_POINT('',(79.8362761102121,-48.1826675035408,13.));
#4356=CARTESIAN_POINT('',(79.8362761102121,-48.1826675035408,13.));
#4357=CARTESIAN_POINT('Ctrl Pts',(79.9485293117255,-40.9423360059288,13.));
#4358=CARTESIAN_POINT('Ctrl Pts',(79.9485293117255,-40.9423360059288,14.));
#4359=CARTESIAN_POINT('Ctrl Pts',(79.0224403992402,-43.2154633365744,13.));
#4360=CARTESIAN_POINT('Ctrl Pts',(79.0224403992402,-43.2154633365744,14.));
#4361=CARTESIAN_POINT('Ctrl Pts',(78.9382504981052,-45.8253502717601,13.));
#4362=CARTESIAN_POINT('Ctrl Pts',(78.9382504981052,-45.8253502717601,14.));
#4363=CARTESIAN_POINT('Ctrl Pts',(79.8362761102121,-48.1826675035408,13.));
#4364=CARTESIAN_POINT('Ctrl Pts',(79.8362761102121,-48.1826675035408,14.));
#4365=CARTESIAN_POINT('Ctrl Pts',(79.8362761102121,-48.1826675035408,13.5));
#4366=CARTESIAN_POINT('Ctrl Pts',(79.4035062232145,-47.046646550172,13.5));
#4367=CARTESIAN_POINT('Ctrl Pts',(79.1940880456966,-45.8387334738273,13.5));
#4368=CARTESIAN_POINT('Ctrl Pts',(79.2202717403608,-43.3636121959699,13.5));
#4369=CARTESIAN_POINT('Ctrl Pts',(79.4729663661386,-42.1096268723694,13.5));
#4370=CARTESIAN_POINT('Ctrl Pts',(79.9485293117255,-40.9423360059288,13.5));
#4371=CARTESIAN_POINT('Ctrl Pts',(79.9485293117255,-40.9423360059288,13.));
#4372=CARTESIAN_POINT('Ctrl Pts',(79.0224403992402,-43.2154633365744,13.));
#4373=CARTESIAN_POINT('Ctrl Pts',(78.9382504981052,-45.8253502717601,13.));
#4374=CARTESIAN_POINT('Ctrl Pts',(79.8362761102121,-48.1826675035408,13.));
#4375=CARTESIAN_POINT('Origin',(82.2216566423711,-44.0573623479247,13.));
#4376=CARTESIAN_POINT('Origin',(85.1031724384697,-53.8822549562481,13.));
#4377=CARTESIAN_POINT('',(83.2775474384698,-44.0397549562482,13.5));
#4378=CARTESIAN_POINT('',(85.1031724384697,-53.8822549562481,13.5));
#4379=CARTESIAN_POINT('',(84.6430313589412,-51.4014943535727,13.5));
#4380=CARTESIAN_POINT('',(83.2775474384698,-44.0397549562482,13.));
#4381=CARTESIAN_POINT('',(83.2775474384698,-44.0397549562482,13.));
#4382=CARTESIAN_POINT('',(85.1031724384697,-53.8822549562481,13.));
#4383=CARTESIAN_POINT('',(85.1031724384697,-53.8822549562481,13.));
#4384=CARTESIAN_POINT('',(85.1031724384697,-53.8822549562481,13.));
#4385=CARTESIAN_POINT('Ctrl Pts',(80.0628599384698,-48.6831924562482,13.));
#4386=CARTESIAN_POINT('Ctrl Pts',(80.0628599384698,-48.6831924562482,14.));
#4387=CARTESIAN_POINT('Ctrl Pts',(81.0153599384698,-50.9453799562481,13.));
#4388=CARTESIAN_POINT('Ctrl Pts',(81.0153599384698,-50.9453799562481,14.));
#4389=CARTESIAN_POINT('Ctrl Pts',(82.8012974384698,-52.8503799562481,13.));
#4390=CARTESIAN_POINT('Ctrl Pts',(82.8012974384698,-52.8503799562481,14.));
#4391=CARTESIAN_POINT('Ctrl Pts',(85.1031724384697,-53.8822549562481,13.));
#4392=CARTESIAN_POINT('Ctrl Pts',(85.1031724384697,-53.8822549562481,14.));
#4393=CARTESIAN_POINT('',(80.0628599384698,-48.6831924562482,13.5));
#4394=CARTESIAN_POINT('Ctrl Pts',(85.1031724384697,-53.8822549562481,13.5));
#4395=CARTESIAN_POINT('Ctrl Pts',(82.8012974384698,-52.8503799562481,13.5));
#4396=CARTESIAN_POINT('Ctrl Pts',(81.0153599384698,-50.9453799562481,13.5));
#4397=CARTESIAN_POINT('Ctrl Pts',(80.0628599384698,-48.6831924562482,13.5));
#4398=CARTESIAN_POINT('',(80.0628599384698,-48.6831924562482,13.));
#4399=CARTESIAN_POINT('Ctrl Pts',(80.0628599384698,-48.6831924562482,13.));
#4400=CARTESIAN_POINT('Ctrl Pts',(81.0153599384698,-50.9453799562481,13.));
#4401=CARTESIAN_POINT('Ctrl Pts',(82.8012974384698,-52.8503799562481,13.));
#4402=CARTESIAN_POINT('Ctrl Pts',(85.1031724384697,-53.8822549562481,13.));
#4403=CARTESIAN_POINT('',(80.0628599384698,-48.6831924562482,13.));
#4404=CARTESIAN_POINT('Origin',(83.2775474384698,-44.0397549562482,13.));
#4405=CARTESIAN_POINT('',(83.7030000402242,-43.4252123092695,13.5));
#4406=CARTESIAN_POINT('',(80.0628599384698,-48.6831924562482,13.));
#4407=CARTESIAN_POINT('Origin',(82.5830161884697,-48.9610049562482,13.));
#4408=CARTESIAN_POINT('Origin',(95.4219224384697,-45.3097549562482,13.));
#4409=CARTESIAN_POINT('',(98.6366099384698,-40.6663174562482,13.5));
#4410=CARTESIAN_POINT('',(95.4219224384697,-45.3097549562482,13.5));
#4411=CARTESIAN_POINT('',(94.1771662902242,-47.1077360592695,13.5));
#4412=CARTESIAN_POINT('',(98.6366099384698,-40.6663174562482,13.));
#4413=CARTESIAN_POINT('',(98.6366099384698,-40.6663174562482,13.));
#4414=CARTESIAN_POINT('',(95.4219224384697,-45.3097549562482,13.));
#4415=CARTESIAN_POINT('',(95.4219224384697,-45.3097549562482,13.));
#4416=CARTESIAN_POINT('',(95.4219224384697,-45.3097549562482,13.));
#4417=CARTESIAN_POINT('Origin',(93.5962974384698,-35.4672549562482,13.));
#4418=CARTESIAN_POINT('',(93.5962974384698,-35.4672549562482,13.5));
#4419=CARTESIAN_POINT('',(94.6459556948419,-41.1262820775589,13.5));
#4420=CARTESIAN_POINT('',(93.5962974384698,-35.4672549562482,13.));
#4421=CARTESIAN_POINT('',(93.5962974384698,-35.4672549562482,13.));
#4422=CARTESIAN_POINT('',(93.5962974384698,-35.4672549562482,13.));
#4423=CARTESIAN_POINT('Ctrl Pts',(98.6366099384698,-40.6663174562482,13.));
#4424=CARTESIAN_POINT('Ctrl Pts',(98.6366099384698,-40.6663174562482,14.));
#4425=CARTESIAN_POINT('Ctrl Pts',(97.6841099384698,-38.4041299562482,13.));
#4426=CARTESIAN_POINT('Ctrl Pts',(97.6841099384698,-38.4041299562482,14.));
#4427=CARTESIAN_POINT('Ctrl Pts',(95.8981724384697,-36.4991299562482,13.));
#4428=CARTESIAN_POINT('Ctrl Pts',(95.8981724384697,-36.4991299562482,14.));
#4429=CARTESIAN_POINT('Ctrl Pts',(93.5962974384698,-35.4672549562482,13.));
#4430=CARTESIAN_POINT('Ctrl Pts',(93.5962974384698,-35.4672549562482,14.));
#4431=CARTESIAN_POINT('Ctrl Pts',(93.5962974384698,-35.4672549562482,13.5));
#4432=CARTESIAN_POINT('Ctrl Pts',(95.8981724384697,-36.4991299562482,13.5));
#4433=CARTESIAN_POINT('Ctrl Pts',(97.6841099384698,-38.4041299562482,13.5));
#4434=CARTESIAN_POINT('Ctrl Pts',(98.6366099384698,-40.6663174562482,13.5));
#4435=CARTESIAN_POINT('Ctrl Pts',(98.6366099384698,-40.6663174562482,13.));
#4436=CARTESIAN_POINT('Ctrl Pts',(97.6841099384698,-38.4041299562482,13.));
#4437=CARTESIAN_POINT('Ctrl Pts',(95.8981724384697,-36.4991299562482,13.));
#4438=CARTESIAN_POINT('Ctrl Pts',(93.5962974384698,-35.4672549562482,13.));
#4439=CARTESIAN_POINT('Origin',(96.1164536884698,-40.3885049562482,13.));
#4440=CARTESIAN_POINT('Origin',(98.5572349384697,-48.9213174562482,13.));
#4441=CARTESIAN_POINT('',(88.7147349384698,-50.7469424562481,13.5));
#4442=CARTESIAN_POINT('',(98.5572349384697,-48.9213174562482,13.5));
#4443=CARTESIAN_POINT('',(95.0680544721154,-49.5685041556526,13.5));
#4444=CARTESIAN_POINT('',(88.7147349384698,-50.7469424562481,13.));
#4445=CARTESIAN_POINT('',(88.7147349384698,-50.7469424562481,13.));
#4446=CARTESIAN_POINT('',(98.5572349384697,-48.9213174562482,13.));
#4447=CARTESIAN_POINT('',(98.5572349384697,-48.9213174562482,13.));
#4448=CARTESIAN_POINT('',(98.5572349384697,-48.9213174562482,13.));
#4449=CARTESIAN_POINT('Ctrl Pts',(93.3581724384698,-53.9616299562481,13.));
#4450=CARTESIAN_POINT('Ctrl Pts',(93.3581724384698,-53.9616299562481,14.));
#4451=CARTESIAN_POINT('Ctrl Pts',(95.6203599384697,-53.0091299562481,13.));
#4452=CARTESIAN_POINT('Ctrl Pts',(95.6203599384697,-53.0091299562481,14.));
#4453=CARTESIAN_POINT('Ctrl Pts',(97.5253599384697,-51.2231924562481,13.));
#4454=CARTESIAN_POINT('Ctrl Pts',(97.5253599384697,-51.2231924562481,14.));
#4455=CARTESIAN_POINT('Ctrl Pts',(98.5572349384697,-48.9213174562482,13.));
#4456=CARTESIAN_POINT('Ctrl Pts',(98.5572349384697,-48.9213174562482,14.));
#4457=CARTESIAN_POINT('',(93.3581724384698,-53.9616299562481,13.5));
#4458=CARTESIAN_POINT('Ctrl Pts',(98.5572349384697,-48.9213174562482,13.5));
#4459=CARTESIAN_POINT('Ctrl Pts',(97.5253599384697,-51.2231924562481,13.5));
#4460=CARTESIAN_POINT('Ctrl Pts',(95.6203599384697,-53.0091299562481,13.5));
#4461=CARTESIAN_POINT('Ctrl Pts',(93.3581724384698,-53.9616299562481,13.5));
#4462=CARTESIAN_POINT('',(93.3581724384698,-53.9616299562481,13.));
#4463=CARTESIAN_POINT('Ctrl Pts',(93.3581724384698,-53.9616299562481,13.));
#4464=CARTESIAN_POINT('Ctrl Pts',(95.6203599384697,-53.0091299562481,13.));
#4465=CARTESIAN_POINT('Ctrl Pts',(97.5253599384697,-51.2231924562481,13.));
#4466=CARTESIAN_POINT('Ctrl Pts',(98.5572349384697,-48.9213174562482,13.));
#4467=CARTESIAN_POINT('',(93.3581724384698,-53.9616299562481,13.));
#4468=CARTESIAN_POINT('Origin',(88.7147349384698,-50.7469424562481,13.));
#4469=CARTESIAN_POINT('',(88.7935968207758,-50.8015391439985,13.5));
#4470=CARTESIAN_POINT('',(93.3581724384698,-53.9616299562481,13.));
#4471=CARTESIAN_POINT('Origin',(93.6359849384698,-51.4414737062481,13.));
#4472=CARTESIAN_POINT('Origin',(89.9847349384697,-38.6025674562482,13.));
#4473=CARTESIAN_POINT('',(85.3412974384698,-35.3878799562482,13.5));
#4474=CARTESIAN_POINT('',(89.9847349384697,-38.6025674562482,13.5));
#4475=CARTESIAN_POINT('',(92.4761205707759,-40.3273728939985,13.5));
#4476=CARTESIAN_POINT('',(85.3412974384698,-35.3878799562482,13.));
#4477=CARTESIAN_POINT('',(85.3412974384698,-35.3878799562482,13.));
#4478=CARTESIAN_POINT('',(89.9847349384697,-38.6025674562482,13.));
#4479=CARTESIAN_POINT('',(89.9847349384697,-38.6025674562482,13.));
#4480=CARTESIAN_POINT('',(89.9847349384697,-38.6025674562482,13.));
#4481=CARTESIAN_POINT('Origin',(80.1422349384698,-40.4281924562482,13.));
#4482=CARTESIAN_POINT('',(80.1422349384698,-40.4281924562482,13.5));
#4483=CARTESIAN_POINT('',(84.7928421961016,-39.565579819752,13.5));
#4484=CARTESIAN_POINT('',(80.1422349384698,-40.4281924562482,13.));
#4485=CARTESIAN_POINT('',(80.1422349384698,-40.4281924562482,13.));
#4486=CARTESIAN_POINT('',(80.1422349384698,-40.4281924562482,13.));
#4487=CARTESIAN_POINT('Ctrl Pts',(85.3412974384698,-35.3878799562482,13.));
#4488=CARTESIAN_POINT('Ctrl Pts',(85.3412974384698,-35.3878799562482,14.));
#4489=CARTESIAN_POINT('Ctrl Pts',(83.0791099384698,-36.3403799562482,13.));
#4490=CARTESIAN_POINT('Ctrl Pts',(83.0791099384698,-36.3403799562482,14.));
#4491=CARTESIAN_POINT('Ctrl Pts',(81.1741099384698,-38.1263174562482,13.));
#4492=CARTESIAN_POINT('Ctrl Pts',(81.1741099384698,-38.1263174562482,14.));
#4493=CARTESIAN_POINT('Ctrl Pts',(80.1422349384698,-40.4281924562482,13.));
#4494=CARTESIAN_POINT('Ctrl Pts',(80.1422349384698,-40.4281924562482,14.));
#4495=CARTESIAN_POINT('Ctrl Pts',(80.1422349384698,-40.4281924562482,13.5));
#4496=CARTESIAN_POINT('Ctrl Pts',(81.1741099384698,-38.1263174562482,13.5));
#4497=CARTESIAN_POINT('Ctrl Pts',(83.0791099384698,-36.3403799562482,13.5));
#4498=CARTESIAN_POINT('Ctrl Pts',(85.3412974384698,-35.3878799562482,13.5));
#4499=CARTESIAN_POINT('Ctrl Pts',(85.3412974384698,-35.3878799562482,13.));
#4500=CARTESIAN_POINT('Ctrl Pts',(83.0791099384698,-36.3403799562482,13.));
#4501=CARTESIAN_POINT('Ctrl Pts',(81.1741099384698,-38.1263174562482,13.));
#4502=CARTESIAN_POINT('Ctrl Pts',(80.1422349384698,-40.4281924562482,13.));
#4503=CARTESIAN_POINT('Origin',(85.0634849384697,-37.9080362062482,13.));
#4504=CARTESIAN_POINT('Origin',(92.8576474857624,-54.1882137845058,13.));
#4505=CARTESIAN_POINT('',(84.6070371745301,-48.5194271080809,13.5));
#4506=CARTESIAN_POINT('',(92.8576474857624,-54.1882137845058,13.5));
#4507=CARTESIAN_POINT('',(90.7321623688765,-52.7278464592984,13.5));
#4508=CARTESIAN_POINT('',(84.6070371745301,-48.5194271080809,13.));
#4509=CARTESIAN_POINT('',(84.6070371745301,-48.5194271080809,13.));
#4510=CARTESIAN_POINT('',(92.8576474857624,-54.1882137845058,13.));
#4511=CARTESIAN_POINT('',(92.8576474857624,-54.1882137845058,13.));
#4512=CARTESIAN_POINT('',(92.8576474857624,-54.1882137845058,13.));
#4513=CARTESIAN_POINT('Ctrl Pts',(85.6173159881504,-54.0759605829924,13.));
#4514=CARTESIAN_POINT('Ctrl Pts',(85.6173159881504,-54.0759605829924,14.));
#4515=CARTESIAN_POINT('Ctrl Pts',(87.890443318796,-55.0020494954777,13.));
#4516=CARTESIAN_POINT('Ctrl Pts',(87.890443318796,-55.0020494954777,14.));
#4517=CARTESIAN_POINT('Ctrl Pts',(90.5003302539817,-55.0862393966127,13.));
#4518=CARTESIAN_POINT('Ctrl Pts',(90.5003302539817,-55.0862393966127,14.));
#4519=CARTESIAN_POINT('Ctrl Pts',(92.8576474857624,-54.1882137845058,13.));
#4520=CARTESIAN_POINT('Ctrl Pts',(92.8576474857624,-54.1882137845058,14.));
#4521=CARTESIAN_POINT('',(85.6173159881504,-54.0759605829924,13.5));
#4522=CARTESIAN_POINT('Ctrl Pts',(92.8576474857624,-54.1882137845058,13.5));
#4523=CARTESIAN_POINT('Ctrl Pts',(90.5003302539817,-55.0862393966127,13.5));
#4524=CARTESIAN_POINT('Ctrl Pts',(87.890443318796,-55.0020494954777,13.5));
#4525=CARTESIAN_POINT('Ctrl Pts',(85.6173159881504,-54.0759605829924,13.5));
#4526=CARTESIAN_POINT('',(85.6173159881504,-54.0759605829924,13.));
#4527=CARTESIAN_POINT('Ctrl Pts',(85.6173159881504,-54.0759605829924,13.));
#4528=CARTESIAN_POINT('Ctrl Pts',(87.890443318796,-55.0020494954777,13.));
#4529=CARTESIAN_POINT('Ctrl Pts',(90.5003302539817,-55.0862393966127,13.));
#4530=CARTESIAN_POINT('Ctrl Pts',(92.8576474857624,-54.1882137845058,13.));
#4531=CARTESIAN_POINT('',(85.6173159881504,-54.0759605829924,13.));
#4532=CARTESIAN_POINT('Origin',(84.6070371745301,-48.5194271080809,13.));
#4533=CARTESIAN_POINT('',(84.6333342640576,-48.6640611004822,13.5));
#4534=CARTESIAN_POINT('',(85.6173159881504,-54.0759605829924,13.));
#4535=CARTESIAN_POINT('Origin',(88.7323423301463,-51.8028332523468,13.));
#4536=CARTESIAN_POINT('Origin',(94.0924327024094,-40.8300828044154,13.));
#4537=CARTESIAN_POINT('',(93.0821538887891,-35.2735493295039,13.5));
#4538=CARTESIAN_POINT('',(94.0924327024094,-40.8300828044154,13.5));
#4539=CARTESIAN_POINT('',(94.6436257622134,-43.8616446333375,13.5));
#4540=CARTESIAN_POINT('',(93.0821538887891,-35.2735493295039,13.));
#4541=CARTESIAN_POINT('',(93.0821538887891,-35.2735493295039,13.));
#4542=CARTESIAN_POINT('',(94.0924327024094,-40.8300828044154,13.));
#4543=CARTESIAN_POINT('',(94.0924327024094,-40.8300828044154,13.));
#4544=CARTESIAN_POINT('',(94.0924327024094,-40.8300828044154,13.));
#4545=CARTESIAN_POINT('Origin',(85.8418223911771,-35.1612961279905,13.));
#4546=CARTESIAN_POINT('',(85.8418223911771,-35.1612961279905,13.5));
#4547=CARTESIAN_POINT('',(90.5396257199871,-38.3890385511865,13.5));
#4548=CARTESIAN_POINT('',(85.8418223911771,-35.1612961279905,13.));
#4549=CARTESIAN_POINT('',(85.8418223911771,-35.1612961279905,13.));
#4550=CARTESIAN_POINT('',(85.8418223911771,-35.1612961279905,13.));
#4551=CARTESIAN_POINT('Ctrl Pts',(93.0821538887891,-35.2735493295039,13.));
#4552=CARTESIAN_POINT('Ctrl Pts',(93.0821538887891,-35.2735493295039,14.));
#4553=CARTESIAN_POINT('Ctrl Pts',(90.8090265581435,-34.3474604170187,13.));
#4554=CARTESIAN_POINT('Ctrl Pts',(90.8090265581435,-34.3474604170187,14.));
#4555=CARTESIAN_POINT('Ctrl Pts',(88.1991396229578,-34.2632705158836,13.));
#4556=CARTESIAN_POINT('Ctrl Pts',(88.1991396229578,-34.2632705158836,14.));
#4557=CARTESIAN_POINT('Ctrl Pts',(85.8418223911771,-35.1612961279905,13.));
#4558=CARTESIAN_POINT('Ctrl Pts',(85.8418223911771,-35.1612961279905,14.));
#4559=CARTESIAN_POINT('Ctrl Pts',(85.8418223911771,-35.1612961279905,13.5));
#4560=CARTESIAN_POINT('Ctrl Pts',(88.1991396229578,-34.2632705158836,13.5));
#4561=CARTESIAN_POINT('Ctrl Pts',(90.8090265581435,-34.3474604170187,13.5));
#4562=CARTESIAN_POINT('Ctrl Pts',(93.0821538887891,-35.2735493295039,13.5));
#4563=CARTESIAN_POINT('Ctrl Pts',(93.0821538887891,-35.2735493295039,13.));
#4564=CARTESIAN_POINT('Ctrl Pts',(90.8090265581435,-34.3474604170187,13.));
#4565=CARTESIAN_POINT('Ctrl Pts',(88.1991396229578,-34.2632705158836,13.));
#4566=CARTESIAN_POINT('Ctrl Pts',(85.8418223911771,-35.1612961279905,13.));
#4567=CARTESIAN_POINT('Origin',(89.9671275467933,-37.5466766601495,13.));
#4568=CARTESIAN_POINT('Origin',(124.245826151873,-65.6924852830016,11.5));
#4569=CARTESIAN_POINT('',(127.941577868404,-64.1608963022779,10.5));
#4570=CARTESIAN_POINT('',(127.941577868404,-64.7056189746376,10.3638021143051));
#4571=CARTESIAN_POINT('',(123.271658576932,-63.1504186524909,12.5));
#4572=CARTESIAN_POINT('',(127.940643522459,-64.162294649804,10.5));
#4573=CARTESIAN_POINT('',(101.521652407309,-75.1053990739132,17.6498313344184));
#4574=CARTESIAN_POINT('',(126.093351630409,-66.9269623407711,10.5));
#4575=CARTESIAN_POINT('Origin',(124.246059738359,-61.6926413605018,10.5));
#4576=CARTESIAN_POINT('',(127.941577868404,-64.1619076310415,10.5));
#4577=CARTESIAN_POINT('',(100.750476103662,-75.4248307578649,10.5));
#4578=CARTESIAN_POINT('',(127.941577868404,-62.9272744957716,10.5));
#4579=CARTESIAN_POINT('Origin',(73.158753198381,-82.9432339758332,11.5));
#4580=CARTESIAN_POINT('',(75.8416132525361,-85.7424195740924,10.5));
#4581=CARTESIAN_POINT('',(75.3923312511315,-85.9285182724043,10.3784097955281));
#4582=CARTESIAN_POINT('',(75.1162129111368,-81.0667724534233,12.5));
#4583=CARTESIAN_POINT('',(75.8399637891642,-85.7420914754282,10.5));
#4584=CARTESIAN_POINT('',(64.2705281431303,-74.1726558293943,14.5909303593487));
#4585=CARTESIAN_POINT('',(72.7252625028612,-85.1225388688892,10.5));
#4586=CARTESIAN_POINT('Origin',(76.7077699118898,-82.9143794681087,10.5));
#4587=CARTESIAN_POINT('',(75.8406789065909,-85.7428065928549,10.5));
#4588=CARTESIAN_POINT('',(64.5598953958223,-74.4620230820864,10.5));
#4589=CARTESIAN_POINT('',(76.7107331403538,-85.3824183292301,10.5));
#4590=CARTESIAN_POINT('Origin',(54.259995882642,-60.1618181866493,11.5));
#4591=CARTESIAN_POINT('',(54.2606436962357,-64.1627713824998,10.5));
#4592=CARTESIAN_POINT('',(53.4435013343724,-63.3456290206364,10.2110524276349));
#4593=CARTESIAN_POINT('',(56.3679198710147,-61.2509980834431,12.5));
#4594=CARTESIAN_POINT('',(54.2597799447774,-64.1606861020146,10.5));
#4595=CARTESIAN_POINT('',(54.2597799447774,-47.7408852920426,14.6055770876911));
#4596=CARTESIAN_POINT('',(54.2601953832154,-64.1617355508061,10.5));
#4597=CARTESIAN_POINT('',(52.8459982581335,-60.7475151798841,10.5));
#4598=CARTESIAN_POINT('',(52.8459982581335,-60.7475151798841,10.5));
#4599=CARTESIAN_POINT('Origin',(57.0884230073882,-30.8135699506874,11.5));
#4600=CARTESIAN_POINT('',(54.2597799447774,-33.6431291600683,10.5));
#4601=CARTESIAN_POINT('',(54.2597799447774,-32.4875153495316,10.211052427635));
#4602=CARTESIAN_POINT('',(58.1712207299138,-32.1992637880465,12.5));
#4603=CARTESIAN_POINT('',(54.2606436962357,-33.6410438795832,10.5));
#4604=CARTESIAN_POINT('',(65.8711961946993,-22.0304913811196,14.6055770876911));
#4605=CARTESIAN_POINT('',(54.2601953832154,-33.6420797112768,10.5));
#4606=CARTESIAN_POINT('',(55.6744253828797,-30.2278729574526,10.5));
#4607=CARTESIAN_POINT('',(55.6744253828797,-30.2278729574526,10.5));
#4608=CARTESIAN_POINT('Origin',(79.840768350983,-12.0612246070926,11.5));
#4609=CARTESIAN_POINT('',(75.8398151551326,-12.0618724206863,10.5));
#4610=CARTESIAN_POINT('',(76.6569575169959,-11.244730058823,10.211052427635));
#4611=CARTESIAN_POINT('',(78.7515884541892,-14.1691485954654,12.5));
#4612=CARTESIAN_POINT('',(75.8419004356177,-12.0610086692281,10.5));
#4613=CARTESIAN_POINT('',(92.2617012455897,-12.0610086692281,14.6055770876911));
#4614=CARTESIAN_POINT('',(75.8408509868262,-12.061424107666,10.5));
#4615=CARTESIAN_POINT('',(79.2550713577482,-10.6472269825841,10.5));
#4616=CARTESIAN_POINT('',(79.2550713577482,-10.6472269825841,10.5));
#4617=CARTESIAN_POINT('Origin',(109.189016586945,-14.8896517318388,11.5));
#4618=CARTESIAN_POINT('',(106.359457377564,-12.0610086692281,10.5));
#4619=CARTESIAN_POINT('',(107.515071188101,-12.0610086692281,10.211052427635));
#4620=CARTESIAN_POINT('',(107.803322749586,-15.9724494543645,12.5));
#4621=CARTESIAN_POINT('',(106.361542658049,-12.0618724206863,10.5));
#4622=CARTESIAN_POINT('',(117.972095156513,-23.6724249191499,14.6055770876911));
#4623=CARTESIAN_POINT('',(106.360506826356,-12.061424107666,10.5));
#4624=CARTESIAN_POINT('',(109.77471358018,-13.4756541073303,10.5));
#4625=CARTESIAN_POINT('',(109.77471358018,-13.4756541073303,10.5));
#4626=CARTESIAN_POINT('Origin',(127.94136193054,-37.6419970754336,11.5));
#4627=CARTESIAN_POINT('',(127.940714116946,-33.6410438795832,10.5));
#4628=CARTESIAN_POINT('',(128.757856478809,-34.4581862414465,10.211052427635));
#4629=CARTESIAN_POINT('',(125.833437942167,-36.5528171786398,12.5));
#4630=CARTESIAN_POINT('',(127.941577868404,-33.6431291600683,10.5));
#4631=CARTESIAN_POINT('',(127.941577868404,-50.0629299700404,14.6055770876911));
#4632=CARTESIAN_POINT('',(127.941162429966,-33.6420797112768,10.5));
#4633=CARTESIAN_POINT('',(129.355359555048,-37.0563000821988,10.5));
#4634=CARTESIAN_POINT('',(129.355359555048,-37.0563000821988,10.5));
#4635=CARTESIAN_POINT('Origin',(75.8406789065909,-85.7428065928549,11.));
#4636=CARTESIAN_POINT('',(127.941577868404,-64.1619076310415,4.2));
#4637=CARTESIAN_POINT('',(127.941577868404,-64.1619076310415,4.2));
#4638=CARTESIAN_POINT('',(127.941577868404,-64.1619076310415,11.));
#4639=CARTESIAN_POINT('Origin',(54.2597799447774,-33.6419076310415,11.));
#4640=CARTESIAN_POINT('',(54.2597799447774,-64.1619076310415,4.2));
#4641=CARTESIAN_POINT('',(54.2597799447774,-64.1619076310415,4.2));
#4642=CARTESIAN_POINT('',(54.2597799447774,-64.1619076310415,11.));
#4643=CARTESIAN_POINT('Origin',(54.2597799447774,-64.1619076310415,11.));
#4644=CARTESIAN_POINT('',(75.8406789065909,-85.7428065928549,4.2));
#4645=CARTESIAN_POINT('',(54.2597799447774,-64.1619076310415,4.2));
#4646=CARTESIAN_POINT('',(75.8406789065909,-85.7428065928549,11.));
#4647=CARTESIAN_POINT('Origin',(127.941577868404,-64.1619076310415,11.));
#4648=CARTESIAN_POINT('',(127.941577868404,-33.6419076310415,4.2));
#4649=CARTESIAN_POINT('',(127.941577868404,-64.1619076310415,4.2));
#4650=CARTESIAN_POINT('',(127.941577868404,-33.6419076310415,11.));
#4651=CARTESIAN_POINT('Origin',(54.2597799447774,-33.6419076310415,11.));
#4652=CARTESIAN_POINT('',(54.2597799447774,-33.6419076310415,4.2));
#4653=CARTESIAN_POINT('',(54.2597799447774,-33.6419076310415,11.));
#4654=CARTESIAN_POINT('',(54.2597799447774,-33.6419076310415,4.2));
#4655=CARTESIAN_POINT('Origin',(75.8406789065909,-12.0610086692281,11.));
#4656=CARTESIAN_POINT('',(54.2597799447774,-33.6419076310415,4.2));
#4657=CARTESIAN_POINT('Origin',(106.360678906591,-12.0610086692281,11.));
#4658=CARTESIAN_POINT('',(75.8406789065909,-12.0610086692281,4.2));
#4659=CARTESIAN_POINT('',(75.8406789065909,-12.0610086692281,4.2));
#4660=CARTESIAN_POINT('',(75.8406789065909,-12.0610086692281,11.));
#4661=CARTESIAN_POINT('Origin',(127.941577868404,-33.6419076310415,11.));
#4662=CARTESIAN_POINT('',(106.360678906591,-12.0610086692281,4.2));
#4663=CARTESIAN_POINT('',(106.360678906591,-12.0610086692281,4.2));
#4664=CARTESIAN_POINT('',(106.360678906591,-12.0610086692281,11.));
#4665=CARTESIAN_POINT('Origin',(75.8406789065909,-12.0610086692281,11.));
#4666=CARTESIAN_POINT('',(75.8406789065909,-12.0610086692281,4.2));
#4667=CARTESIAN_POINT('Origin',(75.8406789065909,-85.7428065928549,11.));
#4668=CARTESIAN_POINT('',(75.8406789065909,-85.7428065928549,4.2));
#4669=CARTESIAN_POINT('Origin',(106.360678906591,-12.0610086692281,11.));
#4670=CARTESIAN_POINT('',(106.360678906591,-12.0610086692281,4.2));
#4671=CARTESIAN_POINT('Origin',(127.941577868404,-64.1619076310415,11.));
#4672=CARTESIAN_POINT('',(127.941577868404,-64.1619076310415,4.2));
#4673=CARTESIAN_POINT('Origin',(127.941577868404,-33.6419076310415,11.));
#4674=CARTESIAN_POINT('',(127.941577868404,-33.6419076310415,4.2));
#4675=CARTESIAN_POINT('Origin',(54.2597799447774,-64.1619076310415,11.));
#4676=CARTESIAN_POINT('',(54.2597799447774,-64.1619076310415,4.2));
#4677=CARTESIAN_POINT('Origin',(122.284603664816,-27.9851733356448,12.5));
#4678=CARTESIAN_POINT('',(121.767133805276,-31.2973757283135,13.7818097524471));
#4679=CARTESIAN_POINT('',(125.233421008436,-39.6657333052638,13.7818097524471));
#4680=CARTESIAN_POINT('',(124.220709402767,-37.2208312120853,13.7818097524471));
#4681=CARTESIAN_POINT('',(123.494492809699,-38.3967371902617,14.6049211423732));
#4682=CARTESIAN_POINT('',(121.878122439064,-30.5869636886283,13.5068829898978));
#4683=CARTESIAN_POINT('Origin',(127.941408227695,-41.6419076310415,12.5));
#4684=CARTESIAN_POINT('',(122.343260269197,-39.6657333052638,14.1946998641914));
#4685=CARTESIAN_POINT('',(122.070076662367,-39.6657333052638,14.2337270395383));
#4686=CARTESIAN_POINT('',(121.947381816228,-40.2238660423547,13.9984951409542));
#4687=CARTESIAN_POINT('Origin',(120.941577868404,-41.6419076310415,13.5));
#4688=CARTESIAN_POINT('',(119.723481547841,-33.3410279857486,14.1946998641914));
#4689=CARTESIAN_POINT('',(119.23007004962,-32.1498272549129,14.1946998641914));
#4690=CARTESIAN_POINT('',(119.619384713242,-33.3233236259329,14.1644231660763));
#4691=CARTESIAN_POINT('',(117.334976150606,-32.9348008498549,13.5));
#4692=CARTESIAN_POINT('Origin',(117.334976150606,-32.9348008498549,13.5));
#4693=CARTESIAN_POINT('',(121.456452056492,-31.6080574770975,13.8445784654244));
#4694=CARTESIAN_POINT('Origin',(122.987256153599,-37.7317442764441,13.9882548083193));
#4695=CARTESIAN_POINT('Origin',(98.3606789065908,-12.0611783099372,12.5));
#4696=CARTESIAN_POINT('',(100.336853232369,-14.7691655291961,13.7818097524471));
#4697=CARTESIAN_POINT('',(108.705210809319,-18.2354527323566,13.7818097524471));
#4698=CARTESIAN_POINT('',(107.13530871614,-17.5851779937641,13.7818097524471));
#4699=CARTESIAN_POINT('',(106.578287129778,-18.5677448954626,14.6049211423732));
#4700=CARTESIAN_POINT('',(99.9129968772566,-14.188347542912,13.5068829898978));
#4701=CARTESIAN_POINT('Origin',(112.017413201987,-17.7179828728162,12.5));
#4702=CARTESIAN_POINT('',(106.661558551884,-20.2791049897917,14.1946998641914));
#4703=CARTESIAN_POINT('',(106.593966416815,-20.3466971248606,14.2083558685827));
#4704=CARTESIAN_POINT('',(106.776289656463,-20.9536927716111,13.9984951409542));
#4705=CARTESIAN_POINT('Origin',(107.067785687777,-22.6676103870263,13.5));
#4706=CARTESIAN_POINT('',(100.336853232369,-17.6593262684352,14.1946998641914));
#4707=CARTESIAN_POINT('',(99.1456525015328,-17.1659147702144,14.1946998641914));
#4708=CARTESIAN_POINT('',(100.250726781841,-17.7204149731977,14.1644231660763));
#4709=CARTESIAN_POINT('',(98.3606789065908,-19.0610086692281,13.5));
#4710=CARTESIAN_POINT('Origin',(98.3606789065908,-19.0610086692281,13.5));
#4711=CARTESIAN_POINT('',(100.336853232369,-15.3861297646143,13.86994963638));
#4712=CARTESIAN_POINT('Origin',(106.624395651781,-18.8186312429327,13.9882548083193));
#4713=CARTESIAN_POINT('Origin',(70.1839446111942,-17.7179828728162,12.5));
#4714=CARTESIAN_POINT('',(73.4961470038629,-18.2354527323566,13.7818097524471));
#4715=CARTESIAN_POINT('',(81.8645045808132,-14.7691655291961,13.7818097524471));
#4716=CARTESIAN_POINT('',(79.4196024876347,-15.781877134865,13.7818097524471));
#4717=CARTESIAN_POINT('',(80.5955084658111,-16.5080937279331,14.6049211423732));
#4718=CARTESIAN_POINT('',(72.7857349641777,-18.1244640985685,13.5068829898978));
#4719=CARTESIAN_POINT('Origin',(83.8406789065909,-12.0611783099372,12.5));
#4720=CARTESIAN_POINT('',(81.8645045808132,-17.6593262684353,14.1946998641914));
#4721=CARTESIAN_POINT('',(81.8645045808132,-17.9325098752655,14.2337270395383));
#4722=CARTESIAN_POINT('',(82.422637317904,-18.0552047214046,13.9984951409542));
#4723=CARTESIAN_POINT('Origin',(83.8406789065909,-19.0610086692281,13.5));
#4724=CARTESIAN_POINT('',(75.539799261298,-20.2791049897917,14.1946998641914));
#4725=CARTESIAN_POINT('',(83.0557053116489,-17.1659147702144,14.1946998641914));
#4726=CARTESIAN_POINT('',(75.5220949014822,-20.3832018243903,14.1644231660763));
#4727=CARTESIAN_POINT('',(83.8406789065909,-19.0610086692281,13.5));
#4728=CARTESIAN_POINT('Origin',(75.1335721254043,-22.6676103870263,13.5));
#4729=CARTESIAN_POINT('',(73.8068287526469,-18.5461344811406,13.8445784654244));
#4730=CARTESIAN_POINT('Origin',(79.9305155519935,-17.0153303840336,13.9882548083193));
#4731=CARTESIAN_POINT('Origin',(54.2599495854865,-41.6419076310415,12.5));
#4732=CARTESIAN_POINT('',(56.9679368047455,-39.6657333052638,13.7818097524471));
#4733=CARTESIAN_POINT('',(60.4342240079059,-31.2973757283135,13.7818097524471));
#4734=CARTESIAN_POINT('',(59.7839492693135,-32.867277821492,13.7818097524471));
#4735=CARTESIAN_POINT('',(60.766516171012,-33.4242994078543,14.6049211423732));
#4736=CARTESIAN_POINT('',(56.3871188184613,-40.0895896603757,13.5068829898978));
#4737=CARTESIAN_POINT('Origin',(59.9167541483656,-27.9851733356448,12.5));
#4738=CARTESIAN_POINT('',(62.4778762653411,-33.3410279857486,14.1946998641914));
#4739=CARTESIAN_POINT('',(62.54546840041,-33.4086201208176,14.2083558685827));
#4740=CARTESIAN_POINT('',(63.1524640471605,-33.2262968811697,13.9984951409542));
#4741=CARTESIAN_POINT('Origin',(64.8663816625756,-32.9348008498549,13.5));
#4742=CARTESIAN_POINT('',(59.8580975439846,-39.6657333052638,14.1946998641914));
#4743=CARTESIAN_POINT('',(62.971287763562,-32.1498272549129,14.1946998641914));
#4744=CARTESIAN_POINT('',(59.9191862487471,-39.7518597557908,14.1644231660763));
#4745=CARTESIAN_POINT('',(64.8663816625756,-32.9348008498549,13.5));
#4746=CARTESIAN_POINT('Origin',(61.2597799447774,-41.6419076310415,13.5));
#4747=CARTESIAN_POINT('',(57.5849010401637,-39.6657333052638,13.86994963638));
#4748=CARTESIAN_POINT('Origin',(61.0174025184821,-33.3781908858508,13.9882548083193));
#4749=CARTESIAN_POINT('Origin',(59.9167541483656,-69.8186419264381,12.5));
#4750=CARTESIAN_POINT('',(60.4342240079059,-66.5064395337694,13.7818097524471));
#4751=CARTESIAN_POINT('',(56.9679368047455,-58.1380819568191,13.7818097524471));
#4752=CARTESIAN_POINT('',(57.9806484104144,-60.5829840499976,13.7818097524471));
#4753=CARTESIAN_POINT('',(58.7068650034825,-59.4070780718212,14.6049211423732));
#4754=CARTESIAN_POINT('',(60.3232353741179,-67.2168515734546,13.5068829898978));
#4755=CARTESIAN_POINT('Origin',(54.2599495854865,-56.1619076310415,12.5));
#4756=CARTESIAN_POINT('',(59.8580975439846,-58.1380819568191,14.1946998641914));
#4757=CARTESIAN_POINT('',(60.1312811508149,-58.1380819568191,14.2337270395383));
#4758=CARTESIAN_POINT('',(60.253975996954,-57.5799492197283,13.9984951409542));
#4759=CARTESIAN_POINT('Origin',(61.2597799447774,-56.1619076310415,13.5));
#4760=CARTESIAN_POINT('',(62.4778762653411,-64.4627872763343,14.1946998641914));
#4761=CARTESIAN_POINT('',(62.971287763562,-65.65398800717,14.1946998641914));
#4762=CARTESIAN_POINT('',(62.5819730999397,-64.4804916361501,14.1644231660763));
#4763=CARTESIAN_POINT('',(64.8663816625756,-64.869014412228,13.5));
#4764=CARTESIAN_POINT('Origin',(64.8663816625756,-64.869014412228,13.5));
#4765=CARTESIAN_POINT('',(60.74490575669,-66.1957577849854,13.8445784654244));
#4766=CARTESIAN_POINT('Origin',(59.214101659583,-60.0720709856389,13.9882548083193));
#4767=CARTESIAN_POINT('Origin',(83.2315829434032,-82.6810199187034,12.5));
#4768=CARTESIAN_POINT('',(80.3788526316846,-80.5457550922673,13.7788628873274));
#4769=CARTESIAN_POINT('',(73.6367785934193,-79.204673184267,13.7788628873274));
#4770=CARTESIAN_POINT('',(75.4162025650576,-79.5586226190377,13.7788628873274));
#4771=CARTESIAN_POINT('',(75.3347040418217,-78.7714101402928,14.4077642664381));
#4772=CARTESIAN_POINT('',(80.9696922947807,-80.9879977906009,13.5139928032571));
#4773=CARTESIAN_POINT('Origin',(70.1840689738589,-80.0857080266021,12.5));
#4774=CARTESIAN_POINT('',(75.6828520828921,-77.1585996947942,14.1922525603562));
#4775=CARTESIAN_POINT('',(75.6677440338979,-77.1737077437884,14.1892001228627));
#4776=CARTESIAN_POINT('',(75.5056374190332,-76.5061127192838,13.9689105229914));
#4777=CARTESIAN_POINT('Origin',(75.1335721254043,-75.1362048750567,13.5));
#4778=CARTESIAN_POINT('',(79.2715256385693,-77.8724312475068,14.1922525603562));
#4779=CARTESIAN_POINT('',(80.1868683680913,-78.0545042367997,14.1922525603562));
#4780=CARTESIAN_POINT('',(79.8746308826857,-77.0919612316267,13.8664375479369));
#4781=CARTESIAN_POINT('',(80.5529311401255,-76.2141824063552,13.5));
#4782=CARTESIAN_POINT('Origin',(80.5529311401255,-76.2141824063552,13.5));
#4783=CARTESIAN_POINT('',(80.254186332073,-80.2447840209743,13.8254035759898));
#4784=CARTESIAN_POINT('Origin',(75.650889189147,-78.3787732854794,13.9855577238418));
#4785=CARTESIAN_POINT('Origin',(127.941232352328,-56.1619076310415,12.5));
#4786=CARTESIAN_POINT('',(124.876812255392,-57.9803563050239,13.7788628873274));
#4787=CARTESIAN_POINT('',(121.057734094947,-63.6960106880166,13.7788628873274));
#4788=CARTESIAN_POINT('',(121.993110883419,-62.2961203961248,13.7788628873274));
#4789=CARTESIAN_POINT('',(121.30721917492,-61.9615295297225,14.4077642664381));
#4790=CARTESIAN_POINT('',(125.511495783036,-57.6037305870302,13.5139928032571));
#4791=CARTESIAN_POINT('Origin',(120.550409385036,-67.2230558747313,12.5));
#4792=CARTESIAN_POINT('',(119.950407101832,-61.0226868432561,14.1922525603563));
#4793=CARTESIAN_POINT('',(119.97219443292,-61.075286113459,14.1841188674805));
#4794=CARTESIAN_POINT('',(119.279770624096,-60.9367158886943,13.9689105229914));
#4795=CARTESIAN_POINT('Origin',(117.871757581758,-60.7562183623832,13.5));
#4796=CARTESIAN_POINT('',(121.983227376968,-57.9803563050239,14.1922525603563));
#4797=CARTESIAN_POINT('',(119.431907096077,-61.7986769398108,14.1922525603562));
#4798=CARTESIAN_POINT('',(121.492965488453,-57.1244867694996,13.8664375479369));
#4799=CARTESIAN_POINT('',(117.871757581758,-60.7562183623832,13.5));
#4800=CARTESIAN_POINT('Origin',(120.941577868404,-56.1619076310415,13.5));
#4801=CARTESIAN_POINT('',(124.515476483291,-57.9803563050239,13.8304848313721));
#4802=CARTESIAN_POINT('Origin',(120.992882915535,-61.6277894349346,13.9855577238418));
#4803=CARTESIAN_POINT('Origin',(94.896876297277,-70.2727257843271,11.));
#4804=CARTESIAN_POINT('',(97.001635175285,-75.3540632131392,7.5));
#4805=CARTESIAN_POINT('',(94.896876297277,-70.2727257843271,7.5));
#4806=CARTESIAN_POINT('',(95.423066016779,-71.5430601415301,7.5));
#4807=CARTESIAN_POINT('',(97.001635175285,-75.3540632131392,4.2));
#4808=CARTESIAN_POINT('',(97.001635175285,-75.3540632131392,11.));
#4809=CARTESIAN_POINT('',(94.896876297277,-70.2727257843271,4.2));
#4810=CARTESIAN_POINT('',(94.896876297277,-70.2727257843271,4.2));
#4811=CARTESIAN_POINT('',(94.896876297277,-70.2727257843271,11.));
#4812=CARTESIAN_POINT('Origin',(82.6576900181335,-81.2955198351672,13.));
#4813=CARTESIAN_POINT('',(82.6576900181335,-81.2955198351672,4.2));
#4814=CARTESIAN_POINT('',(108.544185390086,-70.5729823697963,7.5));
#4815=CARTESIAN_POINT('',(82.6576900181335,-81.2955198351672,7.5));
#4816=CARTESIAN_POINT('',(108.544185390086,-70.5729823697963,4.2));
#4817=CARTESIAN_POINT('',(108.544185390086,-70.5729823697963,11.));
#4818=CARTESIAN_POINT('',(119.976516459766,-65.8375557911952,4.2));
#4819=CARTESIAN_POINT('Origin',(100.264723799946,-71.0258690987752,7.5));
#4820=CARTESIAN_POINT('',(106.439426512078,-65.4916449409842,7.5));
#4821=CARTESIAN_POINT('',(117.871757581758,-60.7562183623832,7.5));
#4822=CARTESIAN_POINT('',(108.017995670584,-69.3026480125933,7.5));
#4823=CARTESIAN_POINT('Origin',(108.544185390086,-70.5729823697963,11.));
#4824=CARTESIAN_POINT('',(106.439426512078,-65.4916449409842,4.2));
#4825=CARTESIAN_POINT('',(106.439426512078,-65.4916449409842,11.));
#4826=CARTESIAN_POINT('',(108.544185390086,-70.5729823697963,4.2));
#4827=CARTESIAN_POINT('Origin',(80.5529311401255,-76.2141824063552,11.));
#4828=CARTESIAN_POINT('',(117.871757581758,-60.7562183623832,11.));
#4829=CARTESIAN_POINT('',(80.5529311401255,-76.2141824063552,11.));
#4830=CARTESIAN_POINT('',(89.8826377505337,-72.3496913953622,11.));
#4831=CARTESIAN_POINT('',(117.871757581758,-60.7562183623832,4.2));
#4832=CARTESIAN_POINT('',(117.871757581758,-60.7562183623832,11.));
#4833=CARTESIAN_POINT('',(117.871757581758,-60.7562183623832,4.2));
#4834=CARTESIAN_POINT('',(80.5529311401255,-76.2141824063552,4.2));
#4835=CARTESIAN_POINT('',(117.871757581758,-60.7562183623832,4.2));
#4836=CARTESIAN_POINT('',(80.5529311401255,-76.2141824063552,11.));
#4837=CARTESIAN_POINT('Origin',(91.1006789065908,-48.9019076310415,11.));
#4838=CARTESIAN_POINT('',(75.1335721254043,-75.1362048750567,11.));
#4839=CARTESIAN_POINT('',(80.3034118790846,-76.1645499394347,11.));
#4840=CARTESIAN_POINT('',(64.8663816625756,-64.869014412228,11.));
#4841=CARTESIAN_POINT('',(67.4331792782828,-67.4358120279352,11.));
#4842=CARTESIAN_POINT('',(62.161430374227,-58.3386843263381,11.));
#4843=CARTESIAN_POINT('',(55.7597799447774,-45.2719076310415,11.));
#4844=CARTESIAN_POINT('',(63.9647312331261,-35.1115775451516,11.));
#4845=CARTESIAN_POINT('',(68.6776872131711,-21.3453207062074,11.));
#4846=CARTESIAN_POINT('',(81.6639022112942,-19.9626590986776,11.));
#4847=CARTESIAN_POINT('',(94.7306789065908,-13.5610086692281,11.));
#4848=CARTESIAN_POINT('',(104.891008992481,-21.7659599575767,11.));
#4849=CARTESIAN_POINT('',(118.657265831425,-26.4789159376217,11.));
#4850=CARTESIAN_POINT('',(120.941577868404,-41.6419076310415,11.));
#4851=CARTESIAN_POINT('',(120.039927438955,-39.4651309357448,11.));
#4852=CARTESIAN_POINT('',(120.941577868404,-56.1619076310415,11.));
#4853=CARTESIAN_POINT('',(120.941577868404,-52.5319076310414,11.));
#4854=CARTESIAN_POINT('',(116.478188746028,-62.8418415126089,11.));
#4855=CARTESIAN_POINT('Origin',(71.2444848288783,-18.7785230905003,13.));
#4856=CARTESIAN_POINT('Origin',(126.441577868404,-56.1619076310415,13.));
#4857=CARTESIAN_POINT('',(126.441577868404,-51.8830609333985,4.2));
#4858=CARTESIAN_POINT('Origin',(55.7597799447774,-41.6419076310415,13.));
#4859=CARTESIAN_POINT('Origin',(98.3606789065908,-13.5610086692281,13.));
#4860=CARTESIAN_POINT('Origin',(60.9772943660496,-68.758101708754,13.));
#4861=CARTESIAN_POINT('',(63.4679715142681,-71.2487788569725,4.2));
#4862=CARTESIAN_POINT('Origin',(121.224063447132,-29.0457135533289,13.));
#4863=CARTESIAN_POINT('Origin',(68.7457475557293,-70.9523571119482,4.2));
#4864=CARTESIAN_POINT('',(64.8663816625756,-64.869014412228,4.2));
#4865=CARTESIAN_POINT('',(64.8663816625756,-64.869014412228,4.2));
#4866=CARTESIAN_POINT('',(75.1335721254043,-75.1362048750567,4.2));
#4867=CARTESIAN_POINT('',(75.1335721254043,-75.1362048750567,4.2));
#4868=CARTESIAN_POINT('',(80.5529311401255,-76.2141824063552,4.2));
#4869=CARTESIAN_POINT('',(57.2601901527098,-63.3339076310415,4.2));
#4870=CARTESIAN_POINT('Origin',(56.2601901527098,-63.3339076310415,4.2));
#4871=CARTESIAN_POINT('Origin',(91.1006789065908,-47.6375955377916,13.5));
#4872=CARTESIAN_POINT('Origin',(56.2601901527098,-34.4699076310415,5.));
#4873=CARTESIAN_POINT('',(57.2601901527098,-34.4699076310415,3.05));
#4874=CARTESIAN_POINT('Origin',(56.2601901527098,-34.4699076310415,3.05));
#4875=CARTESIAN_POINT('',(57.2601901527098,-34.4699076310415,4.2));
#4876=CARTESIAN_POINT('',(57.2601901527098,-34.4699076310415,5.));
#4877=CARTESIAN_POINT('Origin',(56.2601901527098,-34.4699076310415,4.2));
#4878=CARTESIAN_POINT('Origin',(56.2601901527098,-34.4699076310415,3.05));
#4879=CARTESIAN_POINT('Origin',(125.941167660472,-34.4699076310415,5.));
#4880=CARTESIAN_POINT('',(126.941167660472,-34.4699076310415,3.05));
#4881=CARTESIAN_POINT('Origin',(125.941167660472,-34.4699076310415,3.05));
#4882=CARTESIAN_POINT('',(126.941167660472,-34.4699076310415,4.2));
#4883=CARTESIAN_POINT('',(126.941167660472,-34.4699076310415,5.));
#4884=CARTESIAN_POINT('Origin',(125.941167660472,-34.4699076310415,4.2));
#4885=CARTESIAN_POINT('Origin',(125.941167660472,-34.4699076310415,3.05));
#4886=CARTESIAN_POINT('Origin',(56.2601901527098,-63.3339076310415,5.));
#4887=CARTESIAN_POINT('',(57.2601901527098,-63.3339076310415,3.05));
#4888=CARTESIAN_POINT('Origin',(56.2601901527098,-63.3339076310415,3.05));
#4889=CARTESIAN_POINT('',(57.2601901527098,-63.3339076310415,5.));
#4890=CARTESIAN_POINT('Origin',(56.2601901527098,-63.3339076310415,3.05));
#4891=CARTESIAN_POINT('Origin',(105.532678906591,-14.0614188771604,5.));
#4892=CARTESIAN_POINT('',(106.532678906591,-14.0614188771604,3.05));
#4893=CARTESIAN_POINT('Origin',(105.532678906591,-14.0614188771604,3.05));
#4894=CARTESIAN_POINT('',(106.532678906591,-14.0614188771604,4.2));
#4895=CARTESIAN_POINT('',(106.532678906591,-14.0614188771604,5.));
#4896=CARTESIAN_POINT('Origin',(105.532678906591,-14.0614188771604,4.2));
#4897=CARTESIAN_POINT('Origin',(105.532678906591,-14.0614188771604,3.05));
#4898=CARTESIAN_POINT('Origin',(75.1335721254043,-75.1362048750567,11.));
#4899=CARTESIAN_POINT('',(75.1335721254043,-75.1362048750567,11.));
#4900=CARTESIAN_POINT('Origin',(64.8663816625756,-64.869014412228,11.));
#4901=CARTESIAN_POINT('',(64.8663816625756,-64.869014412228,11.));
#4902=CARTESIAN_POINT('Origin',(61.2597799447774,-56.1619076310415,11.));
#4903=CARTESIAN_POINT('Origin',(120.941577868404,-41.6419076310415,11.));
#4904=CARTESIAN_POINT('',(120.941577868404,-41.6419076310415,4.2));
#4905=CARTESIAN_POINT('',(117.334976150606,-32.9348008498549,4.2));
#4906=CARTESIAN_POINT('',(120.941577868404,-41.6419076310415,11.));
#4907=CARTESIAN_POINT('Origin',(120.941577868404,-56.1619076310415,11.));
#4908=CARTESIAN_POINT('',(120.941577868404,-56.1619076310415,4.2));
#4909=CARTESIAN_POINT('',(120.941577868404,-56.1619076310415,4.2));
#4910=CARTESIAN_POINT('',(120.941577868404,-56.1619076310415,11.));
#4911=CARTESIAN_POINT('Origin',(117.871757581758,-60.7562183623832,11.));
#4912=CARTESIAN_POINT('',(117.871757581758,-60.7562183623832,4.2));
#4913=CARTESIAN_POINT('Origin',(122.638277009505,-47.6042142357556,4.2));
#4914=CARTESIAN_POINT('Origin',(64.8663816625756,-32.9348008498549,11.));
#4915=CARTESIAN_POINT('',(64.8663816625756,-32.9348008498549,4.2));
#4916=CARTESIAN_POINT('Origin',(59.5630808036765,-34.8134805062953,4.2));
#4917=CARTESIAN_POINT('Origin',(107.067785687777,-22.6676103870263,11.));
#4918=CARTESIAN_POINT('',(98.3606789065908,-19.0610086692281,4.2));
#4919=CARTESIAN_POINT('Origin',(105.189106031337,-17.3643095281272,4.2));
#4920=CARTESIAN_POINT('Origin',(83.8406789065909,-19.0610086692281,11.));
#4921=CARTESIAN_POINT('',(83.8406789065909,-19.0610086692281,4.2));
#4922=CARTESIAN_POINT('Origin',(77.0122517818447,-17.3643095281272,4.2));
#4923=UNCERTAINTY_MEASURE_WITH_UNIT(LENGTH_MEASURE(0.01),#4927,
'DISTANCE_ACCURACY_VALUE',
'Maximum model space distance between geometric entities at asserted c
onnectivities');
#4924=UNCERTAINTY_MEASURE_WITH_UNIT(LENGTH_MEASURE(0.01),#4927,
'DISTANCE_ACCURACY_VALUE',
'Maximum model space distance between geometric entities at asserted c
onnectivities');
#4925=(
GEOMETRIC_REPRESENTATION_CONTEXT(3)
GLOBAL_UNCERTAINTY_ASSIGNED_CONTEXT((#4923))
GLOBAL_UNIT_ASSIGNED_CONTEXT((#4927,#4929,#4930))
REPRESENTATION_CONTEXT('','3D')
);
#4926=(
GEOMETRIC_REPRESENTATION_CONTEXT(3)
GLOBAL_UNCERTAINTY_ASSIGNED_CONTEXT((#4924))
GLOBAL_UNIT_ASSIGNED_CONTEXT((#4927,#4929,#4930))
REPRESENTATION_CONTEXT('','3D')
);
#4927=(
LENGTH_UNIT()
NAMED_UNIT(*)
SI_UNIT(.MILLI.,.METRE.)
);
#4928=(
LENGTH_UNIT()
NAMED_UNIT(*)
SI_UNIT($,.METRE.)
);
#4929=(
NAMED_UNIT(*)
PLANE_ANGLE_UNIT()
SI_UNIT($,.RADIAN.)
);
#4930=(
NAMED_UNIT(*)
SI_UNIT($,.STERADIAN.)
SOLID_ANGLE_UNIT()
);
#4931=SHAPE_DEFINITION_REPRESENTATION(#4932,#4933);
#4932=PRODUCT_DEFINITION_SHAPE('',$,#4935);
#4933=SHAPE_REPRESENTATION('',(#3079),#4925);
#4934=PRODUCT_DEFINITION_CONTEXT('part definition',#4939,'design');
#4935=PRODUCT_DEFINITION('2026-06-02-13-59-39-376','portalhub',#4936,#4934);
#4936=PRODUCT_DEFINITION_FORMATION('',$,#4941);
#4937=PRODUCT_RELATED_PRODUCT_CATEGORY('portalhub','portalhub',(#4941));
#4938=APPLICATION_PROTOCOL_DEFINITION('international standard',
'automotive_design',2009,#4939);
#4939=APPLICATION_CONTEXT(
'Core Data for Automotive Mechanical Design Process');
#4940=PRODUCT_CONTEXT('part definition',#4939,'mechanical');
#4941=PRODUCT('2026-06-02-13-59-39-376','portalhub',$,(#4940));
#4942=PRESENTATION_STYLE_ASSIGNMENT((#4957));
#4943=PRESENTATION_STYLE_ASSIGNMENT((#4958));
#4944=PRESENTATION_STYLE_ASSIGNMENT((#4959));
#4945=PRESENTATION_STYLE_ASSIGNMENT((#4960));
#4946=PRESENTATION_STYLE_ASSIGNMENT((#4961));
#4947=PRESENTATION_STYLE_ASSIGNMENT((#4962));
#4948=PRESENTATION_STYLE_ASSIGNMENT((#4963));
#4949=PRESENTATION_STYLE_ASSIGNMENT((#4964));
#4950=PRESENTATION_STYLE_ASSIGNMENT((#4965));
#4951=PRESENTATION_STYLE_ASSIGNMENT((#4966));
#4952=PRESENTATION_STYLE_ASSIGNMENT((#4967));
#4953=PRESENTATION_STYLE_ASSIGNMENT((#4968));
#4954=PRESENTATION_STYLE_ASSIGNMENT((#4969));
#4955=PRESENTATION_STYLE_ASSIGNMENT((#4970));
#4956=PRESENTATION_STYLE_ASSIGNMENT((#4971));
#4957=SURFACE_STYLE_USAGE(.BOTH.,#4972);
#4958=SURFACE_STYLE_USAGE(.BOTH.,#4973);
#4959=SURFACE_STYLE_USAGE(.BOTH.,#4974);
#4960=SURFACE_STYLE_USAGE(.BOTH.,#4975);
#4961=SURFACE_STYLE_USAGE(.BOTH.,#4976);
#4962=SURFACE_STYLE_USAGE(.BOTH.,#4977);
#4963=SURFACE_STYLE_USAGE(.BOTH.,#4978);
#4964=SURFACE_STYLE_USAGE(.BOTH.,#4979);
#4965=SURFACE_STYLE_USAGE(.BOTH.,#4980);
#4966=SURFACE_STYLE_USAGE(.BOTH.,#4981);
#4967=SURFACE_STYLE_USAGE(.BOTH.,#4982);
#4968=SURFACE_STYLE_USAGE(.BOTH.,#4983);
#4969=SURFACE_STYLE_USAGE(.BOTH.,#4984);
#4970=SURFACE_STYLE_USAGE(.BOTH.,#4985);
#4971=SURFACE_STYLE_USAGE(.BOTH.,#4986);
#4972=SURFACE_SIDE_STYLE('',(#4987));
#4973=SURFACE_SIDE_STYLE('',(#4988));
#4974=SURFACE_SIDE_STYLE('',(#4989));
#4975=SURFACE_SIDE_STYLE('',(#4990));
#4976=SURFACE_SIDE_STYLE('',(#4991));
#4977=SURFACE_SIDE_STYLE('',(#4992));
#4978=SURFACE_SIDE_STYLE('',(#4993));
#4979=SURFACE_SIDE_STYLE('',(#4994));
#4980=SURFACE_SIDE_STYLE('',(#4995));
#4981=SURFACE_SIDE_STYLE('',(#4996));
#4982=SURFACE_SIDE_STYLE('',(#4997));
#4983=SURFACE_SIDE_STYLE('',(#4998));
#4984=SURFACE_SIDE_STYLE('',(#4999));
#4985=SURFACE_SIDE_STYLE('',(#5000));
#4986=SURFACE_SIDE_STYLE('',(#5001));
#4987=SURFACE_STYLE_FILL_AREA(#5002);
#4988=SURFACE_STYLE_FILL_AREA(#5003);
#4989=SURFACE_STYLE_FILL_AREA(#5004);
#4990=SURFACE_STYLE_FILL_AREA(#5005);
#4991=SURFACE_STYLE_FILL_AREA(#5006);
#4992=SURFACE_STYLE_FILL_AREA(#5007);
#4993=SURFACE_STYLE_FILL_AREA(#5008);
#4994=SURFACE_STYLE_FILL_AREA(#5009);
#4995=SURFACE_STYLE_FILL_AREA(#5010);
#4996=SURFACE_STYLE_FILL_AREA(#5011);
#4997=SURFACE_STYLE_FILL_AREA(#5012);
#4998=SURFACE_STYLE_FILL_AREA(#5013);
#4999=SURFACE_STYLE_FILL_AREA(#5014);
#5000=SURFACE_STYLE_FILL_AREA(#5015);
#5001=SURFACE_STYLE_FILL_AREA(#5016);
#5002=FILL_AREA_STYLE('Acciaio - Satinato',(#5017));
#5003=FILL_AREA_STYLE('Poliimmide (Kapton)',(#5018));
#5004=FILL_AREA_STYLE('Poliimmide (Kapton)',(#5019));
#5005=FILL_AREA_STYLE('',(#5020));
#5006=FILL_AREA_STYLE('',(#5021));
#5007=FILL_AREA_STYLE('',(#5022));
#5008=FILL_AREA_STYLE('',(#5023));
#5009=FILL_AREA_STYLE('',(#5024));
#5010=FILL_AREA_STYLE('',(#5025));
#5011=FILL_AREA_STYLE('',(#5026));
#5012=FILL_AREA_STYLE('',(#5027));
#5013=FILL_AREA_STYLE('',(#5028));
#5014=FILL_AREA_STYLE('',(#5029));
#5015=FILL_AREA_STYLE('',(#5030));
#5016=FILL_AREA_STYLE('',(#5031));
#5017=FILL_AREA_STYLE_COLOUR('Acciaio - Satinato',#5032);
#5018=FILL_AREA_STYLE_COLOUR('Poliimmide (Kapton)',#5033);
#5019=FILL_AREA_STYLE_COLOUR('Poliimmide (Kapton)',#5034);
#5020=FILL_AREA_STYLE_COLOUR('',#5035);
#5021=FILL_AREA_STYLE_COLOUR('',#5036);
#5022=FILL_AREA_STYLE_COLOUR('',#5037);
#5023=FILL_AREA_STYLE_COLOUR('',#5038);
#5024=FILL_AREA_STYLE_COLOUR('',#5039);
#5025=FILL_AREA_STYLE_COLOUR('',#5040);
#5026=FILL_AREA_STYLE_COLOUR('',#5041);
#5027=FILL_AREA_STYLE_COLOUR('',#5042);
#5028=FILL_AREA_STYLE_COLOUR('',#5043);
#5029=FILL_AREA_STYLE_COLOUR('',#5044);
#5030=FILL_AREA_STYLE_COLOUR('',#5045);
#5031=FILL_AREA_STYLE_COLOUR('',#5046);
#5032=COLOUR_RGB('Acciaio - Satinato',0.627450980392157,0.627450980392157,
0.627450980392157);
#5033=COLOUR_RGB('Poliimmide (Kapton)',0.0431372549019608,0.0392156862745098,
0.0274509803921569);
#5034=COLOUR_RGB('Poliimmide (Kapton)',1.,1.,1.);
#5035=COLOUR_RGB('',0.588235294117647,0.458823529411765,0.);
#5036=COLOUR_RGB('',0.850980392156863,0.850980392156863,0.850980392156863);
#5037=COLOUR_RGB('',1.,1.,1.);
#5038=COLOUR_RGB('',0.501960784313725,0.250980392156863,0.);
#5039=COLOUR_RGB('',0.250980392156863,0.250980392156863,0.250980392156863);
#5040=COLOUR_RGB('',0.749019607843137,0.749019607843137,0.749019607843137);
#5041=COLOUR_RGB('',0.,0.,0.);
#5042=COLOUR_RGB('',0.211764705882353,0.211764705882353,0.211764705882353);
#5043=COLOUR_RGB('',0.670588235294118,0.670588235294118,0.670588235294118);
#5044=COLOUR_RGB('',0.831372549019608,0.670588235294118,0.129411764705882);
#5045=COLOUR_RGB('',0.619607843137255,0.619607843137255,0.36078431372549);
#5046=COLOUR_RGB('',0.,0.149019607843137,0.36078431372549);
ENDSEC;
END-ISO-10303-21;
